Copyright 1986-2022 Xilinx, Inc. All Rights Reserved. Copyright 2022-2024 Advanced Micro Devices, Inc. All Rights Reserved.
---------------------------------------------------------------------------------------------------------------------------------------------------------------------------------------------------------------------------------------------
| Tool Version : Vivado v.2024.1 (lin64) Build 5076996 Wed May 22 18:36:09 MDT 2024
| Date         : Sun May 11 17:13:47 2025
| Host         : pcoli-System-Product-Name running 64-bit Ubuntu 24.10
| Command      : report_timing_summary -max_paths 10 -report_unconstrained -file design_1_wrapper_timing_summary_routed.rpt -pb design_1_wrapper_timing_summary_routed.pb -rpx design_1_wrapper_timing_summary_routed.rpx -warn_on_violation
| Design       : design_1_wrapper
| Device       : 7z020-clg400
| Speed File   : -1  PRODUCTION 1.12 2019-11-22
| Design State : Routed
---------------------------------------------------------------------------------------------------------------------------------------------------------------------------------------------------------------------------------------------

Timing Summary Report

------------------------------------------------------------------------------------------------
| Timer Settings
| --------------
------------------------------------------------------------------------------------------------

  Enable Multi Corner Analysis               :  Yes
  Enable Pessimism Removal                   :  Yes
  Pessimism Removal Resolution               :  Nearest Common Node
  Enable Input Delay Default Clock           :  No
  Enable Preset / Clear Arcs                 :  No
  Disable Flight Delays                      :  No
  Ignore I/O Paths                           :  No
  Timing Early Launch at Borrowing Latches   :  No
  Borrow Time for Max Delay Exceptions       :  Yes
  Merge Timing Exceptions                    :  Yes
  Inter-SLR Compensation                     :  Conservative

  Corner  Analyze    Analyze    
  Name    Max Paths  Min Paths  
  ------  ---------  ---------  
  Slow    Yes        Yes        
  Fast    Yes        Yes        


------------------------------------------------------------------------------------------------
| Report Methodology
| ------------------
------------------------------------------------------------------------------------------------

Rule       Severity  Description                     Violations  
---------  --------  ------------------------------  ----------  
TIMING-18  Warning   Missing input or output delay   12          
TIMING-20  Warning   Non-clocked latch               29          
LATCH-1    Advisory  Existing latches in the design  1           

Note: This report is based on the most recent report_methodology run and may not be up-to-date. Run report_methodology on the current design for the latest report.



check_timing report

Table of Contents
-----------------
1. checking no_clock (58)
2. checking constant_clock (0)
3. checking pulse_width_clock (0)
4. checking unconstrained_internal_endpoints (29)
5. checking no_input_delay (4)
6. checking no_output_delay (8)
7. checking multiple_clock (0)
8. checking generated_clocks (0)
9. checking loops (0)
10. checking partial_input_delay (0)
11. checking partial_output_delay (0)
12. checking latch_loops (0)

1. checking no_clock (58)
-------------------------
 There are 29 register/latch pins with no clock driven by root clock pin: design_1_i/Motor_DriverIP_0/U0/Motor_DriverIP_slave_lite_v1_0_S00_AXI_inst/axi_araddr_reg[2]/Q (HIGH)

 There are 29 register/latch pins with no clock driven by root clock pin: design_1_i/Motor_DriverIP_0/U0/Motor_DriverIP_slave_lite_v1_0_S00_AXI_inst/axi_araddr_reg[3]/Q (HIGH)


2. checking constant_clock (0)
------------------------------
 There are 0 register/latch pins with constant_clock.


3. checking pulse_width_clock (0)
---------------------------------
 There are 0 register/latch pins which need pulse_width check


4. checking unconstrained_internal_endpoints (29)
-------------------------------------------------
 There are 29 pins that are not constrained for maximum delay. (HIGH)

 There are 0 pins that are not constrained for maximum delay due to constant clock.


5. checking no_input_delay (4)
------------------------------
 There are 4 input ports with no input delay specified. (HIGH)

 There are 0 input ports with no input delay but user has a false path constraint.


6. checking no_output_delay (8)
-------------------------------
 There are 8 ports with no output delay specified. (HIGH)

 There are 0 ports with no output delay but user has a false path constraint

 There are 0 ports with no output delay but with a timing clock defined on it or propagating through it


7. checking multiple_clock (0)
------------------------------
 There are 0 register/latch pins with multiple clocks.


8. checking generated_clocks (0)
--------------------------------
 There are 0 generated clocks that are not connected to a clock source.


9. checking loops (0)
---------------------
 There are 0 combinational loops in the design.


10. checking partial_input_delay (0)
------------------------------------
 There are 0 input ports with partial input delay specified.


11. checking partial_output_delay (0)
-------------------------------------
 There are 0 ports with partial output delay specified.


12. checking latch_loops (0)
----------------------------
 There are 0 combinational latch loops in the design through latch input



------------------------------------------------------------------------------------------------
| Design Timing Summary
| ---------------------
------------------------------------------------------------------------------------------------

    WNS(ns)      TNS(ns)  TNS Failing Endpoints  TNS Total Endpoints      WHS(ns)      THS(ns)  THS Failing Endpoints  THS Total Endpoints     WPWS(ns)     TPWS(ns)  TPWS Failing Endpoints  TPWS Total Endpoints  
    -------      -------  ---------------------  -------------------      -------      -------  ---------------------  -------------------     --------     --------  ----------------------  --------------------  
      3.350        0.000                      0                 5135        0.035        0.000                      0                 5135        4.020        0.000                       0                  2171  


All user specified timing constraints are met.


------------------------------------------------------------------------------------------------
| Clock Summary
| -------------
------------------------------------------------------------------------------------------------

Clock       Waveform(ns)       Period(ns)      Frequency(MHz)
-----       ------------       ----------      --------------
clk_fpga_0  {0.000 5.000}      10.000          100.000         


------------------------------------------------------------------------------------------------
| Intra Clock Table
| -----------------
------------------------------------------------------------------------------------------------

Clock             WNS(ns)      TNS(ns)  TNS Failing Endpoints  TNS Total Endpoints      WHS(ns)      THS(ns)  THS Failing Endpoints  THS Total Endpoints     WPWS(ns)     TPWS(ns)  TPWS Failing Endpoints  TPWS Total Endpoints  
-----             -------      -------  ---------------------  -------------------      -------      -------  ---------------------  -------------------     --------     --------  ----------------------  --------------------  
clk_fpga_0          3.350        0.000                      0                 5135        0.035        0.000                      0                 5135        4.020        0.000                       0                  2171  


------------------------------------------------------------------------------------------------
| Inter Clock Table
| -----------------
------------------------------------------------------------------------------------------------

From Clock    To Clock          WNS(ns)      TNS(ns)  TNS Failing Endpoints  TNS Total Endpoints      WHS(ns)      THS(ns)  THS Failing Endpoints  THS Total Endpoints  
----------    --------          -------      -------  ---------------------  -------------------      -------      -------  ---------------------  -------------------  


------------------------------------------------------------------------------------------------
| Other Path Groups Table
| -----------------------
------------------------------------------------------------------------------------------------

Path Group    From Clock    To Clock          WNS(ns)      TNS(ns)  TNS Failing Endpoints  TNS Total Endpoints      WHS(ns)      THS(ns)  THS Failing Endpoints  THS Total Endpoints  
----------    ----------    --------          -------      -------  ---------------------  -------------------      -------      -------  ---------------------  -------------------  


------------------------------------------------------------------------------------------------
| User Ignored Path Table
| -----------------------
------------------------------------------------------------------------------------------------

Path Group    From Clock    To Clock    
----------    ----------    --------    
(none)                      clk_fpga_0    


------------------------------------------------------------------------------------------------
| Unconstrained Path Table
| ------------------------
------------------------------------------------------------------------------------------------

Path Group    From Clock    To Clock    
----------    ----------    --------    
(none)        clk_fpga_0                  
(none)                      clk_fpga_0    


------------------------------------------------------------------------------------------------
| Timing Details
| --------------
------------------------------------------------------------------------------------------------


---------------------------------------------------------------------------------------------------
From Clock:  clk_fpga_0
  To Clock:  clk_fpga_0

Setup :            0  Failing Endpoints,  Worst Slack        3.350ns,  Total Violation        0.000ns
Hold  :            0  Failing Endpoints,  Worst Slack        0.035ns,  Total Violation        0.000ns
PW    :            0  Failing Endpoints,  Worst Slack        4.020ns,  Total Violation        0.000ns
---------------------------------------------------------------------------------------------------


Max Delay Paths
--------------------------------------------------------------------------------------
Slack (MET) :             3.350ns  (required time - arrival time)
  Source:                 design_1_i/axi_timer_0/U0/AXI4_LITE_I/I_SLAVE_ATTACHMENT/I_DECODER/GEN_BKEND_CE_REGISTERS[0].ce_out_i_reg[0]/C
                            (rising edge-triggered cell FDRE clocked by clk_fpga_0  {rise@0.000ns fall@5.000ns period=10.000ns})
  Destination:            design_1_i/processing_system7_0/inst/PS7_i/MAXIGP0WREADY
                            (rising edge-triggered cell PS7 clocked by clk_fpga_0  {rise@0.000ns fall@5.000ns period=10.000ns})
  Path Group:             clk_fpga_0
  Path Type:              Setup (Max at Slow Process Corner)
  Requirement:            10.000ns  (clk_fpga_0 rise@10.000ns - clk_fpga_0 rise@0.000ns)
  Data Path Delay:        5.638ns  (logic 1.374ns (24.372%)  route 4.264ns (75.628%))
  Logic Levels:           5  (LUT3=1 LUT5=2 LUT6=2)
  Clock Path Skew:        0.025ns (DCD - SCD + CPR)
    Destination Clock Delay (DCD):    2.742ns = ( 12.742 - 10.000 ) 
    Source Clock Delay      (SCD):    2.946ns
    Clock Pessimism Removal (CPR):    0.229ns
  Clock Uncertainty:      0.154ns  ((TSJ^2 + TIJ^2)^1/2 + DJ) / 2 + PE
    Total System Jitter     (TSJ):    0.071ns
    Total Input Jitter      (TIJ):    0.300ns
    Discrete Jitter          (DJ):    0.000ns
    Phase Error              (PE):    0.000ns

    Location             Delay type                Incr(ns)  Path(ns)    Netlist Resource(s)
  -------------------------------------------------------------------    -------------------
                         (clock clk_fpga_0 rise edge)
                                                      0.000     0.000 r  
    PS7_X0Y0             PS7                          0.000     0.000 r  design_1_i/processing_system7_0/inst/PS7_i/FCLKCLK[0]
                         net (fo=1, routed)           1.193     1.193    design_1_i/processing_system7_0/inst/FCLK_CLK_unbuffered[0]
    BUFGCTRL_X0Y16       BUFG (Prop_bufg_I_O)         0.101     1.294 r  design_1_i/processing_system7_0/inst/buffer_fclk_clk_0.FCLK_CLK_0_BUFG/O
                         net (fo=2171, routed)        1.652     2.946    design_1_i/axi_timer_0/U0/AXI4_LITE_I/I_SLAVE_ATTACHMENT/I_DECODER/s_axi_aclk
    SLICE_X36Y95         FDRE                                         r  design_1_i/axi_timer_0/U0/AXI4_LITE_I/I_SLAVE_ATTACHMENT/I_DECODER/GEN_BKEND_CE_REGISTERS[0].ce_out_i_reg[0]/C
  -------------------------------------------------------------------    -------------------
    SLICE_X36Y95         FDRE (Prop_fdre_C_Q)         0.518     3.464 r  design_1_i/axi_timer_0/U0/AXI4_LITE_I/I_SLAVE_ATTACHMENT/I_DECODER/GEN_BKEND_CE_REGISTERS[0].ce_out_i_reg[0]/Q
                         net (fo=7, routed)           0.664     4.128    design_1_i/axi_timer_0/U0/AXI4_LITE_I/I_SLAVE_ATTACHMENT/I_DECODER/GEN_BKEND_CE_REGISTERS[0].ce_out_i_reg
    SLICE_X37Y96         LUT3 (Prop_lut3_I0_O)        0.152     4.280 r  design_1_i/axi_timer_0/U0/AXI4_LITE_I/I_SLAVE_ATTACHMENT/I_DECODER/s_axi_wready_INST_0_i_2/O
                         net (fo=5, routed)           0.984     5.263    design_1_i/axi_timer_0/U0/AXI4_LITE_I/I_SLAVE_ATTACHMENT/I_DECODER/pair0_Select
    SLICE_X37Y95         LUT6 (Prop_lut6_I2_O)        0.332     5.595 r  design_1_i/axi_timer_0/U0/AXI4_LITE_I/I_SLAVE_ATTACHMENT/I_DECODER/s_axi_wready_INST_0/O
                         net (fo=7, routed)           0.769     6.364    design_1_i/ps7_0_axi_periph/xbar/inst/gen_sasd.crossbar_sasd_0/splitter_aw/m_axi_wready[1]
    SLICE_X35Y99         LUT5 (Prop_lut5_I4_O)        0.124     6.488 r  design_1_i/ps7_0_axi_periph/xbar/inst/gen_sasd.crossbar_sasd_0/splitter_aw/s_axi_wready[0]_INST_0_i_5/O
                         net (fo=2, routed)           0.630     7.119    design_1_i/ps7_0_axi_periph/xbar/inst/gen_sasd.crossbar_sasd_0/gen_decerr.decerr_slave_inst/m_ready_d_reg[1]_1
    SLICE_X33Y99         LUT6 (Prop_lut6_I5_O)        0.124     7.243 f  design_1_i/ps7_0_axi_periph/xbar/inst/gen_sasd.crossbar_sasd_0/gen_decerr.decerr_slave_inst/s_axi_wready[0]_INST_0_i_1/O
                         net (fo=3, routed)           0.747     7.989    design_1_i/ps7_0_axi_periph/xbar/inst/gen_sasd.crossbar_sasd_0/addr_arbiter_inst/s_axi_wready_0_sn_1
    SLICE_X31Y95         LUT5 (Prop_lut5_I4_O)        0.124     8.113 r  design_1_i/ps7_0_axi_periph/xbar/inst/gen_sasd.crossbar_sasd_0/addr_arbiter_inst/s_axi_wready[0]_INST_0/O
                         net (fo=1, routed)           0.470     8.584    design_1_i/processing_system7_0/inst/M_AXI_GP0_WREADY
    PS7_X0Y0             PS7                                          r  design_1_i/processing_system7_0/inst/PS7_i/MAXIGP0WREADY
  -------------------------------------------------------------------    -------------------

                         (clock clk_fpga_0 rise edge)
                                                     10.000    10.000 r  
    PS7_X0Y0             PS7                          0.000    10.000 r  design_1_i/processing_system7_0/inst/PS7_i/FCLKCLK[0]
                         net (fo=1, routed)           1.088    11.088    design_1_i/processing_system7_0/inst/FCLK_CLK_unbuffered[0]
    BUFGCTRL_X0Y16       BUFG (Prop_bufg_I_O)         0.091    11.179 r  design_1_i/processing_system7_0/inst/buffer_fclk_clk_0.FCLK_CLK_0_BUFG/O
                         net (fo=2171, routed)        1.562    12.742    design_1_i/processing_system7_0/inst/M_AXI_GP0_ACLK
    PS7_X0Y0             PS7                                          r  design_1_i/processing_system7_0/inst/PS7_i/MAXIGP0ACLK
                         clock pessimism              0.229    12.971    
                         clock uncertainty           -0.154    12.817    
    PS7_X0Y0             PS7 (Setup_ps7_MAXIGP0ACLK_MAXIGP0WREADY)
                                                     -0.883    11.934    design_1_i/processing_system7_0/inst/PS7_i
  -------------------------------------------------------------------
                         required time                         11.934    
                         arrival time                          -8.584    
  -------------------------------------------------------------------
                         slack                                  3.350    

Slack (MET) :             3.719ns  (required time - arrival time)
  Source:                 design_1_i/SpeedSensor_Driver_IP_0/U0/SpeedSensor_Driver_IP_slave_lite_v1_0_S00_AXI_inst/AXI_Speed_Sensor_Driver/compared_reg[3]/C
                            (rising edge-triggered cell FDRE clocked by clk_fpga_0  {rise@0.000ns fall@5.000ns period=10.000ns})
  Destination:            design_1_i/SpeedSensor_Driver_IP_0/U0/SpeedSensor_Driver_IP_slave_lite_v1_0_S00_AXI_inst/AXI_Speed_Sensor_Driver/D_OUT_reg[0]/R
                            (rising edge-triggered cell FDRE clocked by clk_fpga_0  {rise@0.000ns fall@5.000ns period=10.000ns})
  Path Group:             clk_fpga_0
  Path Type:              Setup (Max at Slow Process Corner)
  Requirement:            10.000ns  (clk_fpga_0 rise@10.000ns - clk_fpga_0 rise@0.000ns)
  Data Path Delay:        5.385ns  (logic 2.081ns (38.642%)  route 3.304ns (61.358%))
  Logic Levels:           10  (CARRY4=8 LUT4=1 LUT5=1)
  Clock Path Skew:        -0.106ns (DCD - SCD + CPR)
    Destination Clock Delay (DCD):    2.833ns = ( 12.833 - 10.000 ) 
    Source Clock Delay      (SCD):    3.186ns
    Clock Pessimism Removal (CPR):    0.247ns
  Clock Uncertainty:      0.154ns  ((TSJ^2 + TIJ^2)^1/2 + DJ) / 2 + PE
    Total System Jitter     (TSJ):    0.071ns
    Total Input Jitter      (TIJ):    0.300ns
    Discrete Jitter          (DJ):    0.000ns
    Phase Error              (PE):    0.000ns

    Location             Delay type                Incr(ns)  Path(ns)    Netlist Resource(s)
  -------------------------------------------------------------------    -------------------
                         (clock clk_fpga_0 rise edge)
                                                      0.000     0.000 r  
    PS7_X0Y0             PS7                          0.000     0.000 r  design_1_i/processing_system7_0/inst/PS7_i/FCLKCLK[0]
                         net (fo=1, routed)           1.193     1.193    design_1_i/processing_system7_0/inst/FCLK_CLK_unbuffered[0]
    BUFGCTRL_X0Y16       BUFG (Prop_bufg_I_O)         0.101     1.294 r  design_1_i/processing_system7_0/inst/buffer_fclk_clk_0.FCLK_CLK_0_BUFG/O
                         net (fo=2171, routed)        1.892     3.186    design_1_i/SpeedSensor_Driver_IP_0/U0/SpeedSensor_Driver_IP_slave_lite_v1_0_S00_AXI_inst/AXI_Speed_Sensor_Driver/clk
    SLICE_X28Y101        FDRE                                         r  design_1_i/SpeedSensor_Driver_IP_0/U0/SpeedSensor_Driver_IP_slave_lite_v1_0_S00_AXI_inst/AXI_Speed_Sensor_Driver/compared_reg[3]/C
  -------------------------------------------------------------------    -------------------
    SLICE_X28Y101        FDRE (Prop_fdre_C_Q)         0.456     3.642 r  design_1_i/SpeedSensor_Driver_IP_0/U0/SpeedSensor_Driver_IP_slave_lite_v1_0_S00_AXI_inst/AXI_Speed_Sensor_Driver/compared_reg[3]/Q
                         net (fo=2, routed)           1.180     4.822    design_1_i/SpeedSensor_Driver_IP_0/U0/SpeedSensor_Driver_IP_slave_lite_v1_0_S00_AXI_inst/AXI_Speed_Sensor_Driver/compared[3]
    SLICE_X31Y105        LUT4 (Prop_lut4_I0_O)        0.124     4.946 r  design_1_i/SpeedSensor_Driver_IP_0/U0/SpeedSensor_Driver_IP_slave_lite_v1_0_S00_AXI_inst/AXI_Speed_Sensor_Driver/D_OUT0_carry_i_7/O
                         net (fo=1, routed)           0.000     4.946    design_1_i/SpeedSensor_Driver_IP_0/U0/SpeedSensor_Driver_IP_slave_lite_v1_0_S00_AXI_inst/AXI_Speed_Sensor_Driver/D_OUT0_carry_i_7_n_0
    SLICE_X31Y105        CARRY4 (Prop_carry4_S[1]_CO[3])
                                                      0.550     5.496 r  design_1_i/SpeedSensor_Driver_IP_0/U0/SpeedSensor_Driver_IP_slave_lite_v1_0_S00_AXI_inst/AXI_Speed_Sensor_Driver/D_OUT0_carry/CO[3]
                         net (fo=1, routed)           0.000     5.496    design_1_i/SpeedSensor_Driver_IP_0/U0/SpeedSensor_Driver_IP_slave_lite_v1_0_S00_AXI_inst/AXI_Speed_Sensor_Driver/D_OUT0_carry_n_0
    SLICE_X31Y106        CARRY4 (Prop_carry4_CI_CO[3])
                                                      0.114     5.610 r  design_1_i/SpeedSensor_Driver_IP_0/U0/SpeedSensor_Driver_IP_slave_lite_v1_0_S00_AXI_inst/AXI_Speed_Sensor_Driver/D_OUT0_carry__0/CO[3]
                         net (fo=1, routed)           0.000     5.610    design_1_i/SpeedSensor_Driver_IP_0/U0/SpeedSensor_Driver_IP_slave_lite_v1_0_S00_AXI_inst/AXI_Speed_Sensor_Driver/D_OUT0_carry__0_n_0
    SLICE_X31Y107        CARRY4 (Prop_carry4_CI_CO[3])
                                                      0.114     5.724 r  design_1_i/SpeedSensor_Driver_IP_0/U0/SpeedSensor_Driver_IP_slave_lite_v1_0_S00_AXI_inst/AXI_Speed_Sensor_Driver/D_OUT0_carry__1/CO[3]
                         net (fo=1, routed)           0.000     5.724    design_1_i/SpeedSensor_Driver_IP_0/U0/SpeedSensor_Driver_IP_slave_lite_v1_0_S00_AXI_inst/AXI_Speed_Sensor_Driver/D_OUT0_carry__1_n_0
    SLICE_X31Y108        CARRY4 (Prop_carry4_CI_CO[3])
                                                      0.114     5.838 r  design_1_i/SpeedSensor_Driver_IP_0/U0/SpeedSensor_Driver_IP_slave_lite_v1_0_S00_AXI_inst/AXI_Speed_Sensor_Driver/D_OUT0_carry__2/CO[3]
                         net (fo=1, routed)           0.000     5.838    design_1_i/SpeedSensor_Driver_IP_0/U0/SpeedSensor_Driver_IP_slave_lite_v1_0_S00_AXI_inst/AXI_Speed_Sensor_Driver/D_OUT0_carry__2_n_0
    SLICE_X31Y109        CARRY4 (Prop_carry4_CI_CO[3])
                                                      0.114     5.952 r  design_1_i/SpeedSensor_Driver_IP_0/U0/SpeedSensor_Driver_IP_slave_lite_v1_0_S00_AXI_inst/AXI_Speed_Sensor_Driver/D_OUT0_carry__3/CO[3]
                         net (fo=1, routed)           0.000     5.952    design_1_i/SpeedSensor_Driver_IP_0/U0/SpeedSensor_Driver_IP_slave_lite_v1_0_S00_AXI_inst/AXI_Speed_Sensor_Driver/D_OUT0_carry__3_n_0
    SLICE_X31Y110        CARRY4 (Prop_carry4_CI_CO[3])
                                                      0.114     6.066 r  design_1_i/SpeedSensor_Driver_IP_0/U0/SpeedSensor_Driver_IP_slave_lite_v1_0_S00_AXI_inst/AXI_Speed_Sensor_Driver/D_OUT0_carry__4/CO[3]
                         net (fo=1, routed)           0.000     6.066    design_1_i/SpeedSensor_Driver_IP_0/U0/SpeedSensor_Driver_IP_slave_lite_v1_0_S00_AXI_inst/AXI_Speed_Sensor_Driver/D_OUT0_carry__4_n_0
    SLICE_X31Y111        CARRY4 (Prop_carry4_CI_CO[3])
                                                      0.114     6.180 r  design_1_i/SpeedSensor_Driver_IP_0/U0/SpeedSensor_Driver_IP_slave_lite_v1_0_S00_AXI_inst/AXI_Speed_Sensor_Driver/D_OUT0_carry__5/CO[3]
                         net (fo=1, routed)           0.000     6.180    design_1_i/SpeedSensor_Driver_IP_0/U0/SpeedSensor_Driver_IP_slave_lite_v1_0_S00_AXI_inst/AXI_Speed_Sensor_Driver/D_OUT0_carry__5_n_0
    SLICE_X31Y112        CARRY4 (Prop_carry4_CI_CO[3])
                                                      0.114     6.294 r  design_1_i/SpeedSensor_Driver_IP_0/U0/SpeedSensor_Driver_IP_slave_lite_v1_0_S00_AXI_inst/AXI_Speed_Sensor_Driver/D_OUT0_carry__6/CO[3]
                         net (fo=2, routed)           0.985     7.279    design_1_i/SpeedSensor_Driver_IP_0/U0/SpeedSensor_Driver_IP_slave_lite_v1_0_S00_AXI_inst/AXI_Speed_Sensor_Driver/D_OUT0_carry__6_n_0
    SLICE_X30Y111        LUT5 (Prop_lut5_I1_O)        0.153     7.432 r  design_1_i/SpeedSensor_Driver_IP_0/U0/SpeedSensor_Driver_IP_slave_lite_v1_0_S00_AXI_inst/AXI_Speed_Sensor_Driver/D_OUT[31]_i_1/O
                         net (fo=32, routed)          1.139     8.571    design_1_i/SpeedSensor_Driver_IP_0/U0/SpeedSensor_Driver_IP_slave_lite_v1_0_S00_AXI_inst/AXI_Speed_Sensor_Driver/D_OUT[31]_i_1_n_0
    SLICE_X33Y101        FDRE                                         r  design_1_i/SpeedSensor_Driver_IP_0/U0/SpeedSensor_Driver_IP_slave_lite_v1_0_S00_AXI_inst/AXI_Speed_Sensor_Driver/D_OUT_reg[0]/R
  -------------------------------------------------------------------    -------------------

                         (clock clk_fpga_0 rise edge)
                                                     10.000    10.000 r  
    PS7_X0Y0             PS7                          0.000    10.000 r  design_1_i/processing_system7_0/inst/PS7_i/FCLKCLK[0]
                         net (fo=1, routed)           1.088    11.088    design_1_i/processing_system7_0/inst/FCLK_CLK_unbuffered[0]
    BUFGCTRL_X0Y16       BUFG (Prop_bufg_I_O)         0.091    11.179 r  design_1_i/processing_system7_0/inst/buffer_fclk_clk_0.FCLK_CLK_0_BUFG/O
                         net (fo=2171, routed)        1.654    12.833    design_1_i/SpeedSensor_Driver_IP_0/U0/SpeedSensor_Driver_IP_slave_lite_v1_0_S00_AXI_inst/AXI_Speed_Sensor_Driver/clk
    SLICE_X33Y101        FDRE                                         r  design_1_i/SpeedSensor_Driver_IP_0/U0/SpeedSensor_Driver_IP_slave_lite_v1_0_S00_AXI_inst/AXI_Speed_Sensor_Driver/D_OUT_reg[0]/C
                         clock pessimism              0.247    13.080    
                         clock uncertainty           -0.154    12.926    
    SLICE_X33Y101        FDRE (Setup_fdre_C_R)       -0.636    12.290    design_1_i/SpeedSensor_Driver_IP_0/U0/SpeedSensor_Driver_IP_slave_lite_v1_0_S00_AXI_inst/AXI_Speed_Sensor_Driver/D_OUT_reg[0]
  -------------------------------------------------------------------
                         required time                         12.290    
                         arrival time                          -8.571    
  -------------------------------------------------------------------
                         slack                                  3.719    

Slack (MET) :             3.719ns  (required time - arrival time)
  Source:                 design_1_i/SpeedSensor_Driver_IP_0/U0/SpeedSensor_Driver_IP_slave_lite_v1_0_S00_AXI_inst/AXI_Speed_Sensor_Driver/compared_reg[3]/C
                            (rising edge-triggered cell FDRE clocked by clk_fpga_0  {rise@0.000ns fall@5.000ns period=10.000ns})
  Destination:            design_1_i/SpeedSensor_Driver_IP_0/U0/SpeedSensor_Driver_IP_slave_lite_v1_0_S00_AXI_inst/AXI_Speed_Sensor_Driver/D_OUT_reg[1]/R
                            (rising edge-triggered cell FDRE clocked by clk_fpga_0  {rise@0.000ns fall@5.000ns period=10.000ns})
  Path Group:             clk_fpga_0
  Path Type:              Setup (Max at Slow Process Corner)
  Requirement:            10.000ns  (clk_fpga_0 rise@10.000ns - clk_fpga_0 rise@0.000ns)
  Data Path Delay:        5.385ns  (logic 2.081ns (38.642%)  route 3.304ns (61.358%))
  Logic Levels:           10  (CARRY4=8 LUT4=1 LUT5=1)
  Clock Path Skew:        -0.106ns (DCD - SCD + CPR)
    Destination Clock Delay (DCD):    2.833ns = ( 12.833 - 10.000 ) 
    Source Clock Delay      (SCD):    3.186ns
    Clock Pessimism Removal (CPR):    0.247ns
  Clock Uncertainty:      0.154ns  ((TSJ^2 + TIJ^2)^1/2 + DJ) / 2 + PE
    Total System Jitter     (TSJ):    0.071ns
    Total Input Jitter      (TIJ):    0.300ns
    Discrete Jitter          (DJ):    0.000ns
    Phase Error              (PE):    0.000ns

    Location             Delay type                Incr(ns)  Path(ns)    Netlist Resource(s)
  -------------------------------------------------------------------    -------------------
                         (clock clk_fpga_0 rise edge)
                                                      0.000     0.000 r  
    PS7_X0Y0             PS7                          0.000     0.000 r  design_1_i/processing_system7_0/inst/PS7_i/FCLKCLK[0]
                         net (fo=1, routed)           1.193     1.193    design_1_i/processing_system7_0/inst/FCLK_CLK_unbuffered[0]
    BUFGCTRL_X0Y16       BUFG (Prop_bufg_I_O)         0.101     1.294 r  design_1_i/processing_system7_0/inst/buffer_fclk_clk_0.FCLK_CLK_0_BUFG/O
                         net (fo=2171, routed)        1.892     3.186    design_1_i/SpeedSensor_Driver_IP_0/U0/SpeedSensor_Driver_IP_slave_lite_v1_0_S00_AXI_inst/AXI_Speed_Sensor_Driver/clk
    SLICE_X28Y101        FDRE                                         r  design_1_i/SpeedSensor_Driver_IP_0/U0/SpeedSensor_Driver_IP_slave_lite_v1_0_S00_AXI_inst/AXI_Speed_Sensor_Driver/compared_reg[3]/C
  -------------------------------------------------------------------    -------------------
    SLICE_X28Y101        FDRE (Prop_fdre_C_Q)         0.456     3.642 r  design_1_i/SpeedSensor_Driver_IP_0/U0/SpeedSensor_Driver_IP_slave_lite_v1_0_S00_AXI_inst/AXI_Speed_Sensor_Driver/compared_reg[3]/Q
                         net (fo=2, routed)           1.180     4.822    design_1_i/SpeedSensor_Driver_IP_0/U0/SpeedSensor_Driver_IP_slave_lite_v1_0_S00_AXI_inst/AXI_Speed_Sensor_Driver/compared[3]
    SLICE_X31Y105        LUT4 (Prop_lut4_I0_O)        0.124     4.946 r  design_1_i/SpeedSensor_Driver_IP_0/U0/SpeedSensor_Driver_IP_slave_lite_v1_0_S00_AXI_inst/AXI_Speed_Sensor_Driver/D_OUT0_carry_i_7/O
                         net (fo=1, routed)           0.000     4.946    design_1_i/SpeedSensor_Driver_IP_0/U0/SpeedSensor_Driver_IP_slave_lite_v1_0_S00_AXI_inst/AXI_Speed_Sensor_Driver/D_OUT0_carry_i_7_n_0
    SLICE_X31Y105        CARRY4 (Prop_carry4_S[1]_CO[3])
                                                      0.550     5.496 r  design_1_i/SpeedSensor_Driver_IP_0/U0/SpeedSensor_Driver_IP_slave_lite_v1_0_S00_AXI_inst/AXI_Speed_Sensor_Driver/D_OUT0_carry/CO[3]
                         net (fo=1, routed)           0.000     5.496    design_1_i/SpeedSensor_Driver_IP_0/U0/SpeedSensor_Driver_IP_slave_lite_v1_0_S00_AXI_inst/AXI_Speed_Sensor_Driver/D_OUT0_carry_n_0
    SLICE_X31Y106        CARRY4 (Prop_carry4_CI_CO[3])
                                                      0.114     5.610 r  design_1_i/SpeedSensor_Driver_IP_0/U0/SpeedSensor_Driver_IP_slave_lite_v1_0_S00_AXI_inst/AXI_Speed_Sensor_Driver/D_OUT0_carry__0/CO[3]
                         net (fo=1, routed)           0.000     5.610    design_1_i/SpeedSensor_Driver_IP_0/U0/SpeedSensor_Driver_IP_slave_lite_v1_0_S00_AXI_inst/AXI_Speed_Sensor_Driver/D_OUT0_carry__0_n_0
    SLICE_X31Y107        CARRY4 (Prop_carry4_CI_CO[3])
                                                      0.114     5.724 r  design_1_i/SpeedSensor_Driver_IP_0/U0/SpeedSensor_Driver_IP_slave_lite_v1_0_S00_AXI_inst/AXI_Speed_Sensor_Driver/D_OUT0_carry__1/CO[3]
                         net (fo=1, routed)           0.000     5.724    design_1_i/SpeedSensor_Driver_IP_0/U0/SpeedSensor_Driver_IP_slave_lite_v1_0_S00_AXI_inst/AXI_Speed_Sensor_Driver/D_OUT0_carry__1_n_0
    SLICE_X31Y108        CARRY4 (Prop_carry4_CI_CO[3])
                                                      0.114     5.838 r  design_1_i/SpeedSensor_Driver_IP_0/U0/SpeedSensor_Driver_IP_slave_lite_v1_0_S00_AXI_inst/AXI_Speed_Sensor_Driver/D_OUT0_carry__2/CO[3]
                         net (fo=1, routed)           0.000     5.838    design_1_i/SpeedSensor_Driver_IP_0/U0/SpeedSensor_Driver_IP_slave_lite_v1_0_S00_AXI_inst/AXI_Speed_Sensor_Driver/D_OUT0_carry__2_n_0
    SLICE_X31Y109        CARRY4 (Prop_carry4_CI_CO[3])
                                                      0.114     5.952 r  design_1_i/SpeedSensor_Driver_IP_0/U0/SpeedSensor_Driver_IP_slave_lite_v1_0_S00_AXI_inst/AXI_Speed_Sensor_Driver/D_OUT0_carry__3/CO[3]
                         net (fo=1, routed)           0.000     5.952    design_1_i/SpeedSensor_Driver_IP_0/U0/SpeedSensor_Driver_IP_slave_lite_v1_0_S00_AXI_inst/AXI_Speed_Sensor_Driver/D_OUT0_carry__3_n_0
    SLICE_X31Y110        CARRY4 (Prop_carry4_CI_CO[3])
                                                      0.114     6.066 r  design_1_i/SpeedSensor_Driver_IP_0/U0/SpeedSensor_Driver_IP_slave_lite_v1_0_S00_AXI_inst/AXI_Speed_Sensor_Driver/D_OUT0_carry__4/CO[3]
                         net (fo=1, routed)           0.000     6.066    design_1_i/SpeedSensor_Driver_IP_0/U0/SpeedSensor_Driver_IP_slave_lite_v1_0_S00_AXI_inst/AXI_Speed_Sensor_Driver/D_OUT0_carry__4_n_0
    SLICE_X31Y111        CARRY4 (Prop_carry4_CI_CO[3])
                                                      0.114     6.180 r  design_1_i/SpeedSensor_Driver_IP_0/U0/SpeedSensor_Driver_IP_slave_lite_v1_0_S00_AXI_inst/AXI_Speed_Sensor_Driver/D_OUT0_carry__5/CO[3]
                         net (fo=1, routed)           0.000     6.180    design_1_i/SpeedSensor_Driver_IP_0/U0/SpeedSensor_Driver_IP_slave_lite_v1_0_S00_AXI_inst/AXI_Speed_Sensor_Driver/D_OUT0_carry__5_n_0
    SLICE_X31Y112        CARRY4 (Prop_carry4_CI_CO[3])
                                                      0.114     6.294 r  design_1_i/SpeedSensor_Driver_IP_0/U0/SpeedSensor_Driver_IP_slave_lite_v1_0_S00_AXI_inst/AXI_Speed_Sensor_Driver/D_OUT0_carry__6/CO[3]
                         net (fo=2, routed)           0.985     7.279    design_1_i/SpeedSensor_Driver_IP_0/U0/SpeedSensor_Driver_IP_slave_lite_v1_0_S00_AXI_inst/AXI_Speed_Sensor_Driver/D_OUT0_carry__6_n_0
    SLICE_X30Y111        LUT5 (Prop_lut5_I1_O)        0.153     7.432 r  design_1_i/SpeedSensor_Driver_IP_0/U0/SpeedSensor_Driver_IP_slave_lite_v1_0_S00_AXI_inst/AXI_Speed_Sensor_Driver/D_OUT[31]_i_1/O
                         net (fo=32, routed)          1.139     8.571    design_1_i/SpeedSensor_Driver_IP_0/U0/SpeedSensor_Driver_IP_slave_lite_v1_0_S00_AXI_inst/AXI_Speed_Sensor_Driver/D_OUT[31]_i_1_n_0
    SLICE_X33Y101        FDRE                                         r  design_1_i/SpeedSensor_Driver_IP_0/U0/SpeedSensor_Driver_IP_slave_lite_v1_0_S00_AXI_inst/AXI_Speed_Sensor_Driver/D_OUT_reg[1]/R
  -------------------------------------------------------------------    -------------------

                         (clock clk_fpga_0 rise edge)
                                                     10.000    10.000 r  
    PS7_X0Y0             PS7                          0.000    10.000 r  design_1_i/processing_system7_0/inst/PS7_i/FCLKCLK[0]
                         net (fo=1, routed)           1.088    11.088    design_1_i/processing_system7_0/inst/FCLK_CLK_unbuffered[0]
    BUFGCTRL_X0Y16       BUFG (Prop_bufg_I_O)         0.091    11.179 r  design_1_i/processing_system7_0/inst/buffer_fclk_clk_0.FCLK_CLK_0_BUFG/O
                         net (fo=2171, routed)        1.654    12.833    design_1_i/SpeedSensor_Driver_IP_0/U0/SpeedSensor_Driver_IP_slave_lite_v1_0_S00_AXI_inst/AXI_Speed_Sensor_Driver/clk
    SLICE_X33Y101        FDRE                                         r  design_1_i/SpeedSensor_Driver_IP_0/U0/SpeedSensor_Driver_IP_slave_lite_v1_0_S00_AXI_inst/AXI_Speed_Sensor_Driver/D_OUT_reg[1]/C
                         clock pessimism              0.247    13.080    
                         clock uncertainty           -0.154    12.926    
    SLICE_X33Y101        FDRE (Setup_fdre_C_R)       -0.636    12.290    design_1_i/SpeedSensor_Driver_IP_0/U0/SpeedSensor_Driver_IP_slave_lite_v1_0_S00_AXI_inst/AXI_Speed_Sensor_Driver/D_OUT_reg[1]
  -------------------------------------------------------------------
                         required time                         12.290    
                         arrival time                          -8.571    
  -------------------------------------------------------------------
                         slack                                  3.719    

Slack (MET) :             3.719ns  (required time - arrival time)
  Source:                 design_1_i/SpeedSensor_Driver_IP_0/U0/SpeedSensor_Driver_IP_slave_lite_v1_0_S00_AXI_inst/AXI_Speed_Sensor_Driver/compared_reg[3]/C
                            (rising edge-triggered cell FDRE clocked by clk_fpga_0  {rise@0.000ns fall@5.000ns period=10.000ns})
  Destination:            design_1_i/SpeedSensor_Driver_IP_0/U0/SpeedSensor_Driver_IP_slave_lite_v1_0_S00_AXI_inst/AXI_Speed_Sensor_Driver/D_OUT_reg[2]/R
                            (rising edge-triggered cell FDRE clocked by clk_fpga_0  {rise@0.000ns fall@5.000ns period=10.000ns})
  Path Group:             clk_fpga_0
  Path Type:              Setup (Max at Slow Process Corner)
  Requirement:            10.000ns  (clk_fpga_0 rise@10.000ns - clk_fpga_0 rise@0.000ns)
  Data Path Delay:        5.385ns  (logic 2.081ns (38.642%)  route 3.304ns (61.358%))
  Logic Levels:           10  (CARRY4=8 LUT4=1 LUT5=1)
  Clock Path Skew:        -0.106ns (DCD - SCD + CPR)
    Destination Clock Delay (DCD):    2.833ns = ( 12.833 - 10.000 ) 
    Source Clock Delay      (SCD):    3.186ns
    Clock Pessimism Removal (CPR):    0.247ns
  Clock Uncertainty:      0.154ns  ((TSJ^2 + TIJ^2)^1/2 + DJ) / 2 + PE
    Total System Jitter     (TSJ):    0.071ns
    Total Input Jitter      (TIJ):    0.300ns
    Discrete Jitter          (DJ):    0.000ns
    Phase Error              (PE):    0.000ns

    Location             Delay type                Incr(ns)  Path(ns)    Netlist Resource(s)
  -------------------------------------------------------------------    -------------------
                         (clock clk_fpga_0 rise edge)
                                                      0.000     0.000 r  
    PS7_X0Y0             PS7                          0.000     0.000 r  design_1_i/processing_system7_0/inst/PS7_i/FCLKCLK[0]
                         net (fo=1, routed)           1.193     1.193    design_1_i/processing_system7_0/inst/FCLK_CLK_unbuffered[0]
    BUFGCTRL_X0Y16       BUFG (Prop_bufg_I_O)         0.101     1.294 r  design_1_i/processing_system7_0/inst/buffer_fclk_clk_0.FCLK_CLK_0_BUFG/O
                         net (fo=2171, routed)        1.892     3.186    design_1_i/SpeedSensor_Driver_IP_0/U0/SpeedSensor_Driver_IP_slave_lite_v1_0_S00_AXI_inst/AXI_Speed_Sensor_Driver/clk
    SLICE_X28Y101        FDRE                                         r  design_1_i/SpeedSensor_Driver_IP_0/U0/SpeedSensor_Driver_IP_slave_lite_v1_0_S00_AXI_inst/AXI_Speed_Sensor_Driver/compared_reg[3]/C
  -------------------------------------------------------------------    -------------------
    SLICE_X28Y101        FDRE (Prop_fdre_C_Q)         0.456     3.642 r  design_1_i/SpeedSensor_Driver_IP_0/U0/SpeedSensor_Driver_IP_slave_lite_v1_0_S00_AXI_inst/AXI_Speed_Sensor_Driver/compared_reg[3]/Q
                         net (fo=2, routed)           1.180     4.822    design_1_i/SpeedSensor_Driver_IP_0/U0/SpeedSensor_Driver_IP_slave_lite_v1_0_S00_AXI_inst/AXI_Speed_Sensor_Driver/compared[3]
    SLICE_X31Y105        LUT4 (Prop_lut4_I0_O)        0.124     4.946 r  design_1_i/SpeedSensor_Driver_IP_0/U0/SpeedSensor_Driver_IP_slave_lite_v1_0_S00_AXI_inst/AXI_Speed_Sensor_Driver/D_OUT0_carry_i_7/O
                         net (fo=1, routed)           0.000     4.946    design_1_i/SpeedSensor_Driver_IP_0/U0/SpeedSensor_Driver_IP_slave_lite_v1_0_S00_AXI_inst/AXI_Speed_Sensor_Driver/D_OUT0_carry_i_7_n_0
    SLICE_X31Y105        CARRY4 (Prop_carry4_S[1]_CO[3])
                                                      0.550     5.496 r  design_1_i/SpeedSensor_Driver_IP_0/U0/SpeedSensor_Driver_IP_slave_lite_v1_0_S00_AXI_inst/AXI_Speed_Sensor_Driver/D_OUT0_carry/CO[3]
                         net (fo=1, routed)           0.000     5.496    design_1_i/SpeedSensor_Driver_IP_0/U0/SpeedSensor_Driver_IP_slave_lite_v1_0_S00_AXI_inst/AXI_Speed_Sensor_Driver/D_OUT0_carry_n_0
    SLICE_X31Y106        CARRY4 (Prop_carry4_CI_CO[3])
                                                      0.114     5.610 r  design_1_i/SpeedSensor_Driver_IP_0/U0/SpeedSensor_Driver_IP_slave_lite_v1_0_S00_AXI_inst/AXI_Speed_Sensor_Driver/D_OUT0_carry__0/CO[3]
                         net (fo=1, routed)           0.000     5.610    design_1_i/SpeedSensor_Driver_IP_0/U0/SpeedSensor_Driver_IP_slave_lite_v1_0_S00_AXI_inst/AXI_Speed_Sensor_Driver/D_OUT0_carry__0_n_0
    SLICE_X31Y107        CARRY4 (Prop_carry4_CI_CO[3])
                                                      0.114     5.724 r  design_1_i/SpeedSensor_Driver_IP_0/U0/SpeedSensor_Driver_IP_slave_lite_v1_0_S00_AXI_inst/AXI_Speed_Sensor_Driver/D_OUT0_carry__1/CO[3]
                         net (fo=1, routed)           0.000     5.724    design_1_i/SpeedSensor_Driver_IP_0/U0/SpeedSensor_Driver_IP_slave_lite_v1_0_S00_AXI_inst/AXI_Speed_Sensor_Driver/D_OUT0_carry__1_n_0
    SLICE_X31Y108        CARRY4 (Prop_carry4_CI_CO[3])
                                                      0.114     5.838 r  design_1_i/SpeedSensor_Driver_IP_0/U0/SpeedSensor_Driver_IP_slave_lite_v1_0_S00_AXI_inst/AXI_Speed_Sensor_Driver/D_OUT0_carry__2/CO[3]
                         net (fo=1, routed)           0.000     5.838    design_1_i/SpeedSensor_Driver_IP_0/U0/SpeedSensor_Driver_IP_slave_lite_v1_0_S00_AXI_inst/AXI_Speed_Sensor_Driver/D_OUT0_carry__2_n_0
    SLICE_X31Y109        CARRY4 (Prop_carry4_CI_CO[3])
                                                      0.114     5.952 r  design_1_i/SpeedSensor_Driver_IP_0/U0/SpeedSensor_Driver_IP_slave_lite_v1_0_S00_AXI_inst/AXI_Speed_Sensor_Driver/D_OUT0_carry__3/CO[3]
                         net (fo=1, routed)           0.000     5.952    design_1_i/SpeedSensor_Driver_IP_0/U0/SpeedSensor_Driver_IP_slave_lite_v1_0_S00_AXI_inst/AXI_Speed_Sensor_Driver/D_OUT0_carry__3_n_0
    SLICE_X31Y110        CARRY4 (Prop_carry4_CI_CO[3])
                                                      0.114     6.066 r  design_1_i/SpeedSensor_Driver_IP_0/U0/SpeedSensor_Driver_IP_slave_lite_v1_0_S00_AXI_inst/AXI_Speed_Sensor_Driver/D_OUT0_carry__4/CO[3]
                         net (fo=1, routed)           0.000     6.066    design_1_i/SpeedSensor_Driver_IP_0/U0/SpeedSensor_Driver_IP_slave_lite_v1_0_S00_AXI_inst/AXI_Speed_Sensor_Driver/D_OUT0_carry__4_n_0
    SLICE_X31Y111        CARRY4 (Prop_carry4_CI_CO[3])
                                                      0.114     6.180 r  design_1_i/SpeedSensor_Driver_IP_0/U0/SpeedSensor_Driver_IP_slave_lite_v1_0_S00_AXI_inst/AXI_Speed_Sensor_Driver/D_OUT0_carry__5/CO[3]
                         net (fo=1, routed)           0.000     6.180    design_1_i/SpeedSensor_Driver_IP_0/U0/SpeedSensor_Driver_IP_slave_lite_v1_0_S00_AXI_inst/AXI_Speed_Sensor_Driver/D_OUT0_carry__5_n_0
    SLICE_X31Y112        CARRY4 (Prop_carry4_CI_CO[3])
                                                      0.114     6.294 r  design_1_i/SpeedSensor_Driver_IP_0/U0/SpeedSensor_Driver_IP_slave_lite_v1_0_S00_AXI_inst/AXI_Speed_Sensor_Driver/D_OUT0_carry__6/CO[3]
                         net (fo=2, routed)           0.985     7.279    design_1_i/SpeedSensor_Driver_IP_0/U0/SpeedSensor_Driver_IP_slave_lite_v1_0_S00_AXI_inst/AXI_Speed_Sensor_Driver/D_OUT0_carry__6_n_0
    SLICE_X30Y111        LUT5 (Prop_lut5_I1_O)        0.153     7.432 r  design_1_i/SpeedSensor_Driver_IP_0/U0/SpeedSensor_Driver_IP_slave_lite_v1_0_S00_AXI_inst/AXI_Speed_Sensor_Driver/D_OUT[31]_i_1/O
                         net (fo=32, routed)          1.139     8.571    design_1_i/SpeedSensor_Driver_IP_0/U0/SpeedSensor_Driver_IP_slave_lite_v1_0_S00_AXI_inst/AXI_Speed_Sensor_Driver/D_OUT[31]_i_1_n_0
    SLICE_X33Y101        FDRE                                         r  design_1_i/SpeedSensor_Driver_IP_0/U0/SpeedSensor_Driver_IP_slave_lite_v1_0_S00_AXI_inst/AXI_Speed_Sensor_Driver/D_OUT_reg[2]/R
  -------------------------------------------------------------------    -------------------

                         (clock clk_fpga_0 rise edge)
                                                     10.000    10.000 r  
    PS7_X0Y0             PS7                          0.000    10.000 r  design_1_i/processing_system7_0/inst/PS7_i/FCLKCLK[0]
                         net (fo=1, routed)           1.088    11.088    design_1_i/processing_system7_0/inst/FCLK_CLK_unbuffered[0]
    BUFGCTRL_X0Y16       BUFG (Prop_bufg_I_O)         0.091    11.179 r  design_1_i/processing_system7_0/inst/buffer_fclk_clk_0.FCLK_CLK_0_BUFG/O
                         net (fo=2171, routed)        1.654    12.833    design_1_i/SpeedSensor_Driver_IP_0/U0/SpeedSensor_Driver_IP_slave_lite_v1_0_S00_AXI_inst/AXI_Speed_Sensor_Driver/clk
    SLICE_X33Y101        FDRE                                         r  design_1_i/SpeedSensor_Driver_IP_0/U0/SpeedSensor_Driver_IP_slave_lite_v1_0_S00_AXI_inst/AXI_Speed_Sensor_Driver/D_OUT_reg[2]/C
                         clock pessimism              0.247    13.080    
                         clock uncertainty           -0.154    12.926    
    SLICE_X33Y101        FDRE (Setup_fdre_C_R)       -0.636    12.290    design_1_i/SpeedSensor_Driver_IP_0/U0/SpeedSensor_Driver_IP_slave_lite_v1_0_S00_AXI_inst/AXI_Speed_Sensor_Driver/D_OUT_reg[2]
  -------------------------------------------------------------------
                         required time                         12.290    
                         arrival time                          -8.571    
  -------------------------------------------------------------------
                         slack                                  3.719    

Slack (MET) :             3.719ns  (required time - arrival time)
  Source:                 design_1_i/SpeedSensor_Driver_IP_0/U0/SpeedSensor_Driver_IP_slave_lite_v1_0_S00_AXI_inst/AXI_Speed_Sensor_Driver/compared_reg[3]/C
                            (rising edge-triggered cell FDRE clocked by clk_fpga_0  {rise@0.000ns fall@5.000ns period=10.000ns})
  Destination:            design_1_i/SpeedSensor_Driver_IP_0/U0/SpeedSensor_Driver_IP_slave_lite_v1_0_S00_AXI_inst/AXI_Speed_Sensor_Driver/D_OUT_reg[3]/R
                            (rising edge-triggered cell FDRE clocked by clk_fpga_0  {rise@0.000ns fall@5.000ns period=10.000ns})
  Path Group:             clk_fpga_0
  Path Type:              Setup (Max at Slow Process Corner)
  Requirement:            10.000ns  (clk_fpga_0 rise@10.000ns - clk_fpga_0 rise@0.000ns)
  Data Path Delay:        5.385ns  (logic 2.081ns (38.642%)  route 3.304ns (61.358%))
  Logic Levels:           10  (CARRY4=8 LUT4=1 LUT5=1)
  Clock Path Skew:        -0.106ns (DCD - SCD + CPR)
    Destination Clock Delay (DCD):    2.833ns = ( 12.833 - 10.000 ) 
    Source Clock Delay      (SCD):    3.186ns
    Clock Pessimism Removal (CPR):    0.247ns
  Clock Uncertainty:      0.154ns  ((TSJ^2 + TIJ^2)^1/2 + DJ) / 2 + PE
    Total System Jitter     (TSJ):    0.071ns
    Total Input Jitter      (TIJ):    0.300ns
    Discrete Jitter          (DJ):    0.000ns
    Phase Error              (PE):    0.000ns

    Location             Delay type                Incr(ns)  Path(ns)    Netlist Resource(s)
  -------------------------------------------------------------------    -------------------
                         (clock clk_fpga_0 rise edge)
                                                      0.000     0.000 r  
    PS7_X0Y0             PS7                          0.000     0.000 r  design_1_i/processing_system7_0/inst/PS7_i/FCLKCLK[0]
                         net (fo=1, routed)           1.193     1.193    design_1_i/processing_system7_0/inst/FCLK_CLK_unbuffered[0]
    BUFGCTRL_X0Y16       BUFG (Prop_bufg_I_O)         0.101     1.294 r  design_1_i/processing_system7_0/inst/buffer_fclk_clk_0.FCLK_CLK_0_BUFG/O
                         net (fo=2171, routed)        1.892     3.186    design_1_i/SpeedSensor_Driver_IP_0/U0/SpeedSensor_Driver_IP_slave_lite_v1_0_S00_AXI_inst/AXI_Speed_Sensor_Driver/clk
    SLICE_X28Y101        FDRE                                         r  design_1_i/SpeedSensor_Driver_IP_0/U0/SpeedSensor_Driver_IP_slave_lite_v1_0_S00_AXI_inst/AXI_Speed_Sensor_Driver/compared_reg[3]/C
  -------------------------------------------------------------------    -------------------
    SLICE_X28Y101        FDRE (Prop_fdre_C_Q)         0.456     3.642 r  design_1_i/SpeedSensor_Driver_IP_0/U0/SpeedSensor_Driver_IP_slave_lite_v1_0_S00_AXI_inst/AXI_Speed_Sensor_Driver/compared_reg[3]/Q
                         net (fo=2, routed)           1.180     4.822    design_1_i/SpeedSensor_Driver_IP_0/U0/SpeedSensor_Driver_IP_slave_lite_v1_0_S00_AXI_inst/AXI_Speed_Sensor_Driver/compared[3]
    SLICE_X31Y105        LUT4 (Prop_lut4_I0_O)        0.124     4.946 r  design_1_i/SpeedSensor_Driver_IP_0/U0/SpeedSensor_Driver_IP_slave_lite_v1_0_S00_AXI_inst/AXI_Speed_Sensor_Driver/D_OUT0_carry_i_7/O
                         net (fo=1, routed)           0.000     4.946    design_1_i/SpeedSensor_Driver_IP_0/U0/SpeedSensor_Driver_IP_slave_lite_v1_0_S00_AXI_inst/AXI_Speed_Sensor_Driver/D_OUT0_carry_i_7_n_0
    SLICE_X31Y105        CARRY4 (Prop_carry4_S[1]_CO[3])
                                                      0.550     5.496 r  design_1_i/SpeedSensor_Driver_IP_0/U0/SpeedSensor_Driver_IP_slave_lite_v1_0_S00_AXI_inst/AXI_Speed_Sensor_Driver/D_OUT0_carry/CO[3]
                         net (fo=1, routed)           0.000     5.496    design_1_i/SpeedSensor_Driver_IP_0/U0/SpeedSensor_Driver_IP_slave_lite_v1_0_S00_AXI_inst/AXI_Speed_Sensor_Driver/D_OUT0_carry_n_0
    SLICE_X31Y106        CARRY4 (Prop_carry4_CI_CO[3])
                                                      0.114     5.610 r  design_1_i/SpeedSensor_Driver_IP_0/U0/SpeedSensor_Driver_IP_slave_lite_v1_0_S00_AXI_inst/AXI_Speed_Sensor_Driver/D_OUT0_carry__0/CO[3]
                         net (fo=1, routed)           0.000     5.610    design_1_i/SpeedSensor_Driver_IP_0/U0/SpeedSensor_Driver_IP_slave_lite_v1_0_S00_AXI_inst/AXI_Speed_Sensor_Driver/D_OUT0_carry__0_n_0
    SLICE_X31Y107        CARRY4 (Prop_carry4_CI_CO[3])
                                                      0.114     5.724 r  design_1_i/SpeedSensor_Driver_IP_0/U0/SpeedSensor_Driver_IP_slave_lite_v1_0_S00_AXI_inst/AXI_Speed_Sensor_Driver/D_OUT0_carry__1/CO[3]
                         net (fo=1, routed)           0.000     5.724    design_1_i/SpeedSensor_Driver_IP_0/U0/SpeedSensor_Driver_IP_slave_lite_v1_0_S00_AXI_inst/AXI_Speed_Sensor_Driver/D_OUT0_carry__1_n_0
    SLICE_X31Y108        CARRY4 (Prop_carry4_CI_CO[3])
                                                      0.114     5.838 r  design_1_i/SpeedSensor_Driver_IP_0/U0/SpeedSensor_Driver_IP_slave_lite_v1_0_S00_AXI_inst/AXI_Speed_Sensor_Driver/D_OUT0_carry__2/CO[3]
                         net (fo=1, routed)           0.000     5.838    design_1_i/SpeedSensor_Driver_IP_0/U0/SpeedSensor_Driver_IP_slave_lite_v1_0_S00_AXI_inst/AXI_Speed_Sensor_Driver/D_OUT0_carry__2_n_0
    SLICE_X31Y109        CARRY4 (Prop_carry4_CI_CO[3])
                                                      0.114     5.952 r  design_1_i/SpeedSensor_Driver_IP_0/U0/SpeedSensor_Driver_IP_slave_lite_v1_0_S00_AXI_inst/AXI_Speed_Sensor_Driver/D_OUT0_carry__3/CO[3]
                         net (fo=1, routed)           0.000     5.952    design_1_i/SpeedSensor_Driver_IP_0/U0/SpeedSensor_Driver_IP_slave_lite_v1_0_S00_AXI_inst/AXI_Speed_Sensor_Driver/D_OUT0_carry__3_n_0
    SLICE_X31Y110        CARRY4 (Prop_carry4_CI_CO[3])
                                                      0.114     6.066 r  design_1_i/SpeedSensor_Driver_IP_0/U0/SpeedSensor_Driver_IP_slave_lite_v1_0_S00_AXI_inst/AXI_Speed_Sensor_Driver/D_OUT0_carry__4/CO[3]
                         net (fo=1, routed)           0.000     6.066    design_1_i/SpeedSensor_Driver_IP_0/U0/SpeedSensor_Driver_IP_slave_lite_v1_0_S00_AXI_inst/AXI_Speed_Sensor_Driver/D_OUT0_carry__4_n_0
    SLICE_X31Y111        CARRY4 (Prop_carry4_CI_CO[3])
                                                      0.114     6.180 r  design_1_i/SpeedSensor_Driver_IP_0/U0/SpeedSensor_Driver_IP_slave_lite_v1_0_S00_AXI_inst/AXI_Speed_Sensor_Driver/D_OUT0_carry__5/CO[3]
                         net (fo=1, routed)           0.000     6.180    design_1_i/SpeedSensor_Driver_IP_0/U0/SpeedSensor_Driver_IP_slave_lite_v1_0_S00_AXI_inst/AXI_Speed_Sensor_Driver/D_OUT0_carry__5_n_0
    SLICE_X31Y112        CARRY4 (Prop_carry4_CI_CO[3])
                                                      0.114     6.294 r  design_1_i/SpeedSensor_Driver_IP_0/U0/SpeedSensor_Driver_IP_slave_lite_v1_0_S00_AXI_inst/AXI_Speed_Sensor_Driver/D_OUT0_carry__6/CO[3]
                         net (fo=2, routed)           0.985     7.279    design_1_i/SpeedSensor_Driver_IP_0/U0/SpeedSensor_Driver_IP_slave_lite_v1_0_S00_AXI_inst/AXI_Speed_Sensor_Driver/D_OUT0_carry__6_n_0
    SLICE_X30Y111        LUT5 (Prop_lut5_I1_O)        0.153     7.432 r  design_1_i/SpeedSensor_Driver_IP_0/U0/SpeedSensor_Driver_IP_slave_lite_v1_0_S00_AXI_inst/AXI_Speed_Sensor_Driver/D_OUT[31]_i_1/O
                         net (fo=32, routed)          1.139     8.571    design_1_i/SpeedSensor_Driver_IP_0/U0/SpeedSensor_Driver_IP_slave_lite_v1_0_S00_AXI_inst/AXI_Speed_Sensor_Driver/D_OUT[31]_i_1_n_0
    SLICE_X33Y101        FDRE                                         r  design_1_i/SpeedSensor_Driver_IP_0/U0/SpeedSensor_Driver_IP_slave_lite_v1_0_S00_AXI_inst/AXI_Speed_Sensor_Driver/D_OUT_reg[3]/R
  -------------------------------------------------------------------    -------------------

                         (clock clk_fpga_0 rise edge)
                                                     10.000    10.000 r  
    PS7_X0Y0             PS7                          0.000    10.000 r  design_1_i/processing_system7_0/inst/PS7_i/FCLKCLK[0]
                         net (fo=1, routed)           1.088    11.088    design_1_i/processing_system7_0/inst/FCLK_CLK_unbuffered[0]
    BUFGCTRL_X0Y16       BUFG (Prop_bufg_I_O)         0.091    11.179 r  design_1_i/processing_system7_0/inst/buffer_fclk_clk_0.FCLK_CLK_0_BUFG/O
                         net (fo=2171, routed)        1.654    12.833    design_1_i/SpeedSensor_Driver_IP_0/U0/SpeedSensor_Driver_IP_slave_lite_v1_0_S00_AXI_inst/AXI_Speed_Sensor_Driver/clk
    SLICE_X33Y101        FDRE                                         r  design_1_i/SpeedSensor_Driver_IP_0/U0/SpeedSensor_Driver_IP_slave_lite_v1_0_S00_AXI_inst/AXI_Speed_Sensor_Driver/D_OUT_reg[3]/C
                         clock pessimism              0.247    13.080    
                         clock uncertainty           -0.154    12.926    
    SLICE_X33Y101        FDRE (Setup_fdre_C_R)       -0.636    12.290    design_1_i/SpeedSensor_Driver_IP_0/U0/SpeedSensor_Driver_IP_slave_lite_v1_0_S00_AXI_inst/AXI_Speed_Sensor_Driver/D_OUT_reg[3]
  -------------------------------------------------------------------
                         required time                         12.290    
                         arrival time                          -8.571    
  -------------------------------------------------------------------
                         slack                                  3.719    

Slack (MET) :             3.719ns  (required time - arrival time)
  Source:                 design_1_i/SpeedSensor_Driver_IP_0/U0/SpeedSensor_Driver_IP_slave_lite_v1_0_S00_AXI_inst/AXI_Speed_Sensor_Driver/compared_reg[3]/C
                            (rising edge-triggered cell FDRE clocked by clk_fpga_0  {rise@0.000ns fall@5.000ns period=10.000ns})
  Destination:            design_1_i/SpeedSensor_Driver_IP_0/U0/SpeedSensor_Driver_IP_slave_lite_v1_0_S00_AXI_inst/AXI_Speed_Sensor_Driver/D_OUT_reg[4]/R
                            (rising edge-triggered cell FDRE clocked by clk_fpga_0  {rise@0.000ns fall@5.000ns period=10.000ns})
  Path Group:             clk_fpga_0
  Path Type:              Setup (Max at Slow Process Corner)
  Requirement:            10.000ns  (clk_fpga_0 rise@10.000ns - clk_fpga_0 rise@0.000ns)
  Data Path Delay:        5.385ns  (logic 2.081ns (38.642%)  route 3.304ns (61.358%))
  Logic Levels:           10  (CARRY4=8 LUT4=1 LUT5=1)
  Clock Path Skew:        -0.106ns (DCD - SCD + CPR)
    Destination Clock Delay (DCD):    2.833ns = ( 12.833 - 10.000 ) 
    Source Clock Delay      (SCD):    3.186ns
    Clock Pessimism Removal (CPR):    0.247ns
  Clock Uncertainty:      0.154ns  ((TSJ^2 + TIJ^2)^1/2 + DJ) / 2 + PE
    Total System Jitter     (TSJ):    0.071ns
    Total Input Jitter      (TIJ):    0.300ns
    Discrete Jitter          (DJ):    0.000ns
    Phase Error              (PE):    0.000ns

    Location             Delay type                Incr(ns)  Path(ns)    Netlist Resource(s)
  -------------------------------------------------------------------    -------------------
                         (clock clk_fpga_0 rise edge)
                                                      0.000     0.000 r  
    PS7_X0Y0             PS7                          0.000     0.000 r  design_1_i/processing_system7_0/inst/PS7_i/FCLKCLK[0]
                         net (fo=1, routed)           1.193     1.193    design_1_i/processing_system7_0/inst/FCLK_CLK_unbuffered[0]
    BUFGCTRL_X0Y16       BUFG (Prop_bufg_I_O)         0.101     1.294 r  design_1_i/processing_system7_0/inst/buffer_fclk_clk_0.FCLK_CLK_0_BUFG/O
                         net (fo=2171, routed)        1.892     3.186    design_1_i/SpeedSensor_Driver_IP_0/U0/SpeedSensor_Driver_IP_slave_lite_v1_0_S00_AXI_inst/AXI_Speed_Sensor_Driver/clk
    SLICE_X28Y101        FDRE                                         r  design_1_i/SpeedSensor_Driver_IP_0/U0/SpeedSensor_Driver_IP_slave_lite_v1_0_S00_AXI_inst/AXI_Speed_Sensor_Driver/compared_reg[3]/C
  -------------------------------------------------------------------    -------------------
    SLICE_X28Y101        FDRE (Prop_fdre_C_Q)         0.456     3.642 r  design_1_i/SpeedSensor_Driver_IP_0/U0/SpeedSensor_Driver_IP_slave_lite_v1_0_S00_AXI_inst/AXI_Speed_Sensor_Driver/compared_reg[3]/Q
                         net (fo=2, routed)           1.180     4.822    design_1_i/SpeedSensor_Driver_IP_0/U0/SpeedSensor_Driver_IP_slave_lite_v1_0_S00_AXI_inst/AXI_Speed_Sensor_Driver/compared[3]
    SLICE_X31Y105        LUT4 (Prop_lut4_I0_O)        0.124     4.946 r  design_1_i/SpeedSensor_Driver_IP_0/U0/SpeedSensor_Driver_IP_slave_lite_v1_0_S00_AXI_inst/AXI_Speed_Sensor_Driver/D_OUT0_carry_i_7/O
                         net (fo=1, routed)           0.000     4.946    design_1_i/SpeedSensor_Driver_IP_0/U0/SpeedSensor_Driver_IP_slave_lite_v1_0_S00_AXI_inst/AXI_Speed_Sensor_Driver/D_OUT0_carry_i_7_n_0
    SLICE_X31Y105        CARRY4 (Prop_carry4_S[1]_CO[3])
                                                      0.550     5.496 r  design_1_i/SpeedSensor_Driver_IP_0/U0/SpeedSensor_Driver_IP_slave_lite_v1_0_S00_AXI_inst/AXI_Speed_Sensor_Driver/D_OUT0_carry/CO[3]
                         net (fo=1, routed)           0.000     5.496    design_1_i/SpeedSensor_Driver_IP_0/U0/SpeedSensor_Driver_IP_slave_lite_v1_0_S00_AXI_inst/AXI_Speed_Sensor_Driver/D_OUT0_carry_n_0
    SLICE_X31Y106        CARRY4 (Prop_carry4_CI_CO[3])
                                                      0.114     5.610 r  design_1_i/SpeedSensor_Driver_IP_0/U0/SpeedSensor_Driver_IP_slave_lite_v1_0_S00_AXI_inst/AXI_Speed_Sensor_Driver/D_OUT0_carry__0/CO[3]
                         net (fo=1, routed)           0.000     5.610    design_1_i/SpeedSensor_Driver_IP_0/U0/SpeedSensor_Driver_IP_slave_lite_v1_0_S00_AXI_inst/AXI_Speed_Sensor_Driver/D_OUT0_carry__0_n_0
    SLICE_X31Y107        CARRY4 (Prop_carry4_CI_CO[3])
                                                      0.114     5.724 r  design_1_i/SpeedSensor_Driver_IP_0/U0/SpeedSensor_Driver_IP_slave_lite_v1_0_S00_AXI_inst/AXI_Speed_Sensor_Driver/D_OUT0_carry__1/CO[3]
                         net (fo=1, routed)           0.000     5.724    design_1_i/SpeedSensor_Driver_IP_0/U0/SpeedSensor_Driver_IP_slave_lite_v1_0_S00_AXI_inst/AXI_Speed_Sensor_Driver/D_OUT0_carry__1_n_0
    SLICE_X31Y108        CARRY4 (Prop_carry4_CI_CO[3])
                                                      0.114     5.838 r  design_1_i/SpeedSensor_Driver_IP_0/U0/SpeedSensor_Driver_IP_slave_lite_v1_0_S00_AXI_inst/AXI_Speed_Sensor_Driver/D_OUT0_carry__2/CO[3]
                         net (fo=1, routed)           0.000     5.838    design_1_i/SpeedSensor_Driver_IP_0/U0/SpeedSensor_Driver_IP_slave_lite_v1_0_S00_AXI_inst/AXI_Speed_Sensor_Driver/D_OUT0_carry__2_n_0
    SLICE_X31Y109        CARRY4 (Prop_carry4_CI_CO[3])
                                                      0.114     5.952 r  design_1_i/SpeedSensor_Driver_IP_0/U0/SpeedSensor_Driver_IP_slave_lite_v1_0_S00_AXI_inst/AXI_Speed_Sensor_Driver/D_OUT0_carry__3/CO[3]
                         net (fo=1, routed)           0.000     5.952    design_1_i/SpeedSensor_Driver_IP_0/U0/SpeedSensor_Driver_IP_slave_lite_v1_0_S00_AXI_inst/AXI_Speed_Sensor_Driver/D_OUT0_carry__3_n_0
    SLICE_X31Y110        CARRY4 (Prop_carry4_CI_CO[3])
                                                      0.114     6.066 r  design_1_i/SpeedSensor_Driver_IP_0/U0/SpeedSensor_Driver_IP_slave_lite_v1_0_S00_AXI_inst/AXI_Speed_Sensor_Driver/D_OUT0_carry__4/CO[3]
                         net (fo=1, routed)           0.000     6.066    design_1_i/SpeedSensor_Driver_IP_0/U0/SpeedSensor_Driver_IP_slave_lite_v1_0_S00_AXI_inst/AXI_Speed_Sensor_Driver/D_OUT0_carry__4_n_0
    SLICE_X31Y111        CARRY4 (Prop_carry4_CI_CO[3])
                                                      0.114     6.180 r  design_1_i/SpeedSensor_Driver_IP_0/U0/SpeedSensor_Driver_IP_slave_lite_v1_0_S00_AXI_inst/AXI_Speed_Sensor_Driver/D_OUT0_carry__5/CO[3]
                         net (fo=1, routed)           0.000     6.180    design_1_i/SpeedSensor_Driver_IP_0/U0/SpeedSensor_Driver_IP_slave_lite_v1_0_S00_AXI_inst/AXI_Speed_Sensor_Driver/D_OUT0_carry__5_n_0
    SLICE_X31Y112        CARRY4 (Prop_carry4_CI_CO[3])
                                                      0.114     6.294 r  design_1_i/SpeedSensor_Driver_IP_0/U0/SpeedSensor_Driver_IP_slave_lite_v1_0_S00_AXI_inst/AXI_Speed_Sensor_Driver/D_OUT0_carry__6/CO[3]
                         net (fo=2, routed)           0.985     7.279    design_1_i/SpeedSensor_Driver_IP_0/U0/SpeedSensor_Driver_IP_slave_lite_v1_0_S00_AXI_inst/AXI_Speed_Sensor_Driver/D_OUT0_carry__6_n_0
    SLICE_X30Y111        LUT5 (Prop_lut5_I1_O)        0.153     7.432 r  design_1_i/SpeedSensor_Driver_IP_0/U0/SpeedSensor_Driver_IP_slave_lite_v1_0_S00_AXI_inst/AXI_Speed_Sensor_Driver/D_OUT[31]_i_1/O
                         net (fo=32, routed)          1.139     8.571    design_1_i/SpeedSensor_Driver_IP_0/U0/SpeedSensor_Driver_IP_slave_lite_v1_0_S00_AXI_inst/AXI_Speed_Sensor_Driver/D_OUT[31]_i_1_n_0
    SLICE_X33Y101        FDRE                                         r  design_1_i/SpeedSensor_Driver_IP_0/U0/SpeedSensor_Driver_IP_slave_lite_v1_0_S00_AXI_inst/AXI_Speed_Sensor_Driver/D_OUT_reg[4]/R
  -------------------------------------------------------------------    -------------------

                         (clock clk_fpga_0 rise edge)
                                                     10.000    10.000 r  
    PS7_X0Y0             PS7                          0.000    10.000 r  design_1_i/processing_system7_0/inst/PS7_i/FCLKCLK[0]
                         net (fo=1, routed)           1.088    11.088    design_1_i/processing_system7_0/inst/FCLK_CLK_unbuffered[0]
    BUFGCTRL_X0Y16       BUFG (Prop_bufg_I_O)         0.091    11.179 r  design_1_i/processing_system7_0/inst/buffer_fclk_clk_0.FCLK_CLK_0_BUFG/O
                         net (fo=2171, routed)        1.654    12.833    design_1_i/SpeedSensor_Driver_IP_0/U0/SpeedSensor_Driver_IP_slave_lite_v1_0_S00_AXI_inst/AXI_Speed_Sensor_Driver/clk
    SLICE_X33Y101        FDRE                                         r  design_1_i/SpeedSensor_Driver_IP_0/U0/SpeedSensor_Driver_IP_slave_lite_v1_0_S00_AXI_inst/AXI_Speed_Sensor_Driver/D_OUT_reg[4]/C
                         clock pessimism              0.247    13.080    
                         clock uncertainty           -0.154    12.926    
    SLICE_X33Y101        FDRE (Setup_fdre_C_R)       -0.636    12.290    design_1_i/SpeedSensor_Driver_IP_0/U0/SpeedSensor_Driver_IP_slave_lite_v1_0_S00_AXI_inst/AXI_Speed_Sensor_Driver/D_OUT_reg[4]
  -------------------------------------------------------------------
                         required time                         12.290    
                         arrival time                          -8.571    
  -------------------------------------------------------------------
                         slack                                  3.719    

Slack (MET) :             3.722ns  (required time - arrival time)
  Source:                 design_1_i/ps7_0_axi_periph/xbar/inst/gen_sasd.crossbar_sasd_0/addr_arbiter_inst/gen_no_arbiter.grant_rnw_reg/C
                            (rising edge-triggered cell FDRE clocked by clk_fpga_0  {rise@0.000ns fall@5.000ns period=10.000ns})
  Destination:            design_1_i/ps7_0_axi_periph/s00_couplers/auto_pc/inst/gen_axilite.gen_b2s_conv.axilite_b2s/WR.aw_channel_0/cmd_translator_0/incr_cmd_0/axaddr_incr_reg[9]/D
                            (rising edge-triggered cell FDRE clocked by clk_fpga_0  {rise@0.000ns fall@5.000ns period=10.000ns})
  Path Group:             clk_fpga_0
  Path Type:              Setup (Max at Slow Process Corner)
  Requirement:            10.000ns  (clk_fpga_0 rise@10.000ns - clk_fpga_0 rise@0.000ns)
  Data Path Delay:        6.181ns  (logic 2.573ns (41.625%)  route 3.608ns (58.375%))
  Logic Levels:           8  (CARRY4=3 LUT2=1 LUT3=2 LUT4=1 LUT6=1)
  Clock Path Skew:        -0.061ns (DCD - SCD + CPR)
    Destination Clock Delay (DCD):    2.656ns = ( 12.656 - 10.000 ) 
    Source Clock Delay      (SCD):    2.946ns
    Clock Pessimism Removal (CPR):    0.229ns
  Clock Uncertainty:      0.154ns  ((TSJ^2 + TIJ^2)^1/2 + DJ) / 2 + PE
    Total System Jitter     (TSJ):    0.071ns
    Total Input Jitter      (TIJ):    0.300ns
    Discrete Jitter          (DJ):    0.000ns
    Phase Error              (PE):    0.000ns

    Location             Delay type                Incr(ns)  Path(ns)    Netlist Resource(s)
  -------------------------------------------------------------------    -------------------
                         (clock clk_fpga_0 rise edge)
                                                      0.000     0.000 r  
    PS7_X0Y0             PS7                          0.000     0.000 r  design_1_i/processing_system7_0/inst/PS7_i/FCLKCLK[0]
                         net (fo=1, routed)           1.193     1.193    design_1_i/processing_system7_0/inst/FCLK_CLK_unbuffered[0]
    BUFGCTRL_X0Y16       BUFG (Prop_bufg_I_O)         0.101     1.294 r  design_1_i/processing_system7_0/inst/buffer_fclk_clk_0.FCLK_CLK_0_BUFG/O
                         net (fo=2171, routed)        1.652     2.946    design_1_i/ps7_0_axi_periph/xbar/inst/gen_sasd.crossbar_sasd_0/addr_arbiter_inst/aclk
    SLICE_X34Y95         FDRE                                         r  design_1_i/ps7_0_axi_periph/xbar/inst/gen_sasd.crossbar_sasd_0/addr_arbiter_inst/gen_no_arbiter.grant_rnw_reg/C
  -------------------------------------------------------------------    -------------------
    SLICE_X34Y95         FDRE (Prop_fdre_C_Q)         0.518     3.464 f  design_1_i/ps7_0_axi_periph/xbar/inst/gen_sasd.crossbar_sasd_0/addr_arbiter_inst/gen_no_arbiter.grant_rnw_reg/Q
                         net (fo=38, routed)          1.022     4.486    design_1_i/ps7_0_axi_periph/xbar/inst/gen_sasd.crossbar_sasd_0/addr_arbiter_inst/aa_grant_rnw
    SLICE_X33Y92         LUT2 (Prop_lut2_I1_O)        0.153     4.639 r  design_1_i/ps7_0_axi_periph/xbar/inst/gen_sasd.crossbar_sasd_0/addr_arbiter_inst/s_axi_awready[0]_INST_0/O
                         net (fo=3, routed)           0.458     5.097    design_1_i/ps7_0_axi_periph/s00_couplers/auto_pc/inst/gen_axilite.gen_b2s_conv.axilite_b2s/WR.aw_channel_0/aw_cmd_fsm_0/m_axi_awready
    SLICE_X35Y91         LUT6 (Prop_lut6_I0_O)        0.327     5.424 r  design_1_i/ps7_0_axi_periph/s00_couplers/auto_pc/inst/gen_axilite.gen_b2s_conv.axilite_b2s/WR.aw_channel_0/aw_cmd_fsm_0/memory_reg[3][0]_srl4_i_1/O
                         net (fo=30, routed)          0.834     6.258    design_1_i/ps7_0_axi_periph/s00_couplers/auto_pc/inst/gen_axilite.gen_b2s_conv.axilite_b2s/WR.aw_channel_0/aw_cmd_fsm_0/m_axi_awready_0
    SLICE_X36Y90         LUT3 (Prop_lut3_I2_O)        0.124     6.382 r  design_1_i/ps7_0_axi_periph/s00_couplers/auto_pc/inst/gen_axilite.gen_b2s_conv.axilite_b2s/WR.aw_channel_0/aw_cmd_fsm_0/next_pending_r_i_3/O
                         net (fo=23, routed)          0.700     7.082    design_1_i/ps7_0_axi_periph/s00_couplers/auto_pc/inst/gen_axilite.gen_b2s_conv.axilite_b2s/WR.aw_channel_0/cmd_translator_0/incr_cmd_0/next
    SLICE_X33Y87         LUT4 (Prop_lut4_I3_O)        0.124     7.206 r  design_1_i/ps7_0_axi_periph/s00_couplers/auto_pc/inst/gen_axilite.gen_b2s_conv.axilite_b2s/WR.aw_channel_0/cmd_translator_0/incr_cmd_0/axaddr_incr[3]_i_9/O
                         net (fo=1, routed)           0.000     7.206    design_1_i/ps7_0_axi_periph/s00_couplers/auto_pc/inst/gen_axilite.gen_b2s_conv.axilite_b2s/SI_REG/aw.aw_pipe/axaddr_incr_reg[3][1]
    SLICE_X33Y87         CARRY4 (Prop_carry4_S[1]_CO[3])
                                                      0.550     7.756 r  design_1_i/ps7_0_axi_periph/s00_couplers/auto_pc/inst/gen_axilite.gen_b2s_conv.axilite_b2s/SI_REG/aw.aw_pipe/axaddr_incr_reg[3]_i_2/CO[3]
                         net (fo=1, routed)           0.000     7.756    design_1_i/ps7_0_axi_periph/s00_couplers/auto_pc/inst/gen_axilite.gen_b2s_conv.axilite_b2s/SI_REG/aw.aw_pipe/axaddr_incr_reg[3]_i_2_n_0
    SLICE_X33Y88         CARRY4 (Prop_carry4_CI_CO[3])
                                                      0.114     7.870 r  design_1_i/ps7_0_axi_periph/s00_couplers/auto_pc/inst/gen_axilite.gen_b2s_conv.axilite_b2s/SI_REG/aw.aw_pipe/axaddr_incr_reg[7]_i_2/CO[3]
                         net (fo=1, routed)           0.000     7.870    design_1_i/ps7_0_axi_periph/s00_couplers/auto_pc/inst/gen_axilite.gen_b2s_conv.axilite_b2s/SI_REG/aw.aw_pipe/axaddr_incr_reg[7]_i_2_n_0
    SLICE_X33Y89         CARRY4 (Prop_carry4_CI_O[1])
                                                      0.334     8.204 r  design_1_i/ps7_0_axi_periph/s00_couplers/auto_pc/inst/gen_axilite.gen_b2s_conv.axilite_b2s/SI_REG/aw.aw_pipe/axaddr_incr_reg[11]_i_3/O[1]
                         net (fo=1, routed)           0.594     8.798    design_1_i/ps7_0_axi_periph/s00_couplers/auto_pc/inst/gen_axilite.gen_b2s_conv.axilite_b2s/WR.aw_channel_0/cmd_translator_0/incr_cmd_0/axaddr_incr[9]
    SLICE_X32Y90         LUT3 (Prop_lut3_I0_O)        0.329     9.127 r  design_1_i/ps7_0_axi_periph/s00_couplers/auto_pc/inst/gen_axilite.gen_b2s_conv.axilite_b2s/WR.aw_channel_0/cmd_translator_0/incr_cmd_0/axaddr_incr[9]_i_1/O
                         net (fo=1, routed)           0.000     9.127    design_1_i/ps7_0_axi_periph/s00_couplers/auto_pc/inst/gen_axilite.gen_b2s_conv.axilite_b2s/WR.aw_channel_0/cmd_translator_0/incr_cmd_0/p_1_in[9]
    SLICE_X32Y90         FDRE                                         r  design_1_i/ps7_0_axi_periph/s00_couplers/auto_pc/inst/gen_axilite.gen_b2s_conv.axilite_b2s/WR.aw_channel_0/cmd_translator_0/incr_cmd_0/axaddr_incr_reg[9]/D
  -------------------------------------------------------------------    -------------------

                         (clock clk_fpga_0 rise edge)
                                                     10.000    10.000 r  
    PS7_X0Y0             PS7                          0.000    10.000 r  design_1_i/processing_system7_0/inst/PS7_i/FCLKCLK[0]
                         net (fo=1, routed)           1.088    11.088    design_1_i/processing_system7_0/inst/FCLK_CLK_unbuffered[0]
    BUFGCTRL_X0Y16       BUFG (Prop_bufg_I_O)         0.091    11.179 r  design_1_i/processing_system7_0/inst/buffer_fclk_clk_0.FCLK_CLK_0_BUFG/O
                         net (fo=2171, routed)        1.477    12.656    design_1_i/ps7_0_axi_periph/s00_couplers/auto_pc/inst/gen_axilite.gen_b2s_conv.axilite_b2s/WR.aw_channel_0/cmd_translator_0/incr_cmd_0/aclk
    SLICE_X32Y90         FDRE                                         r  design_1_i/ps7_0_axi_periph/s00_couplers/auto_pc/inst/gen_axilite.gen_b2s_conv.axilite_b2s/WR.aw_channel_0/cmd_translator_0/incr_cmd_0/axaddr_incr_reg[9]/C
                         clock pessimism              0.229    12.885    
                         clock uncertainty           -0.154    12.731    
    SLICE_X32Y90         FDRE (Setup_fdre_C_D)        0.118    12.849    design_1_i/ps7_0_axi_periph/s00_couplers/auto_pc/inst/gen_axilite.gen_b2s_conv.axilite_b2s/WR.aw_channel_0/cmd_translator_0/incr_cmd_0/axaddr_incr_reg[9]
  -------------------------------------------------------------------
                         required time                         12.849    
                         arrival time                          -9.127    
  -------------------------------------------------------------------
                         slack                                  3.722    

Slack (MET) :             3.769ns  (required time - arrival time)
  Source:                 design_1_i/ps7_0_axi_periph/xbar/inst/gen_sasd.crossbar_sasd_0/addr_arbiter_inst/gen_no_arbiter.grant_rnw_reg/C
                            (rising edge-triggered cell FDRE clocked by clk_fpga_0  {rise@0.000ns fall@5.000ns period=10.000ns})
  Destination:            design_1_i/ps7_0_axi_periph/s00_couplers/auto_pc/inst/gen_axilite.gen_b2s_conv.axilite_b2s/WR.aw_channel_0/cmd_translator_0/incr_cmd_0/axaddr_incr_reg[8]/D
                            (rising edge-triggered cell FDRE clocked by clk_fpga_0  {rise@0.000ns fall@5.000ns period=10.000ns})
  Path Group:             clk_fpga_0
  Path Type:              Setup (Max at Slow Process Corner)
  Requirement:            10.000ns  (clk_fpga_0 rise@10.000ns - clk_fpga_0 rise@0.000ns)
  Data Path Delay:        6.134ns  (logic 2.455ns (40.021%)  route 3.679ns (59.979%))
  Logic Levels:           8  (CARRY4=3 LUT2=1 LUT3=2 LUT4=1 LUT6=1)
  Clock Path Skew:        -0.061ns (DCD - SCD + CPR)
    Destination Clock Delay (DCD):    2.656ns = ( 12.656 - 10.000 ) 
    Source Clock Delay      (SCD):    2.946ns
    Clock Pessimism Removal (CPR):    0.229ns
  Clock Uncertainty:      0.154ns  ((TSJ^2 + TIJ^2)^1/2 + DJ) / 2 + PE
    Total System Jitter     (TSJ):    0.071ns
    Total Input Jitter      (TIJ):    0.300ns
    Discrete Jitter          (DJ):    0.000ns
    Phase Error              (PE):    0.000ns

    Location             Delay type                Incr(ns)  Path(ns)    Netlist Resource(s)
  -------------------------------------------------------------------    -------------------
                         (clock clk_fpga_0 rise edge)
                                                      0.000     0.000 r  
    PS7_X0Y0             PS7                          0.000     0.000 r  design_1_i/processing_system7_0/inst/PS7_i/FCLKCLK[0]
                         net (fo=1, routed)           1.193     1.193    design_1_i/processing_system7_0/inst/FCLK_CLK_unbuffered[0]
    BUFGCTRL_X0Y16       BUFG (Prop_bufg_I_O)         0.101     1.294 r  design_1_i/processing_system7_0/inst/buffer_fclk_clk_0.FCLK_CLK_0_BUFG/O
                         net (fo=2171, routed)        1.652     2.946    design_1_i/ps7_0_axi_periph/xbar/inst/gen_sasd.crossbar_sasd_0/addr_arbiter_inst/aclk
    SLICE_X34Y95         FDRE                                         r  design_1_i/ps7_0_axi_periph/xbar/inst/gen_sasd.crossbar_sasd_0/addr_arbiter_inst/gen_no_arbiter.grant_rnw_reg/C
  -------------------------------------------------------------------    -------------------
    SLICE_X34Y95         FDRE (Prop_fdre_C_Q)         0.518     3.464 f  design_1_i/ps7_0_axi_periph/xbar/inst/gen_sasd.crossbar_sasd_0/addr_arbiter_inst/gen_no_arbiter.grant_rnw_reg/Q
                         net (fo=38, routed)          1.022     4.486    design_1_i/ps7_0_axi_periph/xbar/inst/gen_sasd.crossbar_sasd_0/addr_arbiter_inst/aa_grant_rnw
    SLICE_X33Y92         LUT2 (Prop_lut2_I1_O)        0.153     4.639 r  design_1_i/ps7_0_axi_periph/xbar/inst/gen_sasd.crossbar_sasd_0/addr_arbiter_inst/s_axi_awready[0]_INST_0/O
                         net (fo=3, routed)           0.458     5.097    design_1_i/ps7_0_axi_periph/s00_couplers/auto_pc/inst/gen_axilite.gen_b2s_conv.axilite_b2s/WR.aw_channel_0/aw_cmd_fsm_0/m_axi_awready
    SLICE_X35Y91         LUT6 (Prop_lut6_I0_O)        0.327     5.424 r  design_1_i/ps7_0_axi_periph/s00_couplers/auto_pc/inst/gen_axilite.gen_b2s_conv.axilite_b2s/WR.aw_channel_0/aw_cmd_fsm_0/memory_reg[3][0]_srl4_i_1/O
                         net (fo=30, routed)          0.834     6.258    design_1_i/ps7_0_axi_periph/s00_couplers/auto_pc/inst/gen_axilite.gen_b2s_conv.axilite_b2s/WR.aw_channel_0/aw_cmd_fsm_0/m_axi_awready_0
    SLICE_X36Y90         LUT3 (Prop_lut3_I2_O)        0.124     6.382 r  design_1_i/ps7_0_axi_periph/s00_couplers/auto_pc/inst/gen_axilite.gen_b2s_conv.axilite_b2s/WR.aw_channel_0/aw_cmd_fsm_0/next_pending_r_i_3/O
                         net (fo=23, routed)          0.700     7.082    design_1_i/ps7_0_axi_periph/s00_couplers/auto_pc/inst/gen_axilite.gen_b2s_conv.axilite_b2s/WR.aw_channel_0/cmd_translator_0/incr_cmd_0/next
    SLICE_X33Y87         LUT4 (Prop_lut4_I3_O)        0.124     7.206 r  design_1_i/ps7_0_axi_periph/s00_couplers/auto_pc/inst/gen_axilite.gen_b2s_conv.axilite_b2s/WR.aw_channel_0/cmd_translator_0/incr_cmd_0/axaddr_incr[3]_i_9/O
                         net (fo=1, routed)           0.000     7.206    design_1_i/ps7_0_axi_periph/s00_couplers/auto_pc/inst/gen_axilite.gen_b2s_conv.axilite_b2s/SI_REG/aw.aw_pipe/axaddr_incr_reg[3][1]
    SLICE_X33Y87         CARRY4 (Prop_carry4_S[1]_CO[3])
                                                      0.550     7.756 r  design_1_i/ps7_0_axi_periph/s00_couplers/auto_pc/inst/gen_axilite.gen_b2s_conv.axilite_b2s/SI_REG/aw.aw_pipe/axaddr_incr_reg[3]_i_2/CO[3]
                         net (fo=1, routed)           0.000     7.756    design_1_i/ps7_0_axi_periph/s00_couplers/auto_pc/inst/gen_axilite.gen_b2s_conv.axilite_b2s/SI_REG/aw.aw_pipe/axaddr_incr_reg[3]_i_2_n_0
    SLICE_X33Y88         CARRY4 (Prop_carry4_CI_CO[3])
                                                      0.114     7.870 r  design_1_i/ps7_0_axi_periph/s00_couplers/auto_pc/inst/gen_axilite.gen_b2s_conv.axilite_b2s/SI_REG/aw.aw_pipe/axaddr_incr_reg[7]_i_2/CO[3]
                         net (fo=1, routed)           0.000     7.870    design_1_i/ps7_0_axi_periph/s00_couplers/auto_pc/inst/gen_axilite.gen_b2s_conv.axilite_b2s/SI_REG/aw.aw_pipe/axaddr_incr_reg[7]_i_2_n_0
    SLICE_X33Y89         CARRY4 (Prop_carry4_CI_O[0])
                                                      0.222     8.092 r  design_1_i/ps7_0_axi_periph/s00_couplers/auto_pc/inst/gen_axilite.gen_b2s_conv.axilite_b2s/SI_REG/aw.aw_pipe/axaddr_incr_reg[11]_i_3/O[0]
                         net (fo=1, routed)           0.665     8.757    design_1_i/ps7_0_axi_periph/s00_couplers/auto_pc/inst/gen_axilite.gen_b2s_conv.axilite_b2s/WR.aw_channel_0/cmd_translator_0/incr_cmd_0/axaddr_incr[8]
    SLICE_X32Y90         LUT3 (Prop_lut3_I0_O)        0.323     9.080 r  design_1_i/ps7_0_axi_periph/s00_couplers/auto_pc/inst/gen_axilite.gen_b2s_conv.axilite_b2s/WR.aw_channel_0/cmd_translator_0/incr_cmd_0/axaddr_incr[8]_i_1/O
                         net (fo=1, routed)           0.000     9.080    design_1_i/ps7_0_axi_periph/s00_couplers/auto_pc/inst/gen_axilite.gen_b2s_conv.axilite_b2s/WR.aw_channel_0/cmd_translator_0/incr_cmd_0/p_1_in[8]
    SLICE_X32Y90         FDRE                                         r  design_1_i/ps7_0_axi_periph/s00_couplers/auto_pc/inst/gen_axilite.gen_b2s_conv.axilite_b2s/WR.aw_channel_0/cmd_translator_0/incr_cmd_0/axaddr_incr_reg[8]/D
  -------------------------------------------------------------------    -------------------

                         (clock clk_fpga_0 rise edge)
                                                     10.000    10.000 r  
    PS7_X0Y0             PS7                          0.000    10.000 r  design_1_i/processing_system7_0/inst/PS7_i/FCLKCLK[0]
                         net (fo=1, routed)           1.088    11.088    design_1_i/processing_system7_0/inst/FCLK_CLK_unbuffered[0]
    BUFGCTRL_X0Y16       BUFG (Prop_bufg_I_O)         0.091    11.179 r  design_1_i/processing_system7_0/inst/buffer_fclk_clk_0.FCLK_CLK_0_BUFG/O
                         net (fo=2171, routed)        1.477    12.656    design_1_i/ps7_0_axi_periph/s00_couplers/auto_pc/inst/gen_axilite.gen_b2s_conv.axilite_b2s/WR.aw_channel_0/cmd_translator_0/incr_cmd_0/aclk
    SLICE_X32Y90         FDRE                                         r  design_1_i/ps7_0_axi_periph/s00_couplers/auto_pc/inst/gen_axilite.gen_b2s_conv.axilite_b2s/WR.aw_channel_0/cmd_translator_0/incr_cmd_0/axaddr_incr_reg[8]/C
                         clock pessimism              0.229    12.885    
                         clock uncertainty           -0.154    12.731    
    SLICE_X32Y90         FDRE (Setup_fdre_C_D)        0.118    12.849    design_1_i/ps7_0_axi_periph/s00_couplers/auto_pc/inst/gen_axilite.gen_b2s_conv.axilite_b2s/WR.aw_channel_0/cmd_translator_0/incr_cmd_0/axaddr_incr_reg[8]
  -------------------------------------------------------------------
                         required time                         12.849    
                         arrival time                          -9.080    
  -------------------------------------------------------------------
                         slack                                  3.769    

Slack (MET) :             3.774ns  (required time - arrival time)
  Source:                 design_1_i/SpeedSensor_Driver_IP_0/U0/SpeedSensor_Driver_IP_slave_lite_v1_0_S00_AXI_inst/AXI_Speed_Sensor_Driver/compared_reg[3]/C
                            (rising edge-triggered cell FDRE clocked by clk_fpga_0  {rise@0.000ns fall@5.000ns period=10.000ns})
  Destination:            design_1_i/SpeedSensor_Driver_IP_0/U0/SpeedSensor_Driver_IP_slave_lite_v1_0_S00_AXI_inst/AXI_Speed_Sensor_Driver/D_OUT_reg[10]/R
                            (rising edge-triggered cell FDRE clocked by clk_fpga_0  {rise@0.000ns fall@5.000ns period=10.000ns})
  Path Group:             clk_fpga_0
  Path Type:              Setup (Max at Slow Process Corner)
  Requirement:            10.000ns  (clk_fpga_0 rise@10.000ns - clk_fpga_0 rise@0.000ns)
  Data Path Delay:        5.330ns  (logic 2.081ns (39.043%)  route 3.249ns (60.957%))
  Logic Levels:           10  (CARRY4=8 LUT4=1 LUT5=1)
  Clock Path Skew:        -0.106ns (DCD - SCD + CPR)
    Destination Clock Delay (DCD):    2.833ns = ( 12.833 - 10.000 ) 
    Source Clock Delay      (SCD):    3.186ns
    Clock Pessimism Removal (CPR):    0.247ns
  Clock Uncertainty:      0.154ns  ((TSJ^2 + TIJ^2)^1/2 + DJ) / 2 + PE
    Total System Jitter     (TSJ):    0.071ns
    Total Input Jitter      (TIJ):    0.300ns
    Discrete Jitter          (DJ):    0.000ns
    Phase Error              (PE):    0.000ns

    Location             Delay type                Incr(ns)  Path(ns)    Netlist Resource(s)
  -------------------------------------------------------------------    -------------------
                         (clock clk_fpga_0 rise edge)
                                                      0.000     0.000 r  
    PS7_X0Y0             PS7                          0.000     0.000 r  design_1_i/processing_system7_0/inst/PS7_i/FCLKCLK[0]
                         net (fo=1, routed)           1.193     1.193    design_1_i/processing_system7_0/inst/FCLK_CLK_unbuffered[0]
    BUFGCTRL_X0Y16       BUFG (Prop_bufg_I_O)         0.101     1.294 r  design_1_i/processing_system7_0/inst/buffer_fclk_clk_0.FCLK_CLK_0_BUFG/O
                         net (fo=2171, routed)        1.892     3.186    design_1_i/SpeedSensor_Driver_IP_0/U0/SpeedSensor_Driver_IP_slave_lite_v1_0_S00_AXI_inst/AXI_Speed_Sensor_Driver/clk
    SLICE_X28Y101        FDRE                                         r  design_1_i/SpeedSensor_Driver_IP_0/U0/SpeedSensor_Driver_IP_slave_lite_v1_0_S00_AXI_inst/AXI_Speed_Sensor_Driver/compared_reg[3]/C
  -------------------------------------------------------------------    -------------------
    SLICE_X28Y101        FDRE (Prop_fdre_C_Q)         0.456     3.642 r  design_1_i/SpeedSensor_Driver_IP_0/U0/SpeedSensor_Driver_IP_slave_lite_v1_0_S00_AXI_inst/AXI_Speed_Sensor_Driver/compared_reg[3]/Q
                         net (fo=2, routed)           1.180     4.822    design_1_i/SpeedSensor_Driver_IP_0/U0/SpeedSensor_Driver_IP_slave_lite_v1_0_S00_AXI_inst/AXI_Speed_Sensor_Driver/compared[3]
    SLICE_X31Y105        LUT4 (Prop_lut4_I0_O)        0.124     4.946 r  design_1_i/SpeedSensor_Driver_IP_0/U0/SpeedSensor_Driver_IP_slave_lite_v1_0_S00_AXI_inst/AXI_Speed_Sensor_Driver/D_OUT0_carry_i_7/O
                         net (fo=1, routed)           0.000     4.946    design_1_i/SpeedSensor_Driver_IP_0/U0/SpeedSensor_Driver_IP_slave_lite_v1_0_S00_AXI_inst/AXI_Speed_Sensor_Driver/D_OUT0_carry_i_7_n_0
    SLICE_X31Y105        CARRY4 (Prop_carry4_S[1]_CO[3])
                                                      0.550     5.496 r  design_1_i/SpeedSensor_Driver_IP_0/U0/SpeedSensor_Driver_IP_slave_lite_v1_0_S00_AXI_inst/AXI_Speed_Sensor_Driver/D_OUT0_carry/CO[3]
                         net (fo=1, routed)           0.000     5.496    design_1_i/SpeedSensor_Driver_IP_0/U0/SpeedSensor_Driver_IP_slave_lite_v1_0_S00_AXI_inst/AXI_Speed_Sensor_Driver/D_OUT0_carry_n_0
    SLICE_X31Y106        CARRY4 (Prop_carry4_CI_CO[3])
                                                      0.114     5.610 r  design_1_i/SpeedSensor_Driver_IP_0/U0/SpeedSensor_Driver_IP_slave_lite_v1_0_S00_AXI_inst/AXI_Speed_Sensor_Driver/D_OUT0_carry__0/CO[3]
                         net (fo=1, routed)           0.000     5.610    design_1_i/SpeedSensor_Driver_IP_0/U0/SpeedSensor_Driver_IP_slave_lite_v1_0_S00_AXI_inst/AXI_Speed_Sensor_Driver/D_OUT0_carry__0_n_0
    SLICE_X31Y107        CARRY4 (Prop_carry4_CI_CO[3])
                                                      0.114     5.724 r  design_1_i/SpeedSensor_Driver_IP_0/U0/SpeedSensor_Driver_IP_slave_lite_v1_0_S00_AXI_inst/AXI_Speed_Sensor_Driver/D_OUT0_carry__1/CO[3]
                         net (fo=1, routed)           0.000     5.724    design_1_i/SpeedSensor_Driver_IP_0/U0/SpeedSensor_Driver_IP_slave_lite_v1_0_S00_AXI_inst/AXI_Speed_Sensor_Driver/D_OUT0_carry__1_n_0
    SLICE_X31Y108        CARRY4 (Prop_carry4_CI_CO[3])
                                                      0.114     5.838 r  design_1_i/SpeedSensor_Driver_IP_0/U0/SpeedSensor_Driver_IP_slave_lite_v1_0_S00_AXI_inst/AXI_Speed_Sensor_Driver/D_OUT0_carry__2/CO[3]
                         net (fo=1, routed)           0.000     5.838    design_1_i/SpeedSensor_Driver_IP_0/U0/SpeedSensor_Driver_IP_slave_lite_v1_0_S00_AXI_inst/AXI_Speed_Sensor_Driver/D_OUT0_carry__2_n_0
    SLICE_X31Y109        CARRY4 (Prop_carry4_CI_CO[3])
                                                      0.114     5.952 r  design_1_i/SpeedSensor_Driver_IP_0/U0/SpeedSensor_Driver_IP_slave_lite_v1_0_S00_AXI_inst/AXI_Speed_Sensor_Driver/D_OUT0_carry__3/CO[3]
                         net (fo=1, routed)           0.000     5.952    design_1_i/SpeedSensor_Driver_IP_0/U0/SpeedSensor_Driver_IP_slave_lite_v1_0_S00_AXI_inst/AXI_Speed_Sensor_Driver/D_OUT0_carry__3_n_0
    SLICE_X31Y110        CARRY4 (Prop_carry4_CI_CO[3])
                                                      0.114     6.066 r  design_1_i/SpeedSensor_Driver_IP_0/U0/SpeedSensor_Driver_IP_slave_lite_v1_0_S00_AXI_inst/AXI_Speed_Sensor_Driver/D_OUT0_carry__4/CO[3]
                         net (fo=1, routed)           0.000     6.066    design_1_i/SpeedSensor_Driver_IP_0/U0/SpeedSensor_Driver_IP_slave_lite_v1_0_S00_AXI_inst/AXI_Speed_Sensor_Driver/D_OUT0_carry__4_n_0
    SLICE_X31Y111        CARRY4 (Prop_carry4_CI_CO[3])
                                                      0.114     6.180 r  design_1_i/SpeedSensor_Driver_IP_0/U0/SpeedSensor_Driver_IP_slave_lite_v1_0_S00_AXI_inst/AXI_Speed_Sensor_Driver/D_OUT0_carry__5/CO[3]
                         net (fo=1, routed)           0.000     6.180    design_1_i/SpeedSensor_Driver_IP_0/U0/SpeedSensor_Driver_IP_slave_lite_v1_0_S00_AXI_inst/AXI_Speed_Sensor_Driver/D_OUT0_carry__5_n_0
    SLICE_X31Y112        CARRY4 (Prop_carry4_CI_CO[3])
                                                      0.114     6.294 r  design_1_i/SpeedSensor_Driver_IP_0/U0/SpeedSensor_Driver_IP_slave_lite_v1_0_S00_AXI_inst/AXI_Speed_Sensor_Driver/D_OUT0_carry__6/CO[3]
                         net (fo=2, routed)           0.985     7.279    design_1_i/SpeedSensor_Driver_IP_0/U0/SpeedSensor_Driver_IP_slave_lite_v1_0_S00_AXI_inst/AXI_Speed_Sensor_Driver/D_OUT0_carry__6_n_0
    SLICE_X30Y111        LUT5 (Prop_lut5_I1_O)        0.153     7.432 r  design_1_i/SpeedSensor_Driver_IP_0/U0/SpeedSensor_Driver_IP_slave_lite_v1_0_S00_AXI_inst/AXI_Speed_Sensor_Driver/D_OUT[31]_i_1/O
                         net (fo=32, routed)          1.084     8.516    design_1_i/SpeedSensor_Driver_IP_0/U0/SpeedSensor_Driver_IP_slave_lite_v1_0_S00_AXI_inst/AXI_Speed_Sensor_Driver/D_OUT[31]_i_1_n_0
    SLICE_X33Y102        FDRE                                         r  design_1_i/SpeedSensor_Driver_IP_0/U0/SpeedSensor_Driver_IP_slave_lite_v1_0_S00_AXI_inst/AXI_Speed_Sensor_Driver/D_OUT_reg[10]/R
  -------------------------------------------------------------------    -------------------

                         (clock clk_fpga_0 rise edge)
                                                     10.000    10.000 r  
    PS7_X0Y0             PS7                          0.000    10.000 r  design_1_i/processing_system7_0/inst/PS7_i/FCLKCLK[0]
                         net (fo=1, routed)           1.088    11.088    design_1_i/processing_system7_0/inst/FCLK_CLK_unbuffered[0]
    BUFGCTRL_X0Y16       BUFG (Prop_bufg_I_O)         0.091    11.179 r  design_1_i/processing_system7_0/inst/buffer_fclk_clk_0.FCLK_CLK_0_BUFG/O
                         net (fo=2171, routed)        1.654    12.833    design_1_i/SpeedSensor_Driver_IP_0/U0/SpeedSensor_Driver_IP_slave_lite_v1_0_S00_AXI_inst/AXI_Speed_Sensor_Driver/clk
    SLICE_X33Y102        FDRE                                         r  design_1_i/SpeedSensor_Driver_IP_0/U0/SpeedSensor_Driver_IP_slave_lite_v1_0_S00_AXI_inst/AXI_Speed_Sensor_Driver/D_OUT_reg[10]/C
                         clock pessimism              0.247    13.080    
                         clock uncertainty           -0.154    12.926    
    SLICE_X33Y102        FDRE (Setup_fdre_C_R)       -0.636    12.290    design_1_i/SpeedSensor_Driver_IP_0/U0/SpeedSensor_Driver_IP_slave_lite_v1_0_S00_AXI_inst/AXI_Speed_Sensor_Driver/D_OUT_reg[10]
  -------------------------------------------------------------------
                         required time                         12.290    
                         arrival time                          -8.516    
  -------------------------------------------------------------------
                         slack                                  3.774    

Slack (MET) :             3.774ns  (required time - arrival time)
  Source:                 design_1_i/SpeedSensor_Driver_IP_0/U0/SpeedSensor_Driver_IP_slave_lite_v1_0_S00_AXI_inst/AXI_Speed_Sensor_Driver/compared_reg[3]/C
                            (rising edge-triggered cell FDRE clocked by clk_fpga_0  {rise@0.000ns fall@5.000ns period=10.000ns})
  Destination:            design_1_i/SpeedSensor_Driver_IP_0/U0/SpeedSensor_Driver_IP_slave_lite_v1_0_S00_AXI_inst/AXI_Speed_Sensor_Driver/D_OUT_reg[11]/R
                            (rising edge-triggered cell FDRE clocked by clk_fpga_0  {rise@0.000ns fall@5.000ns period=10.000ns})
  Path Group:             clk_fpga_0
  Path Type:              Setup (Max at Slow Process Corner)
  Requirement:            10.000ns  (clk_fpga_0 rise@10.000ns - clk_fpga_0 rise@0.000ns)
  Data Path Delay:        5.330ns  (logic 2.081ns (39.043%)  route 3.249ns (60.957%))
  Logic Levels:           10  (CARRY4=8 LUT4=1 LUT5=1)
  Clock Path Skew:        -0.106ns (DCD - SCD + CPR)
    Destination Clock Delay (DCD):    2.833ns = ( 12.833 - 10.000 ) 
    Source Clock Delay      (SCD):    3.186ns
    Clock Pessimism Removal (CPR):    0.247ns
  Clock Uncertainty:      0.154ns  ((TSJ^2 + TIJ^2)^1/2 + DJ) / 2 + PE
    Total System Jitter     (TSJ):    0.071ns
    Total Input Jitter      (TIJ):    0.300ns
    Discrete Jitter          (DJ):    0.000ns
    Phase Error              (PE):    0.000ns

    Location             Delay type                Incr(ns)  Path(ns)    Netlist Resource(s)
  -------------------------------------------------------------------    -------------------
                         (clock clk_fpga_0 rise edge)
                                                      0.000     0.000 r  
    PS7_X0Y0             PS7                          0.000     0.000 r  design_1_i/processing_system7_0/inst/PS7_i/FCLKCLK[0]
                         net (fo=1, routed)           1.193     1.193    design_1_i/processing_system7_0/inst/FCLK_CLK_unbuffered[0]
    BUFGCTRL_X0Y16       BUFG (Prop_bufg_I_O)         0.101     1.294 r  design_1_i/processing_system7_0/inst/buffer_fclk_clk_0.FCLK_CLK_0_BUFG/O
                         net (fo=2171, routed)        1.892     3.186    design_1_i/SpeedSensor_Driver_IP_0/U0/SpeedSensor_Driver_IP_slave_lite_v1_0_S00_AXI_inst/AXI_Speed_Sensor_Driver/clk
    SLICE_X28Y101        FDRE                                         r  design_1_i/SpeedSensor_Driver_IP_0/U0/SpeedSensor_Driver_IP_slave_lite_v1_0_S00_AXI_inst/AXI_Speed_Sensor_Driver/compared_reg[3]/C
  -------------------------------------------------------------------    -------------------
    SLICE_X28Y101        FDRE (Prop_fdre_C_Q)         0.456     3.642 r  design_1_i/SpeedSensor_Driver_IP_0/U0/SpeedSensor_Driver_IP_slave_lite_v1_0_S00_AXI_inst/AXI_Speed_Sensor_Driver/compared_reg[3]/Q
                         net (fo=2, routed)           1.180     4.822    design_1_i/SpeedSensor_Driver_IP_0/U0/SpeedSensor_Driver_IP_slave_lite_v1_0_S00_AXI_inst/AXI_Speed_Sensor_Driver/compared[3]
    SLICE_X31Y105        LUT4 (Prop_lut4_I0_O)        0.124     4.946 r  design_1_i/SpeedSensor_Driver_IP_0/U0/SpeedSensor_Driver_IP_slave_lite_v1_0_S00_AXI_inst/AXI_Speed_Sensor_Driver/D_OUT0_carry_i_7/O
                         net (fo=1, routed)           0.000     4.946    design_1_i/SpeedSensor_Driver_IP_0/U0/SpeedSensor_Driver_IP_slave_lite_v1_0_S00_AXI_inst/AXI_Speed_Sensor_Driver/D_OUT0_carry_i_7_n_0
    SLICE_X31Y105        CARRY4 (Prop_carry4_S[1]_CO[3])
                                                      0.550     5.496 r  design_1_i/SpeedSensor_Driver_IP_0/U0/SpeedSensor_Driver_IP_slave_lite_v1_0_S00_AXI_inst/AXI_Speed_Sensor_Driver/D_OUT0_carry/CO[3]
                         net (fo=1, routed)           0.000     5.496    design_1_i/SpeedSensor_Driver_IP_0/U0/SpeedSensor_Driver_IP_slave_lite_v1_0_S00_AXI_inst/AXI_Speed_Sensor_Driver/D_OUT0_carry_n_0
    SLICE_X31Y106        CARRY4 (Prop_carry4_CI_CO[3])
                                                      0.114     5.610 r  design_1_i/SpeedSensor_Driver_IP_0/U0/SpeedSensor_Driver_IP_slave_lite_v1_0_S00_AXI_inst/AXI_Speed_Sensor_Driver/D_OUT0_carry__0/CO[3]
                         net (fo=1, routed)           0.000     5.610    design_1_i/SpeedSensor_Driver_IP_0/U0/SpeedSensor_Driver_IP_slave_lite_v1_0_S00_AXI_inst/AXI_Speed_Sensor_Driver/D_OUT0_carry__0_n_0
    SLICE_X31Y107        CARRY4 (Prop_carry4_CI_CO[3])
                                                      0.114     5.724 r  design_1_i/SpeedSensor_Driver_IP_0/U0/SpeedSensor_Driver_IP_slave_lite_v1_0_S00_AXI_inst/AXI_Speed_Sensor_Driver/D_OUT0_carry__1/CO[3]
                         net (fo=1, routed)           0.000     5.724    design_1_i/SpeedSensor_Driver_IP_0/U0/SpeedSensor_Driver_IP_slave_lite_v1_0_S00_AXI_inst/AXI_Speed_Sensor_Driver/D_OUT0_carry__1_n_0
    SLICE_X31Y108        CARRY4 (Prop_carry4_CI_CO[3])
                                                      0.114     5.838 r  design_1_i/SpeedSensor_Driver_IP_0/U0/SpeedSensor_Driver_IP_slave_lite_v1_0_S00_AXI_inst/AXI_Speed_Sensor_Driver/D_OUT0_carry__2/CO[3]
                         net (fo=1, routed)           0.000     5.838    design_1_i/SpeedSensor_Driver_IP_0/U0/SpeedSensor_Driver_IP_slave_lite_v1_0_S00_AXI_inst/AXI_Speed_Sensor_Driver/D_OUT0_carry__2_n_0
    SLICE_X31Y109        CARRY4 (Prop_carry4_CI_CO[3])
                                                      0.114     5.952 r  design_1_i/SpeedSensor_Driver_IP_0/U0/SpeedSensor_Driver_IP_slave_lite_v1_0_S00_AXI_inst/AXI_Speed_Sensor_Driver/D_OUT0_carry__3/CO[3]
                         net (fo=1, routed)           0.000     5.952    design_1_i/SpeedSensor_Driver_IP_0/U0/SpeedSensor_Driver_IP_slave_lite_v1_0_S00_AXI_inst/AXI_Speed_Sensor_Driver/D_OUT0_carry__3_n_0
    SLICE_X31Y110        CARRY4 (Prop_carry4_CI_CO[3])
                                                      0.114     6.066 r  design_1_i/SpeedSensor_Driver_IP_0/U0/SpeedSensor_Driver_IP_slave_lite_v1_0_S00_AXI_inst/AXI_Speed_Sensor_Driver/D_OUT0_carry__4/CO[3]
                         net (fo=1, routed)           0.000     6.066    design_1_i/SpeedSensor_Driver_IP_0/U0/SpeedSensor_Driver_IP_slave_lite_v1_0_S00_AXI_inst/AXI_Speed_Sensor_Driver/D_OUT0_carry__4_n_0
    SLICE_X31Y111        CARRY4 (Prop_carry4_CI_CO[3])
                                                      0.114     6.180 r  design_1_i/SpeedSensor_Driver_IP_0/U0/SpeedSensor_Driver_IP_slave_lite_v1_0_S00_AXI_inst/AXI_Speed_Sensor_Driver/D_OUT0_carry__5/CO[3]
                         net (fo=1, routed)           0.000     6.180    design_1_i/SpeedSensor_Driver_IP_0/U0/SpeedSensor_Driver_IP_slave_lite_v1_0_S00_AXI_inst/AXI_Speed_Sensor_Driver/D_OUT0_carry__5_n_0
    SLICE_X31Y112        CARRY4 (Prop_carry4_CI_CO[3])
                                                      0.114     6.294 r  design_1_i/SpeedSensor_Driver_IP_0/U0/SpeedSensor_Driver_IP_slave_lite_v1_0_S00_AXI_inst/AXI_Speed_Sensor_Driver/D_OUT0_carry__6/CO[3]
                         net (fo=2, routed)           0.985     7.279    design_1_i/SpeedSensor_Driver_IP_0/U0/SpeedSensor_Driver_IP_slave_lite_v1_0_S00_AXI_inst/AXI_Speed_Sensor_Driver/D_OUT0_carry__6_n_0
    SLICE_X30Y111        LUT5 (Prop_lut5_I1_O)        0.153     7.432 r  design_1_i/SpeedSensor_Driver_IP_0/U0/SpeedSensor_Driver_IP_slave_lite_v1_0_S00_AXI_inst/AXI_Speed_Sensor_Driver/D_OUT[31]_i_1/O
                         net (fo=32, routed)          1.084     8.516    design_1_i/SpeedSensor_Driver_IP_0/U0/SpeedSensor_Driver_IP_slave_lite_v1_0_S00_AXI_inst/AXI_Speed_Sensor_Driver/D_OUT[31]_i_1_n_0
    SLICE_X33Y102        FDRE                                         r  design_1_i/SpeedSensor_Driver_IP_0/U0/SpeedSensor_Driver_IP_slave_lite_v1_0_S00_AXI_inst/AXI_Speed_Sensor_Driver/D_OUT_reg[11]/R
  -------------------------------------------------------------------    -------------------

                         (clock clk_fpga_0 rise edge)
                                                     10.000    10.000 r  
    PS7_X0Y0             PS7                          0.000    10.000 r  design_1_i/processing_system7_0/inst/PS7_i/FCLKCLK[0]
                         net (fo=1, routed)           1.088    11.088    design_1_i/processing_system7_0/inst/FCLK_CLK_unbuffered[0]
    BUFGCTRL_X0Y16       BUFG (Prop_bufg_I_O)         0.091    11.179 r  design_1_i/processing_system7_0/inst/buffer_fclk_clk_0.FCLK_CLK_0_BUFG/O
                         net (fo=2171, routed)        1.654    12.833    design_1_i/SpeedSensor_Driver_IP_0/U0/SpeedSensor_Driver_IP_slave_lite_v1_0_S00_AXI_inst/AXI_Speed_Sensor_Driver/clk
    SLICE_X33Y102        FDRE                                         r  design_1_i/SpeedSensor_Driver_IP_0/U0/SpeedSensor_Driver_IP_slave_lite_v1_0_S00_AXI_inst/AXI_Speed_Sensor_Driver/D_OUT_reg[11]/C
                         clock pessimism              0.247    13.080    
                         clock uncertainty           -0.154    12.926    
    SLICE_X33Y102        FDRE (Setup_fdre_C_R)       -0.636    12.290    design_1_i/SpeedSensor_Driver_IP_0/U0/SpeedSensor_Driver_IP_slave_lite_v1_0_S00_AXI_inst/AXI_Speed_Sensor_Driver/D_OUT_reg[11]
  -------------------------------------------------------------------
                         required time                         12.290    
                         arrival time                          -8.516    
  -------------------------------------------------------------------
                         slack                                  3.774    





Min Delay Paths
--------------------------------------------------------------------------------------
Slack (MET) :             0.035ns  (arrival time - required time)
  Source:                 design_1_i/SpeedSensor_Driver_IP_1/U0/SpeedSensor_Driver_IP_slave_lite_v1_0_S00_AXI_inst/AXI_Speed_Sensor_Driver/delay_reg[6]/C
                            (rising edge-triggered cell FDRE clocked by clk_fpga_0  {rise@0.000ns fall@5.000ns period=10.000ns})
  Destination:            design_1_i/SpeedSensor_Driver_IP_1/U0/SpeedSensor_Driver_IP_slave_lite_v1_0_S00_AXI_inst/AXI_Speed_Sensor_Driver/delay_reg[8]/D
                            (rising edge-triggered cell FDRE clocked by clk_fpga_0  {rise@0.000ns fall@5.000ns period=10.000ns})
  Path Group:             clk_fpga_0
  Path Type:              Hold (Min at Fast Process Corner)
  Requirement:            0.000ns  (clk_fpga_0 rise@0.000ns - clk_fpga_0 rise@0.000ns)
  Data Path Delay:        0.489ns  (logic 0.355ns (72.545%)  route 0.134ns (27.455%))
  Logic Levels:           2  (CARRY4=2)
  Clock Path Skew:        0.349ns (DCD - SCD - CPR)
    Destination Clock Delay (DCD):    1.277ns
    Source Clock Delay      (SCD):    0.893ns
    Clock Pessimism Removal (CPR):    0.035ns

    Location             Delay type                Incr(ns)  Path(ns)    Netlist Resource(s)
  -------------------------------------------------------------------    -------------------
                         (clock clk_fpga_0 rise edge)
                                                      0.000     0.000 r  
    PS7_X0Y0             PS7                          0.000     0.000 r  design_1_i/processing_system7_0/inst/PS7_i/FCLKCLK[0]
                         net (fo=1, routed)           0.310     0.310    design_1_i/processing_system7_0/inst/FCLK_CLK_unbuffered[0]
    BUFGCTRL_X0Y16       BUFG (Prop_bufg_I_O)         0.026     0.336 r  design_1_i/processing_system7_0/inst/buffer_fclk_clk_0.FCLK_CLK_0_BUFG/O
                         net (fo=2171, routed)        0.557     0.893    design_1_i/SpeedSensor_Driver_IP_1/U0/SpeedSensor_Driver_IP_slave_lite_v1_0_S00_AXI_inst/AXI_Speed_Sensor_Driver/clk
    SLICE_X44Y99         FDRE                                         r  design_1_i/SpeedSensor_Driver_IP_1/U0/SpeedSensor_Driver_IP_slave_lite_v1_0_S00_AXI_inst/AXI_Speed_Sensor_Driver/delay_reg[6]/C
  -------------------------------------------------------------------    -------------------
    SLICE_X44Y99         FDRE (Prop_fdre_C_Q)         0.141     1.034 r  design_1_i/SpeedSensor_Driver_IP_1/U0/SpeedSensor_Driver_IP_slave_lite_v1_0_S00_AXI_inst/AXI_Speed_Sensor_Driver/delay_reg[6]/Q
                         net (fo=3, routed)           0.134     1.167    design_1_i/SpeedSensor_Driver_IP_1/U0/SpeedSensor_Driver_IP_slave_lite_v1_0_S00_AXI_inst/AXI_Speed_Sensor_Driver/delay_reg[6]
    SLICE_X44Y99         CARRY4 (Prop_carry4_S[2]_CO[3])
                                                      0.160     1.327 r  design_1_i/SpeedSensor_Driver_IP_1/U0/SpeedSensor_Driver_IP_slave_lite_v1_0_S00_AXI_inst/AXI_Speed_Sensor_Driver/delay_reg[4]_i_1/CO[3]
                         net (fo=1, routed)           0.001     1.328    design_1_i/SpeedSensor_Driver_IP_1/U0/SpeedSensor_Driver_IP_slave_lite_v1_0_S00_AXI_inst/AXI_Speed_Sensor_Driver/delay_reg[4]_i_1_n_0
    SLICE_X44Y100        CARRY4 (Prop_carry4_CI_O[0])
                                                      0.054     1.382 r  design_1_i/SpeedSensor_Driver_IP_1/U0/SpeedSensor_Driver_IP_slave_lite_v1_0_S00_AXI_inst/AXI_Speed_Sensor_Driver/delay_reg[8]_i_1/O[0]
                         net (fo=1, routed)           0.000     1.382    design_1_i/SpeedSensor_Driver_IP_1/U0/SpeedSensor_Driver_IP_slave_lite_v1_0_S00_AXI_inst/AXI_Speed_Sensor_Driver/delay_reg[8]_i_1_n_7
    SLICE_X44Y100        FDRE                                         r  design_1_i/SpeedSensor_Driver_IP_1/U0/SpeedSensor_Driver_IP_slave_lite_v1_0_S00_AXI_inst/AXI_Speed_Sensor_Driver/delay_reg[8]/D
  -------------------------------------------------------------------    -------------------

                         (clock clk_fpga_0 rise edge)
                                                      0.000     0.000 r  
    PS7_X0Y0             PS7                          0.000     0.000 r  design_1_i/processing_system7_0/inst/PS7_i/FCLKCLK[0]
                         net (fo=1, routed)           0.337     0.337    design_1_i/processing_system7_0/inst/FCLK_CLK_unbuffered[0]
    BUFGCTRL_X0Y16       BUFG (Prop_bufg_I_O)         0.029     0.366 r  design_1_i/processing_system7_0/inst/buffer_fclk_clk_0.FCLK_CLK_0_BUFG/O
                         net (fo=2171, routed)        0.911     1.277    design_1_i/SpeedSensor_Driver_IP_1/U0/SpeedSensor_Driver_IP_slave_lite_v1_0_S00_AXI_inst/AXI_Speed_Sensor_Driver/clk
    SLICE_X44Y100        FDRE                                         r  design_1_i/SpeedSensor_Driver_IP_1/U0/SpeedSensor_Driver_IP_slave_lite_v1_0_S00_AXI_inst/AXI_Speed_Sensor_Driver/delay_reg[8]/C
                         clock pessimism             -0.035     1.242    
    SLICE_X44Y100        FDRE (Hold_fdre_C_D)         0.105     1.347    design_1_i/SpeedSensor_Driver_IP_1/U0/SpeedSensor_Driver_IP_slave_lite_v1_0_S00_AXI_inst/AXI_Speed_Sensor_Driver/delay_reg[8]
  -------------------------------------------------------------------
                         required time                         -1.347    
                         arrival time                           1.382    
  -------------------------------------------------------------------
                         slack                                  0.035    

Slack (MET) :             0.038ns  (arrival time - required time)
  Source:                 design_1_i/axi_iic_0/U0/X_IIC/IIC_CONTROL_I/msms_d1_reg/C
                            (rising edge-triggered cell FDRE clocked by clk_fpga_0  {rise@0.000ns fall@5.000ns period=10.000ns})
  Destination:            design_1_i/axi_iic_0/U0/X_IIC/IIC_CONTROL_I/gen_start_reg/D
                            (rising edge-triggered cell FDRE clocked by clk_fpga_0  {rise@0.000ns fall@5.000ns period=10.000ns})
  Path Group:             clk_fpga_0
  Path Type:              Hold (Min at Fast Process Corner)
  Requirement:            0.000ns  (clk_fpga_0 rise@0.000ns - clk_fpga_0 rise@0.000ns)
  Data Path Delay:        0.390ns  (logic 0.186ns (47.740%)  route 0.204ns (52.260%))
  Logic Levels:           1  (LUT4=1)
  Clock Path Skew:        0.259ns (DCD - SCD - CPR)
    Destination Clock Delay (DCD):    1.181ns
    Source Clock Delay      (SCD):    0.887ns
    Clock Pessimism Removal (CPR):    0.035ns

    Location             Delay type                Incr(ns)  Path(ns)    Netlist Resource(s)
  -------------------------------------------------------------------    -------------------
                         (clock clk_fpga_0 rise edge)
                                                      0.000     0.000 r  
    PS7_X0Y0             PS7                          0.000     0.000 r  design_1_i/processing_system7_0/inst/PS7_i/FCLKCLK[0]
                         net (fo=1, routed)           0.310     0.310    design_1_i/processing_system7_0/inst/FCLK_CLK_unbuffered[0]
    BUFGCTRL_X0Y16       BUFG (Prop_bufg_I_O)         0.026     0.336 r  design_1_i/processing_system7_0/inst/buffer_fclk_clk_0.FCLK_CLK_0_BUFG/O
                         net (fo=2171, routed)        0.551     0.887    design_1_i/axi_iic_0/U0/X_IIC/IIC_CONTROL_I/s_axi_aclk
    SLICE_X49Y84         FDRE                                         r  design_1_i/axi_iic_0/U0/X_IIC/IIC_CONTROL_I/msms_d1_reg/C
  -------------------------------------------------------------------    -------------------
    SLICE_X49Y84         FDRE (Prop_fdre_C_Q)         0.141     1.028 r  design_1_i/axi_iic_0/U0/X_IIC/IIC_CONTROL_I/msms_d1_reg/Q
                         net (fo=6, routed)           0.204     1.231    design_1_i/axi_iic_0/U0/X_IIC/IIC_CONTROL_I/msms_d1
    SLICE_X51Y85         LUT4 (Prop_lut4_I2_O)        0.045     1.276 r  design_1_i/axi_iic_0/U0/X_IIC/IIC_CONTROL_I/gen_start_i_1/O
                         net (fo=1, routed)           0.000     1.276    design_1_i/axi_iic_0/U0/X_IIC/IIC_CONTROL_I/gen_start_i_1_n_0
    SLICE_X51Y85         FDRE                                         r  design_1_i/axi_iic_0/U0/X_IIC/IIC_CONTROL_I/gen_start_reg/D
  -------------------------------------------------------------------    -------------------

                         (clock clk_fpga_0 rise edge)
                                                      0.000     0.000 r  
    PS7_X0Y0             PS7                          0.000     0.000 r  design_1_i/processing_system7_0/inst/PS7_i/FCLKCLK[0]
                         net (fo=1, routed)           0.337     0.337    design_1_i/processing_system7_0/inst/FCLK_CLK_unbuffered[0]
    BUFGCTRL_X0Y16       BUFG (Prop_bufg_I_O)         0.029     0.366 r  design_1_i/processing_system7_0/inst/buffer_fclk_clk_0.FCLK_CLK_0_BUFG/O
                         net (fo=2171, routed)        0.815     1.181    design_1_i/axi_iic_0/U0/X_IIC/IIC_CONTROL_I/s_axi_aclk
    SLICE_X51Y85         FDRE                                         r  design_1_i/axi_iic_0/U0/X_IIC/IIC_CONTROL_I/gen_start_reg/C
                         clock pessimism             -0.035     1.146    
    SLICE_X51Y85         FDRE (Hold_fdre_C_D)         0.092     1.238    design_1_i/axi_iic_0/U0/X_IIC/IIC_CONTROL_I/gen_start_reg
  -------------------------------------------------------------------
                         required time                         -1.238    
                         arrival time                           1.276    
  -------------------------------------------------------------------
                         slack                                  0.038    

Slack (MET) :             0.042ns  (arrival time - required time)
  Source:                 design_1_i/ps7_0_axi_periph/s00_couplers/auto_pc/inst/gen_axilite.gen_b2s_conv.axilite_b2s/SI_REG/aw.aw_pipe/m_payload_i_reg[54]/C
                            (rising edge-triggered cell FDRE clocked by clk_fpga_0  {rise@0.000ns fall@5.000ns period=10.000ns})
  Destination:            design_1_i/ps7_0_axi_periph/s00_couplers/auto_pc/inst/gen_axilite.gen_b2s_conv.axilite_b2s/WR.aw_channel_0/s_awid_r_reg[4]/D
                            (rising edge-triggered cell FDRE clocked by clk_fpga_0  {rise@0.000ns fall@5.000ns period=10.000ns})
  Path Group:             clk_fpga_0
  Path Type:              Hold (Min at Fast Process Corner)
  Requirement:            0.000ns  (clk_fpga_0 rise@0.000ns - clk_fpga_0 rise@0.000ns)
  Data Path Delay:        0.289ns  (logic 0.141ns (48.752%)  route 0.148ns (51.248%))
  Logic Levels:           0  
  Clock Path Skew:        0.181ns (DCD - SCD - CPR)
    Destination Clock Delay (DCD):    1.211ns
    Source Clock Delay      (SCD):    0.995ns
    Clock Pessimism Removal (CPR):    0.035ns

    Location             Delay type                Incr(ns)  Path(ns)    Netlist Resource(s)
  -------------------------------------------------------------------    -------------------
                         (clock clk_fpga_0 rise edge)
                                                      0.000     0.000 r  
    PS7_X0Y0             PS7                          0.000     0.000 r  design_1_i/processing_system7_0/inst/PS7_i/FCLKCLK[0]
                         net (fo=1, routed)           0.310     0.310    design_1_i/processing_system7_0/inst/FCLK_CLK_unbuffered[0]
    BUFGCTRL_X0Y16       BUFG (Prop_bufg_I_O)         0.026     0.336 r  design_1_i/processing_system7_0/inst/buffer_fclk_clk_0.FCLK_CLK_0_BUFG/O
                         net (fo=2171, routed)        0.659     0.995    design_1_i/ps7_0_axi_periph/s00_couplers/auto_pc/inst/gen_axilite.gen_b2s_conv.axilite_b2s/SI_REG/aw.aw_pipe/aclk
    SLICE_X28Y100        FDRE                                         r  design_1_i/ps7_0_axi_periph/s00_couplers/auto_pc/inst/gen_axilite.gen_b2s_conv.axilite_b2s/SI_REG/aw.aw_pipe/m_payload_i_reg[54]/C
  -------------------------------------------------------------------    -------------------
    SLICE_X28Y100        FDRE (Prop_fdre_C_Q)         0.141     1.136 r  design_1_i/ps7_0_axi_periph/s00_couplers/auto_pc/inst/gen_axilite.gen_b2s_conv.axilite_b2s/SI_REG/aw.aw_pipe/m_payload_i_reg[54]/Q
                         net (fo=1, routed)           0.148     1.284    design_1_i/ps7_0_axi_periph/s00_couplers/auto_pc/inst/gen_axilite.gen_b2s_conv.axilite_b2s/WR.aw_channel_0/s_awid_r_reg[11]_0[23]
    SLICE_X29Y99         FDRE                                         r  design_1_i/ps7_0_axi_periph/s00_couplers/auto_pc/inst/gen_axilite.gen_b2s_conv.axilite_b2s/WR.aw_channel_0/s_awid_r_reg[4]/D
  -------------------------------------------------------------------    -------------------

                         (clock clk_fpga_0 rise edge)
                                                      0.000     0.000 r  
    PS7_X0Y0             PS7                          0.000     0.000 r  design_1_i/processing_system7_0/inst/PS7_i/FCLKCLK[0]
                         net (fo=1, routed)           0.337     0.337    design_1_i/processing_system7_0/inst/FCLK_CLK_unbuffered[0]
    BUFGCTRL_X0Y16       BUFG (Prop_bufg_I_O)         0.029     0.366 r  design_1_i/processing_system7_0/inst/buffer_fclk_clk_0.FCLK_CLK_0_BUFG/O
                         net (fo=2171, routed)        0.845     1.211    design_1_i/ps7_0_axi_periph/s00_couplers/auto_pc/inst/gen_axilite.gen_b2s_conv.axilite_b2s/WR.aw_channel_0/aclk
    SLICE_X29Y99         FDRE                                         r  design_1_i/ps7_0_axi_periph/s00_couplers/auto_pc/inst/gen_axilite.gen_b2s_conv.axilite_b2s/WR.aw_channel_0/s_awid_r_reg[4]/C
                         clock pessimism             -0.035     1.176    
    SLICE_X29Y99         FDRE (Hold_fdre_C_D)         0.066     1.242    design_1_i/ps7_0_axi_periph/s00_couplers/auto_pc/inst/gen_axilite.gen_b2s_conv.axilite_b2s/WR.aw_channel_0/s_awid_r_reg[4]
  -------------------------------------------------------------------
                         required time                         -1.242    
                         arrival time                           1.284    
  -------------------------------------------------------------------
                         slack                                  0.042    

Slack (MET) :             0.043ns  (arrival time - required time)
  Source:                 design_1_i/axi_iic_0/U0/X_IIC/IIC_CONTROL_I/al_i_reg/C
                            (rising edge-triggered cell FDRE clocked by clk_fpga_0  {rise@0.000ns fall@5.000ns period=10.000ns})
  Destination:            design_1_i/axi_iic_0/U0/X_IIC/REG_INTERFACE_I/IIC2Bus_IntrEvent_reg[0]/D
                            (rising edge-triggered cell FDRE clocked by clk_fpga_0  {rise@0.000ns fall@5.000ns period=10.000ns})
  Path Group:             clk_fpga_0
  Path Type:              Hold (Min at Fast Process Corner)
  Requirement:            0.000ns  (clk_fpga_0 rise@0.000ns - clk_fpga_0 rise@0.000ns)
  Data Path Delay:        0.387ns  (logic 0.141ns (36.432%)  route 0.246ns (63.568%))
  Logic Levels:           0  
  Clock Path Skew:        0.269ns (DCD - SCD - CPR)
    Destination Clock Delay (DCD):    1.189ns
    Source Clock Delay      (SCD):    0.885ns
    Clock Pessimism Removal (CPR):    0.035ns

    Location             Delay type                Incr(ns)  Path(ns)    Netlist Resource(s)
  -------------------------------------------------------------------    -------------------
                         (clock clk_fpga_0 rise edge)
                                                      0.000     0.000 r  
    PS7_X0Y0             PS7                          0.000     0.000 r  design_1_i/processing_system7_0/inst/PS7_i/FCLKCLK[0]
                         net (fo=1, routed)           0.310     0.310    design_1_i/processing_system7_0/inst/FCLK_CLK_unbuffered[0]
    BUFGCTRL_X0Y16       BUFG (Prop_bufg_I_O)         0.026     0.336 r  design_1_i/processing_system7_0/inst/buffer_fclk_clk_0.FCLK_CLK_0_BUFG/O
                         net (fo=2171, routed)        0.549     0.885    design_1_i/axi_iic_0/U0/X_IIC/IIC_CONTROL_I/s_axi_aclk
    SLICE_X52Y87         FDRE                                         r  design_1_i/axi_iic_0/U0/X_IIC/IIC_CONTROL_I/al_i_reg/C
  -------------------------------------------------------------------    -------------------
    SLICE_X52Y87         FDRE (Prop_fdre_C_Q)         0.141     1.026 r  design_1_i/axi_iic_0/U0/X_IIC/IIC_CONTROL_I/al_i_reg/Q
                         net (fo=1, routed)           0.246     1.272    design_1_i/axi_iic_0/U0/X_IIC/REG_INTERFACE_I/IIC2Bus_IntrEvent_reg[0]_0[4]
    SLICE_X47Y90         FDRE                                         r  design_1_i/axi_iic_0/U0/X_IIC/REG_INTERFACE_I/IIC2Bus_IntrEvent_reg[0]/D
  -------------------------------------------------------------------    -------------------

                         (clock clk_fpga_0 rise edge)
                                                      0.000     0.000 r  
    PS7_X0Y0             PS7                          0.000     0.000 r  design_1_i/processing_system7_0/inst/PS7_i/FCLKCLK[0]
                         net (fo=1, routed)           0.337     0.337    design_1_i/processing_system7_0/inst/FCLK_CLK_unbuffered[0]
    BUFGCTRL_X0Y16       BUFG (Prop_bufg_I_O)         0.029     0.366 r  design_1_i/processing_system7_0/inst/buffer_fclk_clk_0.FCLK_CLK_0_BUFG/O
                         net (fo=2171, routed)        0.823     1.189    design_1_i/axi_iic_0/U0/X_IIC/REG_INTERFACE_I/s_axi_aclk
    SLICE_X47Y90         FDRE                                         r  design_1_i/axi_iic_0/U0/X_IIC/REG_INTERFACE_I/IIC2Bus_IntrEvent_reg[0]/C
                         clock pessimism             -0.035     1.154    
    SLICE_X47Y90         FDRE (Hold_fdre_C_D)         0.075     1.229    design_1_i/axi_iic_0/U0/X_IIC/REG_INTERFACE_I/IIC2Bus_IntrEvent_reg[0]
  -------------------------------------------------------------------
                         required time                         -1.229    
                         arrival time                           1.272    
  -------------------------------------------------------------------
                         slack                                  0.043    

Slack (MET) :             0.045ns  (arrival time - required time)
  Source:                 design_1_i/axi_iic_0/U0/X_IIC/IIC_CONTROL_I/data_i2c_i_reg[0]/C
                            (rising edge-triggered cell FDRE clocked by clk_fpga_0  {rise@0.000ns fall@5.000ns period=10.000ns})
  Destination:            design_1_i/axi_iic_0/U0/X_IIC/READ_FIFO_I/FIFO_RAM[7].SRL16E_I/D
                            (rising edge-triggered cell SRL16E clocked by clk_fpga_0  {rise@0.000ns fall@5.000ns period=10.000ns})
  Path Group:             clk_fpga_0
  Path Type:              Hold (Min at Fast Process Corner)
  Requirement:            0.000ns  (clk_fpga_0 rise@0.000ns - clk_fpga_0 rise@0.000ns)
  Data Path Delay:        0.260ns  (logic 0.141ns (54.313%)  route 0.119ns (45.687%))
  Logic Levels:           0  
  Clock Path Skew:        0.032ns (DCD - SCD - CPR)
    Destination Clock Delay (DCD):    1.184ns
    Source Clock Delay      (SCD):    0.888ns
    Clock Pessimism Removal (CPR):    0.264ns

    Location             Delay type                Incr(ns)  Path(ns)    Netlist Resource(s)
  -------------------------------------------------------------------    -------------------
                         (clock clk_fpga_0 rise edge)
                                                      0.000     0.000 r  
    PS7_X0Y0             PS7                          0.000     0.000 r  design_1_i/processing_system7_0/inst/PS7_i/FCLKCLK[0]
                         net (fo=1, routed)           0.310     0.310    design_1_i/processing_system7_0/inst/FCLK_CLK_unbuffered[0]
    BUFGCTRL_X0Y16       BUFG (Prop_bufg_I_O)         0.026     0.336 r  design_1_i/processing_system7_0/inst/buffer_fclk_clk_0.FCLK_CLK_0_BUFG/O
                         net (fo=2171, routed)        0.552     0.888    design_1_i/axi_iic_0/U0/X_IIC/IIC_CONTROL_I/s_axi_aclk
    SLICE_X44Y84         FDRE                                         r  design_1_i/axi_iic_0/U0/X_IIC/IIC_CONTROL_I/data_i2c_i_reg[0]/C
  -------------------------------------------------------------------    -------------------
    SLICE_X44Y84         FDRE (Prop_fdre_C_Q)         0.141     1.029 r  design_1_i/axi_iic_0/U0/X_IIC/IIC_CONTROL_I/data_i2c_i_reg[0]/Q
                         net (fo=1, routed)           0.119     1.147    design_1_i/axi_iic_0/U0/X_IIC/READ_FIFO_I/FIFO_RAM[0].SRL16E_I_0[0]
    SLICE_X42Y84         SRL16E                                       r  design_1_i/axi_iic_0/U0/X_IIC/READ_FIFO_I/FIFO_RAM[7].SRL16E_I/D
  -------------------------------------------------------------------    -------------------

                         (clock clk_fpga_0 rise edge)
                                                      0.000     0.000 r  
    PS7_X0Y0             PS7                          0.000     0.000 r  design_1_i/processing_system7_0/inst/PS7_i/FCLKCLK[0]
                         net (fo=1, routed)           0.337     0.337    design_1_i/processing_system7_0/inst/FCLK_CLK_unbuffered[0]
    BUFGCTRL_X0Y16       BUFG (Prop_bufg_I_O)         0.029     0.366 r  design_1_i/processing_system7_0/inst/buffer_fclk_clk_0.FCLK_CLK_0_BUFG/O
                         net (fo=2171, routed)        0.818     1.184    design_1_i/axi_iic_0/U0/X_IIC/READ_FIFO_I/s_axi_aclk
    SLICE_X42Y84         SRL16E                                       r  design_1_i/axi_iic_0/U0/X_IIC/READ_FIFO_I/FIFO_RAM[7].SRL16E_I/CLK
                         clock pessimism             -0.264     0.920    
    SLICE_X42Y84         SRL16E (Hold_srl16e_CLK_D)
                                                      0.183     1.103    design_1_i/axi_iic_0/U0/X_IIC/READ_FIFO_I/FIFO_RAM[7].SRL16E_I
  -------------------------------------------------------------------
                         required time                         -1.103    
                         arrival time                           1.147    
  -------------------------------------------------------------------
                         slack                                  0.045    

Slack (MET) :             0.046ns  (arrival time - required time)
  Source:                 design_1_i/SpeedSensor_Driver_IP_1/U0/SpeedSensor_Driver_IP_slave_lite_v1_0_S00_AXI_inst/AXI_Speed_Sensor_Driver/delay_reg[6]/C
                            (rising edge-triggered cell FDRE clocked by clk_fpga_0  {rise@0.000ns fall@5.000ns period=10.000ns})
  Destination:            design_1_i/SpeedSensor_Driver_IP_1/U0/SpeedSensor_Driver_IP_slave_lite_v1_0_S00_AXI_inst/AXI_Speed_Sensor_Driver/delay_reg[10]/D
                            (rising edge-triggered cell FDRE clocked by clk_fpga_0  {rise@0.000ns fall@5.000ns period=10.000ns})
  Path Group:             clk_fpga_0
  Path Type:              Hold (Min at Fast Process Corner)
  Requirement:            0.000ns  (clk_fpga_0 rise@0.000ns - clk_fpga_0 rise@0.000ns)
  Data Path Delay:        0.500ns  (logic 0.366ns (73.149%)  route 0.134ns (26.851%))
  Logic Levels:           2  (CARRY4=2)
  Clock Path Skew:        0.349ns (DCD - SCD - CPR)
    Destination Clock Delay (DCD):    1.277ns
    Source Clock Delay      (SCD):    0.893ns
    Clock Pessimism Removal (CPR):    0.035ns

    Location             Delay type                Incr(ns)  Path(ns)    Netlist Resource(s)
  -------------------------------------------------------------------    -------------------
                         (clock clk_fpga_0 rise edge)
                                                      0.000     0.000 r  
    PS7_X0Y0             PS7                          0.000     0.000 r  design_1_i/processing_system7_0/inst/PS7_i/FCLKCLK[0]
                         net (fo=1, routed)           0.310     0.310    design_1_i/processing_system7_0/inst/FCLK_CLK_unbuffered[0]
    BUFGCTRL_X0Y16       BUFG (Prop_bufg_I_O)         0.026     0.336 r  design_1_i/processing_system7_0/inst/buffer_fclk_clk_0.FCLK_CLK_0_BUFG/O
                         net (fo=2171, routed)        0.557     0.893    design_1_i/SpeedSensor_Driver_IP_1/U0/SpeedSensor_Driver_IP_slave_lite_v1_0_S00_AXI_inst/AXI_Speed_Sensor_Driver/clk
    SLICE_X44Y99         FDRE                                         r  design_1_i/SpeedSensor_Driver_IP_1/U0/SpeedSensor_Driver_IP_slave_lite_v1_0_S00_AXI_inst/AXI_Speed_Sensor_Driver/delay_reg[6]/C
  -------------------------------------------------------------------    -------------------
    SLICE_X44Y99         FDRE (Prop_fdre_C_Q)         0.141     1.034 r  design_1_i/SpeedSensor_Driver_IP_1/U0/SpeedSensor_Driver_IP_slave_lite_v1_0_S00_AXI_inst/AXI_Speed_Sensor_Driver/delay_reg[6]/Q
                         net (fo=3, routed)           0.134     1.167    design_1_i/SpeedSensor_Driver_IP_1/U0/SpeedSensor_Driver_IP_slave_lite_v1_0_S00_AXI_inst/AXI_Speed_Sensor_Driver/delay_reg[6]
    SLICE_X44Y99         CARRY4 (Prop_carry4_S[2]_CO[3])
                                                      0.160     1.327 r  design_1_i/SpeedSensor_Driver_IP_1/U0/SpeedSensor_Driver_IP_slave_lite_v1_0_S00_AXI_inst/AXI_Speed_Sensor_Driver/delay_reg[4]_i_1/CO[3]
                         net (fo=1, routed)           0.001     1.328    design_1_i/SpeedSensor_Driver_IP_1/U0/SpeedSensor_Driver_IP_slave_lite_v1_0_S00_AXI_inst/AXI_Speed_Sensor_Driver/delay_reg[4]_i_1_n_0
    SLICE_X44Y100        CARRY4 (Prop_carry4_CI_O[2])
                                                      0.065     1.393 r  design_1_i/SpeedSensor_Driver_IP_1/U0/SpeedSensor_Driver_IP_slave_lite_v1_0_S00_AXI_inst/AXI_Speed_Sensor_Driver/delay_reg[8]_i_1/O[2]
                         net (fo=1, routed)           0.000     1.393    design_1_i/SpeedSensor_Driver_IP_1/U0/SpeedSensor_Driver_IP_slave_lite_v1_0_S00_AXI_inst/AXI_Speed_Sensor_Driver/delay_reg[8]_i_1_n_5
    SLICE_X44Y100        FDRE                                         r  design_1_i/SpeedSensor_Driver_IP_1/U0/SpeedSensor_Driver_IP_slave_lite_v1_0_S00_AXI_inst/AXI_Speed_Sensor_Driver/delay_reg[10]/D
  -------------------------------------------------------------------    -------------------

                         (clock clk_fpga_0 rise edge)
                                                      0.000     0.000 r  
    PS7_X0Y0             PS7                          0.000     0.000 r  design_1_i/processing_system7_0/inst/PS7_i/FCLKCLK[0]
                         net (fo=1, routed)           0.337     0.337    design_1_i/processing_system7_0/inst/FCLK_CLK_unbuffered[0]
    BUFGCTRL_X0Y16       BUFG (Prop_bufg_I_O)         0.029     0.366 r  design_1_i/processing_system7_0/inst/buffer_fclk_clk_0.FCLK_CLK_0_BUFG/O
                         net (fo=2171, routed)        0.911     1.277    design_1_i/SpeedSensor_Driver_IP_1/U0/SpeedSensor_Driver_IP_slave_lite_v1_0_S00_AXI_inst/AXI_Speed_Sensor_Driver/clk
    SLICE_X44Y100        FDRE                                         r  design_1_i/SpeedSensor_Driver_IP_1/U0/SpeedSensor_Driver_IP_slave_lite_v1_0_S00_AXI_inst/AXI_Speed_Sensor_Driver/delay_reg[10]/C
                         clock pessimism             -0.035     1.242    
    SLICE_X44Y100        FDRE (Hold_fdre_C_D)         0.105     1.347    design_1_i/SpeedSensor_Driver_IP_1/U0/SpeedSensor_Driver_IP_slave_lite_v1_0_S00_AXI_inst/AXI_Speed_Sensor_Driver/delay_reg[10]
  -------------------------------------------------------------------
                         required time                         -1.347    
                         arrival time                           1.393    
  -------------------------------------------------------------------
                         slack                                  0.046    

Slack (MET) :             0.051ns  (arrival time - required time)
  Source:                 design_1_i/SpeedSensor_Driver_IP_1/U0/SpeedSensor_Driver_IP_slave_lite_v1_0_S00_AXI_inst/AXI_Speed_Sensor_Driver/deltaTime_reg[0]/C
                            (rising edge-triggered cell FDRE clocked by clk_fpga_0  {rise@0.000ns fall@5.000ns period=10.000ns})
  Destination:            design_1_i/SpeedSensor_Driver_IP_1/U0/SpeedSensor_Driver_IP_slave_lite_v1_0_S00_AXI_inst/AXI_Speed_Sensor_Driver/compared_reg[7]/D
                            (rising edge-triggered cell FDRE clocked by clk_fpga_0  {rise@0.000ns fall@5.000ns period=10.000ns})
  Path Group:             clk_fpga_0
  Path Type:              Hold (Min at Fast Process Corner)
  Requirement:            0.000ns  (clk_fpga_0 rise@0.000ns - clk_fpga_0 rise@0.000ns)
  Data Path Delay:        0.535ns  (logic 0.344ns (64.331%)  route 0.191ns (35.669%))
  Logic Levels:           2  (CARRY4=2)
  Clock Path Skew:        0.349ns (DCD - SCD - CPR)
    Destination Clock Delay (DCD):    1.277ns
    Source Clock Delay      (SCD):    0.893ns
    Clock Pessimism Removal (CPR):    0.035ns

    Location             Delay type                Incr(ns)  Path(ns)    Netlist Resource(s)
  -------------------------------------------------------------------    -------------------
                         (clock clk_fpga_0 rise edge)
                                                      0.000     0.000 r  
    PS7_X0Y0             PS7                          0.000     0.000 r  design_1_i/processing_system7_0/inst/PS7_i/FCLKCLK[0]
                         net (fo=1, routed)           0.310     0.310    design_1_i/processing_system7_0/inst/FCLK_CLK_unbuffered[0]
    BUFGCTRL_X0Y16       BUFG (Prop_bufg_I_O)         0.026     0.336 r  design_1_i/processing_system7_0/inst/buffer_fclk_clk_0.FCLK_CLK_0_BUFG/O
                         net (fo=2171, routed)        0.557     0.893    design_1_i/SpeedSensor_Driver_IP_1/U0/SpeedSensor_Driver_IP_slave_lite_v1_0_S00_AXI_inst/AXI_Speed_Sensor_Driver/clk
    SLICE_X47Y99         FDRE                                         r  design_1_i/SpeedSensor_Driver_IP_1/U0/SpeedSensor_Driver_IP_slave_lite_v1_0_S00_AXI_inst/AXI_Speed_Sensor_Driver/deltaTime_reg[0]/C
  -------------------------------------------------------------------    -------------------
    SLICE_X47Y99         FDRE (Prop_fdre_C_Q)         0.141     1.034 r  design_1_i/SpeedSensor_Driver_IP_1/U0/SpeedSensor_Driver_IP_slave_lite_v1_0_S00_AXI_inst/AXI_Speed_Sensor_Driver/deltaTime_reg[0]/Q
                         net (fo=4, routed)           0.190     1.224    design_1_i/SpeedSensor_Driver_IP_1/U0/SpeedSensor_Driver_IP_slave_lite_v1_0_S00_AXI_inst/AXI_Speed_Sensor_Driver/deltaTime[0]
    SLICE_X46Y99         CARRY4 (Prop_carry4_DI[1]_CO[3])
                                                      0.150     1.374 r  design_1_i/SpeedSensor_Driver_IP_1/U0/SpeedSensor_Driver_IP_slave_lite_v1_0_S00_AXI_inst/AXI_Speed_Sensor_Driver/compared_reg[6]_i_1/CO[3]
                         net (fo=1, routed)           0.001     1.374    design_1_i/SpeedSensor_Driver_IP_1/U0/SpeedSensor_Driver_IP_slave_lite_v1_0_S00_AXI_inst/AXI_Speed_Sensor_Driver/compared_reg[6]_i_1_n_0
    SLICE_X46Y100        CARRY4 (Prop_carry4_CI_O[0])
                                                      0.053     1.427 r  design_1_i/SpeedSensor_Driver_IP_1/U0/SpeedSensor_Driver_IP_slave_lite_v1_0_S00_AXI_inst/AXI_Speed_Sensor_Driver/compared_reg[10]_i_1/O[0]
                         net (fo=1, routed)           0.000     1.427    design_1_i/SpeedSensor_Driver_IP_1/U0/SpeedSensor_Driver_IP_slave_lite_v1_0_S00_AXI_inst/AXI_Speed_Sensor_Driver/p_1_in[7]
    SLICE_X46Y100        FDRE                                         r  design_1_i/SpeedSensor_Driver_IP_1/U0/SpeedSensor_Driver_IP_slave_lite_v1_0_S00_AXI_inst/AXI_Speed_Sensor_Driver/compared_reg[7]/D
  -------------------------------------------------------------------    -------------------

                         (clock clk_fpga_0 rise edge)
                                                      0.000     0.000 r  
    PS7_X0Y0             PS7                          0.000     0.000 r  design_1_i/processing_system7_0/inst/PS7_i/FCLKCLK[0]
                         net (fo=1, routed)           0.337     0.337    design_1_i/processing_system7_0/inst/FCLK_CLK_unbuffered[0]
    BUFGCTRL_X0Y16       BUFG (Prop_bufg_I_O)         0.029     0.366 r  design_1_i/processing_system7_0/inst/buffer_fclk_clk_0.FCLK_CLK_0_BUFG/O
                         net (fo=2171, routed)        0.911     1.277    design_1_i/SpeedSensor_Driver_IP_1/U0/SpeedSensor_Driver_IP_slave_lite_v1_0_S00_AXI_inst/AXI_Speed_Sensor_Driver/clk
    SLICE_X46Y100        FDRE                                         r  design_1_i/SpeedSensor_Driver_IP_1/U0/SpeedSensor_Driver_IP_slave_lite_v1_0_S00_AXI_inst/AXI_Speed_Sensor_Driver/compared_reg[7]/C
                         clock pessimism             -0.035     1.242    
    SLICE_X46Y100        FDRE (Hold_fdre_C_D)         0.134     1.376    design_1_i/SpeedSensor_Driver_IP_1/U0/SpeedSensor_Driver_IP_slave_lite_v1_0_S00_AXI_inst/AXI_Speed_Sensor_Driver/compared_reg[7]
  -------------------------------------------------------------------
                         required time                         -1.376    
                         arrival time                           1.427    
  -------------------------------------------------------------------
                         slack                                  0.051    

Slack (MET) :             0.055ns  (arrival time - required time)
  Source:                 design_1_i/SpeedSensor_Driver_IP_1/U0/SpeedSensor_Driver_IP_slave_lite_v1_0_S00_AXI_inst/AXI_Speed_Sensor_Driver/last_time_reg[1]/C
                            (rising edge-triggered cell FDRE clocked by clk_fpga_0  {rise@0.000ns fall@5.000ns period=10.000ns})
  Destination:            design_1_i/SpeedSensor_Driver_IP_1/U0/SpeedSensor_Driver_IP_slave_lite_v1_0_S00_AXI_inst/AXI_Speed_Sensor_Driver/deltaTime_reg[4]/D
                            (rising edge-triggered cell FDRE clocked by clk_fpga_0  {rise@0.000ns fall@5.000ns period=10.000ns})
  Path Group:             clk_fpga_0
  Path Type:              Hold (Min at Fast Process Corner)
  Requirement:            0.000ns  (clk_fpga_0 rise@0.000ns - clk_fpga_0 rise@0.000ns)
  Data Path Delay:        0.510ns  (logic 0.395ns (77.418%)  route 0.115ns (22.582%))
  Logic Levels:           3  (CARRY4=2 LUT2=1)
  Clock Path Skew:        0.350ns (DCD - SCD - CPR)
    Destination Clock Delay (DCD):    1.277ns
    Source Clock Delay      (SCD):    0.892ns
    Clock Pessimism Removal (CPR):    0.035ns

    Location             Delay type                Incr(ns)  Path(ns)    Netlist Resource(s)
  -------------------------------------------------------------------    -------------------
                         (clock clk_fpga_0 rise edge)
                                                      0.000     0.000 r  
    PS7_X0Y0             PS7                          0.000     0.000 r  design_1_i/processing_system7_0/inst/PS7_i/FCLKCLK[0]
                         net (fo=1, routed)           0.310     0.310    design_1_i/processing_system7_0/inst/FCLK_CLK_unbuffered[0]
    BUFGCTRL_X0Y16       BUFG (Prop_bufg_I_O)         0.026     0.336 r  design_1_i/processing_system7_0/inst/buffer_fclk_clk_0.FCLK_CLK_0_BUFG/O
                         net (fo=2171, routed)        0.556     0.892    design_1_i/SpeedSensor_Driver_IP_1/U0/SpeedSensor_Driver_IP_slave_lite_v1_0_S00_AXI_inst/AXI_Speed_Sensor_Driver/clk
    SLICE_X48Y99         FDRE                                         r  design_1_i/SpeedSensor_Driver_IP_1/U0/SpeedSensor_Driver_IP_slave_lite_v1_0_S00_AXI_inst/AXI_Speed_Sensor_Driver/last_time_reg[1]/C
  -------------------------------------------------------------------    -------------------
    SLICE_X48Y99         FDRE (Prop_fdre_C_Q)         0.141     1.033 r  design_1_i/SpeedSensor_Driver_IP_1/U0/SpeedSensor_Driver_IP_slave_lite_v1_0_S00_AXI_inst/AXI_Speed_Sensor_Driver/last_time_reg[1]/Q
                         net (fo=1, routed)           0.115     1.147    design_1_i/SpeedSensor_Driver_IP_1/U0/SpeedSensor_Driver_IP_slave_lite_v1_0_S00_AXI_inst/AXI_Speed_Sensor_Driver/last_time[1]
    SLICE_X47Y99         LUT2 (Prop_lut2_I1_O)        0.045     1.192 r  design_1_i/SpeedSensor_Driver_IP_1/U0/SpeedSensor_Driver_IP_slave_lite_v1_0_S00_AXI_inst/AXI_Speed_Sensor_Driver/deltaTime0_carry_i_3/O
                         net (fo=1, routed)           0.000     1.192    design_1_i/SpeedSensor_Driver_IP_1/U0/SpeedSensor_Driver_IP_slave_lite_v1_0_S00_AXI_inst/AXI_Speed_Sensor_Driver/deltaTime0_carry_i_3_n_0
    SLICE_X47Y99         CARRY4 (Prop_carry4_S[1]_CO[3])
                                                      0.155     1.347 r  design_1_i/SpeedSensor_Driver_IP_1/U0/SpeedSensor_Driver_IP_slave_lite_v1_0_S00_AXI_inst/AXI_Speed_Sensor_Driver/deltaTime0_carry/CO[3]
                         net (fo=1, routed)           0.001     1.348    design_1_i/SpeedSensor_Driver_IP_1/U0/SpeedSensor_Driver_IP_slave_lite_v1_0_S00_AXI_inst/AXI_Speed_Sensor_Driver/deltaTime0_carry_n_0
    SLICE_X47Y100        CARRY4 (Prop_carry4_CI_O[0])
                                                      0.054     1.402 r  design_1_i/SpeedSensor_Driver_IP_1/U0/SpeedSensor_Driver_IP_slave_lite_v1_0_S00_AXI_inst/AXI_Speed_Sensor_Driver/deltaTime0_carry__0/O[0]
                         net (fo=1, routed)           0.000     1.402    design_1_i/SpeedSensor_Driver_IP_1/U0/SpeedSensor_Driver_IP_slave_lite_v1_0_S00_AXI_inst/AXI_Speed_Sensor_Driver/deltaTime0[4]
    SLICE_X47Y100        FDRE                                         r  design_1_i/SpeedSensor_Driver_IP_1/U0/SpeedSensor_Driver_IP_slave_lite_v1_0_S00_AXI_inst/AXI_Speed_Sensor_Driver/deltaTime_reg[4]/D
  -------------------------------------------------------------------    -------------------

                         (clock clk_fpga_0 rise edge)
                                                      0.000     0.000 r  
    PS7_X0Y0             PS7                          0.000     0.000 r  design_1_i/processing_system7_0/inst/PS7_i/FCLKCLK[0]
                         net (fo=1, routed)           0.337     0.337    design_1_i/processing_system7_0/inst/FCLK_CLK_unbuffered[0]
    BUFGCTRL_X0Y16       BUFG (Prop_bufg_I_O)         0.029     0.366 r  design_1_i/processing_system7_0/inst/buffer_fclk_clk_0.FCLK_CLK_0_BUFG/O
                         net (fo=2171, routed)        0.911     1.277    design_1_i/SpeedSensor_Driver_IP_1/U0/SpeedSensor_Driver_IP_slave_lite_v1_0_S00_AXI_inst/AXI_Speed_Sensor_Driver/clk
    SLICE_X47Y100        FDRE                                         r  design_1_i/SpeedSensor_Driver_IP_1/U0/SpeedSensor_Driver_IP_slave_lite_v1_0_S00_AXI_inst/AXI_Speed_Sensor_Driver/deltaTime_reg[4]/C
                         clock pessimism             -0.035     1.242    
    SLICE_X47Y100        FDRE (Hold_fdre_C_D)         0.105     1.347    design_1_i/SpeedSensor_Driver_IP_1/U0/SpeedSensor_Driver_IP_slave_lite_v1_0_S00_AXI_inst/AXI_Speed_Sensor_Driver/deltaTime_reg[4]
  -------------------------------------------------------------------
                         required time                         -1.347    
                         arrival time                           1.402    
  -------------------------------------------------------------------
                         slack                                  0.055    

Slack (MET) :             0.061ns  (arrival time - required time)
  Source:                 design_1_i/ps7_0_axi_periph/s00_couplers/auto_pc/inst/gen_axilite.gen_b2s_conv.axilite_b2s/SI_REG/aw.aw_pipe/m_payload_i_reg[27]/C
                            (rising edge-triggered cell FDRE clocked by clk_fpga_0  {rise@0.000ns fall@5.000ns period=10.000ns})
  Destination:            design_1_i/ps7_0_axi_periph/xbar/inst/gen_sasd.crossbar_sasd_0/addr_arbiter_inst/gen_no_arbiter.m_amesg_i_reg[28]/D
                            (rising edge-triggered cell FDRE clocked by clk_fpga_0  {rise@0.000ns fall@5.000ns period=10.000ns})
  Path Group:             clk_fpga_0
  Path Type:              Hold (Min at Fast Process Corner)
  Requirement:            0.000ns  (clk_fpga_0 rise@0.000ns - clk_fpga_0 rise@0.000ns)
  Data Path Delay:        0.333ns  (logic 0.186ns (55.820%)  route 0.147ns (44.180%))
  Logic Levels:           1  (LUT4=1)
  Clock Path Skew:        0.181ns (DCD - SCD - CPR)
    Destination Clock Delay (DCD):    1.211ns
    Source Clock Delay      (SCD):    0.995ns
    Clock Pessimism Removal (CPR):    0.035ns

    Location             Delay type                Incr(ns)  Path(ns)    Netlist Resource(s)
  -------------------------------------------------------------------    -------------------
                         (clock clk_fpga_0 rise edge)
                                                      0.000     0.000 r  
    PS7_X0Y0             PS7                          0.000     0.000 r  design_1_i/processing_system7_0/inst/PS7_i/FCLKCLK[0]
                         net (fo=1, routed)           0.310     0.310    design_1_i/processing_system7_0/inst/FCLK_CLK_unbuffered[0]
    BUFGCTRL_X0Y16       BUFG (Prop_bufg_I_O)         0.026     0.336 r  design_1_i/processing_system7_0/inst/buffer_fclk_clk_0.FCLK_CLK_0_BUFG/O
                         net (fo=2171, routed)        0.659     0.995    design_1_i/ps7_0_axi_periph/s00_couplers/auto_pc/inst/gen_axilite.gen_b2s_conv.axilite_b2s/SI_REG/aw.aw_pipe/aclk
    SLICE_X28Y100        FDRE                                         r  design_1_i/ps7_0_axi_periph/s00_couplers/auto_pc/inst/gen_axilite.gen_b2s_conv.axilite_b2s/SI_REG/aw.aw_pipe/m_payload_i_reg[27]/C
  -------------------------------------------------------------------    -------------------
    SLICE_X28Y100        FDRE (Prop_fdre_C_Q)         0.141     1.136 r  design_1_i/ps7_0_axi_periph/s00_couplers/auto_pc/inst/gen_axilite.gen_b2s_conv.axilite_b2s/SI_REG/aw.aw_pipe/m_payload_i_reg[27]/Q
                         net (fo=1, routed)           0.147     1.283    design_1_i/ps7_0_axi_periph/xbar/inst/gen_sasd.crossbar_sasd_0/addr_arbiter_inst/s_axi_awaddr[27]
    SLICE_X29Y98         LUT4 (Prop_lut4_I3_O)        0.045     1.328 r  design_1_i/ps7_0_axi_periph/xbar/inst/gen_sasd.crossbar_sasd_0/addr_arbiter_inst/gen_no_arbiter.m_amesg_i[28]_i_1/O
                         net (fo=1, routed)           0.000     1.328    design_1_i/ps7_0_axi_periph/xbar/inst/gen_sasd.crossbar_sasd_0/addr_arbiter_inst/s_amesg[28]
    SLICE_X29Y98         FDRE                                         r  design_1_i/ps7_0_axi_periph/xbar/inst/gen_sasd.crossbar_sasd_0/addr_arbiter_inst/gen_no_arbiter.m_amesg_i_reg[28]/D
  -------------------------------------------------------------------    -------------------

                         (clock clk_fpga_0 rise edge)
                                                      0.000     0.000 r  
    PS7_X0Y0             PS7                          0.000     0.000 r  design_1_i/processing_system7_0/inst/PS7_i/FCLKCLK[0]
                         net (fo=1, routed)           0.337     0.337    design_1_i/processing_system7_0/inst/FCLK_CLK_unbuffered[0]
    BUFGCTRL_X0Y16       BUFG (Prop_bufg_I_O)         0.029     0.366 r  design_1_i/processing_system7_0/inst/buffer_fclk_clk_0.FCLK_CLK_0_BUFG/O
                         net (fo=2171, routed)        0.845     1.211    design_1_i/ps7_0_axi_periph/xbar/inst/gen_sasd.crossbar_sasd_0/addr_arbiter_inst/aclk
    SLICE_X29Y98         FDRE                                         r  design_1_i/ps7_0_axi_periph/xbar/inst/gen_sasd.crossbar_sasd_0/addr_arbiter_inst/gen_no_arbiter.m_amesg_i_reg[28]/C
                         clock pessimism             -0.035     1.176    
    SLICE_X29Y98         FDRE (Hold_fdre_C_D)         0.091     1.267    design_1_i/ps7_0_axi_periph/xbar/inst/gen_sasd.crossbar_sasd_0/addr_arbiter_inst/gen_no_arbiter.m_amesg_i_reg[28]
  -------------------------------------------------------------------
                         required time                         -1.267    
                         arrival time                           1.328    
  -------------------------------------------------------------------
                         slack                                  0.061    

Slack (MET) :             0.062ns  (arrival time - required time)
  Source:                 design_1_i/SpeedSensor_Driver_IP_1/U0/SpeedSensor_Driver_IP_slave_lite_v1_0_S00_AXI_inst/AXI_Speed_Sensor_Driver/deltaTime_reg[6]/C
                            (rising edge-triggered cell FDRE clocked by clk_fpga_0  {rise@0.000ns fall@5.000ns period=10.000ns})
  Destination:            design_1_i/SpeedSensor_Driver_IP_1/U0/SpeedSensor_Driver_IP_slave_lite_v1_0_S00_AXI_inst/AXI_Speed_Sensor_Driver/D_OUT_reg[6]/D
                            (rising edge-triggered cell FDRE clocked by clk_fpga_0  {rise@0.000ns fall@5.000ns period=10.000ns})
  Path Group:             clk_fpga_0
  Path Type:              Hold (Min at Fast Process Corner)
  Requirement:            0.000ns  (clk_fpga_0 rise@0.000ns - clk_fpga_0 rise@0.000ns)
  Data Path Delay:        0.307ns  (logic 0.141ns (45.950%)  route 0.166ns (54.050%))
  Logic Levels:           0  
  Clock Path Skew:        0.181ns (DCD - SCD - CPR)
    Destination Clock Delay (DCD):    1.191ns
    Source Clock Delay      (SCD):    0.975ns
    Clock Pessimism Removal (CPR):    0.035ns

    Location             Delay type                Incr(ns)  Path(ns)    Netlist Resource(s)
  -------------------------------------------------------------------    -------------------
                         (clock clk_fpga_0 rise edge)
                                                      0.000     0.000 r  
    PS7_X0Y0             PS7                          0.000     0.000 r  design_1_i/processing_system7_0/inst/PS7_i/FCLKCLK[0]
                         net (fo=1, routed)           0.310     0.310    design_1_i/processing_system7_0/inst/FCLK_CLK_unbuffered[0]
    BUFGCTRL_X0Y16       BUFG (Prop_bufg_I_O)         0.026     0.336 r  design_1_i/processing_system7_0/inst/buffer_fclk_clk_0.FCLK_CLK_0_BUFG/O
                         net (fo=2171, routed)        0.639     0.975    design_1_i/SpeedSensor_Driver_IP_1/U0/SpeedSensor_Driver_IP_slave_lite_v1_0_S00_AXI_inst/AXI_Speed_Sensor_Driver/clk
    SLICE_X47Y100        FDRE                                         r  design_1_i/SpeedSensor_Driver_IP_1/U0/SpeedSensor_Driver_IP_slave_lite_v1_0_S00_AXI_inst/AXI_Speed_Sensor_Driver/deltaTime_reg[6]/C
  -------------------------------------------------------------------    -------------------
    SLICE_X47Y100        FDRE (Prop_fdre_C_Q)         0.141     1.116 r  design_1_i/SpeedSensor_Driver_IP_1/U0/SpeedSensor_Driver_IP_slave_lite_v1_0_S00_AXI_inst/AXI_Speed_Sensor_Driver/deltaTime_reg[6]/Q
                         net (fo=4, routed)           0.166     1.282    design_1_i/SpeedSensor_Driver_IP_1/U0/SpeedSensor_Driver_IP_slave_lite_v1_0_S00_AXI_inst/AXI_Speed_Sensor_Driver/deltaTime[6]
    SLICE_X46Y98         FDRE                                         r  design_1_i/SpeedSensor_Driver_IP_1/U0/SpeedSensor_Driver_IP_slave_lite_v1_0_S00_AXI_inst/AXI_Speed_Sensor_Driver/D_OUT_reg[6]/D
  -------------------------------------------------------------------    -------------------

                         (clock clk_fpga_0 rise edge)
                                                      0.000     0.000 r  
    PS7_X0Y0             PS7                          0.000     0.000 r  design_1_i/processing_system7_0/inst/PS7_i/FCLKCLK[0]
                         net (fo=1, routed)           0.337     0.337    design_1_i/processing_system7_0/inst/FCLK_CLK_unbuffered[0]
    BUFGCTRL_X0Y16       BUFG (Prop_bufg_I_O)         0.029     0.366 r  design_1_i/processing_system7_0/inst/buffer_fclk_clk_0.FCLK_CLK_0_BUFG/O
                         net (fo=2171, routed)        0.825     1.191    design_1_i/SpeedSensor_Driver_IP_1/U0/SpeedSensor_Driver_IP_slave_lite_v1_0_S00_AXI_inst/AXI_Speed_Sensor_Driver/clk
    SLICE_X46Y98         FDRE                                         r  design_1_i/SpeedSensor_Driver_IP_1/U0/SpeedSensor_Driver_IP_slave_lite_v1_0_S00_AXI_inst/AXI_Speed_Sensor_Driver/D_OUT_reg[6]/C
                         clock pessimism             -0.035     1.156    
    SLICE_X46Y98         FDRE (Hold_fdre_C_D)         0.064     1.220    design_1_i/SpeedSensor_Driver_IP_1/U0/SpeedSensor_Driver_IP_slave_lite_v1_0_S00_AXI_inst/AXI_Speed_Sensor_Driver/D_OUT_reg[6]
  -------------------------------------------------------------------
                         required time                         -1.220    
                         arrival time                           1.282    
  -------------------------------------------------------------------
                         slack                                  0.062    





Pulse Width Checks
--------------------------------------------------------------------------------------
Clock Name:         clk_fpga_0
Waveform(ns):       { 0.000 5.000 }
Period(ns):         10.000
Sources:            { design_1_i/processing_system7_0/inst/PS7_i/FCLKCLK[0] }

Check Type        Corner  Lib Pin     Reference Pin  Required(ns)  Actual(ns)  Slack(ns)  Location        Pin
Min Period        n/a     BUFG/I      n/a            2.155         10.000      7.845      BUFGCTRL_X0Y16  design_1_i/processing_system7_0/inst/buffer_fclk_clk_0.FCLK_CLK_0_BUFG/I
Min Period        n/a     FDRE/C      n/a            1.000         10.000      9.000      SLICE_X48Y97    design_1_i/Motor_DriverIP_0/U0/Motor_DriverIP_slave_lite_v1_0_S00_AXI_inst/IP_MSelect_reg[0]/C
Min Period        n/a     FDRE/C      n/a            1.000         10.000      9.000      SLICE_X48Y97    design_1_i/Motor_DriverIP_0/U0/Motor_DriverIP_slave_lite_v1_0_S00_AXI_inst/IP_MSelect_reg[1]/C
Min Period        n/a     FDRE/C      n/a            1.000         10.000      9.000      SLICE_X48Y97    design_1_i/Motor_DriverIP_0/U0/Motor_DriverIP_slave_lite_v1_0_S00_AXI_inst/IP_MSelect_reg[2]/C
Min Period        n/a     FDSE/C      n/a            1.000         10.000      9.000      SLICE_X33Y98    design_1_i/Motor_DriverIP_0/U0/Motor_DriverIP_slave_lite_v1_0_S00_AXI_inst/aw_en_reg/C
Min Period        n/a     FDSE/C      n/a            1.000         10.000      9.000      SLICE_X38Y97    design_1_i/Motor_DriverIP_0/U0/Motor_DriverIP_slave_lite_v1_0_S00_AXI_inst/axi_araddr_reg[2]/C
Min Period        n/a     FDSE/C      n/a            1.000         10.000      9.000      SLICE_X38Y97    design_1_i/Motor_DriverIP_0/U0/Motor_DriverIP_slave_lite_v1_0_S00_AXI_inst/axi_araddr_reg[3]/C
Min Period        n/a     FDRE/C      n/a            1.000         10.000      9.000      SLICE_X36Y99    design_1_i/Motor_DriverIP_0/U0/Motor_DriverIP_slave_lite_v1_0_S00_AXI_inst/axi_arready_reg/C
Min Period        n/a     FDRE/C      n/a            1.000         10.000      9.000      SLICE_X35Y98    design_1_i/Motor_DriverIP_0/U0/Motor_DriverIP_slave_lite_v1_0_S00_AXI_inst/axi_awaddr_reg[2]/C
Min Period        n/a     FDRE/C      n/a            1.000         10.000      9.000      SLICE_X35Y98    design_1_i/Motor_DriverIP_0/U0/Motor_DriverIP_slave_lite_v1_0_S00_AXI_inst/axi_awaddr_reg[3]/C
Low Pulse Width   Slow    SRL16E/CLK  n/a            0.980         5.000       4.020      SLICE_X42Y84    design_1_i/axi_iic_0/U0/X_IIC/READ_FIFO_I/FIFO_RAM[0].SRL16E_I/CLK
Low Pulse Width   Fast    SRL16E/CLK  n/a            0.980         5.000       4.020      SLICE_X42Y84    design_1_i/axi_iic_0/U0/X_IIC/READ_FIFO_I/FIFO_RAM[0].SRL16E_I/CLK
Low Pulse Width   Slow    SRL16E/CLK  n/a            0.980         5.000       4.020      SLICE_X42Y84    design_1_i/axi_iic_0/U0/X_IIC/READ_FIFO_I/FIFO_RAM[1].SRL16E_I/CLK
Low Pulse Width   Fast    SRL16E/CLK  n/a            0.980         5.000       4.020      SLICE_X42Y84    design_1_i/axi_iic_0/U0/X_IIC/READ_FIFO_I/FIFO_RAM[1].SRL16E_I/CLK
Low Pulse Width   Slow    SRL16E/CLK  n/a            0.980         5.000       4.020      SLICE_X42Y84    design_1_i/axi_iic_0/U0/X_IIC/READ_FIFO_I/FIFO_RAM[2].SRL16E_I/CLK
Low Pulse Width   Fast    SRL16E/CLK  n/a            0.980         5.000       4.020      SLICE_X42Y84    design_1_i/axi_iic_0/U0/X_IIC/READ_FIFO_I/FIFO_RAM[2].SRL16E_I/CLK
Low Pulse Width   Slow    SRL16E/CLK  n/a            0.980         5.000       4.020      SLICE_X42Y84    design_1_i/axi_iic_0/U0/X_IIC/READ_FIFO_I/FIFO_RAM[3].SRL16E_I/CLK
Low Pulse Width   Fast    SRL16E/CLK  n/a            0.980         5.000       4.020      SLICE_X42Y84    design_1_i/axi_iic_0/U0/X_IIC/READ_FIFO_I/FIFO_RAM[3].SRL16E_I/CLK
Low Pulse Width   Slow    SRL16E/CLK  n/a            0.980         5.000       4.020      SLICE_X42Y84    design_1_i/axi_iic_0/U0/X_IIC/READ_FIFO_I/FIFO_RAM[4].SRL16E_I/CLK
Low Pulse Width   Fast    SRL16E/CLK  n/a            0.980         5.000       4.020      SLICE_X42Y84    design_1_i/axi_iic_0/U0/X_IIC/READ_FIFO_I/FIFO_RAM[4].SRL16E_I/CLK
High Pulse Width  Slow    SRL16E/CLK  n/a            0.980         5.000       4.020      SLICE_X42Y84    design_1_i/axi_iic_0/U0/X_IIC/READ_FIFO_I/FIFO_RAM[0].SRL16E_I/CLK
High Pulse Width  Fast    SRL16E/CLK  n/a            0.980         5.000       4.020      SLICE_X42Y84    design_1_i/axi_iic_0/U0/X_IIC/READ_FIFO_I/FIFO_RAM[0].SRL16E_I/CLK
High Pulse Width  Slow    SRL16E/CLK  n/a            0.980         5.000       4.020      SLICE_X42Y84    design_1_i/axi_iic_0/U0/X_IIC/READ_FIFO_I/FIFO_RAM[1].SRL16E_I/CLK
High Pulse Width  Fast    SRL16E/CLK  n/a            0.980         5.000       4.020      SLICE_X42Y84    design_1_i/axi_iic_0/U0/X_IIC/READ_FIFO_I/FIFO_RAM[1].SRL16E_I/CLK
High Pulse Width  Slow    SRL16E/CLK  n/a            0.980         5.000       4.020      SLICE_X42Y84    design_1_i/axi_iic_0/U0/X_IIC/READ_FIFO_I/FIFO_RAM[2].SRL16E_I/CLK
High Pulse Width  Fast    SRL16E/CLK  n/a            0.980         5.000       4.020      SLICE_X42Y84    design_1_i/axi_iic_0/U0/X_IIC/READ_FIFO_I/FIFO_RAM[2].SRL16E_I/CLK
High Pulse Width  Slow    SRL16E/CLK  n/a            0.980         5.000       4.020      SLICE_X42Y84    design_1_i/axi_iic_0/U0/X_IIC/READ_FIFO_I/FIFO_RAM[3].SRL16E_I/CLK
High Pulse Width  Fast    SRL16E/CLK  n/a            0.980         5.000       4.020      SLICE_X42Y84    design_1_i/axi_iic_0/U0/X_IIC/READ_FIFO_I/FIFO_RAM[3].SRL16E_I/CLK
High Pulse Width  Slow    SRL16E/CLK  n/a            0.980         5.000       4.020      SLICE_X42Y84    design_1_i/axi_iic_0/U0/X_IIC/READ_FIFO_I/FIFO_RAM[4].SRL16E_I/CLK
High Pulse Width  Fast    SRL16E/CLK  n/a            0.980         5.000       4.020      SLICE_X42Y84    design_1_i/axi_iic_0/U0/X_IIC/READ_FIFO_I/FIFO_RAM[4].SRL16E_I/CLK



--------------------------------------------------------------------------------------
Path Group:  (none)
From Clock:  
  To Clock:  clk_fpga_0

Max Delay             1 Endpoint
Min Delay             1 Endpoint
--------------------------------------------------------------------------------------


Max Delay Paths
--------------------------------------------------------------------------------------
Slack:                    inf
  Source:                 design_1_i/processing_system7_0/inst/PS7_i/FCLKRESETN[0]
                            (internal pin)
  Destination:            design_1_i/rst_ps7_0_100M/U0/EXT_LPF/ACTIVE_LOW_EXT.ACT_LO_EXT/GENERATE_LEVEL_P_S_CDC.SINGLE_BIT.CROSS_PLEVEL_IN2SCNDRY_IN_cdc_to/D
                            (rising edge-triggered cell FDRE clocked by clk_fpga_0  {rise@0.000ns fall@5.000ns period=10.000ns})
  Path Group:             (none)
  Path Type:              Setup (Max at Slow Process Corner)
  Data Path Delay:        2.197ns  (logic 0.124ns (5.645%)  route 2.073ns (94.355%))
  Logic Levels:           1  (LUT1=1)
  Clock Uncertainty:      0.152ns  ((TSJ^2 + TIJ^2)^1/2 + DJ) / 2 + PE
    Total System Jitter     (TSJ):    0.050ns
    Total Input Jitter      (TIJ):    0.300ns
    Discrete Jitter          (DJ):    0.000ns
    Phase Error              (PE):    0.000ns
  Timing Exception:       False Path

    Location             Delay type                Incr(ns)  Path(ns)    Netlist Resource(s)
  -------------------------------------------------------------------    -------------------
    PS7_X0Y0             PS7                          0.000     0.000 f  design_1_i/processing_system7_0/inst/PS7_i/FCLKRESETN[0]
                         net (fo=1, routed)           2.073     2.073    design_1_i/rst_ps7_0_100M/U0/EXT_LPF/ACTIVE_LOW_EXT.ACT_LO_EXT/ext_reset_in
    SLICE_X40Y109        LUT1 (Prop_lut1_I0_O)        0.124     2.197 r  design_1_i/rst_ps7_0_100M/U0/EXT_LPF/ACTIVE_LOW_EXT.ACT_LO_EXT/GENERATE_LEVEL_P_S_CDC.SINGLE_BIT.CROSS_PLEVEL_IN2SCNDRY_IN_cdc_to_i_1/O
                         net (fo=1, routed)           0.000     2.197    design_1_i/rst_ps7_0_100M/U0/EXT_LPF/ACTIVE_LOW_EXT.ACT_LO_EXT/exr_d1
    SLICE_X40Y109        FDRE                                         r  design_1_i/rst_ps7_0_100M/U0/EXT_LPF/ACTIVE_LOW_EXT.ACT_LO_EXT/GENERATE_LEVEL_P_S_CDC.SINGLE_BIT.CROSS_PLEVEL_IN2SCNDRY_IN_cdc_to/D
  -------------------------------------------------------------------    -------------------

                         (clock clk_fpga_0 rise edge)
                                                      0.000     0.000 r  
    PS7_X0Y0             PS7                          0.000     0.000 r  design_1_i/processing_system7_0/inst/PS7_i/FCLKCLK[0]
                         net (fo=1, routed)           1.088     1.088    design_1_i/processing_system7_0/inst/FCLK_CLK_unbuffered[0]
    BUFGCTRL_X0Y16       BUFG (Prop_bufg_I_O)         0.091     1.179 r  design_1_i/processing_system7_0/inst/buffer_fclk_clk_0.FCLK_CLK_0_BUFG/O
                         net (fo=2171, routed)        1.651     2.830    design_1_i/rst_ps7_0_100M/U0/EXT_LPF/ACTIVE_LOW_EXT.ACT_LO_EXT/slowest_sync_clk
    SLICE_X40Y109        FDRE                                         r  design_1_i/rst_ps7_0_100M/U0/EXT_LPF/ACTIVE_LOW_EXT.ACT_LO_EXT/GENERATE_LEVEL_P_S_CDC.SINGLE_BIT.CROSS_PLEVEL_IN2SCNDRY_IN_cdc_to/C





Min Delay Paths
--------------------------------------------------------------------------------------
Slack:                    inf
  Source:                 design_1_i/processing_system7_0/inst/PS7_i/FCLKRESETN[0]
                            (internal pin)
  Destination:            design_1_i/rst_ps7_0_100M/U0/EXT_LPF/ACTIVE_LOW_EXT.ACT_LO_EXT/GENERATE_LEVEL_P_S_CDC.SINGLE_BIT.CROSS_PLEVEL_IN2SCNDRY_IN_cdc_to/D
                            (rising edge-triggered cell FDRE clocked by clk_fpga_0  {rise@0.000ns fall@5.000ns period=10.000ns})
  Path Group:             (none)
  Path Type:              Hold (Min at Fast Process Corner)
  Data Path Delay:        0.895ns  (logic 0.045ns (5.031%)  route 0.850ns (94.969%))
  Logic Levels:           1  (LUT1=1)
  Clock Uncertainty:      0.152ns  ((TSJ^2 + TIJ^2)^1/2 + DJ) / 2 + PE
    Total System Jitter     (TSJ):    0.050ns
    Total Input Jitter      (TIJ):    0.300ns
    Discrete Jitter          (DJ):    0.000ns
    Phase Error              (PE):    0.000ns
  Timing Exception:       False Path

    Location             Delay type                Incr(ns)  Path(ns)    Netlist Resource(s)
  -------------------------------------------------------------------    -------------------
    PS7_X0Y0             PS7                          0.000     0.000 f  design_1_i/processing_system7_0/inst/PS7_i/FCLKRESETN[0]
                         net (fo=1, routed)           0.850     0.850    design_1_i/rst_ps7_0_100M/U0/EXT_LPF/ACTIVE_LOW_EXT.ACT_LO_EXT/ext_reset_in
    SLICE_X40Y109        LUT1 (Prop_lut1_I0_O)        0.045     0.895 r  design_1_i/rst_ps7_0_100M/U0/EXT_LPF/ACTIVE_LOW_EXT.ACT_LO_EXT/GENERATE_LEVEL_P_S_CDC.SINGLE_BIT.CROSS_PLEVEL_IN2SCNDRY_IN_cdc_to_i_1/O
                         net (fo=1, routed)           0.000     0.895    design_1_i/rst_ps7_0_100M/U0/EXT_LPF/ACTIVE_LOW_EXT.ACT_LO_EXT/exr_d1
    SLICE_X40Y109        FDRE                                         r  design_1_i/rst_ps7_0_100M/U0/EXT_LPF/ACTIVE_LOW_EXT.ACT_LO_EXT/GENERATE_LEVEL_P_S_CDC.SINGLE_BIT.CROSS_PLEVEL_IN2SCNDRY_IN_cdc_to/D
  -------------------------------------------------------------------    -------------------

                         (clock clk_fpga_0 rise edge)
                                                      0.000     0.000 r  
    PS7_X0Y0             PS7                          0.000     0.000 r  design_1_i/processing_system7_0/inst/PS7_i/FCLKCLK[0]
                         net (fo=1, routed)           0.337     0.337    design_1_i/processing_system7_0/inst/FCLK_CLK_unbuffered[0]
    BUFGCTRL_X0Y16       BUFG (Prop_bufg_I_O)         0.029     0.366 r  design_1_i/processing_system7_0/inst/buffer_fclk_clk_0.FCLK_CLK_0_BUFG/O
                         net (fo=2171, routed)        0.909     1.275    design_1_i/rst_ps7_0_100M/U0/EXT_LPF/ACTIVE_LOW_EXT.ACT_LO_EXT/slowest_sync_clk
    SLICE_X40Y109        FDRE                                         r  design_1_i/rst_ps7_0_100M/U0/EXT_LPF/ACTIVE_LOW_EXT.ACT_LO_EXT/GENERATE_LEVEL_P_S_CDC.SINGLE_BIT.CROSS_PLEVEL_IN2SCNDRY_IN_cdc_to/C





--------------------------------------------------------------------------------------
Path Group:  (none)
From Clock:  clk_fpga_0
  To Clock:  

Max Delay            37 Endpoints
Min Delay            37 Endpoints
--------------------------------------------------------------------------------------


Max Delay Paths
--------------------------------------------------------------------------------------
Slack:                    inf
  Source:                 design_1_i/axi_iic_0/U0/X_IIC/IIC_CONTROL_I/scl_cout_reg_reg/C
                            (rising edge-triggered cell FDSE clocked by clk_fpga_0  {rise@0.000ns fall@5.000ns period=10.000ns})
  Destination:            i2c_control_scl_io
                            (output port)
  Path Group:             (none)
  Path Type:              Max at Slow Process Corner
  Data Path Delay:        9.253ns  (logic 4.175ns (45.117%)  route 5.078ns (54.883%))
  Logic Levels:           2  (LUT4=1 OBUFT=1)
  Clock Uncertainty:      0.152ns  ((TSJ^2 + TIJ^2)^1/2 + DJ) / 2 + PE
    Total System Jitter     (TSJ):    0.050ns
    Total Input Jitter      (TIJ):    0.300ns
    Discrete Jitter          (DJ):    0.000ns
    Phase Error              (PE):    0.000ns

    Location             Delay type                Incr(ns)  Path(ns)    Netlist Resource(s)
  -------------------------------------------------------------------    -------------------
                         (clock clk_fpga_0 rise edge)
                                                      0.000     0.000 r  
    PS7_X0Y0             PS7                          0.000     0.000 r  design_1_i/processing_system7_0/inst/PS7_i/FCLKCLK[0]
                         net (fo=1, routed)           1.193     1.193    design_1_i/processing_system7_0/inst/FCLK_CLK_unbuffered[0]
    BUFGCTRL_X0Y16       BUFG (Prop_bufg_I_O)         0.101     1.294 r  design_1_i/processing_system7_0/inst/buffer_fclk_clk_0.FCLK_CLK_0_BUFG/O
                         net (fo=2171, routed)        1.636     2.930    design_1_i/axi_iic_0/U0/X_IIC/IIC_CONTROL_I/s_axi_aclk
    SLICE_X51Y88         FDSE                                         r  design_1_i/axi_iic_0/U0/X_IIC/IIC_CONTROL_I/scl_cout_reg_reg/C
  -------------------------------------------------------------------    -------------------
    SLICE_X51Y88         FDSE (Prop_fdse_C_Q)         0.456     3.386 f  design_1_i/axi_iic_0/U0/X_IIC/IIC_CONTROL_I/scl_cout_reg_reg/Q
                         net (fo=1, routed)           1.041     4.427    design_1_i/axi_iic_0/U0/X_IIC/IIC_CONTROL_I/scl_cout_reg
    SLICE_X48Y84         LUT4 (Prop_lut4_I1_O)        0.124     4.551 f  design_1_i/axi_iic_0/U0/X_IIC/IIC_CONTROL_I/Scl_T_inferred_i_1/O
                         net (fo=1, routed)           4.037     8.588    i2c_control_scl_iobuf/T
    Y18                  OBUFT (TriStatE_obuft_T_O)
                                                      3.595    12.183 r  i2c_control_scl_iobuf/OBUFT/O
                         net (fo=1, unset)            0.000    12.183    i2c_control_scl_io
    Y18                                                               r  i2c_control_scl_io (INOUT)
  -------------------------------------------------------------------    -------------------

Slack:                    inf
  Source:                 design_1_i/axi_iic_0/U0/X_IIC/IIC_CONTROL_I/sda_cout_reg_reg/C
                            (rising edge-triggered cell FDSE clocked by clk_fpga_0  {rise@0.000ns fall@5.000ns period=10.000ns})
  Destination:            i2c_control_sda_io
                            (output port)
  Path Group:             (none)
  Path Type:              Max at Slow Process Corner
  Data Path Delay:        8.398ns  (logic 4.169ns (49.638%)  route 4.229ns (50.362%))
  Logic Levels:           2  (LUT5=1 OBUFT=1)
  Clock Uncertainty:      0.152ns  ((TSJ^2 + TIJ^2)^1/2 + DJ) / 2 + PE
    Total System Jitter     (TSJ):    0.050ns
    Total Input Jitter      (TIJ):    0.300ns
    Discrete Jitter          (DJ):    0.000ns
    Phase Error              (PE):    0.000ns

    Location             Delay type                Incr(ns)  Path(ns)    Netlist Resource(s)
  -------------------------------------------------------------------    -------------------
                         (clock clk_fpga_0 rise edge)
                                                      0.000     0.000 r  
    PS7_X0Y0             PS7                          0.000     0.000 r  design_1_i/processing_system7_0/inst/PS7_i/FCLKCLK[0]
                         net (fo=1, routed)           1.193     1.193    design_1_i/processing_system7_0/inst/FCLK_CLK_unbuffered[0]
    BUFGCTRL_X0Y16       BUFG (Prop_bufg_I_O)         0.101     1.294 r  design_1_i/processing_system7_0/inst/buffer_fclk_clk_0.FCLK_CLK_0_BUFG/O
                         net (fo=2171, routed)        1.635     2.929    design_1_i/axi_iic_0/U0/X_IIC/IIC_CONTROL_I/s_axi_aclk
    SLICE_X51Y87         FDSE                                         r  design_1_i/axi_iic_0/U0/X_IIC/IIC_CONTROL_I/sda_cout_reg_reg/C
  -------------------------------------------------------------------    -------------------
    SLICE_X51Y87         FDSE (Prop_fdse_C_Q)         0.456     3.385 f  design_1_i/axi_iic_0/U0/X_IIC/IIC_CONTROL_I/sda_cout_reg_reg/Q
                         net (fo=4, routed)           0.964     4.349    design_1_i/axi_iic_0/U0/X_IIC/IIC_CONTROL_I/sda_cout_reg
    SLICE_X51Y85         LUT5 (Prop_lut5_I1_O)        0.124     4.473 f  design_1_i/axi_iic_0/U0/X_IIC/IIC_CONTROL_I/Sda_T_inferred_i_1/O
                         net (fo=1, routed)           3.265     7.738    i2c_control_sda_iobuf/T
    Y19                  OBUFT (TriStatE_obuft_T_O)
                                                      3.589    11.327 r  i2c_control_sda_iobuf/OBUFT/O
                         net (fo=1, unset)            0.000    11.327    i2c_control_sda_io
    Y19                                                               r  i2c_control_sda_io (INOUT)
  -------------------------------------------------------------------    -------------------

Slack:                    inf
  Source:                 design_1_i/Motor_DriverIP_0/U0/Motor_DriverIP_slave_lite_v1_0_S00_AXI_inst/AXI_Motor_Driver/Mout_reg[1]/C
                            (rising edge-triggered cell FDRE clocked by clk_fpga_0  {rise@0.000ns fall@5.000ns period=10.000ns})
  Destination:            Mout_0[1]
                            (output port)
  Path Group:             (none)
  Path Type:              Max at Slow Process Corner
  Data Path Delay:        8.114ns  (logic 4.238ns (52.227%)  route 3.876ns (47.773%))
  Logic Levels:           1  (OBUF=1)
  Clock Uncertainty:      0.152ns  ((TSJ^2 + TIJ^2)^1/2 + DJ) / 2 + PE
    Total System Jitter     (TSJ):    0.050ns
    Total Input Jitter      (TIJ):    0.300ns
    Discrete Jitter          (DJ):    0.000ns
    Phase Error              (PE):    0.000ns

    Location             Delay type                Incr(ns)  Path(ns)    Netlist Resource(s)
  -------------------------------------------------------------------    -------------------
                         (clock clk_fpga_0 rise edge)
                                                      0.000     0.000 r  
    PS7_X0Y0             PS7                          0.000     0.000 r  design_1_i/processing_system7_0/inst/PS7_i/FCLKCLK[0]
                         net (fo=1, routed)           1.193     1.193    design_1_i/processing_system7_0/inst/FCLK_CLK_unbuffered[0]
    BUFGCTRL_X0Y16       BUFG (Prop_bufg_I_O)         0.101     1.294 r  design_1_i/processing_system7_0/inst/buffer_fclk_clk_0.FCLK_CLK_0_BUFG/O
                         net (fo=2171, routed)        1.640     2.934    design_1_i/Motor_DriverIP_0/U0/Motor_DriverIP_slave_lite_v1_0_S00_AXI_inst/AXI_Motor_Driver/Clk
    SLICE_X53Y97         FDRE                                         r  design_1_i/Motor_DriverIP_0/U0/Motor_DriverIP_slave_lite_v1_0_S00_AXI_inst/AXI_Motor_Driver/Mout_reg[1]/C
  -------------------------------------------------------------------    -------------------
    SLICE_X53Y97         FDRE (Prop_fdre_C_Q)         0.419     3.353 r  design_1_i/Motor_DriverIP_0/U0/Motor_DriverIP_slave_lite_v1_0_S00_AXI_inst/AXI_Motor_Driver/Mout_reg[1]/Q
                         net (fo=1, routed)           3.876     7.229    Mout_0_OBUF[1]
    Y14                  OBUF (Prop_obuf_I_O)         3.819    11.048 r  Mout_0_OBUF[1]_inst/O
                         net (fo=0)                   0.000    11.048    Mout_0[1]
    Y14                                                               r  Mout_0[1] (OUT)
  -------------------------------------------------------------------    -------------------

Slack:                    inf
  Source:                 design_1_i/axi_iic_0/U0/X_IIC/REG_INTERFACE_I/GPO_GEN.gpo_i_reg[31]/C
                            (rising edge-triggered cell FDRE clocked by clk_fpga_0  {rise@0.000ns fall@5.000ns period=10.000ns})
  Destination:            IIC_GPIO_OUT[0]
                            (output port)
  Path Group:             (none)
  Path Type:              Max at Slow Process Corner
  Data Path Delay:        7.980ns  (logic 4.057ns (50.840%)  route 3.923ns (49.160%))
  Logic Levels:           1  (OBUF=1)
  Clock Uncertainty:      0.152ns  ((TSJ^2 + TIJ^2)^1/2 + DJ) / 2 + PE
    Total System Jitter     (TSJ):    0.050ns
    Total Input Jitter      (TIJ):    0.300ns
    Discrete Jitter          (DJ):    0.000ns
    Phase Error              (PE):    0.000ns

    Location             Delay type                Incr(ns)  Path(ns)    Netlist Resource(s)
  -------------------------------------------------------------------    -------------------
                         (clock clk_fpga_0 rise edge)
                                                      0.000     0.000 r  
    PS7_X0Y0             PS7                          0.000     0.000 r  design_1_i/processing_system7_0/inst/PS7_i/FCLKCLK[0]
                         net (fo=1, routed)           1.193     1.193    design_1_i/processing_system7_0/inst/FCLK_CLK_unbuffered[0]
    BUFGCTRL_X0Y16       BUFG (Prop_bufg_I_O)         0.101     1.294 r  design_1_i/processing_system7_0/inst/buffer_fclk_clk_0.FCLK_CLK_0_BUFG/O
                         net (fo=2171, routed)        1.649     2.943    design_1_i/axi_iic_0/U0/X_IIC/REG_INTERFACE_I/s_axi_aclk
    SLICE_X44Y90         FDRE                                         r  design_1_i/axi_iic_0/U0/X_IIC/REG_INTERFACE_I/GPO_GEN.gpo_i_reg[31]/C
  -------------------------------------------------------------------    -------------------
    SLICE_X44Y90         FDRE (Prop_fdre_C_Q)         0.456     3.399 r  design_1_i/axi_iic_0/U0/X_IIC/REG_INTERFACE_I/GPO_GEN.gpo_i_reg[31]/Q
                         net (fo=3, routed)           3.923     7.322    IIC_GPIO_OUT_OBUF[0]
    V12                  OBUF (Prop_obuf_I_O)         3.601    10.923 r  IIC_GPIO_OUT_OBUF[0]_inst/O
                         net (fo=0)                   0.000    10.923    IIC_GPIO_OUT[0]
    V12                                                               r  IIC_GPIO_OUT[0] (OUT)
  -------------------------------------------------------------------    -------------------

Slack:                    inf
  Source:                 design_1_i/Motor_DriverIP_0/U0/Motor_DriverIP_slave_lite_v1_0_S00_AXI_inst/AXI_Motor_Driver/Mout_reg[0]/C
                            (rising edge-triggered cell FDRE clocked by clk_fpga_0  {rise@0.000ns fall@5.000ns period=10.000ns})
  Destination:            Mout_0[0]
                            (output port)
  Path Group:             (none)
  Path Type:              Max at Slow Process Corner
  Data Path Delay:        7.960ns  (logic 4.111ns (51.644%)  route 3.849ns (48.356%))
  Logic Levels:           1  (OBUF=1)
  Clock Uncertainty:      0.152ns  ((TSJ^2 + TIJ^2)^1/2 + DJ) / 2 + PE
    Total System Jitter     (TSJ):    0.050ns
    Total Input Jitter      (TIJ):    0.300ns
    Discrete Jitter          (DJ):    0.000ns
    Phase Error              (PE):    0.000ns

    Location             Delay type                Incr(ns)  Path(ns)    Netlist Resource(s)
  -------------------------------------------------------------------    -------------------
                         (clock clk_fpga_0 rise edge)
                                                      0.000     0.000 r  
    PS7_X0Y0             PS7                          0.000     0.000 r  design_1_i/processing_system7_0/inst/PS7_i/FCLKCLK[0]
                         net (fo=1, routed)           1.193     1.193    design_1_i/processing_system7_0/inst/FCLK_CLK_unbuffered[0]
    BUFGCTRL_X0Y16       BUFG (Prop_bufg_I_O)         0.101     1.294 r  design_1_i/processing_system7_0/inst/buffer_fclk_clk_0.FCLK_CLK_0_BUFG/O
                         net (fo=2171, routed)        1.640     2.934    design_1_i/Motor_DriverIP_0/U0/Motor_DriverIP_slave_lite_v1_0_S00_AXI_inst/AXI_Motor_Driver/Clk
    SLICE_X53Y97         FDRE                                         r  design_1_i/Motor_DriverIP_0/U0/Motor_DriverIP_slave_lite_v1_0_S00_AXI_inst/AXI_Motor_Driver/Mout_reg[0]/C
  -------------------------------------------------------------------    -------------------
    SLICE_X53Y97         FDRE (Prop_fdre_C_Q)         0.456     3.390 r  design_1_i/Motor_DriverIP_0/U0/Motor_DriverIP_slave_lite_v1_0_S00_AXI_inst/AXI_Motor_Driver/Mout_reg[0]/Q
                         net (fo=1, routed)           3.849     7.239    Mout_0_OBUF[0]
    W14                  OBUF (Prop_obuf_I_O)         3.655    10.894 r  Mout_0_OBUF[0]_inst/O
                         net (fo=0)                   0.000    10.894    Mout_0[0]
    W14                                                               r  Mout_0[0] (OUT)
  -------------------------------------------------------------------    -------------------

Slack:                    inf
  Source:                 design_1_i/axi_timer_0/U0/TC_CORE_I/PWM_FF_I/C
                            (rising edge-triggered cell FDRE clocked by clk_fpga_0  {rise@0.000ns fall@5.000ns period=10.000ns})
  Destination:            DEBUG_PWM
                            (output port)
  Path Group:             (none)
  Path Type:              Max at Slow Process Corner
  Data Path Delay:        7.860ns  (logic 4.042ns (51.425%)  route 3.818ns (48.575%))
  Logic Levels:           1  (OBUF=1)
  Clock Uncertainty:      0.152ns  ((TSJ^2 + TIJ^2)^1/2 + DJ) / 2 + PE
    Total System Jitter     (TSJ):    0.050ns
    Total Input Jitter      (TIJ):    0.300ns
    Discrete Jitter          (DJ):    0.000ns
    Phase Error              (PE):    0.000ns

    Location             Delay type                Incr(ns)  Path(ns)    Netlist Resource(s)
  -------------------------------------------------------------------    -------------------
                         (clock clk_fpga_0 rise edge)
                                                      0.000     0.000 r  
    PS7_X0Y0             PS7                          0.000     0.000 r  design_1_i/processing_system7_0/inst/PS7_i/FCLKCLK[0]
                         net (fo=1, routed)           1.193     1.193    design_1_i/processing_system7_0/inst/FCLK_CLK_unbuffered[0]
    BUFGCTRL_X0Y16       BUFG (Prop_bufg_I_O)         0.101     1.294 r  design_1_i/processing_system7_0/inst/buffer_fclk_clk_0.FCLK_CLK_0_BUFG/O
                         net (fo=2171, routed)        1.651     2.945    design_1_i/axi_timer_0/U0/TC_CORE_I/s_axi_aclk
    SLICE_X47Y96         FDRE                                         r  design_1_i/axi_timer_0/U0/TC_CORE_I/PWM_FF_I/C
  -------------------------------------------------------------------    -------------------
    SLICE_X47Y96         FDRE (Prop_fdre_C_Q)         0.456     3.401 r  design_1_i/axi_timer_0/U0/TC_CORE_I/PWM_FF_I/Q
                         net (fo=6, routed)           3.818     7.219    DEBUG_PWM_OBUF
    W13                  OBUF (Prop_obuf_I_O)         3.586    10.805 r  DEBUG_PWM_OBUF_inst/O
                         net (fo=0)                   0.000    10.805    DEBUG_PWM
    W13                                                               r  DEBUG_PWM (OUT)
  -------------------------------------------------------------------    -------------------

Slack:                    inf
  Source:                 design_1_i/Motor_DriverIP_0/U0/Motor_DriverIP_slave_lite_v1_0_S00_AXI_inst/AXI_Motor_Driver/Mout_reg[2]/C
                            (rising edge-triggered cell FDRE clocked by clk_fpga_0  {rise@0.000ns fall@5.000ns period=10.000ns})
  Destination:            Mout_0[2]
                            (output port)
  Path Group:             (none)
  Path Type:              Max at Slow Process Corner
  Data Path Delay:        7.637ns  (logic 4.061ns (53.169%)  route 3.577ns (46.831%))
  Logic Levels:           1  (OBUF=1)
  Clock Uncertainty:      0.152ns  ((TSJ^2 + TIJ^2)^1/2 + DJ) / 2 + PE
    Total System Jitter     (TSJ):    0.050ns
    Total Input Jitter      (TIJ):    0.300ns
    Discrete Jitter          (DJ):    0.000ns
    Phase Error              (PE):    0.000ns

    Location             Delay type                Incr(ns)  Path(ns)    Netlist Resource(s)
  -------------------------------------------------------------------    -------------------
                         (clock clk_fpga_0 rise edge)
                                                      0.000     0.000 r  
    PS7_X0Y0             PS7                          0.000     0.000 r  design_1_i/processing_system7_0/inst/PS7_i/FCLKCLK[0]
                         net (fo=1, routed)           1.193     1.193    design_1_i/processing_system7_0/inst/FCLK_CLK_unbuffered[0]
    BUFGCTRL_X0Y16       BUFG (Prop_bufg_I_O)         0.101     1.294 r  design_1_i/processing_system7_0/inst/buffer_fclk_clk_0.FCLK_CLK_0_BUFG/O
                         net (fo=2171, routed)        1.640     2.934    design_1_i/Motor_DriverIP_0/U0/Motor_DriverIP_slave_lite_v1_0_S00_AXI_inst/AXI_Motor_Driver/Clk
    SLICE_X53Y97         FDRE                                         r  design_1_i/Motor_DriverIP_0/U0/Motor_DriverIP_slave_lite_v1_0_S00_AXI_inst/AXI_Motor_Driver/Mout_reg[2]/C
  -------------------------------------------------------------------    -------------------
    SLICE_X53Y97         FDRE (Prop_fdre_C_Q)         0.456     3.390 r  design_1_i/Motor_DriverIP_0/U0/Motor_DriverIP_slave_lite_v1_0_S00_AXI_inst/AXI_Motor_Driver/Mout_reg[2]/Q
                         net (fo=1, routed)           3.577     6.967    Mout_0_OBUF[2]
    T11                  OBUF (Prop_obuf_I_O)         3.605    10.571 r  Mout_0_OBUF[2]_inst/O
                         net (fo=0)                   0.000    10.571    Mout_0[2]
    T11                                                               r  Mout_0[2] (OUT)
  -------------------------------------------------------------------    -------------------

Slack:                    inf
  Source:                 design_1_i/Motor_DriverIP_0/U0/Motor_DriverIP_slave_lite_v1_0_S00_AXI_inst/AXI_Motor_Driver/Mout_reg[3]/C
                            (rising edge-triggered cell FDRE clocked by clk_fpga_0  {rise@0.000ns fall@5.000ns period=10.000ns})
  Destination:            Mout_0[3]
                            (output port)
  Path Group:             (none)
  Path Type:              Max at Slow Process Corner
  Data Path Delay:        7.276ns  (logic 4.189ns (57.575%)  route 3.087ns (42.425%))
  Logic Levels:           1  (OBUF=1)
  Clock Uncertainty:      0.152ns  ((TSJ^2 + TIJ^2)^1/2 + DJ) / 2 + PE
    Total System Jitter     (TSJ):    0.050ns
    Total Input Jitter      (TIJ):    0.300ns
    Discrete Jitter          (DJ):    0.000ns
    Phase Error              (PE):    0.000ns

    Location             Delay type                Incr(ns)  Path(ns)    Netlist Resource(s)
  -------------------------------------------------------------------    -------------------
                         (clock clk_fpga_0 rise edge)
                                                      0.000     0.000 r  
    PS7_X0Y0             PS7                          0.000     0.000 r  design_1_i/processing_system7_0/inst/PS7_i/FCLKCLK[0]
                         net (fo=1, routed)           1.193     1.193    design_1_i/processing_system7_0/inst/FCLK_CLK_unbuffered[0]
    BUFGCTRL_X0Y16       BUFG (Prop_bufg_I_O)         0.101     1.294 r  design_1_i/processing_system7_0/inst/buffer_fclk_clk_0.FCLK_CLK_0_BUFG/O
                         net (fo=2171, routed)        1.640     2.934    design_1_i/Motor_DriverIP_0/U0/Motor_DriverIP_slave_lite_v1_0_S00_AXI_inst/AXI_Motor_Driver/Clk
    SLICE_X53Y97         FDRE                                         r  design_1_i/Motor_DriverIP_0/U0/Motor_DriverIP_slave_lite_v1_0_S00_AXI_inst/AXI_Motor_Driver/Mout_reg[3]/C
  -------------------------------------------------------------------    -------------------
    SLICE_X53Y97         FDRE (Prop_fdre_C_Q)         0.419     3.353 r  design_1_i/Motor_DriverIP_0/U0/Motor_DriverIP_slave_lite_v1_0_S00_AXI_inst/AXI_Motor_Driver/Mout_reg[3]/Q
                         net (fo=1, routed)           3.087     6.440    Mout_0_OBUF[3]
    T10                  OBUF (Prop_obuf_I_O)         3.770    10.210 r  Mout_0_OBUF[3]_inst/O
                         net (fo=0)                   0.000    10.210    Mout_0[3]
    T10                                                               r  Mout_0[3] (OUT)
  -------------------------------------------------------------------    -------------------

Slack:                    inf
  Source:                 design_1_i/Motor_DriverIP_0/U0/Motor_DriverIP_slave_lite_v1_0_S00_AXI_inst/axi_araddr_reg[2]/C
                            (rising edge-triggered cell FDSE clocked by clk_fpga_0  {rise@0.000ns fall@5.000ns period=10.000ns})
  Destination:            design_1_i/Motor_DriverIP_0/U0/Motor_DriverIP_slave_lite_v1_0_S00_AXI_inst/reg_data_out_reg[22]/D
  Path Group:             (none)
  Path Type:              Max at Slow Process Corner
  Data Path Delay:        3.852ns  (logic 0.642ns (16.667%)  route 3.210ns (83.333%))
  Logic Levels:           1  (LUT5=1)
  Clock Uncertainty:      0.152ns  ((TSJ^2 + TIJ^2)^1/2 + DJ) / 2 + PE
    Total System Jitter     (TSJ):    0.050ns
    Total Input Jitter      (TIJ):    0.300ns
    Discrete Jitter          (DJ):    0.000ns
    Phase Error              (PE):    0.000ns

    Location             Delay type                Incr(ns)  Path(ns)    Netlist Resource(s)
  -------------------------------------------------------------------    -------------------
                         (clock clk_fpga_0 rise edge)
                                                      0.000     0.000 r  
    PS7_X0Y0             PS7                          0.000     0.000 r  design_1_i/processing_system7_0/inst/PS7_i/FCLKCLK[0]
                         net (fo=1, routed)           1.193     1.193    design_1_i/processing_system7_0/inst/FCLK_CLK_unbuffered[0]
    BUFGCTRL_X0Y16       BUFG (Prop_bufg_I_O)         0.101     1.294 r  design_1_i/processing_system7_0/inst/buffer_fclk_clk_0.FCLK_CLK_0_BUFG/O
                         net (fo=2171, routed)        1.653     2.947    design_1_i/Motor_DriverIP_0/U0/Motor_DriverIP_slave_lite_v1_0_S00_AXI_inst/s00_axi_aclk
    SLICE_X38Y97         FDSE                                         r  design_1_i/Motor_DriverIP_0/U0/Motor_DriverIP_slave_lite_v1_0_S00_AXI_inst/axi_araddr_reg[2]/C
  -------------------------------------------------------------------    -------------------
    SLICE_X38Y97         FDSE (Prop_fdse_C_Q)         0.518     3.465 r  design_1_i/Motor_DriverIP_0/U0/Motor_DriverIP_slave_lite_v1_0_S00_AXI_inst/axi_araddr_reg[2]/Q
                         net (fo=34, routed)          2.564     6.029    design_1_i/Motor_DriverIP_0/U0/Motor_DriverIP_slave_lite_v1_0_S00_AXI_inst/p_0_in[0]
    SLICE_X36Y105        LUT5 (Prop_lut5_I1_O)        0.124     6.153 r  design_1_i/Motor_DriverIP_0/U0/Motor_DriverIP_slave_lite_v1_0_S00_AXI_inst/reg_data_out_reg[22]_i_1/O
                         net (fo=1, routed)           0.646     6.799    design_1_i/Motor_DriverIP_0/U0/Motor_DriverIP_slave_lite_v1_0_S00_AXI_inst/reg_data_out_reg[22]_i_1_n_0
    SLICE_X36Y106        LDCE                                         r  design_1_i/Motor_DriverIP_0/U0/Motor_DriverIP_slave_lite_v1_0_S00_AXI_inst/reg_data_out_reg[22]/D
  -------------------------------------------------------------------    -------------------

Slack:                    inf
  Source:                 design_1_i/Motor_DriverIP_0/U0/Motor_DriverIP_slave_lite_v1_0_S00_AXI_inst/axi_araddr_reg[2]/C
                            (rising edge-triggered cell FDSE clocked by clk_fpga_0  {rise@0.000ns fall@5.000ns period=10.000ns})
  Destination:            design_1_i/Motor_DriverIP_0/U0/Motor_DriverIP_slave_lite_v1_0_S00_AXI_inst/reg_data_out_reg[18]/D
  Path Group:             (none)
  Path Type:              Max at Slow Process Corner
  Data Path Delay:        3.443ns  (logic 0.642ns (18.646%)  route 2.801ns (81.354%))
  Logic Levels:           1  (LUT5=1)
  Clock Uncertainty:      0.152ns  ((TSJ^2 + TIJ^2)^1/2 + DJ) / 2 + PE
    Total System Jitter     (TSJ):    0.050ns
    Total Input Jitter      (TIJ):    0.300ns
    Discrete Jitter          (DJ):    0.000ns
    Phase Error              (PE):    0.000ns

    Location             Delay type                Incr(ns)  Path(ns)    Netlist Resource(s)
  -------------------------------------------------------------------    -------------------
                         (clock clk_fpga_0 rise edge)
                                                      0.000     0.000 r  
    PS7_X0Y0             PS7                          0.000     0.000 r  design_1_i/processing_system7_0/inst/PS7_i/FCLKCLK[0]
                         net (fo=1, routed)           1.193     1.193    design_1_i/processing_system7_0/inst/FCLK_CLK_unbuffered[0]
    BUFGCTRL_X0Y16       BUFG (Prop_bufg_I_O)         0.101     1.294 r  design_1_i/processing_system7_0/inst/buffer_fclk_clk_0.FCLK_CLK_0_BUFG/O
                         net (fo=2171, routed)        1.653     2.947    design_1_i/Motor_DriverIP_0/U0/Motor_DriverIP_slave_lite_v1_0_S00_AXI_inst/s00_axi_aclk
    SLICE_X38Y97         FDSE                                         r  design_1_i/Motor_DriverIP_0/U0/Motor_DriverIP_slave_lite_v1_0_S00_AXI_inst/axi_araddr_reg[2]/C
  -------------------------------------------------------------------    -------------------
    SLICE_X38Y97         FDSE (Prop_fdse_C_Q)         0.518     3.465 r  design_1_i/Motor_DriverIP_0/U0/Motor_DriverIP_slave_lite_v1_0_S00_AXI_inst/axi_araddr_reg[2]/Q
                         net (fo=34, routed)          2.254     5.719    design_1_i/Motor_DriverIP_0/U0/Motor_DriverIP_slave_lite_v1_0_S00_AXI_inst/p_0_in[0]
    SLICE_X38Y105        LUT5 (Prop_lut5_I1_O)        0.124     5.843 r  design_1_i/Motor_DriverIP_0/U0/Motor_DriverIP_slave_lite_v1_0_S00_AXI_inst/reg_data_out_reg[18]_i_1/O
                         net (fo=1, routed)           0.547     6.390    design_1_i/Motor_DriverIP_0/U0/Motor_DriverIP_slave_lite_v1_0_S00_AXI_inst/reg_data_out_reg[18]_i_1_n_0
    SLICE_X36Y104        LDCE                                         r  design_1_i/Motor_DriverIP_0/U0/Motor_DriverIP_slave_lite_v1_0_S00_AXI_inst/reg_data_out_reg[18]/D
  -------------------------------------------------------------------    -------------------





Min Delay Paths
--------------------------------------------------------------------------------------
Slack:                    inf
  Source:                 design_1_i/Motor_DriverIP_0/U0/Motor_DriverIP_slave_lite_v1_0_S00_AXI_inst/slv_reg3_reg[7]/C
                            (rising edge-triggered cell FDRE clocked by clk_fpga_0  {rise@0.000ns fall@5.000ns period=10.000ns})
  Destination:            design_1_i/Motor_DriverIP_0/U0/Motor_DriverIP_slave_lite_v1_0_S00_AXI_inst/reg_data_out_reg[7]/D
  Path Group:             (none)
  Path Type:              Min at Fast Process Corner
  Data Path Delay:        0.424ns  (logic 0.226ns (53.263%)  route 0.198ns (46.737%))
  Logic Levels:           1  (LUT5=1)
  Clock Uncertainty:      0.152ns  ((TSJ^2 + TIJ^2)^1/2 + DJ) / 2 + PE
    Total System Jitter     (TSJ):    0.050ns
    Total Input Jitter      (TIJ):    0.300ns
    Discrete Jitter          (DJ):    0.000ns
    Phase Error              (PE):    0.000ns

    Location             Delay type                Incr(ns)  Path(ns)    Netlist Resource(s)
  -------------------------------------------------------------------    -------------------
                         (clock clk_fpga_0 rise edge)
                                                      0.000     0.000 r  
    PS7_X0Y0             PS7                          0.000     0.000 r  design_1_i/processing_system7_0/inst/PS7_i/FCLKCLK[0]
                         net (fo=1, routed)           0.310     0.310    design_1_i/processing_system7_0/inst/FCLK_CLK_unbuffered[0]
    BUFGCTRL_X0Y16       BUFG (Prop_bufg_I_O)         0.026     0.336 r  design_1_i/processing_system7_0/inst/buffer_fclk_clk_0.FCLK_CLK_0_BUFG/O
                         net (fo=2171, routed)        0.555     0.891    design_1_i/Motor_DriverIP_0/U0/Motor_DriverIP_slave_lite_v1_0_S00_AXI_inst/s00_axi_aclk
    SLICE_X49Y95         FDRE                                         r  design_1_i/Motor_DriverIP_0/U0/Motor_DriverIP_slave_lite_v1_0_S00_AXI_inst/slv_reg3_reg[7]/C
  -------------------------------------------------------------------    -------------------
    SLICE_X49Y95         FDRE (Prop_fdre_C_Q)         0.128     1.019 r  design_1_i/Motor_DriverIP_0/U0/Motor_DriverIP_slave_lite_v1_0_S00_AXI_inst/slv_reg3_reg[7]/Q
                         net (fo=1, routed)           0.086     1.104    design_1_i/Motor_DriverIP_0/U0/Motor_DriverIP_slave_lite_v1_0_S00_AXI_inst/slv_reg3[7]
    SLICE_X49Y95         LUT5 (Prop_lut5_I0_O)        0.098     1.202 r  design_1_i/Motor_DriverIP_0/U0/Motor_DriverIP_slave_lite_v1_0_S00_AXI_inst/reg_data_out_reg[7]_i_1/O
                         net (fo=1, routed)           0.113     1.315    design_1_i/Motor_DriverIP_0/U0/Motor_DriverIP_slave_lite_v1_0_S00_AXI_inst/reg_data_out_reg[7]_i_1_n_0
    SLICE_X48Y94         LDCE                                         r  design_1_i/Motor_DriverIP_0/U0/Motor_DriverIP_slave_lite_v1_0_S00_AXI_inst/reg_data_out_reg[7]/D
  -------------------------------------------------------------------    -------------------

Slack:                    inf
  Source:                 design_1_i/Motor_DriverIP_0/U0/Motor_DriverIP_slave_lite_v1_0_S00_AXI_inst/slv_reg3_reg[3]/C
                            (rising edge-triggered cell FDRE clocked by clk_fpga_0  {rise@0.000ns fall@5.000ns period=10.000ns})
  Destination:            design_1_i/Motor_DriverIP_0/U0/Motor_DriverIP_slave_lite_v1_0_S00_AXI_inst/reg_data_out_reg[3]/D
  Path Group:             (none)
  Path Type:              Min at Fast Process Corner
  Data Path Delay:        0.453ns  (logic 0.186ns (41.097%)  route 0.267ns (58.903%))
  Logic Levels:           1  (LUT5=1)
  Clock Uncertainty:      0.152ns  ((TSJ^2 + TIJ^2)^1/2 + DJ) / 2 + PE
    Total System Jitter     (TSJ):    0.050ns
    Total Input Jitter      (TIJ):    0.300ns
    Discrete Jitter          (DJ):    0.000ns
    Phase Error              (PE):    0.000ns

    Location             Delay type                Incr(ns)  Path(ns)    Netlist Resource(s)
  -------------------------------------------------------------------    -------------------
                         (clock clk_fpga_0 rise edge)
                                                      0.000     0.000 r  
    PS7_X0Y0             PS7                          0.000     0.000 r  design_1_i/processing_system7_0/inst/PS7_i/FCLKCLK[0]
                         net (fo=1, routed)           0.310     0.310    design_1_i/processing_system7_0/inst/FCLK_CLK_unbuffered[0]
    BUFGCTRL_X0Y16       BUFG (Prop_bufg_I_O)         0.026     0.336 r  design_1_i/processing_system7_0/inst/buffer_fclk_clk_0.FCLK_CLK_0_BUFG/O
                         net (fo=2171, routed)        0.555     0.891    design_1_i/Motor_DriverIP_0/U0/Motor_DriverIP_slave_lite_v1_0_S00_AXI_inst/s00_axi_aclk
    SLICE_X49Y95         FDRE                                         r  design_1_i/Motor_DriverIP_0/U0/Motor_DriverIP_slave_lite_v1_0_S00_AXI_inst/slv_reg3_reg[3]/C
  -------------------------------------------------------------------    -------------------
    SLICE_X49Y95         FDRE (Prop_fdre_C_Q)         0.141     1.032 r  design_1_i/Motor_DriverIP_0/U0/Motor_DriverIP_slave_lite_v1_0_S00_AXI_inst/slv_reg3_reg[3]/Q
                         net (fo=1, routed)           0.095     1.127    design_1_i/Motor_DriverIP_0/U0/Motor_DriverIP_slave_lite_v1_0_S00_AXI_inst/slv_reg3[3]
    SLICE_X48Y95         LUT5 (Prop_lut5_I0_O)        0.045     1.172 r  design_1_i/Motor_DriverIP_0/U0/Motor_DriverIP_slave_lite_v1_0_S00_AXI_inst/reg_data_out_reg[3]_i_1/O
                         net (fo=1, routed)           0.172     1.343    design_1_i/Motor_DriverIP_0/U0/Motor_DriverIP_slave_lite_v1_0_S00_AXI_inst/reg_data_out_reg[3]_i_1_n_0
    SLICE_X48Y94         LDCE                                         r  design_1_i/Motor_DriverIP_0/U0/Motor_DriverIP_slave_lite_v1_0_S00_AXI_inst/reg_data_out_reg[3]/D
  -------------------------------------------------------------------    -------------------

Slack:                    inf
  Source:                 design_1_i/Motor_DriverIP_0/U0/Motor_DriverIP_slave_lite_v1_0_S00_AXI_inst/slv_reg2_reg[17]/C
                            (rising edge-triggered cell FDRE clocked by clk_fpga_0  {rise@0.000ns fall@5.000ns period=10.000ns})
  Destination:            design_1_i/Motor_DriverIP_0/U0/Motor_DriverIP_slave_lite_v1_0_S00_AXI_inst/reg_data_out_reg[17]/D
  Path Group:             (none)
  Path Type:              Min at Fast Process Corner
  Data Path Delay:        0.387ns  (logic 0.186ns (48.070%)  route 0.201ns (51.930%))
  Logic Levels:           1  (LUT5=1)
  Clock Uncertainty:      0.152ns  ((TSJ^2 + TIJ^2)^1/2 + DJ) / 2 + PE
    Total System Jitter     (TSJ):    0.050ns
    Total Input Jitter      (TIJ):    0.300ns
    Discrete Jitter          (DJ):    0.000ns
    Phase Error              (PE):    0.000ns

    Location             Delay type                Incr(ns)  Path(ns)    Netlist Resource(s)
  -------------------------------------------------------------------    -------------------
                         (clock clk_fpga_0 rise edge)
                                                      0.000     0.000 r  
    PS7_X0Y0             PS7                          0.000     0.000 r  design_1_i/processing_system7_0/inst/PS7_i/FCLKCLK[0]
                         net (fo=1, routed)           0.310     0.310    design_1_i/processing_system7_0/inst/FCLK_CLK_unbuffered[0]
    BUFGCTRL_X0Y16       BUFG (Prop_bufg_I_O)         0.026     0.336 r  design_1_i/processing_system7_0/inst/buffer_fclk_clk_0.FCLK_CLK_0_BUFG/O
                         net (fo=2171, routed)        0.638     0.974    design_1_i/Motor_DriverIP_0/U0/Motor_DriverIP_slave_lite_v1_0_S00_AXI_inst/s00_axi_aclk
    SLICE_X37Y105        FDRE                                         r  design_1_i/Motor_DriverIP_0/U0/Motor_DriverIP_slave_lite_v1_0_S00_AXI_inst/slv_reg2_reg[17]/C
  -------------------------------------------------------------------    -------------------
    SLICE_X37Y105        FDRE (Prop_fdre_C_Q)         0.141     1.115 r  design_1_i/Motor_DriverIP_0/U0/Motor_DriverIP_slave_lite_v1_0_S00_AXI_inst/slv_reg2_reg[17]/Q
                         net (fo=1, routed)           0.091     1.206    design_1_i/Motor_DriverIP_0/U0/Motor_DriverIP_slave_lite_v1_0_S00_AXI_inst/slv_reg2[17]
    SLICE_X36Y105        LUT5 (Prop_lut5_I2_O)        0.045     1.251 r  design_1_i/Motor_DriverIP_0/U0/Motor_DriverIP_slave_lite_v1_0_S00_AXI_inst/reg_data_out_reg[17]_i_1/O
                         net (fo=1, routed)           0.110     1.361    design_1_i/Motor_DriverIP_0/U0/Motor_DriverIP_slave_lite_v1_0_S00_AXI_inst/reg_data_out_reg[17]_i_1_n_0
    SLICE_X36Y104        LDCE                                         r  design_1_i/Motor_DriverIP_0/U0/Motor_DriverIP_slave_lite_v1_0_S00_AXI_inst/reg_data_out_reg[17]/D
  -------------------------------------------------------------------    -------------------

Slack:                    inf
  Source:                 design_1_i/Motor_DriverIP_0/U0/Motor_DriverIP_slave_lite_v1_0_S00_AXI_inst/slv_reg3_reg[6]/C
                            (rising edge-triggered cell FDRE clocked by clk_fpga_0  {rise@0.000ns fall@5.000ns period=10.000ns})
  Destination:            design_1_i/Motor_DriverIP_0/U0/Motor_DriverIP_slave_lite_v1_0_S00_AXI_inst/reg_data_out_reg[6]/D
  Path Group:             (none)
  Path Type:              Min at Fast Process Corner
  Data Path Delay:        0.477ns  (logic 0.227ns (47.626%)  route 0.250ns (52.374%))
  Logic Levels:           1  (LUT5=1)
  Clock Uncertainty:      0.152ns  ((TSJ^2 + TIJ^2)^1/2 + DJ) / 2 + PE
    Total System Jitter     (TSJ):    0.050ns
    Total Input Jitter      (TIJ):    0.300ns
    Discrete Jitter          (DJ):    0.000ns
    Phase Error              (PE):    0.000ns

    Location             Delay type                Incr(ns)  Path(ns)    Netlist Resource(s)
  -------------------------------------------------------------------    -------------------
                         (clock clk_fpga_0 rise edge)
                                                      0.000     0.000 r  
    PS7_X0Y0             PS7                          0.000     0.000 r  design_1_i/processing_system7_0/inst/PS7_i/FCLKCLK[0]
                         net (fo=1, routed)           0.310     0.310    design_1_i/processing_system7_0/inst/FCLK_CLK_unbuffered[0]
    BUFGCTRL_X0Y16       BUFG (Prop_bufg_I_O)         0.026     0.336 r  design_1_i/processing_system7_0/inst/buffer_fclk_clk_0.FCLK_CLK_0_BUFG/O
                         net (fo=2171, routed)        0.555     0.891    design_1_i/Motor_DriverIP_0/U0/Motor_DriverIP_slave_lite_v1_0_S00_AXI_inst/s00_axi_aclk
    SLICE_X49Y95         FDRE                                         r  design_1_i/Motor_DriverIP_0/U0/Motor_DriverIP_slave_lite_v1_0_S00_AXI_inst/slv_reg3_reg[6]/C
  -------------------------------------------------------------------    -------------------
    SLICE_X49Y95         FDRE (Prop_fdre_C_Q)         0.128     1.019 r  design_1_i/Motor_DriverIP_0/U0/Motor_DriverIP_slave_lite_v1_0_S00_AXI_inst/slv_reg3_reg[6]/Q
                         net (fo=1, routed)           0.139     1.158    design_1_i/Motor_DriverIP_0/U0/Motor_DriverIP_slave_lite_v1_0_S00_AXI_inst/slv_reg3[6]
    SLICE_X49Y95         LUT5 (Prop_lut5_I0_O)        0.099     1.257 r  design_1_i/Motor_DriverIP_0/U0/Motor_DriverIP_slave_lite_v1_0_S00_AXI_inst/reg_data_out_reg[6]_i_1/O
                         net (fo=1, routed)           0.110     1.367    design_1_i/Motor_DriverIP_0/U0/Motor_DriverIP_slave_lite_v1_0_S00_AXI_inst/reg_data_out_reg[6]_i_1_n_0
    SLICE_X48Y94         LDCE                                         r  design_1_i/Motor_DriverIP_0/U0/Motor_DriverIP_slave_lite_v1_0_S00_AXI_inst/reg_data_out_reg[6]/D
  -------------------------------------------------------------------    -------------------

Slack:                    inf
  Source:                 design_1_i/Motor_DriverIP_0/U0/Motor_DriverIP_slave_lite_v1_0_S00_AXI_inst/slv_reg1_reg[25]/C
                            (rising edge-triggered cell FDRE clocked by clk_fpga_0  {rise@0.000ns fall@5.000ns period=10.000ns})
  Destination:            design_1_i/Motor_DriverIP_0/U0/Motor_DriverIP_slave_lite_v1_0_S00_AXI_inst/reg_data_out_reg[25]/D
  Path Group:             (none)
  Path Type:              Min at Fast Process Corner
  Data Path Delay:        0.398ns  (logic 0.186ns (46.762%)  route 0.212ns (53.238%))
  Logic Levels:           1  (LUT5=1)
  Clock Uncertainty:      0.152ns  ((TSJ^2 + TIJ^2)^1/2 + DJ) / 2 + PE
    Total System Jitter     (TSJ):    0.050ns
    Total Input Jitter      (TIJ):    0.300ns
    Discrete Jitter          (DJ):    0.000ns
    Phase Error              (PE):    0.000ns

    Location             Delay type                Incr(ns)  Path(ns)    Netlist Resource(s)
  -------------------------------------------------------------------    -------------------
                         (clock clk_fpga_0 rise edge)
                                                      0.000     0.000 r  
    PS7_X0Y0             PS7                          0.000     0.000 r  design_1_i/processing_system7_0/inst/PS7_i/FCLKCLK[0]
                         net (fo=1, routed)           0.310     0.310    design_1_i/processing_system7_0/inst/FCLK_CLK_unbuffered[0]
    BUFGCTRL_X0Y16       BUFG (Prop_bufg_I_O)         0.026     0.336 r  design_1_i/processing_system7_0/inst/buffer_fclk_clk_0.FCLK_CLK_0_BUFG/O
                         net (fo=2171, routed)        0.637     0.973    design_1_i/Motor_DriverIP_0/U0/Motor_DriverIP_slave_lite_v1_0_S00_AXI_inst/s00_axi_aclk
    SLICE_X40Y107        FDRE                                         r  design_1_i/Motor_DriverIP_0/U0/Motor_DriverIP_slave_lite_v1_0_S00_AXI_inst/slv_reg1_reg[25]/C
  -------------------------------------------------------------------    -------------------
    SLICE_X40Y107        FDRE (Prop_fdre_C_Q)         0.141     1.114 r  design_1_i/Motor_DriverIP_0/U0/Motor_DriverIP_slave_lite_v1_0_S00_AXI_inst/slv_reg1_reg[25]/Q
                         net (fo=1, routed)           0.113     1.227    design_1_i/Motor_DriverIP_0/U0/Motor_DriverIP_slave_lite_v1_0_S00_AXI_inst/slv_reg1[25]
    SLICE_X39Y107        LUT5 (Prop_lut5_I4_O)        0.045     1.272 r  design_1_i/Motor_DriverIP_0/U0/Motor_DriverIP_slave_lite_v1_0_S00_AXI_inst/reg_data_out_reg[25]_i_1/O
                         net (fo=1, routed)           0.098     1.371    design_1_i/Motor_DriverIP_0/U0/Motor_DriverIP_slave_lite_v1_0_S00_AXI_inst/reg_data_out_reg[25]_i_1_n_0
    SLICE_X37Y108        LDCE                                         r  design_1_i/Motor_DriverIP_0/U0/Motor_DriverIP_slave_lite_v1_0_S00_AXI_inst/reg_data_out_reg[25]/D
  -------------------------------------------------------------------    -------------------

Slack:                    inf
  Source:                 design_1_i/Motor_DriverIP_0/U0/Motor_DriverIP_slave_lite_v1_0_S00_AXI_inst/slv_reg1_reg[18]/C
                            (rising edge-triggered cell FDRE clocked by clk_fpga_0  {rise@0.000ns fall@5.000ns period=10.000ns})
  Destination:            design_1_i/Motor_DriverIP_0/U0/Motor_DriverIP_slave_lite_v1_0_S00_AXI_inst/reg_data_out_reg[18]/D
  Path Group:             (none)
  Path Type:              Min at Fast Process Corner
  Data Path Delay:        0.416ns  (logic 0.186ns (44.732%)  route 0.230ns (55.268%))
  Logic Levels:           1  (LUT5=1)
  Clock Uncertainty:      0.152ns  ((TSJ^2 + TIJ^2)^1/2 + DJ) / 2 + PE
    Total System Jitter     (TSJ):    0.050ns
    Total Input Jitter      (TIJ):    0.300ns
    Discrete Jitter          (DJ):    0.000ns
    Phase Error              (PE):    0.000ns

    Location             Delay type                Incr(ns)  Path(ns)    Netlist Resource(s)
  -------------------------------------------------------------------    -------------------
                         (clock clk_fpga_0 rise edge)
                                                      0.000     0.000 r  
    PS7_X0Y0             PS7                          0.000     0.000 r  design_1_i/processing_system7_0/inst/PS7_i/FCLKCLK[0]
                         net (fo=1, routed)           0.310     0.310    design_1_i/processing_system7_0/inst/FCLK_CLK_unbuffered[0]
    BUFGCTRL_X0Y16       BUFG (Prop_bufg_I_O)         0.026     0.336 r  design_1_i/processing_system7_0/inst/buffer_fclk_clk_0.FCLK_CLK_0_BUFG/O
                         net (fo=2171, routed)        0.638     0.974    design_1_i/Motor_DriverIP_0/U0/Motor_DriverIP_slave_lite_v1_0_S00_AXI_inst/s00_axi_aclk
    SLICE_X39Y105        FDRE                                         r  design_1_i/Motor_DriverIP_0/U0/Motor_DriverIP_slave_lite_v1_0_S00_AXI_inst/slv_reg1_reg[18]/C
  -------------------------------------------------------------------    -------------------
    SLICE_X39Y105        FDRE (Prop_fdre_C_Q)         0.141     1.115 r  design_1_i/Motor_DriverIP_0/U0/Motor_DriverIP_slave_lite_v1_0_S00_AXI_inst/slv_reg1_reg[18]/Q
                         net (fo=1, routed)           0.056     1.171    design_1_i/Motor_DriverIP_0/U0/Motor_DriverIP_slave_lite_v1_0_S00_AXI_inst/slv_reg1[18]
    SLICE_X38Y105        LUT5 (Prop_lut5_I4_O)        0.045     1.216 r  design_1_i/Motor_DriverIP_0/U0/Motor_DriverIP_slave_lite_v1_0_S00_AXI_inst/reg_data_out_reg[18]_i_1/O
                         net (fo=1, routed)           0.174     1.390    design_1_i/Motor_DriverIP_0/U0/Motor_DriverIP_slave_lite_v1_0_S00_AXI_inst/reg_data_out_reg[18]_i_1_n_0
    SLICE_X36Y104        LDCE                                         r  design_1_i/Motor_DriverIP_0/U0/Motor_DriverIP_slave_lite_v1_0_S00_AXI_inst/reg_data_out_reg[18]/D
  -------------------------------------------------------------------    -------------------

Slack:                    inf
  Source:                 design_1_i/Motor_DriverIP_0/U0/Motor_DriverIP_slave_lite_v1_0_S00_AXI_inst/slv_reg3_reg[4]/C
                            (rising edge-triggered cell FDRE clocked by clk_fpga_0  {rise@0.000ns fall@5.000ns period=10.000ns})
  Destination:            design_1_i/Motor_DriverIP_0/U0/Motor_DriverIP_slave_lite_v1_0_S00_AXI_inst/reg_data_out_reg[4]/D
  Path Group:             (none)
  Path Type:              Min at Fast Process Corner
  Data Path Delay:        0.532ns  (logic 0.209ns (39.302%)  route 0.323ns (60.698%))
  Logic Levels:           1  (LUT5=1)
  Clock Uncertainty:      0.152ns  ((TSJ^2 + TIJ^2)^1/2 + DJ) / 2 + PE
    Total System Jitter     (TSJ):    0.050ns
    Total Input Jitter      (TIJ):    0.300ns
    Discrete Jitter          (DJ):    0.000ns
    Phase Error              (PE):    0.000ns

    Location             Delay type                Incr(ns)  Path(ns)    Netlist Resource(s)
  -------------------------------------------------------------------    -------------------
                         (clock clk_fpga_0 rise edge)
                                                      0.000     0.000 r  
    PS7_X0Y0             PS7                          0.000     0.000 r  design_1_i/processing_system7_0/inst/PS7_i/FCLKCLK[0]
                         net (fo=1, routed)           0.310     0.310    design_1_i/processing_system7_0/inst/FCLK_CLK_unbuffered[0]
    BUFGCTRL_X0Y16       BUFG (Prop_bufg_I_O)         0.026     0.336 r  design_1_i/processing_system7_0/inst/buffer_fclk_clk_0.FCLK_CLK_0_BUFG/O
                         net (fo=2171, routed)        0.556     0.892    design_1_i/Motor_DriverIP_0/U0/Motor_DriverIP_slave_lite_v1_0_S00_AXI_inst/s00_axi_aclk
    SLICE_X46Y96         FDRE                                         r  design_1_i/Motor_DriverIP_0/U0/Motor_DriverIP_slave_lite_v1_0_S00_AXI_inst/slv_reg3_reg[4]/C
  -------------------------------------------------------------------    -------------------
    SLICE_X46Y96         FDRE (Prop_fdre_C_Q)         0.164     1.056 r  design_1_i/Motor_DriverIP_0/U0/Motor_DriverIP_slave_lite_v1_0_S00_AXI_inst/slv_reg3_reg[4]/Q
                         net (fo=1, routed)           0.163     1.219    design_1_i/Motor_DriverIP_0/U0/Motor_DriverIP_slave_lite_v1_0_S00_AXI_inst/slv_reg3[4]
    SLICE_X46Y96         LUT5 (Prop_lut5_I0_O)        0.045     1.264 r  design_1_i/Motor_DriverIP_0/U0/Motor_DriverIP_slave_lite_v1_0_S00_AXI_inst/reg_data_out_reg[4]_i_1/O
                         net (fo=1, routed)           0.160     1.423    design_1_i/Motor_DriverIP_0/U0/Motor_DriverIP_slave_lite_v1_0_S00_AXI_inst/reg_data_out_reg[4]_i_1_n_0
    SLICE_X45Y99         LDCE                                         r  design_1_i/Motor_DriverIP_0/U0/Motor_DriverIP_slave_lite_v1_0_S00_AXI_inst/reg_data_out_reg[4]/D
  -------------------------------------------------------------------    -------------------

Slack:                    inf
  Source:                 design_1_i/Motor_DriverIP_0/U0/Motor_DriverIP_slave_lite_v1_0_S00_AXI_inst/slv_reg2_reg[16]/C
                            (rising edge-triggered cell FDRE clocked by clk_fpga_0  {rise@0.000ns fall@5.000ns period=10.000ns})
  Destination:            design_1_i/Motor_DriverIP_0/U0/Motor_DriverIP_slave_lite_v1_0_S00_AXI_inst/reg_data_out_reg[16]/D
  Path Group:             (none)
  Path Type:              Min at Fast Process Corner
  Data Path Delay:        0.459ns  (logic 0.186ns (40.486%)  route 0.273ns (59.514%))
  Logic Levels:           1  (LUT5=1)
  Clock Uncertainty:      0.152ns  ((TSJ^2 + TIJ^2)^1/2 + DJ) / 2 + PE
    Total System Jitter     (TSJ):    0.050ns
    Total Input Jitter      (TIJ):    0.300ns
    Discrete Jitter          (DJ):    0.000ns
    Phase Error              (PE):    0.000ns

    Location             Delay type                Incr(ns)  Path(ns)    Netlist Resource(s)
  -------------------------------------------------------------------    -------------------
                         (clock clk_fpga_0 rise edge)
                                                      0.000     0.000 r  
    PS7_X0Y0             PS7                          0.000     0.000 r  design_1_i/processing_system7_0/inst/PS7_i/FCLKCLK[0]
                         net (fo=1, routed)           0.310     0.310    design_1_i/processing_system7_0/inst/FCLK_CLK_unbuffered[0]
    BUFGCTRL_X0Y16       BUFG (Prop_bufg_I_O)         0.026     0.336 r  design_1_i/processing_system7_0/inst/buffer_fclk_clk_0.FCLK_CLK_0_BUFG/O
                         net (fo=2171, routed)        0.640     0.976    design_1_i/Motor_DriverIP_0/U0/Motor_DriverIP_slave_lite_v1_0_S00_AXI_inst/s00_axi_aclk
    SLICE_X35Y105        FDRE                                         r  design_1_i/Motor_DriverIP_0/U0/Motor_DriverIP_slave_lite_v1_0_S00_AXI_inst/slv_reg2_reg[16]/C
  -------------------------------------------------------------------    -------------------
    SLICE_X35Y105        FDRE (Prop_fdre_C_Q)         0.141     1.117 r  design_1_i/Motor_DriverIP_0/U0/Motor_DriverIP_slave_lite_v1_0_S00_AXI_inst/slv_reg2_reg[16]/Q
                         net (fo=1, routed)           0.163     1.280    design_1_i/Motor_DriverIP_0/U0/Motor_DriverIP_slave_lite_v1_0_S00_AXI_inst/slv_reg2[16]
    SLICE_X36Y105        LUT5 (Prop_lut5_I2_O)        0.045     1.325 r  design_1_i/Motor_DriverIP_0/U0/Motor_DriverIP_slave_lite_v1_0_S00_AXI_inst/reg_data_out_reg[16]_i_1/O
                         net (fo=1, routed)           0.110     1.435    design_1_i/Motor_DriverIP_0/U0/Motor_DriverIP_slave_lite_v1_0_S00_AXI_inst/reg_data_out_reg[16]_i_1_n_0
    SLICE_X36Y104        LDCE                                         r  design_1_i/Motor_DriverIP_0/U0/Motor_DriverIP_slave_lite_v1_0_S00_AXI_inst/reg_data_out_reg[16]/D
  -------------------------------------------------------------------    -------------------

Slack:                    inf
  Source:                 design_1_i/Motor_DriverIP_0/U0/Motor_DriverIP_slave_lite_v1_0_S00_AXI_inst/slv_reg1_reg[28]/C
                            (rising edge-triggered cell FDRE clocked by clk_fpga_0  {rise@0.000ns fall@5.000ns period=10.000ns})
  Destination:            design_1_i/Motor_DriverIP_0/U0/Motor_DriverIP_slave_lite_v1_0_S00_AXI_inst/reg_data_out_reg[28]/D
  Path Group:             (none)
  Path Type:              Min at Fast Process Corner
  Data Path Delay:        0.485ns  (logic 0.227ns (46.844%)  route 0.258ns (53.156%))
  Logic Levels:           1  (LUT5=1)
  Clock Uncertainty:      0.152ns  ((TSJ^2 + TIJ^2)^1/2 + DJ) / 2 + PE
    Total System Jitter     (TSJ):    0.050ns
    Total Input Jitter      (TIJ):    0.300ns
    Discrete Jitter          (DJ):    0.000ns
    Phase Error              (PE):    0.000ns

    Location             Delay type                Incr(ns)  Path(ns)    Netlist Resource(s)
  -------------------------------------------------------------------    -------------------
                         (clock clk_fpga_0 rise edge)
                                                      0.000     0.000 r  
    PS7_X0Y0             PS7                          0.000     0.000 r  design_1_i/processing_system7_0/inst/PS7_i/FCLKCLK[0]
                         net (fo=1, routed)           0.310     0.310    design_1_i/processing_system7_0/inst/FCLK_CLK_unbuffered[0]
    BUFGCTRL_X0Y16       BUFG (Prop_bufg_I_O)         0.026     0.336 r  design_1_i/processing_system7_0/inst/buffer_fclk_clk_0.FCLK_CLK_0_BUFG/O
                         net (fo=2171, routed)        0.637     0.973    design_1_i/Motor_DriverIP_0/U0/Motor_DriverIP_slave_lite_v1_0_S00_AXI_inst/s00_axi_aclk
    SLICE_X40Y107        FDRE                                         r  design_1_i/Motor_DriverIP_0/U0/Motor_DriverIP_slave_lite_v1_0_S00_AXI_inst/slv_reg1_reg[28]/C
  -------------------------------------------------------------------    -------------------
    SLICE_X40Y107        FDRE (Prop_fdre_C_Q)         0.128     1.101 r  design_1_i/Motor_DriverIP_0/U0/Motor_DriverIP_slave_lite_v1_0_S00_AXI_inst/slv_reg1_reg[28]/Q
                         net (fo=1, routed)           0.112     1.213    design_1_i/Motor_DriverIP_0/U0/Motor_DriverIP_slave_lite_v1_0_S00_AXI_inst/slv_reg1[28]
    SLICE_X39Y107        LUT5 (Prop_lut5_I4_O)        0.099     1.312 r  design_1_i/Motor_DriverIP_0/U0/Motor_DriverIP_slave_lite_v1_0_S00_AXI_inst/reg_data_out_reg[28]_i_1/O
                         net (fo=1, routed)           0.145     1.458    design_1_i/Motor_DriverIP_0/U0/Motor_DriverIP_slave_lite_v1_0_S00_AXI_inst/reg_data_out_reg[28]_i_1_n_0
    SLICE_X38Y106        LDCE                                         r  design_1_i/Motor_DriverIP_0/U0/Motor_DriverIP_slave_lite_v1_0_S00_AXI_inst/reg_data_out_reg[28]/D
  -------------------------------------------------------------------    -------------------

Slack:                    inf
  Source:                 design_1_i/Motor_DriverIP_0/U0/Motor_DriverIP_slave_lite_v1_0_S00_AXI_inst/slv_reg2_reg[29]/C
                            (rising edge-triggered cell FDRE clocked by clk_fpga_0  {rise@0.000ns fall@5.000ns period=10.000ns})
  Destination:            design_1_i/Motor_DriverIP_0/U0/Motor_DriverIP_slave_lite_v1_0_S00_AXI_inst/reg_data_out_reg[29]/D
  Path Group:             (none)
  Path Type:              Min at Fast Process Corner
  Data Path Delay:        0.485ns  (logic 0.226ns (46.627%)  route 0.259ns (53.373%))
  Logic Levels:           1  (LUT5=1)
  Clock Uncertainty:      0.152ns  ((TSJ^2 + TIJ^2)^1/2 + DJ) / 2 + PE
    Total System Jitter     (TSJ):    0.050ns
    Total Input Jitter      (TIJ):    0.300ns
    Discrete Jitter          (DJ):    0.000ns
    Phase Error              (PE):    0.000ns

    Location             Delay type                Incr(ns)  Path(ns)    Netlist Resource(s)
  -------------------------------------------------------------------    -------------------
                         (clock clk_fpga_0 rise edge)
                                                      0.000     0.000 r  
    PS7_X0Y0             PS7                          0.000     0.000 r  design_1_i/processing_system7_0/inst/PS7_i/FCLKCLK[0]
                         net (fo=1, routed)           0.310     0.310    design_1_i/processing_system7_0/inst/FCLK_CLK_unbuffered[0]
    BUFGCTRL_X0Y16       BUFG (Prop_bufg_I_O)         0.026     0.336 r  design_1_i/processing_system7_0/inst/buffer_fclk_clk_0.FCLK_CLK_0_BUFG/O
                         net (fo=2171, routed)        0.638     0.974    design_1_i/Motor_DriverIP_0/U0/Motor_DriverIP_slave_lite_v1_0_S00_AXI_inst/s00_axi_aclk
    SLICE_X39Y106        FDRE                                         r  design_1_i/Motor_DriverIP_0/U0/Motor_DriverIP_slave_lite_v1_0_S00_AXI_inst/slv_reg2_reg[29]/C
  -------------------------------------------------------------------    -------------------
    SLICE_X39Y106        FDRE (Prop_fdre_C_Q)         0.128     1.102 r  design_1_i/Motor_DriverIP_0/U0/Motor_DriverIP_slave_lite_v1_0_S00_AXI_inst/slv_reg2_reg[29]/Q
                         net (fo=1, routed)           0.149     1.251    design_1_i/Motor_DriverIP_0/U0/Motor_DriverIP_slave_lite_v1_0_S00_AXI_inst/slv_reg2[29]
    SLICE_X38Y107        LUT5 (Prop_lut5_I2_O)        0.098     1.349 r  design_1_i/Motor_DriverIP_0/U0/Motor_DriverIP_slave_lite_v1_0_S00_AXI_inst/reg_data_out_reg[29]_i_1/O
                         net (fo=1, routed)           0.110     1.459    design_1_i/Motor_DriverIP_0/U0/Motor_DriverIP_slave_lite_v1_0_S00_AXI_inst/reg_data_out_reg[29]_i_1_n_0
    SLICE_X38Y108        LDCE                                         r  design_1_i/Motor_DriverIP_0/U0/Motor_DriverIP_slave_lite_v1_0_S00_AXI_inst/reg_data_out_reg[29]/D
  -------------------------------------------------------------------    -------------------





--------------------------------------------------------------------------------------
Path Group:  (none)
From Clock:  
  To Clock:  clk_fpga_0

Max Delay           363 Endpoints
Min Delay           363 Endpoints
--------------------------------------------------------------------------------------


Max Delay Paths
--------------------------------------------------------------------------------------
Slack:                    inf
  Source:                 D_IN_1
                            (input port)
  Destination:            design_1_i/SpeedSensor_Driver_IP_0/U0/SpeedSensor_Driver_IP_slave_lite_v1_0_S00_AXI_inst/AXI_Speed_Sensor_Driver/last_time_reg[12]/CE
                            (rising edge-triggered cell FDRE clocked by clk_fpga_0  {rise@0.000ns fall@5.000ns period=10.000ns})
  Path Group:             (none)
  Path Type:              Setup (Max at Slow Process Corner)
  Data Path Delay:        8.596ns  (logic 1.623ns (18.877%)  route 6.973ns (81.123%))
  Logic Levels:           2  (IBUF=1 LUT4=1)
  Clock Path Skew:        2.874ns (DCD - SCD + CPR)
    Destination Clock Delay (DCD):    2.874ns
    Source Clock Delay      (SCD):    0.000ns
    Clock Pessimism Removal (CPR):    0.000ns
  Clock Uncertainty:      0.152ns  ((TSJ^2 + TIJ^2)^1/2 + DJ) / 2 + PE
    Total System Jitter     (TSJ):    0.050ns
    Total Input Jitter      (TIJ):    0.300ns
    Discrete Jitter          (DJ):    0.000ns
    Phase Error              (PE):    0.000ns

    Location             Delay type                Incr(ns)  Path(ns)    Netlist Resource(s)
  -------------------------------------------------------------------    -------------------
    W16                                               0.000     0.000 r  D_IN_1 (IN)
                         net (fo=0)                   0.000     0.000    D_IN_1
    W16                  IBUF (Prop_ibuf_I_O)         1.499     1.499 r  D_IN_1_IBUF_inst/O
                         net (fo=6, routed)           4.906     6.405    design_1_i/SpeedSensor_Driver_IP_0/U0/SpeedSensor_Driver_IP_slave_lite_v1_0_S00_AXI_inst/AXI_Speed_Sensor_Driver/D_IN
    SLICE_X30Y111        LUT4 (Prop_lut4_I0_O)        0.124     6.529 r  design_1_i/SpeedSensor_Driver_IP_0/U0/SpeedSensor_Driver_IP_slave_lite_v1_0_S00_AXI_inst/AXI_Speed_Sensor_Driver/last_time[31]_i_2/O
                         net (fo=99, routed)          2.067     8.596    design_1_i/SpeedSensor_Driver_IP_0/U0/SpeedSensor_Driver_IP_slave_lite_v1_0_S00_AXI_inst/AXI_Speed_Sensor_Driver/last_time[31]_i_2_n_0
    SLICE_X26Y105        FDRE                                         r  design_1_i/SpeedSensor_Driver_IP_0/U0/SpeedSensor_Driver_IP_slave_lite_v1_0_S00_AXI_inst/AXI_Speed_Sensor_Driver/last_time_reg[12]/CE
  -------------------------------------------------------------------    -------------------

                         (clock clk_fpga_0 rise edge)
                                                      0.000     0.000 r  
    PS7_X0Y0             PS7                          0.000     0.000 r  design_1_i/processing_system7_0/inst/PS7_i/FCLKCLK[0]
                         net (fo=1, routed)           1.088     1.088    design_1_i/processing_system7_0/inst/FCLK_CLK_unbuffered[0]
    BUFGCTRL_X0Y16       BUFG (Prop_bufg_I_O)         0.091     1.179 r  design_1_i/processing_system7_0/inst/buffer_fclk_clk_0.FCLK_CLK_0_BUFG/O
                         net (fo=2171, routed)        1.695     2.874    design_1_i/SpeedSensor_Driver_IP_0/U0/SpeedSensor_Driver_IP_slave_lite_v1_0_S00_AXI_inst/AXI_Speed_Sensor_Driver/clk
    SLICE_X26Y105        FDRE                                         r  design_1_i/SpeedSensor_Driver_IP_0/U0/SpeedSensor_Driver_IP_slave_lite_v1_0_S00_AXI_inst/AXI_Speed_Sensor_Driver/last_time_reg[12]/C

Slack:                    inf
  Source:                 D_IN_1
                            (input port)
  Destination:            design_1_i/SpeedSensor_Driver_IP_0/U0/SpeedSensor_Driver_IP_slave_lite_v1_0_S00_AXI_inst/AXI_Speed_Sensor_Driver/last_time_reg[13]/CE
                            (rising edge-triggered cell FDRE clocked by clk_fpga_0  {rise@0.000ns fall@5.000ns period=10.000ns})
  Path Group:             (none)
  Path Type:              Setup (Max at Slow Process Corner)
  Data Path Delay:        8.596ns  (logic 1.623ns (18.877%)  route 6.973ns (81.123%))
  Logic Levels:           2  (IBUF=1 LUT4=1)
  Clock Path Skew:        2.874ns (DCD - SCD + CPR)
    Destination Clock Delay (DCD):    2.874ns
    Source Clock Delay      (SCD):    0.000ns
    Clock Pessimism Removal (CPR):    0.000ns
  Clock Uncertainty:      0.152ns  ((TSJ^2 + TIJ^2)^1/2 + DJ) / 2 + PE
    Total System Jitter     (TSJ):    0.050ns
    Total Input Jitter      (TIJ):    0.300ns
    Discrete Jitter          (DJ):    0.000ns
    Phase Error              (PE):    0.000ns

    Location             Delay type                Incr(ns)  Path(ns)    Netlist Resource(s)
  -------------------------------------------------------------------    -------------------
    W16                                               0.000     0.000 r  D_IN_1 (IN)
                         net (fo=0)                   0.000     0.000    D_IN_1
    W16                  IBUF (Prop_ibuf_I_O)         1.499     1.499 r  D_IN_1_IBUF_inst/O
                         net (fo=6, routed)           4.906     6.405    design_1_i/SpeedSensor_Driver_IP_0/U0/SpeedSensor_Driver_IP_slave_lite_v1_0_S00_AXI_inst/AXI_Speed_Sensor_Driver/D_IN
    SLICE_X30Y111        LUT4 (Prop_lut4_I0_O)        0.124     6.529 r  design_1_i/SpeedSensor_Driver_IP_0/U0/SpeedSensor_Driver_IP_slave_lite_v1_0_S00_AXI_inst/AXI_Speed_Sensor_Driver/last_time[31]_i_2/O
                         net (fo=99, routed)          2.067     8.596    design_1_i/SpeedSensor_Driver_IP_0/U0/SpeedSensor_Driver_IP_slave_lite_v1_0_S00_AXI_inst/AXI_Speed_Sensor_Driver/last_time[31]_i_2_n_0
    SLICE_X26Y105        FDRE                                         r  design_1_i/SpeedSensor_Driver_IP_0/U0/SpeedSensor_Driver_IP_slave_lite_v1_0_S00_AXI_inst/AXI_Speed_Sensor_Driver/last_time_reg[13]/CE
  -------------------------------------------------------------------    -------------------

                         (clock clk_fpga_0 rise edge)
                                                      0.000     0.000 r  
    PS7_X0Y0             PS7                          0.000     0.000 r  design_1_i/processing_system7_0/inst/PS7_i/FCLKCLK[0]
                         net (fo=1, routed)           1.088     1.088    design_1_i/processing_system7_0/inst/FCLK_CLK_unbuffered[0]
    BUFGCTRL_X0Y16       BUFG (Prop_bufg_I_O)         0.091     1.179 r  design_1_i/processing_system7_0/inst/buffer_fclk_clk_0.FCLK_CLK_0_BUFG/O
                         net (fo=2171, routed)        1.695     2.874    design_1_i/SpeedSensor_Driver_IP_0/U0/SpeedSensor_Driver_IP_slave_lite_v1_0_S00_AXI_inst/AXI_Speed_Sensor_Driver/clk
    SLICE_X26Y105        FDRE                                         r  design_1_i/SpeedSensor_Driver_IP_0/U0/SpeedSensor_Driver_IP_slave_lite_v1_0_S00_AXI_inst/AXI_Speed_Sensor_Driver/last_time_reg[13]/C

Slack:                    inf
  Source:                 D_IN_1
                            (input port)
  Destination:            design_1_i/SpeedSensor_Driver_IP_0/U0/SpeedSensor_Driver_IP_slave_lite_v1_0_S00_AXI_inst/AXI_Speed_Sensor_Driver/last_time_reg[14]/CE
                            (rising edge-triggered cell FDRE clocked by clk_fpga_0  {rise@0.000ns fall@5.000ns period=10.000ns})
  Path Group:             (none)
  Path Type:              Setup (Max at Slow Process Corner)
  Data Path Delay:        8.596ns  (logic 1.623ns (18.877%)  route 6.973ns (81.123%))
  Logic Levels:           2  (IBUF=1 LUT4=1)
  Clock Path Skew:        2.874ns (DCD - SCD + CPR)
    Destination Clock Delay (DCD):    2.874ns
    Source Clock Delay      (SCD):    0.000ns
    Clock Pessimism Removal (CPR):    0.000ns
  Clock Uncertainty:      0.152ns  ((TSJ^2 + TIJ^2)^1/2 + DJ) / 2 + PE
    Total System Jitter     (TSJ):    0.050ns
    Total Input Jitter      (TIJ):    0.300ns
    Discrete Jitter          (DJ):    0.000ns
    Phase Error              (PE):    0.000ns

    Location             Delay type                Incr(ns)  Path(ns)    Netlist Resource(s)
  -------------------------------------------------------------------    -------------------
    W16                                               0.000     0.000 r  D_IN_1 (IN)
                         net (fo=0)                   0.000     0.000    D_IN_1
    W16                  IBUF (Prop_ibuf_I_O)         1.499     1.499 r  D_IN_1_IBUF_inst/O
                         net (fo=6, routed)           4.906     6.405    design_1_i/SpeedSensor_Driver_IP_0/U0/SpeedSensor_Driver_IP_slave_lite_v1_0_S00_AXI_inst/AXI_Speed_Sensor_Driver/D_IN
    SLICE_X30Y111        LUT4 (Prop_lut4_I0_O)        0.124     6.529 r  design_1_i/SpeedSensor_Driver_IP_0/U0/SpeedSensor_Driver_IP_slave_lite_v1_0_S00_AXI_inst/AXI_Speed_Sensor_Driver/last_time[31]_i_2/O
                         net (fo=99, routed)          2.067     8.596    design_1_i/SpeedSensor_Driver_IP_0/U0/SpeedSensor_Driver_IP_slave_lite_v1_0_S00_AXI_inst/AXI_Speed_Sensor_Driver/last_time[31]_i_2_n_0
    SLICE_X26Y105        FDRE                                         r  design_1_i/SpeedSensor_Driver_IP_0/U0/SpeedSensor_Driver_IP_slave_lite_v1_0_S00_AXI_inst/AXI_Speed_Sensor_Driver/last_time_reg[14]/CE
  -------------------------------------------------------------------    -------------------

                         (clock clk_fpga_0 rise edge)
                                                      0.000     0.000 r  
    PS7_X0Y0             PS7                          0.000     0.000 r  design_1_i/processing_system7_0/inst/PS7_i/FCLKCLK[0]
                         net (fo=1, routed)           1.088     1.088    design_1_i/processing_system7_0/inst/FCLK_CLK_unbuffered[0]
    BUFGCTRL_X0Y16       BUFG (Prop_bufg_I_O)         0.091     1.179 r  design_1_i/processing_system7_0/inst/buffer_fclk_clk_0.FCLK_CLK_0_BUFG/O
                         net (fo=2171, routed)        1.695     2.874    design_1_i/SpeedSensor_Driver_IP_0/U0/SpeedSensor_Driver_IP_slave_lite_v1_0_S00_AXI_inst/AXI_Speed_Sensor_Driver/clk
    SLICE_X26Y105        FDRE                                         r  design_1_i/SpeedSensor_Driver_IP_0/U0/SpeedSensor_Driver_IP_slave_lite_v1_0_S00_AXI_inst/AXI_Speed_Sensor_Driver/last_time_reg[14]/C

Slack:                    inf
  Source:                 D_IN_1
                            (input port)
  Destination:            design_1_i/SpeedSensor_Driver_IP_0/U0/SpeedSensor_Driver_IP_slave_lite_v1_0_S00_AXI_inst/AXI_Speed_Sensor_Driver/last_time_reg[15]/CE
                            (rising edge-triggered cell FDRE clocked by clk_fpga_0  {rise@0.000ns fall@5.000ns period=10.000ns})
  Path Group:             (none)
  Path Type:              Setup (Max at Slow Process Corner)
  Data Path Delay:        8.596ns  (logic 1.623ns (18.877%)  route 6.973ns (81.123%))
  Logic Levels:           2  (IBUF=1 LUT4=1)
  Clock Path Skew:        2.874ns (DCD - SCD + CPR)
    Destination Clock Delay (DCD):    2.874ns
    Source Clock Delay      (SCD):    0.000ns
    Clock Pessimism Removal (CPR):    0.000ns
  Clock Uncertainty:      0.152ns  ((TSJ^2 + TIJ^2)^1/2 + DJ) / 2 + PE
    Total System Jitter     (TSJ):    0.050ns
    Total Input Jitter      (TIJ):    0.300ns
    Discrete Jitter          (DJ):    0.000ns
    Phase Error              (PE):    0.000ns

    Location             Delay type                Incr(ns)  Path(ns)    Netlist Resource(s)
  -------------------------------------------------------------------    -------------------
    W16                                               0.000     0.000 r  D_IN_1 (IN)
                         net (fo=0)                   0.000     0.000    D_IN_1
    W16                  IBUF (Prop_ibuf_I_O)         1.499     1.499 r  D_IN_1_IBUF_inst/O
                         net (fo=6, routed)           4.906     6.405    design_1_i/SpeedSensor_Driver_IP_0/U0/SpeedSensor_Driver_IP_slave_lite_v1_0_S00_AXI_inst/AXI_Speed_Sensor_Driver/D_IN
    SLICE_X30Y111        LUT4 (Prop_lut4_I0_O)        0.124     6.529 r  design_1_i/SpeedSensor_Driver_IP_0/U0/SpeedSensor_Driver_IP_slave_lite_v1_0_S00_AXI_inst/AXI_Speed_Sensor_Driver/last_time[31]_i_2/O
                         net (fo=99, routed)          2.067     8.596    design_1_i/SpeedSensor_Driver_IP_0/U0/SpeedSensor_Driver_IP_slave_lite_v1_0_S00_AXI_inst/AXI_Speed_Sensor_Driver/last_time[31]_i_2_n_0
    SLICE_X26Y105        FDRE                                         r  design_1_i/SpeedSensor_Driver_IP_0/U0/SpeedSensor_Driver_IP_slave_lite_v1_0_S00_AXI_inst/AXI_Speed_Sensor_Driver/last_time_reg[15]/CE
  -------------------------------------------------------------------    -------------------

                         (clock clk_fpga_0 rise edge)
                                                      0.000     0.000 r  
    PS7_X0Y0             PS7                          0.000     0.000 r  design_1_i/processing_system7_0/inst/PS7_i/FCLKCLK[0]
                         net (fo=1, routed)           1.088     1.088    design_1_i/processing_system7_0/inst/FCLK_CLK_unbuffered[0]
    BUFGCTRL_X0Y16       BUFG (Prop_bufg_I_O)         0.091     1.179 r  design_1_i/processing_system7_0/inst/buffer_fclk_clk_0.FCLK_CLK_0_BUFG/O
                         net (fo=2171, routed)        1.695     2.874    design_1_i/SpeedSensor_Driver_IP_0/U0/SpeedSensor_Driver_IP_slave_lite_v1_0_S00_AXI_inst/AXI_Speed_Sensor_Driver/clk
    SLICE_X26Y105        FDRE                                         r  design_1_i/SpeedSensor_Driver_IP_0/U0/SpeedSensor_Driver_IP_slave_lite_v1_0_S00_AXI_inst/AXI_Speed_Sensor_Driver/last_time_reg[15]/C

Slack:                    inf
  Source:                 D_IN_1
                            (input port)
  Destination:            design_1_i/SpeedSensor_Driver_IP_0/U0/SpeedSensor_Driver_IP_slave_lite_v1_0_S00_AXI_inst/AXI_Speed_Sensor_Driver/last_time_reg[16]/CE
                            (rising edge-triggered cell FDRE clocked by clk_fpga_0  {rise@0.000ns fall@5.000ns period=10.000ns})
  Path Group:             (none)
  Path Type:              Setup (Max at Slow Process Corner)
  Data Path Delay:        8.596ns  (logic 1.623ns (18.877%)  route 6.973ns (81.123%))
  Logic Levels:           2  (IBUF=1 LUT4=1)
  Clock Path Skew:        2.874ns (DCD - SCD + CPR)
    Destination Clock Delay (DCD):    2.874ns
    Source Clock Delay      (SCD):    0.000ns
    Clock Pessimism Removal (CPR):    0.000ns
  Clock Uncertainty:      0.152ns  ((TSJ^2 + TIJ^2)^1/2 + DJ) / 2 + PE
    Total System Jitter     (TSJ):    0.050ns
    Total Input Jitter      (TIJ):    0.300ns
    Discrete Jitter          (DJ):    0.000ns
    Phase Error              (PE):    0.000ns

    Location             Delay type                Incr(ns)  Path(ns)    Netlist Resource(s)
  -------------------------------------------------------------------    -------------------
    W16                                               0.000     0.000 r  D_IN_1 (IN)
                         net (fo=0)                   0.000     0.000    D_IN_1
    W16                  IBUF (Prop_ibuf_I_O)         1.499     1.499 r  D_IN_1_IBUF_inst/O
                         net (fo=6, routed)           4.906     6.405    design_1_i/SpeedSensor_Driver_IP_0/U0/SpeedSensor_Driver_IP_slave_lite_v1_0_S00_AXI_inst/AXI_Speed_Sensor_Driver/D_IN
    SLICE_X30Y111        LUT4 (Prop_lut4_I0_O)        0.124     6.529 r  design_1_i/SpeedSensor_Driver_IP_0/U0/SpeedSensor_Driver_IP_slave_lite_v1_0_S00_AXI_inst/AXI_Speed_Sensor_Driver/last_time[31]_i_2/O
                         net (fo=99, routed)          2.067     8.596    design_1_i/SpeedSensor_Driver_IP_0/U0/SpeedSensor_Driver_IP_slave_lite_v1_0_S00_AXI_inst/AXI_Speed_Sensor_Driver/last_time[31]_i_2_n_0
    SLICE_X26Y105        FDRE                                         r  design_1_i/SpeedSensor_Driver_IP_0/U0/SpeedSensor_Driver_IP_slave_lite_v1_0_S00_AXI_inst/AXI_Speed_Sensor_Driver/last_time_reg[16]/CE
  -------------------------------------------------------------------    -------------------

                         (clock clk_fpga_0 rise edge)
                                                      0.000     0.000 r  
    PS7_X0Y0             PS7                          0.000     0.000 r  design_1_i/processing_system7_0/inst/PS7_i/FCLKCLK[0]
                         net (fo=1, routed)           1.088     1.088    design_1_i/processing_system7_0/inst/FCLK_CLK_unbuffered[0]
    BUFGCTRL_X0Y16       BUFG (Prop_bufg_I_O)         0.091     1.179 r  design_1_i/processing_system7_0/inst/buffer_fclk_clk_0.FCLK_CLK_0_BUFG/O
                         net (fo=2171, routed)        1.695     2.874    design_1_i/SpeedSensor_Driver_IP_0/U0/SpeedSensor_Driver_IP_slave_lite_v1_0_S00_AXI_inst/AXI_Speed_Sensor_Driver/clk
    SLICE_X26Y105        FDRE                                         r  design_1_i/SpeedSensor_Driver_IP_0/U0/SpeedSensor_Driver_IP_slave_lite_v1_0_S00_AXI_inst/AXI_Speed_Sensor_Driver/last_time_reg[16]/C

Slack:                    inf
  Source:                 D_IN_1
                            (input port)
  Destination:            design_1_i/SpeedSensor_Driver_IP_0/U0/SpeedSensor_Driver_IP_slave_lite_v1_0_S00_AXI_inst/AXI_Speed_Sensor_Driver/last_time_reg[17]/CE
                            (rising edge-triggered cell FDRE clocked by clk_fpga_0  {rise@0.000ns fall@5.000ns period=10.000ns})
  Path Group:             (none)
  Path Type:              Setup (Max at Slow Process Corner)
  Data Path Delay:        8.596ns  (logic 1.623ns (18.877%)  route 6.973ns (81.123%))
  Logic Levels:           2  (IBUF=1 LUT4=1)
  Clock Path Skew:        2.874ns (DCD - SCD + CPR)
    Destination Clock Delay (DCD):    2.874ns
    Source Clock Delay      (SCD):    0.000ns
    Clock Pessimism Removal (CPR):    0.000ns
  Clock Uncertainty:      0.152ns  ((TSJ^2 + TIJ^2)^1/2 + DJ) / 2 + PE
    Total System Jitter     (TSJ):    0.050ns
    Total Input Jitter      (TIJ):    0.300ns
    Discrete Jitter          (DJ):    0.000ns
    Phase Error              (PE):    0.000ns

    Location             Delay type                Incr(ns)  Path(ns)    Netlist Resource(s)
  -------------------------------------------------------------------    -------------------
    W16                                               0.000     0.000 r  D_IN_1 (IN)
                         net (fo=0)                   0.000     0.000    D_IN_1
    W16                  IBUF (Prop_ibuf_I_O)         1.499     1.499 r  D_IN_1_IBUF_inst/O
                         net (fo=6, routed)           4.906     6.405    design_1_i/SpeedSensor_Driver_IP_0/U0/SpeedSensor_Driver_IP_slave_lite_v1_0_S00_AXI_inst/AXI_Speed_Sensor_Driver/D_IN
    SLICE_X30Y111        LUT4 (Prop_lut4_I0_O)        0.124     6.529 r  design_1_i/SpeedSensor_Driver_IP_0/U0/SpeedSensor_Driver_IP_slave_lite_v1_0_S00_AXI_inst/AXI_Speed_Sensor_Driver/last_time[31]_i_2/O
                         net (fo=99, routed)          2.067     8.596    design_1_i/SpeedSensor_Driver_IP_0/U0/SpeedSensor_Driver_IP_slave_lite_v1_0_S00_AXI_inst/AXI_Speed_Sensor_Driver/last_time[31]_i_2_n_0
    SLICE_X26Y105        FDRE                                         r  design_1_i/SpeedSensor_Driver_IP_0/U0/SpeedSensor_Driver_IP_slave_lite_v1_0_S00_AXI_inst/AXI_Speed_Sensor_Driver/last_time_reg[17]/CE
  -------------------------------------------------------------------    -------------------

                         (clock clk_fpga_0 rise edge)
                                                      0.000     0.000 r  
    PS7_X0Y0             PS7                          0.000     0.000 r  design_1_i/processing_system7_0/inst/PS7_i/FCLKCLK[0]
                         net (fo=1, routed)           1.088     1.088    design_1_i/processing_system7_0/inst/FCLK_CLK_unbuffered[0]
    BUFGCTRL_X0Y16       BUFG (Prop_bufg_I_O)         0.091     1.179 r  design_1_i/processing_system7_0/inst/buffer_fclk_clk_0.FCLK_CLK_0_BUFG/O
                         net (fo=2171, routed)        1.695     2.874    design_1_i/SpeedSensor_Driver_IP_0/U0/SpeedSensor_Driver_IP_slave_lite_v1_0_S00_AXI_inst/AXI_Speed_Sensor_Driver/clk
    SLICE_X26Y105        FDRE                                         r  design_1_i/SpeedSensor_Driver_IP_0/U0/SpeedSensor_Driver_IP_slave_lite_v1_0_S00_AXI_inst/AXI_Speed_Sensor_Driver/last_time_reg[17]/C

Slack:                    inf
  Source:                 D_IN_1
                            (input port)
  Destination:            design_1_i/SpeedSensor_Driver_IP_0/U0/SpeedSensor_Driver_IP_slave_lite_v1_0_S00_AXI_inst/AXI_Speed_Sensor_Driver/last_time_reg[18]/CE
                            (rising edge-triggered cell FDRE clocked by clk_fpga_0  {rise@0.000ns fall@5.000ns period=10.000ns})
  Path Group:             (none)
  Path Type:              Setup (Max at Slow Process Corner)
  Data Path Delay:        8.596ns  (logic 1.623ns (18.877%)  route 6.973ns (81.123%))
  Logic Levels:           2  (IBUF=1 LUT4=1)
  Clock Path Skew:        2.874ns (DCD - SCD + CPR)
    Destination Clock Delay (DCD):    2.874ns
    Source Clock Delay      (SCD):    0.000ns
    Clock Pessimism Removal (CPR):    0.000ns
  Clock Uncertainty:      0.152ns  ((TSJ^2 + TIJ^2)^1/2 + DJ) / 2 + PE
    Total System Jitter     (TSJ):    0.050ns
    Total Input Jitter      (TIJ):    0.300ns
    Discrete Jitter          (DJ):    0.000ns
    Phase Error              (PE):    0.000ns

    Location             Delay type                Incr(ns)  Path(ns)    Netlist Resource(s)
  -------------------------------------------------------------------    -------------------
    W16                                               0.000     0.000 r  D_IN_1 (IN)
                         net (fo=0)                   0.000     0.000    D_IN_1
    W16                  IBUF (Prop_ibuf_I_O)         1.499     1.499 r  D_IN_1_IBUF_inst/O
                         net (fo=6, routed)           4.906     6.405    design_1_i/SpeedSensor_Driver_IP_0/U0/SpeedSensor_Driver_IP_slave_lite_v1_0_S00_AXI_inst/AXI_Speed_Sensor_Driver/D_IN
    SLICE_X30Y111        LUT4 (Prop_lut4_I0_O)        0.124     6.529 r  design_1_i/SpeedSensor_Driver_IP_0/U0/SpeedSensor_Driver_IP_slave_lite_v1_0_S00_AXI_inst/AXI_Speed_Sensor_Driver/last_time[31]_i_2/O
                         net (fo=99, routed)          2.067     8.596    design_1_i/SpeedSensor_Driver_IP_0/U0/SpeedSensor_Driver_IP_slave_lite_v1_0_S00_AXI_inst/AXI_Speed_Sensor_Driver/last_time[31]_i_2_n_0
    SLICE_X26Y105        FDRE                                         r  design_1_i/SpeedSensor_Driver_IP_0/U0/SpeedSensor_Driver_IP_slave_lite_v1_0_S00_AXI_inst/AXI_Speed_Sensor_Driver/last_time_reg[18]/CE
  -------------------------------------------------------------------    -------------------

                         (clock clk_fpga_0 rise edge)
                                                      0.000     0.000 r  
    PS7_X0Y0             PS7                          0.000     0.000 r  design_1_i/processing_system7_0/inst/PS7_i/FCLKCLK[0]
                         net (fo=1, routed)           1.088     1.088    design_1_i/processing_system7_0/inst/FCLK_CLK_unbuffered[0]
    BUFGCTRL_X0Y16       BUFG (Prop_bufg_I_O)         0.091     1.179 r  design_1_i/processing_system7_0/inst/buffer_fclk_clk_0.FCLK_CLK_0_BUFG/O
                         net (fo=2171, routed)        1.695     2.874    design_1_i/SpeedSensor_Driver_IP_0/U0/SpeedSensor_Driver_IP_slave_lite_v1_0_S00_AXI_inst/AXI_Speed_Sensor_Driver/clk
    SLICE_X26Y105        FDRE                                         r  design_1_i/SpeedSensor_Driver_IP_0/U0/SpeedSensor_Driver_IP_slave_lite_v1_0_S00_AXI_inst/AXI_Speed_Sensor_Driver/last_time_reg[18]/C

Slack:                    inf
  Source:                 D_IN_1
                            (input port)
  Destination:            design_1_i/SpeedSensor_Driver_IP_0/U0/SpeedSensor_Driver_IP_slave_lite_v1_0_S00_AXI_inst/AXI_Speed_Sensor_Driver/last_time_reg[8]/CE
                            (rising edge-triggered cell FDRE clocked by clk_fpga_0  {rise@0.000ns fall@5.000ns period=10.000ns})
  Path Group:             (none)
  Path Type:              Setup (Max at Slow Process Corner)
  Data Path Delay:        8.596ns  (logic 1.623ns (18.877%)  route 6.973ns (81.123%))
  Logic Levels:           2  (IBUF=1 LUT4=1)
  Clock Path Skew:        2.874ns (DCD - SCD + CPR)
    Destination Clock Delay (DCD):    2.874ns
    Source Clock Delay      (SCD):    0.000ns
    Clock Pessimism Removal (CPR):    0.000ns
  Clock Uncertainty:      0.152ns  ((TSJ^2 + TIJ^2)^1/2 + DJ) / 2 + PE
    Total System Jitter     (TSJ):    0.050ns
    Total Input Jitter      (TIJ):    0.300ns
    Discrete Jitter          (DJ):    0.000ns
    Phase Error              (PE):    0.000ns

    Location             Delay type                Incr(ns)  Path(ns)    Netlist Resource(s)
  -------------------------------------------------------------------    -------------------
    W16                                               0.000     0.000 r  D_IN_1 (IN)
                         net (fo=0)                   0.000     0.000    D_IN_1
    W16                  IBUF (Prop_ibuf_I_O)         1.499     1.499 r  D_IN_1_IBUF_inst/O
                         net (fo=6, routed)           4.906     6.405    design_1_i/SpeedSensor_Driver_IP_0/U0/SpeedSensor_Driver_IP_slave_lite_v1_0_S00_AXI_inst/AXI_Speed_Sensor_Driver/D_IN
    SLICE_X30Y111        LUT4 (Prop_lut4_I0_O)        0.124     6.529 r  design_1_i/SpeedSensor_Driver_IP_0/U0/SpeedSensor_Driver_IP_slave_lite_v1_0_S00_AXI_inst/AXI_Speed_Sensor_Driver/last_time[31]_i_2/O
                         net (fo=99, routed)          2.067     8.596    design_1_i/SpeedSensor_Driver_IP_0/U0/SpeedSensor_Driver_IP_slave_lite_v1_0_S00_AXI_inst/AXI_Speed_Sensor_Driver/last_time[31]_i_2_n_0
    SLICE_X26Y105        FDRE                                         r  design_1_i/SpeedSensor_Driver_IP_0/U0/SpeedSensor_Driver_IP_slave_lite_v1_0_S00_AXI_inst/AXI_Speed_Sensor_Driver/last_time_reg[8]/CE
  -------------------------------------------------------------------    -------------------

                         (clock clk_fpga_0 rise edge)
                                                      0.000     0.000 r  
    PS7_X0Y0             PS7                          0.000     0.000 r  design_1_i/processing_system7_0/inst/PS7_i/FCLKCLK[0]
                         net (fo=1, routed)           1.088     1.088    design_1_i/processing_system7_0/inst/FCLK_CLK_unbuffered[0]
    BUFGCTRL_X0Y16       BUFG (Prop_bufg_I_O)         0.091     1.179 r  design_1_i/processing_system7_0/inst/buffer_fclk_clk_0.FCLK_CLK_0_BUFG/O
                         net (fo=2171, routed)        1.695     2.874    design_1_i/SpeedSensor_Driver_IP_0/U0/SpeedSensor_Driver_IP_slave_lite_v1_0_S00_AXI_inst/AXI_Speed_Sensor_Driver/clk
    SLICE_X26Y105        FDRE                                         r  design_1_i/SpeedSensor_Driver_IP_0/U0/SpeedSensor_Driver_IP_slave_lite_v1_0_S00_AXI_inst/AXI_Speed_Sensor_Driver/last_time_reg[8]/C

Slack:                    inf
  Source:                 D_IN_1
                            (input port)
  Destination:            design_1_i/SpeedSensor_Driver_IP_0/U0/SpeedSensor_Driver_IP_slave_lite_v1_0_S00_AXI_inst/AXI_Speed_Sensor_Driver/compared_reg[11]/CE
                            (rising edge-triggered cell FDRE clocked by clk_fpga_0  {rise@0.000ns fall@5.000ns period=10.000ns})
  Path Group:             (none)
  Path Type:              Setup (Max at Slow Process Corner)
  Data Path Delay:        8.488ns  (logic 1.623ns (19.117%)  route 6.865ns (80.883%))
  Logic Levels:           2  (IBUF=1 LUT4=1)
  Clock Path Skew:        2.878ns (DCD - SCD + CPR)
    Destination Clock Delay (DCD):    2.878ns
    Source Clock Delay      (SCD):    0.000ns
    Clock Pessimism Removal (CPR):    0.000ns
  Clock Uncertainty:      0.152ns  ((TSJ^2 + TIJ^2)^1/2 + DJ) / 2 + PE
    Total System Jitter     (TSJ):    0.050ns
    Total Input Jitter      (TIJ):    0.300ns
    Discrete Jitter          (DJ):    0.000ns
    Phase Error              (PE):    0.000ns

    Location             Delay type                Incr(ns)  Path(ns)    Netlist Resource(s)
  -------------------------------------------------------------------    -------------------
    W16                                               0.000     0.000 r  D_IN_1 (IN)
                         net (fo=0)                   0.000     0.000    D_IN_1
    W16                  IBUF (Prop_ibuf_I_O)         1.499     1.499 r  D_IN_1_IBUF_inst/O
                         net (fo=6, routed)           4.906     6.405    design_1_i/SpeedSensor_Driver_IP_0/U0/SpeedSensor_Driver_IP_slave_lite_v1_0_S00_AXI_inst/AXI_Speed_Sensor_Driver/D_IN
    SLICE_X30Y111        LUT4 (Prop_lut4_I0_O)        0.124     6.529 r  design_1_i/SpeedSensor_Driver_IP_0/U0/SpeedSensor_Driver_IP_slave_lite_v1_0_S00_AXI_inst/AXI_Speed_Sensor_Driver/last_time[31]_i_2/O
                         net (fo=99, routed)          1.959     8.488    design_1_i/SpeedSensor_Driver_IP_0/U0/SpeedSensor_Driver_IP_slave_lite_v1_0_S00_AXI_inst/AXI_Speed_Sensor_Driver/last_time[31]_i_2_n_0
    SLICE_X28Y103        FDRE                                         r  design_1_i/SpeedSensor_Driver_IP_0/U0/SpeedSensor_Driver_IP_slave_lite_v1_0_S00_AXI_inst/AXI_Speed_Sensor_Driver/compared_reg[11]/CE
  -------------------------------------------------------------------    -------------------

                         (clock clk_fpga_0 rise edge)
                                                      0.000     0.000 r  
    PS7_X0Y0             PS7                          0.000     0.000 r  design_1_i/processing_system7_0/inst/PS7_i/FCLKCLK[0]
                         net (fo=1, routed)           1.088     1.088    design_1_i/processing_system7_0/inst/FCLK_CLK_unbuffered[0]
    BUFGCTRL_X0Y16       BUFG (Prop_bufg_I_O)         0.091     1.179 r  design_1_i/processing_system7_0/inst/buffer_fclk_clk_0.FCLK_CLK_0_BUFG/O
                         net (fo=2171, routed)        1.699     2.878    design_1_i/SpeedSensor_Driver_IP_0/U0/SpeedSensor_Driver_IP_slave_lite_v1_0_S00_AXI_inst/AXI_Speed_Sensor_Driver/clk
    SLICE_X28Y103        FDRE                                         r  design_1_i/SpeedSensor_Driver_IP_0/U0/SpeedSensor_Driver_IP_slave_lite_v1_0_S00_AXI_inst/AXI_Speed_Sensor_Driver/compared_reg[11]/C

Slack:                    inf
  Source:                 D_IN_1
                            (input port)
  Destination:            design_1_i/SpeedSensor_Driver_IP_0/U0/SpeedSensor_Driver_IP_slave_lite_v1_0_S00_AXI_inst/AXI_Speed_Sensor_Driver/compared_reg[12]/CE
                            (rising edge-triggered cell FDRE clocked by clk_fpga_0  {rise@0.000ns fall@5.000ns period=10.000ns})
  Path Group:             (none)
  Path Type:              Setup (Max at Slow Process Corner)
  Data Path Delay:        8.488ns  (logic 1.623ns (19.117%)  route 6.865ns (80.883%))
  Logic Levels:           2  (IBUF=1 LUT4=1)
  Clock Path Skew:        2.878ns (DCD - SCD + CPR)
    Destination Clock Delay (DCD):    2.878ns
    Source Clock Delay      (SCD):    0.000ns
    Clock Pessimism Removal (CPR):    0.000ns
  Clock Uncertainty:      0.152ns  ((TSJ^2 + TIJ^2)^1/2 + DJ) / 2 + PE
    Total System Jitter     (TSJ):    0.050ns
    Total Input Jitter      (TIJ):    0.300ns
    Discrete Jitter          (DJ):    0.000ns
    Phase Error              (PE):    0.000ns

    Location             Delay type                Incr(ns)  Path(ns)    Netlist Resource(s)
  -------------------------------------------------------------------    -------------------
    W16                                               0.000     0.000 r  D_IN_1 (IN)
                         net (fo=0)                   0.000     0.000    D_IN_1
    W16                  IBUF (Prop_ibuf_I_O)         1.499     1.499 r  D_IN_1_IBUF_inst/O
                         net (fo=6, routed)           4.906     6.405    design_1_i/SpeedSensor_Driver_IP_0/U0/SpeedSensor_Driver_IP_slave_lite_v1_0_S00_AXI_inst/AXI_Speed_Sensor_Driver/D_IN
    SLICE_X30Y111        LUT4 (Prop_lut4_I0_O)        0.124     6.529 r  design_1_i/SpeedSensor_Driver_IP_0/U0/SpeedSensor_Driver_IP_slave_lite_v1_0_S00_AXI_inst/AXI_Speed_Sensor_Driver/last_time[31]_i_2/O
                         net (fo=99, routed)          1.959     8.488    design_1_i/SpeedSensor_Driver_IP_0/U0/SpeedSensor_Driver_IP_slave_lite_v1_0_S00_AXI_inst/AXI_Speed_Sensor_Driver/last_time[31]_i_2_n_0
    SLICE_X28Y103        FDRE                                         r  design_1_i/SpeedSensor_Driver_IP_0/U0/SpeedSensor_Driver_IP_slave_lite_v1_0_S00_AXI_inst/AXI_Speed_Sensor_Driver/compared_reg[12]/CE
  -------------------------------------------------------------------    -------------------

                         (clock clk_fpga_0 rise edge)
                                                      0.000     0.000 r  
    PS7_X0Y0             PS7                          0.000     0.000 r  design_1_i/processing_system7_0/inst/PS7_i/FCLKCLK[0]
                         net (fo=1, routed)           1.088     1.088    design_1_i/processing_system7_0/inst/FCLK_CLK_unbuffered[0]
    BUFGCTRL_X0Y16       BUFG (Prop_bufg_I_O)         0.091     1.179 r  design_1_i/processing_system7_0/inst/buffer_fclk_clk_0.FCLK_CLK_0_BUFG/O
                         net (fo=2171, routed)        1.699     2.878    design_1_i/SpeedSensor_Driver_IP_0/U0/SpeedSensor_Driver_IP_slave_lite_v1_0_S00_AXI_inst/AXI_Speed_Sensor_Driver/clk
    SLICE_X28Y103        FDRE                                         r  design_1_i/SpeedSensor_Driver_IP_0/U0/SpeedSensor_Driver_IP_slave_lite_v1_0_S00_AXI_inst/AXI_Speed_Sensor_Driver/compared_reg[12]/C





Min Delay Paths
--------------------------------------------------------------------------------------
Slack:                    inf
  Source:                 design_1_i/Motor_DriverIP_0/U0/Motor_DriverIP_slave_lite_v1_0_S00_AXI_inst/reg_data_out_reg[25]/G
                            (positive level-sensitive latch)
  Destination:            design_1_i/Motor_DriverIP_0/U0/Motor_DriverIP_slave_lite_v1_0_S00_AXI_inst/axi_rdata_reg[25]/D
                            (rising edge-triggered cell FDRE clocked by clk_fpga_0  {rise@0.000ns fall@5.000ns period=10.000ns})
  Path Group:             (none)
  Path Type:              Hold (Min at Fast Process Corner)
  Data Path Delay:        0.335ns  (logic 0.225ns (67.163%)  route 0.110ns (32.837%))
  Logic Levels:           1  (LDCE=1)
  Clock Uncertainty:      0.152ns  ((TSJ^2 + TIJ^2)^1/2 + DJ) / 2 + PE
    Total System Jitter     (TSJ):    0.050ns
    Total Input Jitter      (TIJ):    0.300ns
    Discrete Jitter          (DJ):    0.000ns
    Phase Error              (PE):    0.000ns

    Location             Delay type                Incr(ns)  Path(ns)    Netlist Resource(s)
  -------------------------------------------------------------------    -------------------
    SLICE_X37Y108        LDCE                         0.000     0.000 r  design_1_i/Motor_DriverIP_0/U0/Motor_DriverIP_slave_lite_v1_0_S00_AXI_inst/reg_data_out_reg[25]/G
    SLICE_X37Y108        LDCE (EnToQ_ldce_G_Q)        0.225     0.225 r  design_1_i/Motor_DriverIP_0/U0/Motor_DriverIP_slave_lite_v1_0_S00_AXI_inst/reg_data_out_reg[25]/Q
                         net (fo=1, routed)           0.110     0.335    design_1_i/Motor_DriverIP_0/U0/Motor_DriverIP_slave_lite_v1_0_S00_AXI_inst/reg_data_out_0[25]
    SLICE_X37Y107        FDRE                                         r  design_1_i/Motor_DriverIP_0/U0/Motor_DriverIP_slave_lite_v1_0_S00_AXI_inst/axi_rdata_reg[25]/D
  -------------------------------------------------------------------    -------------------

                         (clock clk_fpga_0 rise edge)
                                                      0.000     0.000 r  
    PS7_X0Y0             PS7                          0.000     0.000 r  design_1_i/processing_system7_0/inst/PS7_i/FCLKCLK[0]
                         net (fo=1, routed)           0.337     0.337    design_1_i/processing_system7_0/inst/FCLK_CLK_unbuffered[0]
    BUFGCTRL_X0Y16       BUFG (Prop_bufg_I_O)         0.029     0.366 r  design_1_i/processing_system7_0/inst/buffer_fclk_clk_0.FCLK_CLK_0_BUFG/O
                         net (fo=2171, routed)        0.909     1.275    design_1_i/Motor_DriverIP_0/U0/Motor_DriverIP_slave_lite_v1_0_S00_AXI_inst/s00_axi_aclk
    SLICE_X37Y107        FDRE                                         r  design_1_i/Motor_DriverIP_0/U0/Motor_DriverIP_slave_lite_v1_0_S00_AXI_inst/axi_rdata_reg[25]/C

Slack:                    inf
  Source:                 design_1_i/Motor_DriverIP_0/U0/Motor_DriverIP_slave_lite_v1_0_S00_AXI_inst/reg_data_out_reg[5]/G
                            (positive level-sensitive latch)
  Destination:            design_1_i/Motor_DriverIP_0/U0/Motor_DriverIP_slave_lite_v1_0_S00_AXI_inst/axi_rdata_reg[5]/D
                            (rising edge-triggered cell FDRE clocked by clk_fpga_0  {rise@0.000ns fall@5.000ns period=10.000ns})
  Path Group:             (none)
  Path Type:              Hold (Min at Fast Process Corner)
  Data Path Delay:        0.339ns  (logic 0.225ns (66.405%)  route 0.114ns (33.595%))
  Logic Levels:           1  (LDCE=1)
  Clock Uncertainty:      0.152ns  ((TSJ^2 + TIJ^2)^1/2 + DJ) / 2 + PE
    Total System Jitter     (TSJ):    0.050ns
    Total Input Jitter      (TIJ):    0.300ns
    Discrete Jitter          (DJ):    0.000ns
    Phase Error              (PE):    0.000ns

    Location             Delay type                Incr(ns)  Path(ns)    Netlist Resource(s)
  -------------------------------------------------------------------    -------------------
    SLICE_X48Y94         LDCE                         0.000     0.000 r  design_1_i/Motor_DriverIP_0/U0/Motor_DriverIP_slave_lite_v1_0_S00_AXI_inst/reg_data_out_reg[5]/G
    SLICE_X48Y94         LDCE (EnToQ_ldce_G_Q)        0.225     0.225 r  design_1_i/Motor_DriverIP_0/U0/Motor_DriverIP_slave_lite_v1_0_S00_AXI_inst/reg_data_out_reg[5]/Q
                         net (fo=1, routed)           0.114     0.339    design_1_i/Motor_DriverIP_0/U0/Motor_DriverIP_slave_lite_v1_0_S00_AXI_inst/reg_data_out_0[5]
    SLICE_X48Y95         FDRE                                         r  design_1_i/Motor_DriverIP_0/U0/Motor_DriverIP_slave_lite_v1_0_S00_AXI_inst/axi_rdata_reg[5]/D
  -------------------------------------------------------------------    -------------------

                         (clock clk_fpga_0 rise edge)
                                                      0.000     0.000 r  
    PS7_X0Y0             PS7                          0.000     0.000 r  design_1_i/processing_system7_0/inst/PS7_i/FCLKCLK[0]
                         net (fo=1, routed)           0.337     0.337    design_1_i/processing_system7_0/inst/FCLK_CLK_unbuffered[0]
    BUFGCTRL_X0Y16       BUFG (Prop_bufg_I_O)         0.029     0.366 r  design_1_i/processing_system7_0/inst/buffer_fclk_clk_0.FCLK_CLK_0_BUFG/O
                         net (fo=2171, routed)        0.824     1.190    design_1_i/Motor_DriverIP_0/U0/Motor_DriverIP_slave_lite_v1_0_S00_AXI_inst/s00_axi_aclk
    SLICE_X48Y95         FDRE                                         r  design_1_i/Motor_DriverIP_0/U0/Motor_DriverIP_slave_lite_v1_0_S00_AXI_inst/axi_rdata_reg[5]/C

Slack:                    inf
  Source:                 design_1_i/Motor_DriverIP_0/U0/Motor_DriverIP_slave_lite_v1_0_S00_AXI_inst/reg_data_out_reg[6]/G
                            (positive level-sensitive latch)
  Destination:            design_1_i/Motor_DriverIP_0/U0/Motor_DriverIP_slave_lite_v1_0_S00_AXI_inst/axi_rdata_reg[6]/D
                            (rising edge-triggered cell FDRE clocked by clk_fpga_0  {rise@0.000ns fall@5.000ns period=10.000ns})
  Path Group:             (none)
  Path Type:              Hold (Min at Fast Process Corner)
  Data Path Delay:        0.340ns  (logic 0.225ns (66.205%)  route 0.115ns (33.795%))
  Logic Levels:           1  (LDCE=1)
  Clock Uncertainty:      0.152ns  ((TSJ^2 + TIJ^2)^1/2 + DJ) / 2 + PE
    Total System Jitter     (TSJ):    0.050ns
    Total Input Jitter      (TIJ):    0.300ns
    Discrete Jitter          (DJ):    0.000ns
    Phase Error              (PE):    0.000ns

    Location             Delay type                Incr(ns)  Path(ns)    Netlist Resource(s)
  -------------------------------------------------------------------    -------------------
    SLICE_X48Y94         LDCE                         0.000     0.000 r  design_1_i/Motor_DriverIP_0/U0/Motor_DriverIP_slave_lite_v1_0_S00_AXI_inst/reg_data_out_reg[6]/G
    SLICE_X48Y94         LDCE (EnToQ_ldce_G_Q)        0.225     0.225 r  design_1_i/Motor_DriverIP_0/U0/Motor_DriverIP_slave_lite_v1_0_S00_AXI_inst/reg_data_out_reg[6]/Q
                         net (fo=1, routed)           0.115     0.340    design_1_i/Motor_DriverIP_0/U0/Motor_DriverIP_slave_lite_v1_0_S00_AXI_inst/reg_data_out_0[6]
    SLICE_X48Y95         FDRE                                         r  design_1_i/Motor_DriverIP_0/U0/Motor_DriverIP_slave_lite_v1_0_S00_AXI_inst/axi_rdata_reg[6]/D
  -------------------------------------------------------------------    -------------------

                         (clock clk_fpga_0 rise edge)
                                                      0.000     0.000 r  
    PS7_X0Y0             PS7                          0.000     0.000 r  design_1_i/processing_system7_0/inst/PS7_i/FCLKCLK[0]
                         net (fo=1, routed)           0.337     0.337    design_1_i/processing_system7_0/inst/FCLK_CLK_unbuffered[0]
    BUFGCTRL_X0Y16       BUFG (Prop_bufg_I_O)         0.029     0.366 r  design_1_i/processing_system7_0/inst/buffer_fclk_clk_0.FCLK_CLK_0_BUFG/O
                         net (fo=2171, routed)        0.824     1.190    design_1_i/Motor_DriverIP_0/U0/Motor_DriverIP_slave_lite_v1_0_S00_AXI_inst/s00_axi_aclk
    SLICE_X48Y95         FDRE                                         r  design_1_i/Motor_DriverIP_0/U0/Motor_DriverIP_slave_lite_v1_0_S00_AXI_inst/axi_rdata_reg[6]/C

Slack:                    inf
  Source:                 design_1_i/Motor_DriverIP_0/U0/Motor_DriverIP_slave_lite_v1_0_S00_AXI_inst/reg_data_out_reg[4]/G
                            (positive level-sensitive latch)
  Destination:            design_1_i/Motor_DriverIP_0/U0/Motor_DriverIP_slave_lite_v1_0_S00_AXI_inst/axi_rdata_reg[4]/D
                            (rising edge-triggered cell FDRE clocked by clk_fpga_0  {rise@0.000ns fall@5.000ns period=10.000ns})
  Path Group:             (none)
  Path Type:              Hold (Min at Fast Process Corner)
  Data Path Delay:        0.341ns  (logic 0.225ns (65.935%)  route 0.116ns (34.065%))
  Logic Levels:           1  (LDCE=1)
  Clock Uncertainty:      0.152ns  ((TSJ^2 + TIJ^2)^1/2 + DJ) / 2 + PE
    Total System Jitter     (TSJ):    0.050ns
    Total Input Jitter      (TIJ):    0.300ns
    Discrete Jitter          (DJ):    0.000ns
    Phase Error              (PE):    0.000ns

    Location             Delay type                Incr(ns)  Path(ns)    Netlist Resource(s)
  -------------------------------------------------------------------    -------------------
    SLICE_X45Y99         LDCE                         0.000     0.000 r  design_1_i/Motor_DriverIP_0/U0/Motor_DriverIP_slave_lite_v1_0_S00_AXI_inst/reg_data_out_reg[4]/G
    SLICE_X45Y99         LDCE (EnToQ_ldce_G_Q)        0.225     0.225 r  design_1_i/Motor_DriverIP_0/U0/Motor_DriverIP_slave_lite_v1_0_S00_AXI_inst/reg_data_out_reg[4]/Q
                         net (fo=1, routed)           0.116     0.341    design_1_i/Motor_DriverIP_0/U0/Motor_DriverIP_slave_lite_v1_0_S00_AXI_inst/reg_data_out_0[4]
    SLICE_X45Y97         FDRE                                         r  design_1_i/Motor_DriverIP_0/U0/Motor_DriverIP_slave_lite_v1_0_S00_AXI_inst/axi_rdata_reg[4]/D
  -------------------------------------------------------------------    -------------------

                         (clock clk_fpga_0 rise edge)
                                                      0.000     0.000 r  
    PS7_X0Y0             PS7                          0.000     0.000 r  design_1_i/processing_system7_0/inst/PS7_i/FCLKCLK[0]
                         net (fo=1, routed)           0.337     0.337    design_1_i/processing_system7_0/inst/FCLK_CLK_unbuffered[0]
    BUFGCTRL_X0Y16       BUFG (Prop_bufg_I_O)         0.029     0.366 r  design_1_i/processing_system7_0/inst/buffer_fclk_clk_0.FCLK_CLK_0_BUFG/O
                         net (fo=2171, routed)        0.825     1.191    design_1_i/Motor_DriverIP_0/U0/Motor_DriverIP_slave_lite_v1_0_S00_AXI_inst/s00_axi_aclk
    SLICE_X45Y97         FDRE                                         r  design_1_i/Motor_DriverIP_0/U0/Motor_DriverIP_slave_lite_v1_0_S00_AXI_inst/axi_rdata_reg[4]/C

Slack:                    inf
  Source:                 design_1_i/Motor_DriverIP_0/U0/Motor_DriverIP_slave_lite_v1_0_S00_AXI_inst/reg_data_out_reg[7]/G
                            (positive level-sensitive latch)
  Destination:            design_1_i/Motor_DriverIP_0/U0/Motor_DriverIP_slave_lite_v1_0_S00_AXI_inst/axi_rdata_reg[7]/D
                            (rising edge-triggered cell FDRE clocked by clk_fpga_0  {rise@0.000ns fall@5.000ns period=10.000ns})
  Path Group:             (none)
  Path Type:              Hold (Min at Fast Process Corner)
  Data Path Delay:        0.343ns  (logic 0.225ns (65.641%)  route 0.118ns (34.359%))
  Logic Levels:           1  (LDCE=1)
  Clock Uncertainty:      0.152ns  ((TSJ^2 + TIJ^2)^1/2 + DJ) / 2 + PE
    Total System Jitter     (TSJ):    0.050ns
    Total Input Jitter      (TIJ):    0.300ns
    Discrete Jitter          (DJ):    0.000ns
    Phase Error              (PE):    0.000ns

    Location             Delay type                Incr(ns)  Path(ns)    Netlist Resource(s)
  -------------------------------------------------------------------    -------------------
    SLICE_X48Y94         LDCE                         0.000     0.000 r  design_1_i/Motor_DriverIP_0/U0/Motor_DriverIP_slave_lite_v1_0_S00_AXI_inst/reg_data_out_reg[7]/G
    SLICE_X48Y94         LDCE (EnToQ_ldce_G_Q)        0.225     0.225 r  design_1_i/Motor_DriverIP_0/U0/Motor_DriverIP_slave_lite_v1_0_S00_AXI_inst/reg_data_out_reg[7]/Q
                         net (fo=1, routed)           0.118     0.343    design_1_i/Motor_DriverIP_0/U0/Motor_DriverIP_slave_lite_v1_0_S00_AXI_inst/reg_data_out_0[7]
    SLICE_X48Y95         FDRE                                         r  design_1_i/Motor_DriverIP_0/U0/Motor_DriverIP_slave_lite_v1_0_S00_AXI_inst/axi_rdata_reg[7]/D
  -------------------------------------------------------------------    -------------------

                         (clock clk_fpga_0 rise edge)
                                                      0.000     0.000 r  
    PS7_X0Y0             PS7                          0.000     0.000 r  design_1_i/processing_system7_0/inst/PS7_i/FCLKCLK[0]
                         net (fo=1, routed)           0.337     0.337    design_1_i/processing_system7_0/inst/FCLK_CLK_unbuffered[0]
    BUFGCTRL_X0Y16       BUFG (Prop_bufg_I_O)         0.029     0.366 r  design_1_i/processing_system7_0/inst/buffer_fclk_clk_0.FCLK_CLK_0_BUFG/O
                         net (fo=2171, routed)        0.824     1.190    design_1_i/Motor_DriverIP_0/U0/Motor_DriverIP_slave_lite_v1_0_S00_AXI_inst/s00_axi_aclk
    SLICE_X48Y95         FDRE                                         r  design_1_i/Motor_DriverIP_0/U0/Motor_DriverIP_slave_lite_v1_0_S00_AXI_inst/axi_rdata_reg[7]/C

Slack:                    inf
  Source:                 design_1_i/Motor_DriverIP_0/U0/Motor_DriverIP_slave_lite_v1_0_S00_AXI_inst/reg_data_out_reg[23]/G
                            (positive level-sensitive latch)
  Destination:            design_1_i/Motor_DriverIP_0/U0/Motor_DriverIP_slave_lite_v1_0_S00_AXI_inst/axi_rdata_reg[23]/D
                            (rising edge-triggered cell FDRE clocked by clk_fpga_0  {rise@0.000ns fall@5.000ns period=10.000ns})
  Path Group:             (none)
  Path Type:              Hold (Min at Fast Process Corner)
  Data Path Delay:        0.346ns  (logic 0.245ns (70.808%)  route 0.101ns (29.192%))
  Logic Levels:           1  (LDCE=1)
  Clock Uncertainty:      0.152ns  ((TSJ^2 + TIJ^2)^1/2 + DJ) / 2 + PE
    Total System Jitter     (TSJ):    0.050ns
    Total Input Jitter      (TIJ):    0.300ns
    Discrete Jitter          (DJ):    0.000ns
    Phase Error              (PE):    0.000ns

    Location             Delay type                Incr(ns)  Path(ns)    Netlist Resource(s)
  -------------------------------------------------------------------    -------------------
    SLICE_X38Y106        LDCE                         0.000     0.000 r  design_1_i/Motor_DriverIP_0/U0/Motor_DriverIP_slave_lite_v1_0_S00_AXI_inst/reg_data_out_reg[23]/G
    SLICE_X38Y106        LDCE (EnToQ_ldce_G_Q)        0.245     0.245 r  design_1_i/Motor_DriverIP_0/U0/Motor_DriverIP_slave_lite_v1_0_S00_AXI_inst/reg_data_out_reg[23]/Q
                         net (fo=1, routed)           0.101     0.346    design_1_i/Motor_DriverIP_0/U0/Motor_DriverIP_slave_lite_v1_0_S00_AXI_inst/reg_data_out_0[23]
    SLICE_X37Y106        FDRE                                         r  design_1_i/Motor_DriverIP_0/U0/Motor_DriverIP_slave_lite_v1_0_S00_AXI_inst/axi_rdata_reg[23]/D
  -------------------------------------------------------------------    -------------------

                         (clock clk_fpga_0 rise edge)
                                                      0.000     0.000 r  
    PS7_X0Y0             PS7                          0.000     0.000 r  design_1_i/processing_system7_0/inst/PS7_i/FCLKCLK[0]
                         net (fo=1, routed)           0.337     0.337    design_1_i/processing_system7_0/inst/FCLK_CLK_unbuffered[0]
    BUFGCTRL_X0Y16       BUFG (Prop_bufg_I_O)         0.029     0.366 r  design_1_i/processing_system7_0/inst/buffer_fclk_clk_0.FCLK_CLK_0_BUFG/O
                         net (fo=2171, routed)        0.910     1.276    design_1_i/Motor_DriverIP_0/U0/Motor_DriverIP_slave_lite_v1_0_S00_AXI_inst/s00_axi_aclk
    SLICE_X37Y106        FDRE                                         r  design_1_i/Motor_DriverIP_0/U0/Motor_DriverIP_slave_lite_v1_0_S00_AXI_inst/axi_rdata_reg[23]/C

Slack:                    inf
  Source:                 design_1_i/Motor_DriverIP_0/U0/Motor_DriverIP_slave_lite_v1_0_S00_AXI_inst/reg_data_out_reg[28]/G
                            (positive level-sensitive latch)
  Destination:            design_1_i/Motor_DriverIP_0/U0/Motor_DriverIP_slave_lite_v1_0_S00_AXI_inst/axi_rdata_reg[28]/D
                            (rising edge-triggered cell FDRE clocked by clk_fpga_0  {rise@0.000ns fall@5.000ns period=10.000ns})
  Path Group:             (none)
  Path Type:              Hold (Min at Fast Process Corner)
  Data Path Delay:        0.346ns  (logic 0.245ns (70.808%)  route 0.101ns (29.192%))
  Logic Levels:           1  (LDCE=1)
  Clock Uncertainty:      0.152ns  ((TSJ^2 + TIJ^2)^1/2 + DJ) / 2 + PE
    Total System Jitter     (TSJ):    0.050ns
    Total Input Jitter      (TIJ):    0.300ns
    Discrete Jitter          (DJ):    0.000ns
    Phase Error              (PE):    0.000ns

    Location             Delay type                Incr(ns)  Path(ns)    Netlist Resource(s)
  -------------------------------------------------------------------    -------------------
    SLICE_X38Y106        LDCE                         0.000     0.000 r  design_1_i/Motor_DriverIP_0/U0/Motor_DriverIP_slave_lite_v1_0_S00_AXI_inst/reg_data_out_reg[28]/G
    SLICE_X38Y106        LDCE (EnToQ_ldce_G_Q)        0.245     0.245 r  design_1_i/Motor_DriverIP_0/U0/Motor_DriverIP_slave_lite_v1_0_S00_AXI_inst/reg_data_out_reg[28]/Q
                         net (fo=1, routed)           0.101     0.346    design_1_i/Motor_DriverIP_0/U0/Motor_DriverIP_slave_lite_v1_0_S00_AXI_inst/reg_data_out_0[28]
    SLICE_X37Y106        FDRE                                         r  design_1_i/Motor_DriverIP_0/U0/Motor_DriverIP_slave_lite_v1_0_S00_AXI_inst/axi_rdata_reg[28]/D
  -------------------------------------------------------------------    -------------------

                         (clock clk_fpga_0 rise edge)
                                                      0.000     0.000 r  
    PS7_X0Y0             PS7                          0.000     0.000 r  design_1_i/processing_system7_0/inst/PS7_i/FCLKCLK[0]
                         net (fo=1, routed)           0.337     0.337    design_1_i/processing_system7_0/inst/FCLK_CLK_unbuffered[0]
    BUFGCTRL_X0Y16       BUFG (Prop_bufg_I_O)         0.029     0.366 r  design_1_i/processing_system7_0/inst/buffer_fclk_clk_0.FCLK_CLK_0_BUFG/O
                         net (fo=2171, routed)        0.910     1.276    design_1_i/Motor_DriverIP_0/U0/Motor_DriverIP_slave_lite_v1_0_S00_AXI_inst/s00_axi_aclk
    SLICE_X37Y106        FDRE                                         r  design_1_i/Motor_DriverIP_0/U0/Motor_DriverIP_slave_lite_v1_0_S00_AXI_inst/axi_rdata_reg[28]/C

Slack:                    inf
  Source:                 design_1_i/Motor_DriverIP_0/U0/Motor_DriverIP_slave_lite_v1_0_S00_AXI_inst/reg_data_out_reg[3]/G
                            (positive level-sensitive latch)
  Destination:            design_1_i/Motor_DriverIP_0/U0/Motor_DriverIP_slave_lite_v1_0_S00_AXI_inst/axi_rdata_reg[3]/D
                            (rising edge-triggered cell FDRE clocked by clk_fpga_0  {rise@0.000ns fall@5.000ns period=10.000ns})
  Path Group:             (none)
  Path Type:              Hold (Min at Fast Process Corner)
  Data Path Delay:        0.346ns  (logic 0.225ns (64.946%)  route 0.121ns (35.054%))
  Logic Levels:           1  (LDCE=1)
  Clock Uncertainty:      0.152ns  ((TSJ^2 + TIJ^2)^1/2 + DJ) / 2 + PE
    Total System Jitter     (TSJ):    0.050ns
    Total Input Jitter      (TIJ):    0.300ns
    Discrete Jitter          (DJ):    0.000ns
    Phase Error              (PE):    0.000ns

    Location             Delay type                Incr(ns)  Path(ns)    Netlist Resource(s)
  -------------------------------------------------------------------    -------------------
    SLICE_X48Y94         LDCE                         0.000     0.000 r  design_1_i/Motor_DriverIP_0/U0/Motor_DriverIP_slave_lite_v1_0_S00_AXI_inst/reg_data_out_reg[3]/G
    SLICE_X48Y94         LDCE (EnToQ_ldce_G_Q)        0.225     0.225 r  design_1_i/Motor_DriverIP_0/U0/Motor_DriverIP_slave_lite_v1_0_S00_AXI_inst/reg_data_out_reg[3]/Q
                         net (fo=1, routed)           0.121     0.346    design_1_i/Motor_DriverIP_0/U0/Motor_DriverIP_slave_lite_v1_0_S00_AXI_inst/reg_data_out_0[3]
    SLICE_X48Y95         FDRE                                         r  design_1_i/Motor_DriverIP_0/U0/Motor_DriverIP_slave_lite_v1_0_S00_AXI_inst/axi_rdata_reg[3]/D
  -------------------------------------------------------------------    -------------------

                         (clock clk_fpga_0 rise edge)
                                                      0.000     0.000 r  
    PS7_X0Y0             PS7                          0.000     0.000 r  design_1_i/processing_system7_0/inst/PS7_i/FCLKCLK[0]
                         net (fo=1, routed)           0.337     0.337    design_1_i/processing_system7_0/inst/FCLK_CLK_unbuffered[0]
    BUFGCTRL_X0Y16       BUFG (Prop_bufg_I_O)         0.029     0.366 r  design_1_i/processing_system7_0/inst/buffer_fclk_clk_0.FCLK_CLK_0_BUFG/O
                         net (fo=2171, routed)        0.824     1.190    design_1_i/Motor_DriverIP_0/U0/Motor_DriverIP_slave_lite_v1_0_S00_AXI_inst/s00_axi_aclk
    SLICE_X48Y95         FDRE                                         r  design_1_i/Motor_DriverIP_0/U0/Motor_DriverIP_slave_lite_v1_0_S00_AXI_inst/axi_rdata_reg[3]/C

Slack:                    inf
  Source:                 design_1_i/Motor_DriverIP_0/U0/Motor_DriverIP_slave_lite_v1_0_S00_AXI_inst/reg_data_out_reg[15]/G
                            (positive level-sensitive latch)
  Destination:            design_1_i/Motor_DriverIP_0/U0/Motor_DriverIP_slave_lite_v1_0_S00_AXI_inst/axi_rdata_reg[15]/D
                            (rising edge-triggered cell FDRE clocked by clk_fpga_0  {rise@0.000ns fall@5.000ns period=10.000ns})
  Path Group:             (none)
  Path Type:              Hold (Min at Fast Process Corner)
  Data Path Delay:        0.347ns  (logic 0.225ns (64.875%)  route 0.122ns (35.125%))
  Logic Levels:           1  (LDCE=1)
  Clock Uncertainty:      0.152ns  ((TSJ^2 + TIJ^2)^1/2 + DJ) / 2 + PE
    Total System Jitter     (TSJ):    0.050ns
    Total Input Jitter      (TIJ):    0.300ns
    Discrete Jitter          (DJ):    0.000ns
    Phase Error              (PE):    0.000ns

    Location             Delay type                Incr(ns)  Path(ns)    Netlist Resource(s)
  -------------------------------------------------------------------    -------------------
    SLICE_X40Y103        LDCE                         0.000     0.000 r  design_1_i/Motor_DriverIP_0/U0/Motor_DriverIP_slave_lite_v1_0_S00_AXI_inst/reg_data_out_reg[15]/G
    SLICE_X40Y103        LDCE (EnToQ_ldce_G_Q)        0.225     0.225 r  design_1_i/Motor_DriverIP_0/U0/Motor_DriverIP_slave_lite_v1_0_S00_AXI_inst/reg_data_out_reg[15]/Q
                         net (fo=1, routed)           0.122     0.347    design_1_i/Motor_DriverIP_0/U0/Motor_DriverIP_slave_lite_v1_0_S00_AXI_inst/reg_data_out_0[15]
    SLICE_X36Y103        FDRE                                         r  design_1_i/Motor_DriverIP_0/U0/Motor_DriverIP_slave_lite_v1_0_S00_AXI_inst/axi_rdata_reg[15]/D
  -------------------------------------------------------------------    -------------------

                         (clock clk_fpga_0 rise edge)
                                                      0.000     0.000 r  
    PS7_X0Y0             PS7                          0.000     0.000 r  design_1_i/processing_system7_0/inst/PS7_i/FCLKCLK[0]
                         net (fo=1, routed)           0.337     0.337    design_1_i/processing_system7_0/inst/FCLK_CLK_unbuffered[0]
    BUFGCTRL_X0Y16       BUFG (Prop_bufg_I_O)         0.029     0.366 r  design_1_i/processing_system7_0/inst/buffer_fclk_clk_0.FCLK_CLK_0_BUFG/O
                         net (fo=2171, routed)        0.910     1.276    design_1_i/Motor_DriverIP_0/U0/Motor_DriverIP_slave_lite_v1_0_S00_AXI_inst/s00_axi_aclk
    SLICE_X36Y103        FDRE                                         r  design_1_i/Motor_DriverIP_0/U0/Motor_DriverIP_slave_lite_v1_0_S00_AXI_inst/axi_rdata_reg[15]/C

Slack:                    inf
  Source:                 design_1_i/Motor_DriverIP_0/U0/Motor_DriverIP_slave_lite_v1_0_S00_AXI_inst/reg_data_out_reg[16]/G
                            (positive level-sensitive latch)
  Destination:            design_1_i/Motor_DriverIP_0/U0/Motor_DriverIP_slave_lite_v1_0_S00_AXI_inst/axi_rdata_reg[16]/D
                            (rising edge-triggered cell FDRE clocked by clk_fpga_0  {rise@0.000ns fall@5.000ns period=10.000ns})
  Path Group:             (none)
  Path Type:              Hold (Min at Fast Process Corner)
  Data Path Delay:        0.361ns  (logic 0.245ns (67.836%)  route 0.116ns (32.164%))
  Logic Levels:           1  (LDCE=1)
  Clock Uncertainty:      0.152ns  ((TSJ^2 + TIJ^2)^1/2 + DJ) / 2 + PE
    Total System Jitter     (TSJ):    0.050ns
    Total Input Jitter      (TIJ):    0.300ns
    Discrete Jitter          (DJ):    0.000ns
    Phase Error              (PE):    0.000ns

    Location             Delay type                Incr(ns)  Path(ns)    Netlist Resource(s)
  -------------------------------------------------------------------    -------------------
    SLICE_X36Y104        LDCE                         0.000     0.000 r  design_1_i/Motor_DriverIP_0/U0/Motor_DriverIP_slave_lite_v1_0_S00_AXI_inst/reg_data_out_reg[16]/G
    SLICE_X36Y104        LDCE (EnToQ_ldce_G_Q)        0.245     0.245 r  design_1_i/Motor_DriverIP_0/U0/Motor_DriverIP_slave_lite_v1_0_S00_AXI_inst/reg_data_out_reg[16]/Q
                         net (fo=1, routed)           0.116     0.361    design_1_i/Motor_DriverIP_0/U0/Motor_DriverIP_slave_lite_v1_0_S00_AXI_inst/reg_data_out_0[16]
    SLICE_X36Y103        FDRE                                         r  design_1_i/Motor_DriverIP_0/U0/Motor_DriverIP_slave_lite_v1_0_S00_AXI_inst/axi_rdata_reg[16]/D
  -------------------------------------------------------------------    -------------------

                         (clock clk_fpga_0 rise edge)
                                                      0.000     0.000 r  
    PS7_X0Y0             PS7                          0.000     0.000 r  design_1_i/processing_system7_0/inst/PS7_i/FCLKCLK[0]
                         net (fo=1, routed)           0.337     0.337    design_1_i/processing_system7_0/inst/FCLK_CLK_unbuffered[0]
    BUFGCTRL_X0Y16       BUFG (Prop_bufg_I_O)         0.029     0.366 r  design_1_i/processing_system7_0/inst/buffer_fclk_clk_0.FCLK_CLK_0_BUFG/O
                         net (fo=2171, routed)        0.910     1.276    design_1_i/Motor_DriverIP_0/U0/Motor_DriverIP_slave_lite_v1_0_S00_AXI_inst/s00_axi_aclk
    SLICE_X36Y103        FDRE                                         r  design_1_i/Motor_DriverIP_0/U0/Motor_DriverIP_slave_lite_v1_0_S00_AXI_inst/axi_rdata_reg[16]/C





