
*** Running vivado
    with args -log design_1_wrapper.vds -m64 -product Vivado -mode batch -messageDb vivado.pb -notrace -source design_1_wrapper.tcl


****** Vivado v2024.1 (64-bit)
  **** SW Build 5076996 on Wed May 22 18:36:09 MDT 2024
  **** IP Build 5075265 on Wed May 22 21:45:21 MDT 2024
  **** SharedData Build 5076995 on Wed May 22 18:29:18 MDT 2024
  **** Start of session at: Sat May 10 19:16:20 2025
    ** Copyright 1986-2022 Xilinx, Inc. All Rights Reserved.
    ** Copyright 2022-2024 Advanced Micro Devices, Inc. All Rights Reserved.

source design_1_wrapper.tcl -notrace
INFO: [IP_Flow 19-234] Refreshing IP repositories
INFO: [IP_Flow 19-1700] Loaded user IP repository '/home/pcoli/Project_Folder/Xilinx_Vivado/ip_repo/SpeedSensor_Driver_IP_1_0'.
INFO: [IP_Flow 19-1700] Loaded user IP repository '/home/pcoli/Project_Folder/Xilinx_Vivado/ip_repo/Motor_DriverIP_1_0'.
INFO: [IP_Flow 19-1700] Loaded user IP repository '/home/pcoli/Project_Folder/Xilinx_Vivado/ip_repo/Motor_Driver_1_0'.
INFO: [IP_Flow 19-1700] Loaded user IP repository '/home/pcoli/Project_Folder/Xilinx_Vivado/ip_repo/Motor_Driver_IP_1_0'.
INFO: [IP_Flow 19-2313] Loaded Vivado IP repository '/tools/Xilinx/Vivado/2024.1/data/ip'.
Command: read_checkpoint -auto_incremental -incremental /home/pcoli/Project_Folder/Xilinx_Vivado/MotorDriver/MotorDriver.srcs/utils_1/imports/synth_1/motor.dcp
INFO: [Vivado 12-5825] Read reference checkpoint from /home/pcoli/Project_Folder/Xilinx_Vivado/MotorDriver/MotorDriver.srcs/utils_1/imports/synth_1/motor.dcp for incremental synthesis
INFO: [Vivado 12-7989] Please ensure there are no constraint changes
Command: synth_design -top design_1_wrapper -part xc7z020clg400-1
Starting synth_design
Attempting to get a license for feature 'Synthesis' and/or device 'xc7z020'
INFO: [Common 17-349] Got license for feature 'Synthesis' and/or device 'xc7z020'
INFO: [Device 21-403] Loading part xc7z020clg400-1
INFO: [Device 21-9227] Part: xc7z020clg400-1 does not have CEAM library.
INFO: [Designutils 20-5440] No compile time benefit to using incremental synthesis; A full resynthesis will be run
INFO: [Designutils 20-4379] Flow is switching to default flow due to incremental criteria not met. If you would like to alter this behaviour and have the flow terminate instead, please set the following parameter config_implementation {autoIncr.Synth.RejectBehavior Terminate}
INFO: [Synth 8-7079] Multithreading enabled for synth_design using a maximum of 4 processes.
INFO: [Synth 8-7078] Launching helper process for spawning children vivado processes
INFO: [Synth 8-7075] Helper process launched with PID 59635
---------------------------------------------------------------------------------
Starting RTL Elaboration : Time (s): cpu = 00:00:02 ; elapsed = 00:00:02 . Memory (MB): peak = 2414.223 ; gain = 157.746 ; free physical = 19199 ; free virtual = 31418
---------------------------------------------------------------------------------
INFO: [Synth 8-638] synthesizing module 'design_1_wrapper' [/home/pcoli/Project_Folder/Xilinx_Vivado/MotorDriver/MotorDriver.gen/sources_1/bd/design_1/hdl/design_1_wrapper.vhd:48]
INFO: [Synth 8-3491] module 'design_1' declared at '/home/pcoli/Project_Folder/Xilinx_Vivado/MotorDriver/MotorDriver.gen/sources_1/bd/design_1/synth/design_1.vhd:1839' bound to instance 'design_1_i' of component 'design_1' [/home/pcoli/Project_Folder/Xilinx_Vivado/MotorDriver/MotorDriver.gen/sources_1/bd/design_1/hdl/design_1_wrapper.vhd:100]
INFO: [Synth 8-638] synthesizing module 'design_1' [/home/pcoli/Project_Folder/Xilinx_Vivado/MotorDriver/MotorDriver.gen/sources_1/bd/design_1/synth/design_1.vhd:1880]
INFO: [Synth 8-3491] module 'design_1_Motor_DriverIP_0_1' declared at '/home/pcoli/Project_Folder/Xilinx_Vivado/MotorDriver/MotorDriver.runs/synth_1/.Xil/Vivado-59559-pcoli-System-Product-Name/realtime/design_1_Motor_DriverIP_0_1_stub.vhdl:6' bound to instance 'Motor_DriverIP_0' of component 'design_1_Motor_DriverIP_0_1' [/home/pcoli/Project_Folder/Xilinx_Vivado/MotorDriver/MotorDriver.gen/sources_1/bd/design_1/synth/design_1.vhd:2378]
INFO: [Synth 8-638] synthesizing module 'design_1_Motor_DriverIP_0_1' [/home/pcoli/Project_Folder/Xilinx_Vivado/MotorDriver/MotorDriver.runs/synth_1/.Xil/Vivado-59559-pcoli-System-Product-Name/realtime/design_1_Motor_DriverIP_0_1_stub.vhdl:37]
INFO: [Synth 8-3491] module 'design_1_SpeedSensor_Driver_IP_0_2' declared at '/home/pcoli/Project_Folder/Xilinx_Vivado/MotorDriver/MotorDriver.runs/synth_1/.Xil/Vivado-59559-pcoli-System-Product-Name/realtime/design_1_SpeedSensor_Driver_IP_0_2_stub.vhdl:6' bound to instance 'SpeedSensor_Driver_IP_0' of component 'design_1_SpeedSensor_Driver_IP_0_2' [/home/pcoli/Project_Folder/Xilinx_Vivado/MotorDriver/MotorDriver.gen/sources_1/bd/design_1/synth/design_1.vhd:2406]
INFO: [Synth 8-638] synthesizing module 'design_1_SpeedSensor_Driver_IP_0_2' [/home/pcoli/Project_Folder/Xilinx_Vivado/MotorDriver/MotorDriver.runs/synth_1/.Xil/Vivado-59559-pcoli-System-Product-Name/realtime/design_1_SpeedSensor_Driver_IP_0_2_stub.vhdl:38]
INFO: [Synth 8-3491] module 'design_1_SpeedSensor_Driver_IP_0_3' declared at '/home/pcoli/Project_Folder/Xilinx_Vivado/MotorDriver/MotorDriver.runs/synth_1/.Xil/Vivado-59559-pcoli-System-Product-Name/realtime/design_1_SpeedSensor_Driver_IP_0_3_stub.vhdl:6' bound to instance 'SpeedSensor_Driver_IP_1' of component 'design_1_SpeedSensor_Driver_IP_0_3' [/home/pcoli/Project_Folder/Xilinx_Vivado/MotorDriver/MotorDriver.gen/sources_1/bd/design_1/synth/design_1.vhd:2435]
INFO: [Synth 8-638] synthesizing module 'design_1_SpeedSensor_Driver_IP_0_3' [/home/pcoli/Project_Folder/Xilinx_Vivado/MotorDriver/MotorDriver.runs/synth_1/.Xil/Vivado-59559-pcoli-System-Product-Name/realtime/design_1_SpeedSensor_Driver_IP_0_3_stub.vhdl:38]
INFO: [Synth 8-3491] module 'design_1_Sync_Signal_0_2' declared at '/home/pcoli/Project_Folder/Xilinx_Vivado/MotorDriver/MotorDriver.runs/synth_1/.Xil/Vivado-59559-pcoli-System-Product-Name/realtime/design_1_Sync_Signal_0_2_stub.vhdl:6' bound to instance 'Sync_Signal_0' of component 'design_1_Sync_Signal_0_2' [/home/pcoli/Project_Folder/Xilinx_Vivado/MotorDriver/MotorDriver.gen/sources_1/bd/design_1/synth/design_1.vhd:2464]
INFO: [Synth 8-638] synthesizing module 'design_1_Sync_Signal_0_2' [/home/pcoli/Project_Folder/Xilinx_Vivado/MotorDriver/MotorDriver.runs/synth_1/.Xil/Vivado-59559-pcoli-System-Product-Name/realtime/design_1_Sync_Signal_0_2_stub.vhdl:15]
INFO: [Synth 8-3491] module 'design_1_Sync_Signal_0_3' declared at '/home/pcoli/Project_Folder/Xilinx_Vivado/MotorDriver/MotorDriver.runs/synth_1/.Xil/Vivado-59559-pcoli-System-Product-Name/realtime/design_1_Sync_Signal_0_3_stub.vhdl:6' bound to instance 'Sync_Signal_1' of component 'design_1_Sync_Signal_0_3' [/home/pcoli/Project_Folder/Xilinx_Vivado/MotorDriver/MotorDriver.gen/sources_1/bd/design_1/synth/design_1.vhd:2470]
INFO: [Synth 8-638] synthesizing module 'design_1_Sync_Signal_0_3' [/home/pcoli/Project_Folder/Xilinx_Vivado/MotorDriver/MotorDriver.runs/synth_1/.Xil/Vivado-59559-pcoli-System-Product-Name/realtime/design_1_Sync_Signal_0_3_stub.vhdl:15]
INFO: [Synth 8-3491] module 'design_1_axi_iic_0_1' declared at '/home/pcoli/Project_Folder/Xilinx_Vivado/MotorDriver/MotorDriver.runs/synth_1/.Xil/Vivado-59559-pcoli-System-Product-Name/realtime/design_1_axi_iic_0_1_stub.vhdl:6' bound to instance 'axi_iic_0' of component 'design_1_axi_iic_0_1' [/home/pcoli/Project_Folder/Xilinx_Vivado/MotorDriver/MotorDriver.gen/sources_1/bd/design_1/synth/design_1.vhd:2476]
INFO: [Synth 8-638] synthesizing module 'design_1_axi_iic_0_1' [/home/pcoli/Project_Folder/Xilinx_Vivado/MotorDriver/MotorDriver.runs/synth_1/.Xil/Vivado-59559-pcoli-System-Product-Name/realtime/design_1_axi_iic_0_1_stub.vhdl:39]
INFO: [Synth 8-3491] module 'design_1_axi_timer_0_1' declared at '/home/pcoli/Project_Folder/Xilinx_Vivado/MotorDriver/MotorDriver.runs/synth_1/.Xil/Vivado-59559-pcoli-System-Product-Name/realtime/design_1_axi_timer_0_1_stub.vhdl:6' bound to instance 'axi_timer_0' of component 'design_1_axi_timer_0_1' [/home/pcoli/Project_Folder/Xilinx_Vivado/MotorDriver/MotorDriver.gen/sources_1/bd/design_1/synth/design_1.vhd:2506]
INFO: [Synth 8-638] synthesizing module 'design_1_axi_timer_0_1' [/home/pcoli/Project_Folder/Xilinx_Vivado/MotorDriver/MotorDriver.runs/synth_1/.Xil/Vivado-59559-pcoli-System-Product-Name/realtime/design_1_axi_timer_0_1_stub.vhdl:38]
INFO: [Synth 8-3491] module 'design_1_c_counter_binary_0_2' declared at '/home/pcoli/Project_Folder/Xilinx_Vivado/MotorDriver/MotorDriver.runs/synth_1/.Xil/Vivado-59559-pcoli-System-Product-Name/realtime/design_1_c_counter_binary_0_2_stub.vhdl:6' bound to instance 'c_counter_binary_0' of component 'design_1_c_counter_binary_0_2' [/home/pcoli/Project_Folder/Xilinx_Vivado/MotorDriver/MotorDriver.gen/sources_1/bd/design_1/synth/design_1.vhd:2535]
INFO: [Synth 8-638] synthesizing module 'design_1_c_counter_binary_0_2' [/home/pcoli/Project_Folder/Xilinx_Vivado/MotorDriver/MotorDriver.runs/synth_1/.Xil/Vivado-59559-pcoli-System-Product-Name/realtime/design_1_c_counter_binary_0_2_stub.vhdl:16]
INFO: [Synth 8-3491] module 'design_1_c_counter_binary_1_0' declared at '/home/pcoli/Project_Folder/Xilinx_Vivado/MotorDriver/MotorDriver.runs/synth_1/.Xil/Vivado-59559-pcoli-System-Product-Name/realtime/design_1_c_counter_binary_1_0_stub.vhdl:6' bound to instance 'c_counter_binary_1' of component 'design_1_c_counter_binary_1_0' [/home/pcoli/Project_Folder/Xilinx_Vivado/MotorDriver/MotorDriver.gen/sources_1/bd/design_1/synth/design_1.vhd:2542]
INFO: [Synth 8-638] synthesizing module 'design_1_c_counter_binary_1_0' [/home/pcoli/Project_Folder/Xilinx_Vivado/MotorDriver/MotorDriver.runs/synth_1/.Xil/Vivado-59559-pcoli-System-Product-Name/realtime/design_1_c_counter_binary_1_0_stub.vhdl:16]
INFO: [Synth 8-3491] module 'design_1_processing_system7_0_1' declared at '/home/pcoli/Project_Folder/Xilinx_Vivado/MotorDriver/MotorDriver.runs/synth_1/.Xil/Vivado-59559-pcoli-System-Product-Name/realtime/design_1_processing_system7_0_1_stub.vhdl:6' bound to instance 'processing_system7_0' of component 'design_1_processing_system7_0_1' [/home/pcoli/Project_Folder/Xilinx_Vivado/MotorDriver/MotorDriver.gen/sources_1/bd/design_1/synth/design_1.vhd:2549]
INFO: [Synth 8-638] synthesizing module 'design_1_processing_system7_0_1' [/home/pcoli/Project_Folder/Xilinx_Vivado/MotorDriver/MotorDriver.runs/synth_1/.Xil/Vivado-59559-pcoli-System-Product-Name/realtime/design_1_processing_system7_0_1_stub.vhdl:78]
INFO: [Synth 8-638] synthesizing module 'design_1_ps7_0_axi_periph_2' [/home/pcoli/Project_Folder/Xilinx_Vivado/MotorDriver/MotorDriver.gen/sources_1/bd/design_1/synth/design_1.vhd:1014]
INFO: [Synth 8-638] synthesizing module 'm00_couplers_imp_15SPJYW' [/home/pcoli/Project_Folder/Xilinx_Vivado/MotorDriver/MotorDriver.gen/sources_1/bd/design_1/synth/design_1.vhd:62]
INFO: [Synth 8-256] done synthesizing module 'm00_couplers_imp_15SPJYW' (0#1) [/home/pcoli/Project_Folder/Xilinx_Vivado/MotorDriver/MotorDriver.gen/sources_1/bd/design_1/synth/design_1.vhd:62]
INFO: [Synth 8-638] synthesizing module 'm01_couplers_imp_XU9C55' [/home/pcoli/Project_Folder/Xilinx_Vivado/MotorDriver/MotorDriver.gen/sources_1/bd/design_1/synth/design_1.vhd:173]
INFO: [Synth 8-256] done synthesizing module 'm01_couplers_imp_XU9C55' (0#1) [/home/pcoli/Project_Folder/Xilinx_Vivado/MotorDriver/MotorDriver.gen/sources_1/bd/design_1/synth/design_1.vhd:173]
INFO: [Synth 8-638] synthesizing module 'm02_couplers_imp_14WQB4R' [/home/pcoli/Project_Folder/Xilinx_Vivado/MotorDriver/MotorDriver.gen/sources_1/bd/design_1/synth/design_1.vhd:280]
INFO: [Synth 8-256] done synthesizing module 'm02_couplers_imp_14WQB4R' (0#1) [/home/pcoli/Project_Folder/Xilinx_Vivado/MotorDriver/MotorDriver.gen/sources_1/bd/design_1/synth/design_1.vhd:280]
INFO: [Synth 8-638] synthesizing module 'm03_couplers_imp_YFYJ3U' [/home/pcoli/Project_Folder/Xilinx_Vivado/MotorDriver/MotorDriver.gen/sources_1/bd/design_1/synth/design_1.vhd:385]
INFO: [Synth 8-256] done synthesizing module 'm03_couplers_imp_YFYJ3U' (0#1) [/home/pcoli/Project_Folder/Xilinx_Vivado/MotorDriver/MotorDriver.gen/sources_1/bd/design_1/synth/design_1.vhd:385]
INFO: [Synth 8-638] synthesizing module 'm04_couplers_imp_17KQ732' [/home/pcoli/Project_Folder/Xilinx_Vivado/MotorDriver/MotorDriver.gen/sources_1/bd/design_1/synth/design_1.vhd:492]
INFO: [Synth 8-256] done synthesizing module 'm04_couplers_imp_17KQ732' (0#1) [/home/pcoli/Project_Folder/Xilinx_Vivado/MotorDriver/MotorDriver.gen/sources_1/bd/design_1/synth/design_1.vhd:492]
INFO: [Synth 8-638] synthesizing module 's00_couplers_imp_UYSKKA' [/home/pcoli/Project_Folder/Xilinx_Vivado/MotorDriver/MotorDriver.gen/sources_1/bd/design_1/synth/design_1.vhd:616]
INFO: [Synth 8-3491] module 'design_1_auto_pc_0' declared at '/home/pcoli/Project_Folder/Xilinx_Vivado/MotorDriver/MotorDriver.runs/synth_1/.Xil/Vivado-59559-pcoli-System-Product-Name/realtime/design_1_auto_pc_0_stub.vhdl:6' bound to instance 'auto_pc' of component 'design_1_auto_pc_0' [/home/pcoli/Project_Folder/Xilinx_Vivado/MotorDriver/MotorDriver.gen/sources_1/bd/design_1/synth/design_1.vhd:799]
INFO: [Synth 8-638] synthesizing module 'design_1_auto_pc_0' [/home/pcoli/Project_Folder/Xilinx_Vivado/MotorDriver/MotorDriver.runs/synth_1/.Xil/Vivado-59559-pcoli-System-Product-Name/realtime/design_1_auto_pc_0_stub.vhdl:71]
INFO: [Synth 8-256] done synthesizing module 's00_couplers_imp_UYSKKA' (0#1) [/home/pcoli/Project_Folder/Xilinx_Vivado/MotorDriver/MotorDriver.gen/sources_1/bd/design_1/synth/design_1.vhd:616]
INFO: [Synth 8-3491] module 'design_1_xbar_2' declared at '/home/pcoli/Project_Folder/Xilinx_Vivado/MotorDriver/MotorDriver.runs/synth_1/.Xil/Vivado-59559-pcoli-System-Product-Name/realtime/design_1_xbar_2_stub.vhdl:6' bound to instance 'xbar' of component 'design_1_xbar_2' [/home/pcoli/Project_Folder/Xilinx_Vivado/MotorDriver/MotorDriver.gen/sources_1/bd/design_1/synth/design_1.vhd:1715]
INFO: [Synth 8-638] synthesizing module 'design_1_xbar_2' [/home/pcoli/Project_Folder/Xilinx_Vivado/MotorDriver/MotorDriver.runs/synth_1/.Xil/Vivado-59559-pcoli-System-Product-Name/realtime/design_1_xbar_2_stub.vhdl:52]
INFO: [Synth 8-256] done synthesizing module 'design_1_ps7_0_axi_periph_2' (0#1) [/home/pcoli/Project_Folder/Xilinx_Vivado/MotorDriver/MotorDriver.gen/sources_1/bd/design_1/synth/design_1.vhd:1014]
INFO: [Synth 8-3491] module 'design_1_rst_ps7_0_100M_1' declared at '/home/pcoli/Project_Folder/Xilinx_Vivado/MotorDriver/MotorDriver.runs/synth_1/.Xil/Vivado-59559-pcoli-System-Product-Name/realtime/design_1_rst_ps7_0_100M_1_stub.vhdl:6' bound to instance 'rst_ps7_0_100M' of component 'design_1_rst_ps7_0_100M_1' [/home/pcoli/Project_Folder/Xilinx_Vivado/MotorDriver/MotorDriver.gen/sources_1/bd/design_1/synth/design_1.vhd:2764]
INFO: [Synth 8-638] synthesizing module 'design_1_rst_ps7_0_100M_1' [/home/pcoli/Project_Folder/Xilinx_Vivado/MotorDriver/MotorDriver.runs/synth_1/.Xil/Vivado-59559-pcoli-System-Product-Name/realtime/design_1_rst_ps7_0_100M_1_stub.vhdl:22]
INFO: [Synth 8-3491] module 'design_1_xlconcat_0_1' declared at '/home/pcoli/Project_Folder/Xilinx_Vivado/MotorDriver/MotorDriver.gen/sources_1/bd/design_1/ip/design_1_xlconcat_0_1/synth/design_1_xlconcat_0_1.v:53' bound to instance 'xlconcat_0' of component 'design_1_xlconcat_0_1' [/home/pcoli/Project_Folder/Xilinx_Vivado/MotorDriver/MotorDriver.gen/sources_1/bd/design_1/synth/design_1.vhd:2777]
INFO: [Synth 8-6157] synthesizing module 'design_1_xlconcat_0_1' [/home/pcoli/Project_Folder/Xilinx_Vivado/MotorDriver/MotorDriver.gen/sources_1/bd/design_1/ip/design_1_xlconcat_0_1/synth/design_1_xlconcat_0_1.v:53]
INFO: [Synth 8-6157] synthesizing module 'xlconcat_v2_1_6_xlconcat' [/home/pcoli/Project_Folder/Xilinx_Vivado/MotorDriver/MotorDriver.gen/sources_1/bd/design_1/ipshared/6120/hdl/xlconcat_v2_1_vl_rfs.v:59]
INFO: [Synth 8-6155] done synthesizing module 'xlconcat_v2_1_6_xlconcat' (0#1) [/home/pcoli/Project_Folder/Xilinx_Vivado/MotorDriver/MotorDriver.gen/sources_1/bd/design_1/ipshared/6120/hdl/xlconcat_v2_1_vl_rfs.v:59]
INFO: [Synth 8-6155] done synthesizing module 'design_1_xlconcat_0_1' (0#1) [/home/pcoli/Project_Folder/Xilinx_Vivado/MotorDriver/MotorDriver.gen/sources_1/bd/design_1/ip/design_1_xlconcat_0_1/synth/design_1_xlconcat_0_1.v:53]
INFO: [Synth 8-256] done synthesizing module 'design_1' (0#1) [/home/pcoli/Project_Folder/Xilinx_Vivado/MotorDriver/MotorDriver.gen/sources_1/bd/design_1/synth/design_1.vhd:1880]
INFO: [Synth 8-3491] module 'IOBUF' declared at '/tools/Xilinx/Vivado/2024.1/scripts/rt/data/unisim_comp.v:78209' bound to instance 'i2c_control_scl_iobuf' of component 'IOBUF' [/home/pcoli/Project_Folder/Xilinx_Vivado/MotorDriver/MotorDriver.gen/sources_1/bd/design_1/hdl/design_1_wrapper.vhd:135]
INFO: [Synth 8-6157] synthesizing module 'IOBUF' [/tools/Xilinx/Vivado/2024.1/scripts/rt/data/unisim_comp.v:78209]
INFO: [Synth 8-6155] done synthesizing module 'IOBUF' (0#1) [/tools/Xilinx/Vivado/2024.1/scripts/rt/data/unisim_comp.v:78209]
INFO: [Synth 8-3491] module 'IOBUF' declared at '/tools/Xilinx/Vivado/2024.1/scripts/rt/data/unisim_comp.v:78209' bound to instance 'i2c_control_sda_iobuf' of component 'IOBUF' [/home/pcoli/Project_Folder/Xilinx_Vivado/MotorDriver/MotorDriver.gen/sources_1/bd/design_1/hdl/design_1_wrapper.vhd:142]
INFO: [Synth 8-256] done synthesizing module 'design_1_wrapper' (0#1) [/home/pcoli/Project_Folder/Xilinx_Vivado/MotorDriver/MotorDriver.gen/sources_1/bd/design_1/hdl/design_1_wrapper.vhd:48]
WARNING: [Synth 8-7129] Port In2[0] in module xlconcat_v2_1_6_xlconcat is either unconnected or has no load
WARNING: [Synth 8-7129] Port In3[0] in module xlconcat_v2_1_6_xlconcat is either unconnected or has no load
WARNING: [Synth 8-7129] Port In4[0] in module xlconcat_v2_1_6_xlconcat is either unconnected or has no load
WARNING: [Synth 8-7129] Port In5[0] in module xlconcat_v2_1_6_xlconcat is either unconnected or has no load
WARNING: [Synth 8-7129] Port In6[0] in module xlconcat_v2_1_6_xlconcat is either unconnected or has no load
WARNING: [Synth 8-7129] Port In7[0] in module xlconcat_v2_1_6_xlconcat is either unconnected or has no load
WARNING: [Synth 8-7129] Port In8[0] in module xlconcat_v2_1_6_xlconcat is either unconnected or has no load
WARNING: [Synth 8-7129] Port In9[0] in module xlconcat_v2_1_6_xlconcat is either unconnected or has no load
WARNING: [Synth 8-7129] Port In10[0] in module xlconcat_v2_1_6_xlconcat is either unconnected or has no load
WARNING: [Synth 8-7129] Port In11[0] in module xlconcat_v2_1_6_xlconcat is either unconnected or has no load
WARNING: [Synth 8-7129] Port In12[0] in module xlconcat_v2_1_6_xlconcat is either unconnected or has no load
WARNING: [Synth 8-7129] Port In13[0] in module xlconcat_v2_1_6_xlconcat is either unconnected or has no load
WARNING: [Synth 8-7129] Port In14[0] in module xlconcat_v2_1_6_xlconcat is either unconnected or has no load
WARNING: [Synth 8-7129] Port In15[0] in module xlconcat_v2_1_6_xlconcat is either unconnected or has no load
WARNING: [Synth 8-7129] Port In16[0] in module xlconcat_v2_1_6_xlconcat is either unconnected or has no load
WARNING: [Synth 8-7129] Port In17[0] in module xlconcat_v2_1_6_xlconcat is either unconnected or has no load
WARNING: [Synth 8-7129] Port In18[0] in module xlconcat_v2_1_6_xlconcat is either unconnected or has no load
WARNING: [Synth 8-7129] Port In19[0] in module xlconcat_v2_1_6_xlconcat is either unconnected or has no load
WARNING: [Synth 8-7129] Port In20[0] in module xlconcat_v2_1_6_xlconcat is either unconnected or has no load
WARNING: [Synth 8-7129] Port In21[0] in module xlconcat_v2_1_6_xlconcat is either unconnected or has no load
WARNING: [Synth 8-7129] Port In22[0] in module xlconcat_v2_1_6_xlconcat is either unconnected or has no load
WARNING: [Synth 8-7129] Port In23[0] in module xlconcat_v2_1_6_xlconcat is either unconnected or has no load
WARNING: [Synth 8-7129] Port In24[0] in module xlconcat_v2_1_6_xlconcat is either unconnected or has no load
WARNING: [Synth 8-7129] Port In25[0] in module xlconcat_v2_1_6_xlconcat is either unconnected or has no load
WARNING: [Synth 8-7129] Port In26[0] in module xlconcat_v2_1_6_xlconcat is either unconnected or has no load
WARNING: [Synth 8-7129] Port In27[0] in module xlconcat_v2_1_6_xlconcat is either unconnected or has no load
WARNING: [Synth 8-7129] Port In28[0] in module xlconcat_v2_1_6_xlconcat is either unconnected or has no load
WARNING: [Synth 8-7129] Port In29[0] in module xlconcat_v2_1_6_xlconcat is either unconnected or has no load
WARNING: [Synth 8-7129] Port In30[0] in module xlconcat_v2_1_6_xlconcat is either unconnected or has no load
WARNING: [Synth 8-7129] Port In31[0] in module xlconcat_v2_1_6_xlconcat is either unconnected or has no load
WARNING: [Synth 8-7129] Port In32[0] in module xlconcat_v2_1_6_xlconcat is either unconnected or has no load
WARNING: [Synth 8-7129] Port In33[0] in module xlconcat_v2_1_6_xlconcat is either unconnected or has no load
WARNING: [Synth 8-7129] Port In34[0] in module xlconcat_v2_1_6_xlconcat is either unconnected or has no load
WARNING: [Synth 8-7129] Port In35[0] in module xlconcat_v2_1_6_xlconcat is either unconnected or has no load
WARNING: [Synth 8-7129] Port In36[0] in module xlconcat_v2_1_6_xlconcat is either unconnected or has no load
WARNING: [Synth 8-7129] Port In37[0] in module xlconcat_v2_1_6_xlconcat is either unconnected or has no load
WARNING: [Synth 8-7129] Port In38[0] in module xlconcat_v2_1_6_xlconcat is either unconnected or has no load
WARNING: [Synth 8-7129] Port In39[0] in module xlconcat_v2_1_6_xlconcat is either unconnected or has no load
WARNING: [Synth 8-7129] Port In40[0] in module xlconcat_v2_1_6_xlconcat is either unconnected or has no load
WARNING: [Synth 8-7129] Port In41[0] in module xlconcat_v2_1_6_xlconcat is either unconnected or has no load
WARNING: [Synth 8-7129] Port In42[0] in module xlconcat_v2_1_6_xlconcat is either unconnected or has no load
WARNING: [Synth 8-7129] Port In43[0] in module xlconcat_v2_1_6_xlconcat is either unconnected or has no load
WARNING: [Synth 8-7129] Port In44[0] in module xlconcat_v2_1_6_xlconcat is either unconnected or has no load
WARNING: [Synth 8-7129] Port In45[0] in module xlconcat_v2_1_6_xlconcat is either unconnected or has no load
WARNING: [Synth 8-7129] Port In46[0] in module xlconcat_v2_1_6_xlconcat is either unconnected or has no load
WARNING: [Synth 8-7129] Port In47[0] in module xlconcat_v2_1_6_xlconcat is either unconnected or has no load
WARNING: [Synth 8-7129] Port In48[0] in module xlconcat_v2_1_6_xlconcat is either unconnected or has no load
WARNING: [Synth 8-7129] Port In49[0] in module xlconcat_v2_1_6_xlconcat is either unconnected or has no load
WARNING: [Synth 8-7129] Port In50[0] in module xlconcat_v2_1_6_xlconcat is either unconnected or has no load
WARNING: [Synth 8-7129] Port In51[0] in module xlconcat_v2_1_6_xlconcat is either unconnected or has no load
WARNING: [Synth 8-7129] Port In52[0] in module xlconcat_v2_1_6_xlconcat is either unconnected or has no load
WARNING: [Synth 8-7129] Port In53[0] in module xlconcat_v2_1_6_xlconcat is either unconnected or has no load
WARNING: [Synth 8-7129] Port In54[0] in module xlconcat_v2_1_6_xlconcat is either unconnected or has no load
WARNING: [Synth 8-7129] Port In55[0] in module xlconcat_v2_1_6_xlconcat is either unconnected or has no load
WARNING: [Synth 8-7129] Port In56[0] in module xlconcat_v2_1_6_xlconcat is either unconnected or has no load
WARNING: [Synth 8-7129] Port In57[0] in module xlconcat_v2_1_6_xlconcat is either unconnected or has no load
WARNING: [Synth 8-7129] Port In58[0] in module xlconcat_v2_1_6_xlconcat is either unconnected or has no load
WARNING: [Synth 8-7129] Port In59[0] in module xlconcat_v2_1_6_xlconcat is either unconnected or has no load
WARNING: [Synth 8-7129] Port In60[0] in module xlconcat_v2_1_6_xlconcat is either unconnected or has no load
WARNING: [Synth 8-7129] Port In61[0] in module xlconcat_v2_1_6_xlconcat is either unconnected or has no load
WARNING: [Synth 8-7129] Port In62[0] in module xlconcat_v2_1_6_xlconcat is either unconnected or has no load
WARNING: [Synth 8-7129] Port In63[0] in module xlconcat_v2_1_6_xlconcat is either unconnected or has no load
WARNING: [Synth 8-7129] Port In64[0] in module xlconcat_v2_1_6_xlconcat is either unconnected or has no load
WARNING: [Synth 8-7129] Port In65[0] in module xlconcat_v2_1_6_xlconcat is either unconnected or has no load
WARNING: [Synth 8-7129] Port In66[0] in module xlconcat_v2_1_6_xlconcat is either unconnected or has no load
WARNING: [Synth 8-7129] Port In67[0] in module xlconcat_v2_1_6_xlconcat is either unconnected or has no load
WARNING: [Synth 8-7129] Port In68[0] in module xlconcat_v2_1_6_xlconcat is either unconnected or has no load
WARNING: [Synth 8-7129] Port In69[0] in module xlconcat_v2_1_6_xlconcat is either unconnected or has no load
WARNING: [Synth 8-7129] Port In70[0] in module xlconcat_v2_1_6_xlconcat is either unconnected or has no load
WARNING: [Synth 8-7129] Port In71[0] in module xlconcat_v2_1_6_xlconcat is either unconnected or has no load
WARNING: [Synth 8-7129] Port In72[0] in module xlconcat_v2_1_6_xlconcat is either unconnected or has no load
WARNING: [Synth 8-7129] Port In73[0] in module xlconcat_v2_1_6_xlconcat is either unconnected or has no load
WARNING: [Synth 8-7129] Port In74[0] in module xlconcat_v2_1_6_xlconcat is either unconnected or has no load
WARNING: [Synth 8-7129] Port In75[0] in module xlconcat_v2_1_6_xlconcat is either unconnected or has no load
WARNING: [Synth 8-7129] Port In76[0] in module xlconcat_v2_1_6_xlconcat is either unconnected or has no load
WARNING: [Synth 8-7129] Port In77[0] in module xlconcat_v2_1_6_xlconcat is either unconnected or has no load
WARNING: [Synth 8-7129] Port In78[0] in module xlconcat_v2_1_6_xlconcat is either unconnected or has no load
WARNING: [Synth 8-7129] Port In79[0] in module xlconcat_v2_1_6_xlconcat is either unconnected or has no load
WARNING: [Synth 8-7129] Port In80[0] in module xlconcat_v2_1_6_xlconcat is either unconnected or has no load
WARNING: [Synth 8-7129] Port In81[0] in module xlconcat_v2_1_6_xlconcat is either unconnected or has no load
WARNING: [Synth 8-7129] Port In82[0] in module xlconcat_v2_1_6_xlconcat is either unconnected or has no load
WARNING: [Synth 8-7129] Port In83[0] in module xlconcat_v2_1_6_xlconcat is either unconnected or has no load
WARNING: [Synth 8-7129] Port In84[0] in module xlconcat_v2_1_6_xlconcat is either unconnected or has no load
WARNING: [Synth 8-7129] Port In85[0] in module xlconcat_v2_1_6_xlconcat is either unconnected or has no load
WARNING: [Synth 8-7129] Port In86[0] in module xlconcat_v2_1_6_xlconcat is either unconnected or has no load
WARNING: [Synth 8-7129] Port In87[0] in module xlconcat_v2_1_6_xlconcat is either unconnected or has no load
WARNING: [Synth 8-7129] Port In88[0] in module xlconcat_v2_1_6_xlconcat is either unconnected or has no load
WARNING: [Synth 8-7129] Port In89[0] in module xlconcat_v2_1_6_xlconcat is either unconnected or has no load
WARNING: [Synth 8-7129] Port In90[0] in module xlconcat_v2_1_6_xlconcat is either unconnected or has no load
WARNING: [Synth 8-7129] Port In91[0] in module xlconcat_v2_1_6_xlconcat is either unconnected or has no load
WARNING: [Synth 8-7129] Port In92[0] in module xlconcat_v2_1_6_xlconcat is either unconnected or has no load
WARNING: [Synth 8-7129] Port In93[0] in module xlconcat_v2_1_6_xlconcat is either unconnected or has no load
WARNING: [Synth 8-7129] Port In94[0] in module xlconcat_v2_1_6_xlconcat is either unconnected or has no load
WARNING: [Synth 8-7129] Port In95[0] in module xlconcat_v2_1_6_xlconcat is either unconnected or has no load
WARNING: [Synth 8-7129] Port In96[0] in module xlconcat_v2_1_6_xlconcat is either unconnected or has no load
WARNING: [Synth 8-7129] Port In97[0] in module xlconcat_v2_1_6_xlconcat is either unconnected or has no load
WARNING: [Synth 8-7129] Port In98[0] in module xlconcat_v2_1_6_xlconcat is either unconnected or has no load
WARNING: [Synth 8-7129] Port In99[0] in module xlconcat_v2_1_6_xlconcat is either unconnected or has no load
WARNING: [Synth 8-7129] Port In100[0] in module xlconcat_v2_1_6_xlconcat is either unconnected or has no load
WARNING: [Synth 8-7129] Port In101[0] in module xlconcat_v2_1_6_xlconcat is either unconnected or has no load
INFO: [Common 17-14] Message 'Synth 8-7129' appears 100 times and further instances of the messages will be disabled. Use the Tcl command set_msg_config to change the current settings.
---------------------------------------------------------------------------------
Finished RTL Elaboration : Time (s): cpu = 00:00:03 ; elapsed = 00:00:03 . Memory (MB): peak = 2501.191 ; gain = 244.715 ; free physical = 19080 ; free virtual = 31301
---------------------------------------------------------------------------------
---------------------------------------------------------------------------------
Start Handling Custom Attributes
---------------------------------------------------------------------------------
---------------------------------------------------------------------------------
Finished Handling Custom Attributes : Time (s): cpu = 00:00:03 ; elapsed = 00:00:03 . Memory (MB): peak = 2513.066 ; gain = 256.590 ; free physical = 19080 ; free virtual = 31301
---------------------------------------------------------------------------------
---------------------------------------------------------------------------------
Finished RTL Optimization Phase 1 : Time (s): cpu = 00:00:03 ; elapsed = 00:00:03 . Memory (MB): peak = 2513.066 ; gain = 256.590 ; free physical = 19080 ; free virtual = 31301
---------------------------------------------------------------------------------
Netlist sorting complete. Time (s): cpu = 00:00:00 ; elapsed = 00:00:00.01 . Memory (MB): peak = 2519.004 ; gain = 0.000 ; free physical = 19080 ; free virtual = 31301
INFO: [Netlist 29-17] Analyzing 2 Unisim elements for replacement
INFO: [Netlist 29-28] Unisim Transformation completed in 0 CPU seconds
INFO: [Project 1-570] Preparing netlist for logic optimization

Processing XDC Constraints
Initializing timing engine
Parsing XDC File [/home/pcoli/Project_Folder/Xilinx_Vivado/MotorDriver/MotorDriver.gen/sources_1/bd/design_1/ip/design_1_SpeedSensor_Driver_IP_0_2/design_1_SpeedSensor_Driver_IP_0_2/design_1_SpeedSensor_Driver_IP_0_0_in_context.xdc] for cell 'design_1_i/SpeedSensor_Driver_IP_0'
Finished Parsing XDC File [/home/pcoli/Project_Folder/Xilinx_Vivado/MotorDriver/MotorDriver.gen/sources_1/bd/design_1/ip/design_1_SpeedSensor_Driver_IP_0_2/design_1_SpeedSensor_Driver_IP_0_2/design_1_SpeedSensor_Driver_IP_0_0_in_context.xdc] for cell 'design_1_i/SpeedSensor_Driver_IP_0'
Parsing XDC File [/home/pcoli/Project_Folder/Xilinx_Vivado/MotorDriver/MotorDriver.gen/sources_1/bd/design_1/ip/design_1_processing_system7_0_1/design_1_processing_system7_0_1/design_1_processing_system7_0_1_in_context.xdc] for cell 'design_1_i/processing_system7_0'
Finished Parsing XDC File [/home/pcoli/Project_Folder/Xilinx_Vivado/MotorDriver/MotorDriver.gen/sources_1/bd/design_1/ip/design_1_processing_system7_0_1/design_1_processing_system7_0_1/design_1_processing_system7_0_1_in_context.xdc] for cell 'design_1_i/processing_system7_0'
Parsing XDC File [/home/pcoli/Project_Folder/Xilinx_Vivado/MotorDriver/MotorDriver.gen/sources_1/bd/design_1/ip/design_1_xbar_2/design_1_xbar_2/design_1_xbar_2_in_context.xdc] for cell 'design_1_i/ps7_0_axi_periph/xbar'
Finished Parsing XDC File [/home/pcoli/Project_Folder/Xilinx_Vivado/MotorDriver/MotorDriver.gen/sources_1/bd/design_1/ip/design_1_xbar_2/design_1_xbar_2/design_1_xbar_2_in_context.xdc] for cell 'design_1_i/ps7_0_axi_periph/xbar'
Parsing XDC File [/home/pcoli/Project_Folder/Xilinx_Vivado/MotorDriver/MotorDriver.gen/sources_1/bd/design_1/ip/design_1_auto_pc_0/design_1_auto_pc_0/design_1_auto_pc_0_in_context.xdc] for cell 'design_1_i/ps7_0_axi_periph/s00_couplers/auto_pc'
Finished Parsing XDC File [/home/pcoli/Project_Folder/Xilinx_Vivado/MotorDriver/MotorDriver.gen/sources_1/bd/design_1/ip/design_1_auto_pc_0/design_1_auto_pc_0/design_1_auto_pc_0_in_context.xdc] for cell 'design_1_i/ps7_0_axi_periph/s00_couplers/auto_pc'
Parsing XDC File [/home/pcoli/Project_Folder/Xilinx_Vivado/MotorDriver/MotorDriver.gen/sources_1/bd/design_1/ip/design_1_rst_ps7_0_100M_1/design_1_rst_ps7_0_100M_1/design_1_rst_ps7_0_100M_0_in_context.xdc] for cell 'design_1_i/rst_ps7_0_100M'
Finished Parsing XDC File [/home/pcoli/Project_Folder/Xilinx_Vivado/MotorDriver/MotorDriver.gen/sources_1/bd/design_1/ip/design_1_rst_ps7_0_100M_1/design_1_rst_ps7_0_100M_1/design_1_rst_ps7_0_100M_0_in_context.xdc] for cell 'design_1_i/rst_ps7_0_100M'
Parsing XDC File [/home/pcoli/Project_Folder/Xilinx_Vivado/MotorDriver/MotorDriver.gen/sources_1/bd/design_1/ip/design_1_SpeedSensor_Driver_IP_0_3/design_1_SpeedSensor_Driver_IP_0_3/design_1_SpeedSensor_Driver_IP_0_0_in_context.xdc] for cell 'design_1_i/SpeedSensor_Driver_IP_1'
Finished Parsing XDC File [/home/pcoli/Project_Folder/Xilinx_Vivado/MotorDriver/MotorDriver.gen/sources_1/bd/design_1/ip/design_1_SpeedSensor_Driver_IP_0_3/design_1_SpeedSensor_Driver_IP_0_3/design_1_SpeedSensor_Driver_IP_0_0_in_context.xdc] for cell 'design_1_i/SpeedSensor_Driver_IP_1'
Parsing XDC File [/home/pcoli/Project_Folder/Xilinx_Vivado/MotorDriver/MotorDriver.gen/sources_1/bd/design_1/ip/design_1_Sync_Signal_0_2/design_1_Sync_Signal_0_2/design_1_Sync_Signal_0_2_in_context.xdc] for cell 'design_1_i/Sync_Signal_0'
Finished Parsing XDC File [/home/pcoli/Project_Folder/Xilinx_Vivado/MotorDriver/MotorDriver.gen/sources_1/bd/design_1/ip/design_1_Sync_Signal_0_2/design_1_Sync_Signal_0_2/design_1_Sync_Signal_0_2_in_context.xdc] for cell 'design_1_i/Sync_Signal_0'
Parsing XDC File [/home/pcoli/Project_Folder/Xilinx_Vivado/MotorDriver/MotorDriver.gen/sources_1/bd/design_1/ip/design_1_Sync_Signal_0_3/design_1_Sync_Signal_0_3/design_1_Sync_Signal_0_3_in_context.xdc] for cell 'design_1_i/Sync_Signal_1'
Finished Parsing XDC File [/home/pcoli/Project_Folder/Xilinx_Vivado/MotorDriver/MotorDriver.gen/sources_1/bd/design_1/ip/design_1_Sync_Signal_0_3/design_1_Sync_Signal_0_3/design_1_Sync_Signal_0_3_in_context.xdc] for cell 'design_1_i/Sync_Signal_1'
Parsing XDC File [/home/pcoli/Project_Folder/Xilinx_Vivado/MotorDriver/MotorDriver.gen/sources_1/bd/design_1/ip/design_1_c_counter_binary_0_2/design_1_c_counter_binary_0_2/design_1_c_counter_binary_0_0_in_context.xdc] for cell 'design_1_i/c_counter_binary_0'
Finished Parsing XDC File [/home/pcoli/Project_Folder/Xilinx_Vivado/MotorDriver/MotorDriver.gen/sources_1/bd/design_1/ip/design_1_c_counter_binary_0_2/design_1_c_counter_binary_0_2/design_1_c_counter_binary_0_0_in_context.xdc] for cell 'design_1_i/c_counter_binary_0'
Parsing XDC File [/home/pcoli/Project_Folder/Xilinx_Vivado/MotorDriver/MotorDriver.gen/sources_1/bd/design_1/ip/design_1_c_counter_binary_1_0/design_1_c_counter_binary_1_0/design_1_c_counter_binary_0_0_in_context.xdc] for cell 'design_1_i/c_counter_binary_1'
Finished Parsing XDC File [/home/pcoli/Project_Folder/Xilinx_Vivado/MotorDriver/MotorDriver.gen/sources_1/bd/design_1/ip/design_1_c_counter_binary_1_0/design_1_c_counter_binary_1_0/design_1_c_counter_binary_0_0_in_context.xdc] for cell 'design_1_i/c_counter_binary_1'
Parsing XDC File [/home/pcoli/Project_Folder/Xilinx_Vivado/MotorDriver/MotorDriver.gen/sources_1/bd/design_1/ip/design_1_axi_timer_0_1/design_1_axi_timer_0_1/design_1_axi_timer_0_0_in_context.xdc] for cell 'design_1_i/axi_timer_0'
Finished Parsing XDC File [/home/pcoli/Project_Folder/Xilinx_Vivado/MotorDriver/MotorDriver.gen/sources_1/bd/design_1/ip/design_1_axi_timer_0_1/design_1_axi_timer_0_1/design_1_axi_timer_0_0_in_context.xdc] for cell 'design_1_i/axi_timer_0'
Parsing XDC File [/home/pcoli/Project_Folder/Xilinx_Vivado/MotorDriver/MotorDriver.gen/sources_1/bd/design_1/ip/design_1_Motor_DriverIP_0_1/design_1_Motor_DriverIP_0_1/design_1_Motor_DriverIP_0_0_in_context.xdc] for cell 'design_1_i/Motor_DriverIP_0'
Finished Parsing XDC File [/home/pcoli/Project_Folder/Xilinx_Vivado/MotorDriver/MotorDriver.gen/sources_1/bd/design_1/ip/design_1_Motor_DriverIP_0_1/design_1_Motor_DriverIP_0_1/design_1_Motor_DriverIP_0_0_in_context.xdc] for cell 'design_1_i/Motor_DriverIP_0'
Parsing XDC File [/home/pcoli/Project_Folder/Xilinx_Vivado/MotorDriver/MotorDriver.gen/sources_1/bd/design_1/ip/design_1_axi_iic_0_1/design_1_axi_iic_0_1/design_1_axi_iic_0_0_in_context.xdc] for cell 'design_1_i/axi_iic_0'
Finished Parsing XDC File [/home/pcoli/Project_Folder/Xilinx_Vivado/MotorDriver/MotorDriver.gen/sources_1/bd/design_1/ip/design_1_axi_iic_0_1/design_1_axi_iic_0_1/design_1_axi_iic_0_0_in_context.xdc] for cell 'design_1_i/axi_iic_0'
Parsing XDC File [/home/pcoli/Project_Folder/Xilinx_Vivado/MotorDriver/MotorDriver.srcs/constrs_1/new/design_1_constr.xdc]
WARNING: [Vivado 12-584] No ports matched 's00_axi_aclk_0'. [/home/pcoli/Project_Folder/Xilinx_Vivado/MotorDriver/MotorDriver.srcs/constrs_1/new/design_1_constr.xdc:16]
WARNING: [Vivado 12-584] No ports matched 's00_axi_aresetn_0'. [/home/pcoli/Project_Folder/Xilinx_Vivado/MotorDriver/MotorDriver.srcs/constrs_1/new/design_1_constr.xdc:17]
WARNING: [Vivado 12-584] No ports matched 'S00_AXI_0_araddr[3]'. [/home/pcoli/Project_Folder/Xilinx_Vivado/MotorDriver/MotorDriver.srcs/constrs_1/new/design_1_constr.xdc:18]
WARNING: [Vivado 12-584] No ports matched 'S00_AXI_0_araddr[2]'. [/home/pcoli/Project_Folder/Xilinx_Vivado/MotorDriver/MotorDriver.srcs/constrs_1/new/design_1_constr.xdc:19]
WARNING: [Vivado 12-584] No ports matched 'S00_AXI_0_araddr[1]'. [/home/pcoli/Project_Folder/Xilinx_Vivado/MotorDriver/MotorDriver.srcs/constrs_1/new/design_1_constr.xdc:20]
WARNING: [Vivado 12-584] No ports matched 'S00_AXI_0_araddr[0]'. [/home/pcoli/Project_Folder/Xilinx_Vivado/MotorDriver/MotorDriver.srcs/constrs_1/new/design_1_constr.xdc:21]
WARNING: [Vivado 12-584] No ports matched 'S00_AXI_0_arprot[2]'. [/home/pcoli/Project_Folder/Xilinx_Vivado/MotorDriver/MotorDriver.srcs/constrs_1/new/design_1_constr.xdc:22]
WARNING: [Vivado 12-584] No ports matched 'S00_AXI_0_arprot[1]'. [/home/pcoli/Project_Folder/Xilinx_Vivado/MotorDriver/MotorDriver.srcs/constrs_1/new/design_1_constr.xdc:23]
WARNING: [Vivado 12-584] No ports matched 'S00_AXI_0_arprot[0]'. [/home/pcoli/Project_Folder/Xilinx_Vivado/MotorDriver/MotorDriver.srcs/constrs_1/new/design_1_constr.xdc:24]
WARNING: [Vivado 12-584] No ports matched 'S00_AXI_0_awaddr[3]'. [/home/pcoli/Project_Folder/Xilinx_Vivado/MotorDriver/MotorDriver.srcs/constrs_1/new/design_1_constr.xdc:25]
WARNING: [Vivado 12-584] No ports matched 'S00_AXI_0_awaddr[2]'. [/home/pcoli/Project_Folder/Xilinx_Vivado/MotorDriver/MotorDriver.srcs/constrs_1/new/design_1_constr.xdc:26]
WARNING: [Vivado 12-584] No ports matched 'S00_AXI_0_awaddr[1]'. [/home/pcoli/Project_Folder/Xilinx_Vivado/MotorDriver/MotorDriver.srcs/constrs_1/new/design_1_constr.xdc:27]
WARNING: [Vivado 12-584] No ports matched 'S00_AXI_0_awaddr[0]'. [/home/pcoli/Project_Folder/Xilinx_Vivado/MotorDriver/MotorDriver.srcs/constrs_1/new/design_1_constr.xdc:28]
WARNING: [Vivado 12-584] No ports matched 'S00_AXI_0_awprot[2]'. [/home/pcoli/Project_Folder/Xilinx_Vivado/MotorDriver/MotorDriver.srcs/constrs_1/new/design_1_constr.xdc:29]
WARNING: [Vivado 12-584] No ports matched 'S00_AXI_0_awprot[1]'. [/home/pcoli/Project_Folder/Xilinx_Vivado/MotorDriver/MotorDriver.srcs/constrs_1/new/design_1_constr.xdc:30]
WARNING: [Vivado 12-584] No ports matched 'S00_AXI_0_awprot[0]'. [/home/pcoli/Project_Folder/Xilinx_Vivado/MotorDriver/MotorDriver.srcs/constrs_1/new/design_1_constr.xdc:31]
WARNING: [Vivado 12-584] No ports matched 'S00_AXI_0_bresp[1]'. [/home/pcoli/Project_Folder/Xilinx_Vivado/MotorDriver/MotorDriver.srcs/constrs_1/new/design_1_constr.xdc:32]
WARNING: [Vivado 12-584] No ports matched 'S00_AXI_0_bresp[0]'. [/home/pcoli/Project_Folder/Xilinx_Vivado/MotorDriver/MotorDriver.srcs/constrs_1/new/design_1_constr.xdc:33]
WARNING: [Vivado 12-584] No ports matched 'S00_AXI_0_rdata[31]'. [/home/pcoli/Project_Folder/Xilinx_Vivado/MotorDriver/MotorDriver.srcs/constrs_1/new/design_1_constr.xdc:34]
WARNING: [Vivado 12-584] No ports matched 'S00_AXI_0_rdata[30]'. [/home/pcoli/Project_Folder/Xilinx_Vivado/MotorDriver/MotorDriver.srcs/constrs_1/new/design_1_constr.xdc:35]
WARNING: [Vivado 12-584] No ports matched 'S00_AXI_0_rdata[29]'. [/home/pcoli/Project_Folder/Xilinx_Vivado/MotorDriver/MotorDriver.srcs/constrs_1/new/design_1_constr.xdc:36]
WARNING: [Vivado 12-584] No ports matched 'S00_AXI_0_rdata[28]'. [/home/pcoli/Project_Folder/Xilinx_Vivado/MotorDriver/MotorDriver.srcs/constrs_1/new/design_1_constr.xdc:37]
WARNING: [Vivado 12-584] No ports matched 'S00_AXI_0_rdata[27]'. [/home/pcoli/Project_Folder/Xilinx_Vivado/MotorDriver/MotorDriver.srcs/constrs_1/new/design_1_constr.xdc:38]
WARNING: [Vivado 12-584] No ports matched 'S00_AXI_0_rdata[26]'. [/home/pcoli/Project_Folder/Xilinx_Vivado/MotorDriver/MotorDriver.srcs/constrs_1/new/design_1_constr.xdc:39]
WARNING: [Vivado 12-584] No ports matched 'S00_AXI_0_rdata[25]'. [/home/pcoli/Project_Folder/Xilinx_Vivado/MotorDriver/MotorDriver.srcs/constrs_1/new/design_1_constr.xdc:40]
WARNING: [Vivado 12-584] No ports matched 'S00_AXI_0_rdata[24]'. [/home/pcoli/Project_Folder/Xilinx_Vivado/MotorDriver/MotorDriver.srcs/constrs_1/new/design_1_constr.xdc:41]
WARNING: [Vivado 12-584] No ports matched 'S00_AXI_0_rdata[23]'. [/home/pcoli/Project_Folder/Xilinx_Vivado/MotorDriver/MotorDriver.srcs/constrs_1/new/design_1_constr.xdc:42]
WARNING: [Vivado 12-584] No ports matched 'S00_AXI_0_rdata[22]'. [/home/pcoli/Project_Folder/Xilinx_Vivado/MotorDriver/MotorDriver.srcs/constrs_1/new/design_1_constr.xdc:43]
WARNING: [Vivado 12-584] No ports matched 'S00_AXI_0_rdata[21]'. [/home/pcoli/Project_Folder/Xilinx_Vivado/MotorDriver/MotorDriver.srcs/constrs_1/new/design_1_constr.xdc:44]
WARNING: [Vivado 12-584] No ports matched 'S00_AXI_0_rdata[20]'. [/home/pcoli/Project_Folder/Xilinx_Vivado/MotorDriver/MotorDriver.srcs/constrs_1/new/design_1_constr.xdc:45]
WARNING: [Vivado 12-584] No ports matched 'S00_AXI_0_rdata[19]'. [/home/pcoli/Project_Folder/Xilinx_Vivado/MotorDriver/MotorDriver.srcs/constrs_1/new/design_1_constr.xdc:46]
WARNING: [Vivado 12-584] No ports matched 'S00_AXI_0_rdata[18]'. [/home/pcoli/Project_Folder/Xilinx_Vivado/MotorDriver/MotorDriver.srcs/constrs_1/new/design_1_constr.xdc:47]
WARNING: [Vivado 12-584] No ports matched 'S00_AXI_0_rdata[17]'. [/home/pcoli/Project_Folder/Xilinx_Vivado/MotorDriver/MotorDriver.srcs/constrs_1/new/design_1_constr.xdc:48]
WARNING: [Vivado 12-584] No ports matched 'S00_AXI_0_rdata[16]'. [/home/pcoli/Project_Folder/Xilinx_Vivado/MotorDriver/MotorDriver.srcs/constrs_1/new/design_1_constr.xdc:49]
WARNING: [Vivado 12-584] No ports matched 'S00_AXI_0_rdata[15]'. [/home/pcoli/Project_Folder/Xilinx_Vivado/MotorDriver/MotorDriver.srcs/constrs_1/new/design_1_constr.xdc:50]
WARNING: [Vivado 12-584] No ports matched 'S00_AXI_0_rdata[14]'. [/home/pcoli/Project_Folder/Xilinx_Vivado/MotorDriver/MotorDriver.srcs/constrs_1/new/design_1_constr.xdc:51]
WARNING: [Vivado 12-584] No ports matched 'S00_AXI_0_rdata[13]'. [/home/pcoli/Project_Folder/Xilinx_Vivado/MotorDriver/MotorDriver.srcs/constrs_1/new/design_1_constr.xdc:52]
WARNING: [Vivado 12-584] No ports matched 'S00_AXI_0_rdata[12]'. [/home/pcoli/Project_Folder/Xilinx_Vivado/MotorDriver/MotorDriver.srcs/constrs_1/new/design_1_constr.xdc:53]
WARNING: [Vivado 12-584] No ports matched 'S00_AXI_0_rdata[11]'. [/home/pcoli/Project_Folder/Xilinx_Vivado/MotorDriver/MotorDriver.srcs/constrs_1/new/design_1_constr.xdc:54]
WARNING: [Vivado 12-584] No ports matched 'S00_AXI_0_rdata[10]'. [/home/pcoli/Project_Folder/Xilinx_Vivado/MotorDriver/MotorDriver.srcs/constrs_1/new/design_1_constr.xdc:55]
WARNING: [Vivado 12-584] No ports matched 'S00_AXI_0_rdata[9]'. [/home/pcoli/Project_Folder/Xilinx_Vivado/MotorDriver/MotorDriver.srcs/constrs_1/new/design_1_constr.xdc:56]
WARNING: [Vivado 12-584] No ports matched 'S00_AXI_0_rdata[8]'. [/home/pcoli/Project_Folder/Xilinx_Vivado/MotorDriver/MotorDriver.srcs/constrs_1/new/design_1_constr.xdc:57]
WARNING: [Vivado 12-584] No ports matched 'S00_AXI_0_rdata[7]'. [/home/pcoli/Project_Folder/Xilinx_Vivado/MotorDriver/MotorDriver.srcs/constrs_1/new/design_1_constr.xdc:58]
WARNING: [Vivado 12-584] No ports matched 'S00_AXI_0_rdata[6]'. [/home/pcoli/Project_Folder/Xilinx_Vivado/MotorDriver/MotorDriver.srcs/constrs_1/new/design_1_constr.xdc:59]
WARNING: [Vivado 12-584] No ports matched 'S00_AXI_0_rdata[5]'. [/home/pcoli/Project_Folder/Xilinx_Vivado/MotorDriver/MotorDriver.srcs/constrs_1/new/design_1_constr.xdc:60]
WARNING: [Vivado 12-584] No ports matched 'S00_AXI_0_rdata[4]'. [/home/pcoli/Project_Folder/Xilinx_Vivado/MotorDriver/MotorDriver.srcs/constrs_1/new/design_1_constr.xdc:61]
WARNING: [Vivado 12-584] No ports matched 'S00_AXI_0_rdata[3]'. [/home/pcoli/Project_Folder/Xilinx_Vivado/MotorDriver/MotorDriver.srcs/constrs_1/new/design_1_constr.xdc:62]
WARNING: [Vivado 12-584] No ports matched 'S00_AXI_0_rdata[2]'. [/home/pcoli/Project_Folder/Xilinx_Vivado/MotorDriver/MotorDriver.srcs/constrs_1/new/design_1_constr.xdc:63]
WARNING: [Vivado 12-584] No ports matched 'S00_AXI_0_rdata[1]'. [/home/pcoli/Project_Folder/Xilinx_Vivado/MotorDriver/MotorDriver.srcs/constrs_1/new/design_1_constr.xdc:64]
WARNING: [Vivado 12-584] No ports matched 'S00_AXI_0_rdata[0]'. [/home/pcoli/Project_Folder/Xilinx_Vivado/MotorDriver/MotorDriver.srcs/constrs_1/new/design_1_constr.xdc:65]
WARNING: [Vivado 12-584] No ports matched 'S00_AXI_0_rresp[1]'. [/home/pcoli/Project_Folder/Xilinx_Vivado/MotorDriver/MotorDriver.srcs/constrs_1/new/design_1_constr.xdc:66]
WARNING: [Vivado 12-584] No ports matched 'S00_AXI_0_rresp[0]'. [/home/pcoli/Project_Folder/Xilinx_Vivado/MotorDriver/MotorDriver.srcs/constrs_1/new/design_1_constr.xdc:67]
WARNING: [Vivado 12-584] No ports matched 'S00_AXI_0_wdata[31]'. [/home/pcoli/Project_Folder/Xilinx_Vivado/MotorDriver/MotorDriver.srcs/constrs_1/new/design_1_constr.xdc:68]
WARNING: [Vivado 12-584] No ports matched 'S00_AXI_0_wdata[30]'. [/home/pcoli/Project_Folder/Xilinx_Vivado/MotorDriver/MotorDriver.srcs/constrs_1/new/design_1_constr.xdc:69]
WARNING: [Vivado 12-584] No ports matched 'S00_AXI_0_wdata[29]'. [/home/pcoli/Project_Folder/Xilinx_Vivado/MotorDriver/MotorDriver.srcs/constrs_1/new/design_1_constr.xdc:70]
WARNING: [Vivado 12-584] No ports matched 'S00_AXI_0_wdata[28]'. [/home/pcoli/Project_Folder/Xilinx_Vivado/MotorDriver/MotorDriver.srcs/constrs_1/new/design_1_constr.xdc:71]
WARNING: [Vivado 12-584] No ports matched 'S00_AXI_0_wdata[27]'. [/home/pcoli/Project_Folder/Xilinx_Vivado/MotorDriver/MotorDriver.srcs/constrs_1/new/design_1_constr.xdc:72]
WARNING: [Vivado 12-584] No ports matched 'S00_AXI_0_wdata[26]'. [/home/pcoli/Project_Folder/Xilinx_Vivado/MotorDriver/MotorDriver.srcs/constrs_1/new/design_1_constr.xdc:73]
WARNING: [Vivado 12-584] No ports matched 'S00_AXI_0_wdata[25]'. [/home/pcoli/Project_Folder/Xilinx_Vivado/MotorDriver/MotorDriver.srcs/constrs_1/new/design_1_constr.xdc:74]
WARNING: [Vivado 12-584] No ports matched 'S00_AXI_0_wdata[24]'. [/home/pcoli/Project_Folder/Xilinx_Vivado/MotorDriver/MotorDriver.srcs/constrs_1/new/design_1_constr.xdc:75]
WARNING: [Vivado 12-584] No ports matched 'S00_AXI_0_wdata[23]'. [/home/pcoli/Project_Folder/Xilinx_Vivado/MotorDriver/MotorDriver.srcs/constrs_1/new/design_1_constr.xdc:76]
WARNING: [Vivado 12-584] No ports matched 'S00_AXI_0_wdata[22]'. [/home/pcoli/Project_Folder/Xilinx_Vivado/MotorDriver/MotorDriver.srcs/constrs_1/new/design_1_constr.xdc:77]
WARNING: [Vivado 12-584] No ports matched 'S00_AXI_0_wdata[21]'. [/home/pcoli/Project_Folder/Xilinx_Vivado/MotorDriver/MotorDriver.srcs/constrs_1/new/design_1_constr.xdc:78]
WARNING: [Vivado 12-584] No ports matched 'S00_AXI_0_wdata[20]'. [/home/pcoli/Project_Folder/Xilinx_Vivado/MotorDriver/MotorDriver.srcs/constrs_1/new/design_1_constr.xdc:79]
WARNING: [Vivado 12-584] No ports matched 'S00_AXI_0_wdata[19]'. [/home/pcoli/Project_Folder/Xilinx_Vivado/MotorDriver/MotorDriver.srcs/constrs_1/new/design_1_constr.xdc:80]
WARNING: [Vivado 12-584] No ports matched 'S00_AXI_0_wdata[18]'. [/home/pcoli/Project_Folder/Xilinx_Vivado/MotorDriver/MotorDriver.srcs/constrs_1/new/design_1_constr.xdc:81]
WARNING: [Vivado 12-584] No ports matched 'S00_AXI_0_wdata[17]'. [/home/pcoli/Project_Folder/Xilinx_Vivado/MotorDriver/MotorDriver.srcs/constrs_1/new/design_1_constr.xdc:82]
WARNING: [Vivado 12-584] No ports matched 'S00_AXI_0_wdata[16]'. [/home/pcoli/Project_Folder/Xilinx_Vivado/MotorDriver/MotorDriver.srcs/constrs_1/new/design_1_constr.xdc:83]
WARNING: [Vivado 12-584] No ports matched 'S00_AXI_0_wdata[15]'. [/home/pcoli/Project_Folder/Xilinx_Vivado/MotorDriver/MotorDriver.srcs/constrs_1/new/design_1_constr.xdc:84]
WARNING: [Vivado 12-584] No ports matched 'S00_AXI_0_wdata[14]'. [/home/pcoli/Project_Folder/Xilinx_Vivado/MotorDriver/MotorDriver.srcs/constrs_1/new/design_1_constr.xdc:85]
WARNING: [Vivado 12-584] No ports matched 'S00_AXI_0_wdata[13]'. [/home/pcoli/Project_Folder/Xilinx_Vivado/MotorDriver/MotorDriver.srcs/constrs_1/new/design_1_constr.xdc:86]
WARNING: [Vivado 12-584] No ports matched 'S00_AXI_0_wdata[12]'. [/home/pcoli/Project_Folder/Xilinx_Vivado/MotorDriver/MotorDriver.srcs/constrs_1/new/design_1_constr.xdc:87]
WARNING: [Vivado 12-584] No ports matched 'S00_AXI_0_wdata[11]'. [/home/pcoli/Project_Folder/Xilinx_Vivado/MotorDriver/MotorDriver.srcs/constrs_1/new/design_1_constr.xdc:88]
WARNING: [Vivado 12-584] No ports matched 'S00_AXI_0_wdata[10]'. [/home/pcoli/Project_Folder/Xilinx_Vivado/MotorDriver/MotorDriver.srcs/constrs_1/new/design_1_constr.xdc:89]
WARNING: [Vivado 12-584] No ports matched 'S00_AXI_0_wdata[9]'. [/home/pcoli/Project_Folder/Xilinx_Vivado/MotorDriver/MotorDriver.srcs/constrs_1/new/design_1_constr.xdc:90]
WARNING: [Vivado 12-584] No ports matched 'S00_AXI_0_wdata[8]'. [/home/pcoli/Project_Folder/Xilinx_Vivado/MotorDriver/MotorDriver.srcs/constrs_1/new/design_1_constr.xdc:91]
WARNING: [Vivado 12-584] No ports matched 'S00_AXI_0_wdata[7]'. [/home/pcoli/Project_Folder/Xilinx_Vivado/MotorDriver/MotorDriver.srcs/constrs_1/new/design_1_constr.xdc:92]
WARNING: [Vivado 12-584] No ports matched 'S00_AXI_0_wdata[6]'. [/home/pcoli/Project_Folder/Xilinx_Vivado/MotorDriver/MotorDriver.srcs/constrs_1/new/design_1_constr.xdc:93]
WARNING: [Vivado 12-584] No ports matched 'S00_AXI_0_wdata[5]'. [/home/pcoli/Project_Folder/Xilinx_Vivado/MotorDriver/MotorDriver.srcs/constrs_1/new/design_1_constr.xdc:94]
WARNING: [Vivado 12-584] No ports matched 'S00_AXI_0_wdata[4]'. [/home/pcoli/Project_Folder/Xilinx_Vivado/MotorDriver/MotorDriver.srcs/constrs_1/new/design_1_constr.xdc:95]
WARNING: [Vivado 12-584] No ports matched 'S00_AXI_0_wdata[3]'. [/home/pcoli/Project_Folder/Xilinx_Vivado/MotorDriver/MotorDriver.srcs/constrs_1/new/design_1_constr.xdc:96]
WARNING: [Vivado 12-584] No ports matched 'S00_AXI_0_wdata[2]'. [/home/pcoli/Project_Folder/Xilinx_Vivado/MotorDriver/MotorDriver.srcs/constrs_1/new/design_1_constr.xdc:97]
WARNING: [Vivado 12-584] No ports matched 'S00_AXI_0_wdata[1]'. [/home/pcoli/Project_Folder/Xilinx_Vivado/MotorDriver/MotorDriver.srcs/constrs_1/new/design_1_constr.xdc:98]
WARNING: [Vivado 12-584] No ports matched 'S00_AXI_0_wdata[0]'. [/home/pcoli/Project_Folder/Xilinx_Vivado/MotorDriver/MotorDriver.srcs/constrs_1/new/design_1_constr.xdc:99]
WARNING: [Vivado 12-584] No ports matched 'S00_AXI_0_wstrb[3]'. [/home/pcoli/Project_Folder/Xilinx_Vivado/MotorDriver/MotorDriver.srcs/constrs_1/new/design_1_constr.xdc:100]
WARNING: [Vivado 12-584] No ports matched 'S00_AXI_0_wstrb[2]'. [/home/pcoli/Project_Folder/Xilinx_Vivado/MotorDriver/MotorDriver.srcs/constrs_1/new/design_1_constr.xdc:101]
WARNING: [Vivado 12-584] No ports matched 'S00_AXI_0_wstrb[1]'. [/home/pcoli/Project_Folder/Xilinx_Vivado/MotorDriver/MotorDriver.srcs/constrs_1/new/design_1_constr.xdc:102]
WARNING: [Vivado 12-584] No ports matched 'S00_AXI_0_wstrb[0]'. [/home/pcoli/Project_Folder/Xilinx_Vivado/MotorDriver/MotorDriver.srcs/constrs_1/new/design_1_constr.xdc:103]
WARNING: [Vivado 12-584] No ports matched 'S00_AXI_0_arready'. [/home/pcoli/Project_Folder/Xilinx_Vivado/MotorDriver/MotorDriver.srcs/constrs_1/new/design_1_constr.xdc:104]
WARNING: [Vivado 12-584] No ports matched 'S00_AXI_0_arvalid'. [/home/pcoli/Project_Folder/Xilinx_Vivado/MotorDriver/MotorDriver.srcs/constrs_1/new/design_1_constr.xdc:105]
WARNING: [Vivado 12-584] No ports matched 'S00_AXI_0_awready'. [/home/pcoli/Project_Folder/Xilinx_Vivado/MotorDriver/MotorDriver.srcs/constrs_1/new/design_1_constr.xdc:106]
WARNING: [Vivado 12-584] No ports matched 'S00_AXI_0_awvalid'. [/home/pcoli/Project_Folder/Xilinx_Vivado/MotorDriver/MotorDriver.srcs/constrs_1/new/design_1_constr.xdc:107]
WARNING: [Vivado 12-584] No ports matched 'S00_AXI_0_bready'. [/home/pcoli/Project_Folder/Xilinx_Vivado/MotorDriver/MotorDriver.srcs/constrs_1/new/design_1_constr.xdc:108]
WARNING: [Vivado 12-584] No ports matched 'S00_AXI_0_bvalid'. [/home/pcoli/Project_Folder/Xilinx_Vivado/MotorDriver/MotorDriver.srcs/constrs_1/new/design_1_constr.xdc:109]
WARNING: [Vivado 12-584] No ports matched 'S00_AXI_0_rready'. [/home/pcoli/Project_Folder/Xilinx_Vivado/MotorDriver/MotorDriver.srcs/constrs_1/new/design_1_constr.xdc:110]
WARNING: [Vivado 12-584] No ports matched 'S00_AXI_0_rvalid'. [/home/pcoli/Project_Folder/Xilinx_Vivado/MotorDriver/MotorDriver.srcs/constrs_1/new/design_1_constr.xdc:111]
WARNING: [Vivado 12-584] No ports matched 'S00_AXI_0_wready'. [/home/pcoli/Project_Folder/Xilinx_Vivado/MotorDriver/MotorDriver.srcs/constrs_1/new/design_1_constr.xdc:112]
WARNING: [Vivado 12-584] No ports matched 'S00_AXI_0_wvalid'. [/home/pcoli/Project_Folder/Xilinx_Vivado/MotorDriver/MotorDriver.srcs/constrs_1/new/design_1_constr.xdc:113]
WARNING: [Vivado 12-584] No ports matched 'I2C_GPIOPIN[0]'. [/home/pcoli/Project_Folder/Xilinx_Vivado/MotorDriver/MotorDriver.srcs/constrs_1/new/design_1_constr.xdc:114]
WARNING: [Vivado 12-584] No ports matched 'I2C_GPIOPIN[0]'. [/home/pcoli/Project_Folder/Xilinx_Vivado/MotorDriver/MotorDriver.srcs/constrs_1/new/design_1_constr.xdc:118]
INFO: [Common 17-14] Message 'Vivado 12-584' appears 100 times and further instances of the messages will be disabled. Use the Tcl command set_msg_config to change the current settings. [/home/pcoli/Project_Folder/Xilinx_Vivado/MotorDriver/MotorDriver.srcs/constrs_1/new/design_1_constr.xdc:118]
Finished Parsing XDC File [/home/pcoli/Project_Folder/Xilinx_Vivado/MotorDriver/MotorDriver.srcs/constrs_1/new/design_1_constr.xdc]
WARNING: [Project 1-498] One or more constraints failed evaluation while reading constraint file [/home/pcoli/Project_Folder/Xilinx_Vivado/MotorDriver/MotorDriver.srcs/constrs_1/new/design_1_constr.xdc] and the design contains unresolved black boxes. These constraints will be read post-synthesis (as long as their source constraint file is marked as used_in_implementation) and should be applied correctly then. You should review the constraints listed in the file [.Xil/design_1_wrapper_propImpl.xdc] and check the run log file to verify that these constraints were correctly applied.
INFO: [Project 1-236] Implementation specific constraints were found while reading constraint file [/home/pcoli/Project_Folder/Xilinx_Vivado/MotorDriver/MotorDriver.srcs/constrs_1/new/design_1_constr.xdc]. These constraints will be ignored for synthesis but will be used in implementation. Impacted constraints are listed in the file [.Xil/design_1_wrapper_propImpl.xdc].
Resolution: To avoid this warning, move constraints listed in [.Xil/design_1_wrapper_propImpl.xdc] to another XDC file and exclude this new file from synthesis with the used_in_synthesis property (File Properties dialog in GUI) and re-run elaboration/synthesis.
Parsing XDC File [/home/pcoli/Project_Folder/Xilinx_Vivado/MotorDriver/MotorDriver.runs/synth_1/dont_touch.xdc]
Finished Parsing XDC File [/home/pcoli/Project_Folder/Xilinx_Vivado/MotorDriver/MotorDriver.runs/synth_1/dont_touch.xdc]
Completed Processing XDC Constraints

Netlist sorting complete. Time (s): cpu = 00:00:00 ; elapsed = 00:00:00 . Memory (MB): peak = 2588.973 ; gain = 0.000 ; free physical = 19077 ; free virtual = 31298
INFO: [Project 1-111] Unisim Transformation Summary:
  A total of 2 instances were transformed.
  IOBUF => IOBUF (IBUF, OBUFT): 2 instances

Constraint Validation Runtime : Time (s): cpu = 00:00:00 ; elapsed = 00:00:00 . Memory (MB): peak = 2588.973 ; gain = 0.000 ; free physical = 19077 ; free virtual = 31298
INFO: [Designutils 20-5440] No compile time benefit to using incremental synthesis; A full resynthesis will be run
INFO: [Designutils 20-4379] Flow is switching to default flow due to incremental criteria not met. If you would like to alter this behaviour and have the flow terminate instead, please set the following parameter config_implementation {autoIncr.Synth.RejectBehavior Terminate}
---------------------------------------------------------------------------------
Finished Constraint Validation : Time (s): cpu = 00:00:07 ; elapsed = 00:00:08 . Memory (MB): peak = 2588.973 ; gain = 332.496 ; free physical = 19073 ; free virtual = 31294
---------------------------------------------------------------------------------
---------------------------------------------------------------------------------
Start Loading Part and Timing Information
---------------------------------------------------------------------------------
Loading part: xc7z020clg400-1
---------------------------------------------------------------------------------
Finished Loading Part and Timing Information : Time (s): cpu = 00:00:07 ; elapsed = 00:00:08 . Memory (MB): peak = 2596.977 ; gain = 340.500 ; free physical = 19073 ; free virtual = 31294
---------------------------------------------------------------------------------
---------------------------------------------------------------------------------
Start Applying 'set_property' XDC Constraints
---------------------------------------------------------------------------------
Applied set_property IO_BUFFER_TYPE = NONE for DDR_addr[0]. (constraint file  /home/pcoli/Project_Folder/Xilinx_Vivado/MotorDriver/MotorDriver.gen/sources_1/bd/design_1/ip/design_1_processing_system7_0_1/design_1_processing_system7_0_1/design_1_processing_system7_0_1_in_context.xdc, line 2).
Applied set_property CLOCK_BUFFER_TYPE = NONE for DDR_addr[0]. (constraint file  /home/pcoli/Project_Folder/Xilinx_Vivado/MotorDriver/MotorDriver.gen/sources_1/bd/design_1/ip/design_1_processing_system7_0_1/design_1_processing_system7_0_1/design_1_processing_system7_0_1_in_context.xdc, line 3).
Applied set_property IO_BUFFER_TYPE = NONE for DDR_addr[10]. (constraint file  /home/pcoli/Project_Folder/Xilinx_Vivado/MotorDriver/MotorDriver.gen/sources_1/bd/design_1/ip/design_1_processing_system7_0_1/design_1_processing_system7_0_1/design_1_processing_system7_0_1_in_context.xdc, line 4).
Applied set_property CLOCK_BUFFER_TYPE = NONE for DDR_addr[10]. (constraint file  /home/pcoli/Project_Folder/Xilinx_Vivado/MotorDriver/MotorDriver.gen/sources_1/bd/design_1/ip/design_1_processing_system7_0_1/design_1_processing_system7_0_1/design_1_processing_system7_0_1_in_context.xdc, line 5).
Applied set_property IO_BUFFER_TYPE = NONE for DDR_addr[11]. (constraint file  /home/pcoli/Project_Folder/Xilinx_Vivado/MotorDriver/MotorDriver.gen/sources_1/bd/design_1/ip/design_1_processing_system7_0_1/design_1_processing_system7_0_1/design_1_processing_system7_0_1_in_context.xdc, line 6).
Applied set_property CLOCK_BUFFER_TYPE = NONE for DDR_addr[11]. (constraint file  /home/pcoli/Project_Folder/Xilinx_Vivado/MotorDriver/MotorDriver.gen/sources_1/bd/design_1/ip/design_1_processing_system7_0_1/design_1_processing_system7_0_1/design_1_processing_system7_0_1_in_context.xdc, line 7).
Applied set_property IO_BUFFER_TYPE = NONE for DDR_addr[12]. (constraint file  /home/pcoli/Project_Folder/Xilinx_Vivado/MotorDriver/MotorDriver.gen/sources_1/bd/design_1/ip/design_1_processing_system7_0_1/design_1_processing_system7_0_1/design_1_processing_system7_0_1_in_context.xdc, line 8).
Applied set_property CLOCK_BUFFER_TYPE = NONE for DDR_addr[12]. (constraint file  /home/pcoli/Project_Folder/Xilinx_Vivado/MotorDriver/MotorDriver.gen/sources_1/bd/design_1/ip/design_1_processing_system7_0_1/design_1_processing_system7_0_1/design_1_processing_system7_0_1_in_context.xdc, line 9).
Applied set_property IO_BUFFER_TYPE = NONE for DDR_addr[13]. (constraint file  /home/pcoli/Project_Folder/Xilinx_Vivado/MotorDriver/MotorDriver.gen/sources_1/bd/design_1/ip/design_1_processing_system7_0_1/design_1_processing_system7_0_1/design_1_processing_system7_0_1_in_context.xdc, line 10).
Applied set_property CLOCK_BUFFER_TYPE = NONE for DDR_addr[13]. (constraint file  /home/pcoli/Project_Folder/Xilinx_Vivado/MotorDriver/MotorDriver.gen/sources_1/bd/design_1/ip/design_1_processing_system7_0_1/design_1_processing_system7_0_1/design_1_processing_system7_0_1_in_context.xdc, line 11).
Applied set_property IO_BUFFER_TYPE = NONE for DDR_addr[14]. (constraint file  /home/pcoli/Project_Folder/Xilinx_Vivado/MotorDriver/MotorDriver.gen/sources_1/bd/design_1/ip/design_1_processing_system7_0_1/design_1_processing_system7_0_1/design_1_processing_system7_0_1_in_context.xdc, line 12).
Applied set_property CLOCK_BUFFER_TYPE = NONE for DDR_addr[14]. (constraint file  /home/pcoli/Project_Folder/Xilinx_Vivado/MotorDriver/MotorDriver.gen/sources_1/bd/design_1/ip/design_1_processing_system7_0_1/design_1_processing_system7_0_1/design_1_processing_system7_0_1_in_context.xdc, line 13).
Applied set_property IO_BUFFER_TYPE = NONE for DDR_addr[1]. (constraint file  /home/pcoli/Project_Folder/Xilinx_Vivado/MotorDriver/MotorDriver.gen/sources_1/bd/design_1/ip/design_1_processing_system7_0_1/design_1_processing_system7_0_1/design_1_processing_system7_0_1_in_context.xdc, line 14).
Applied set_property CLOCK_BUFFER_TYPE = NONE for DDR_addr[1]. (constraint file  /home/pcoli/Project_Folder/Xilinx_Vivado/MotorDriver/MotorDriver.gen/sources_1/bd/design_1/ip/design_1_processing_system7_0_1/design_1_processing_system7_0_1/design_1_processing_system7_0_1_in_context.xdc, line 15).
Applied set_property IO_BUFFER_TYPE = NONE for DDR_addr[2]. (constraint file  /home/pcoli/Project_Folder/Xilinx_Vivado/MotorDriver/MotorDriver.gen/sources_1/bd/design_1/ip/design_1_processing_system7_0_1/design_1_processing_system7_0_1/design_1_processing_system7_0_1_in_context.xdc, line 16).
Applied set_property CLOCK_BUFFER_TYPE = NONE for DDR_addr[2]. (constraint file  /home/pcoli/Project_Folder/Xilinx_Vivado/MotorDriver/MotorDriver.gen/sources_1/bd/design_1/ip/design_1_processing_system7_0_1/design_1_processing_system7_0_1/design_1_processing_system7_0_1_in_context.xdc, line 17).
Applied set_property IO_BUFFER_TYPE = NONE for DDR_addr[3]. (constraint file  /home/pcoli/Project_Folder/Xilinx_Vivado/MotorDriver/MotorDriver.gen/sources_1/bd/design_1/ip/design_1_processing_system7_0_1/design_1_processing_system7_0_1/design_1_processing_system7_0_1_in_context.xdc, line 18).
Applied set_property CLOCK_BUFFER_TYPE = NONE for DDR_addr[3]. (constraint file  /home/pcoli/Project_Folder/Xilinx_Vivado/MotorDriver/MotorDriver.gen/sources_1/bd/design_1/ip/design_1_processing_system7_0_1/design_1_processing_system7_0_1/design_1_processing_system7_0_1_in_context.xdc, line 19).
Applied set_property IO_BUFFER_TYPE = NONE for DDR_addr[4]. (constraint file  /home/pcoli/Project_Folder/Xilinx_Vivado/MotorDriver/MotorDriver.gen/sources_1/bd/design_1/ip/design_1_processing_system7_0_1/design_1_processing_system7_0_1/design_1_processing_system7_0_1_in_context.xdc, line 20).
Applied set_property CLOCK_BUFFER_TYPE = NONE for DDR_addr[4]. (constraint file  /home/pcoli/Project_Folder/Xilinx_Vivado/MotorDriver/MotorDriver.gen/sources_1/bd/design_1/ip/design_1_processing_system7_0_1/design_1_processing_system7_0_1/design_1_processing_system7_0_1_in_context.xdc, line 21).
Applied set_property IO_BUFFER_TYPE = NONE for DDR_addr[5]. (constraint file  /home/pcoli/Project_Folder/Xilinx_Vivado/MotorDriver/MotorDriver.gen/sources_1/bd/design_1/ip/design_1_processing_system7_0_1/design_1_processing_system7_0_1/design_1_processing_system7_0_1_in_context.xdc, line 22).
Applied set_property CLOCK_BUFFER_TYPE = NONE for DDR_addr[5]. (constraint file  /home/pcoli/Project_Folder/Xilinx_Vivado/MotorDriver/MotorDriver.gen/sources_1/bd/design_1/ip/design_1_processing_system7_0_1/design_1_processing_system7_0_1/design_1_processing_system7_0_1_in_context.xdc, line 23).
Applied set_property IO_BUFFER_TYPE = NONE for DDR_addr[6]. (constraint file  /home/pcoli/Project_Folder/Xilinx_Vivado/MotorDriver/MotorDriver.gen/sources_1/bd/design_1/ip/design_1_processing_system7_0_1/design_1_processing_system7_0_1/design_1_processing_system7_0_1_in_context.xdc, line 24).
Applied set_property CLOCK_BUFFER_TYPE = NONE for DDR_addr[6]. (constraint file  /home/pcoli/Project_Folder/Xilinx_Vivado/MotorDriver/MotorDriver.gen/sources_1/bd/design_1/ip/design_1_processing_system7_0_1/design_1_processing_system7_0_1/design_1_processing_system7_0_1_in_context.xdc, line 25).
Applied set_property IO_BUFFER_TYPE = NONE for DDR_addr[7]. (constraint file  /home/pcoli/Project_Folder/Xilinx_Vivado/MotorDriver/MotorDriver.gen/sources_1/bd/design_1/ip/design_1_processing_system7_0_1/design_1_processing_system7_0_1/design_1_processing_system7_0_1_in_context.xdc, line 26).
Applied set_property CLOCK_BUFFER_TYPE = NONE for DDR_addr[7]. (constraint file  /home/pcoli/Project_Folder/Xilinx_Vivado/MotorDriver/MotorDriver.gen/sources_1/bd/design_1/ip/design_1_processing_system7_0_1/design_1_processing_system7_0_1/design_1_processing_system7_0_1_in_context.xdc, line 27).
Applied set_property IO_BUFFER_TYPE = NONE for DDR_addr[8]. (constraint file  /home/pcoli/Project_Folder/Xilinx_Vivado/MotorDriver/MotorDriver.gen/sources_1/bd/design_1/ip/design_1_processing_system7_0_1/design_1_processing_system7_0_1/design_1_processing_system7_0_1_in_context.xdc, line 28).
Applied set_property CLOCK_BUFFER_TYPE = NONE for DDR_addr[8]. (constraint file  /home/pcoli/Project_Folder/Xilinx_Vivado/MotorDriver/MotorDriver.gen/sources_1/bd/design_1/ip/design_1_processing_system7_0_1/design_1_processing_system7_0_1/design_1_processing_system7_0_1_in_context.xdc, line 29).
Applied set_property IO_BUFFER_TYPE = NONE for DDR_addr[9]. (constraint file  /home/pcoli/Project_Folder/Xilinx_Vivado/MotorDriver/MotorDriver.gen/sources_1/bd/design_1/ip/design_1_processing_system7_0_1/design_1_processing_system7_0_1/design_1_processing_system7_0_1_in_context.xdc, line 30).
Applied set_property CLOCK_BUFFER_TYPE = NONE for DDR_addr[9]. (constraint file  /home/pcoli/Project_Folder/Xilinx_Vivado/MotorDriver/MotorDriver.gen/sources_1/bd/design_1/ip/design_1_processing_system7_0_1/design_1_processing_system7_0_1/design_1_processing_system7_0_1_in_context.xdc, line 31).
Applied set_property IO_BUFFER_TYPE = NONE for DDR_ba[0]. (constraint file  /home/pcoli/Project_Folder/Xilinx_Vivado/MotorDriver/MotorDriver.gen/sources_1/bd/design_1/ip/design_1_processing_system7_0_1/design_1_processing_system7_0_1/design_1_processing_system7_0_1_in_context.xdc, line 32).
Applied set_property CLOCK_BUFFER_TYPE = NONE for DDR_ba[0]. (constraint file  /home/pcoli/Project_Folder/Xilinx_Vivado/MotorDriver/MotorDriver.gen/sources_1/bd/design_1/ip/design_1_processing_system7_0_1/design_1_processing_system7_0_1/design_1_processing_system7_0_1_in_context.xdc, line 33).
Applied set_property IO_BUFFER_TYPE = NONE for DDR_ba[1]. (constraint file  /home/pcoli/Project_Folder/Xilinx_Vivado/MotorDriver/MotorDriver.gen/sources_1/bd/design_1/ip/design_1_processing_system7_0_1/design_1_processing_system7_0_1/design_1_processing_system7_0_1_in_context.xdc, line 34).
Applied set_property CLOCK_BUFFER_TYPE = NONE for DDR_ba[1]. (constraint file  /home/pcoli/Project_Folder/Xilinx_Vivado/MotorDriver/MotorDriver.gen/sources_1/bd/design_1/ip/design_1_processing_system7_0_1/design_1_processing_system7_0_1/design_1_processing_system7_0_1_in_context.xdc, line 35).
Applied set_property IO_BUFFER_TYPE = NONE for DDR_ba[2]. (constraint file  /home/pcoli/Project_Folder/Xilinx_Vivado/MotorDriver/MotorDriver.gen/sources_1/bd/design_1/ip/design_1_processing_system7_0_1/design_1_processing_system7_0_1/design_1_processing_system7_0_1_in_context.xdc, line 36).
Applied set_property CLOCK_BUFFER_TYPE = NONE for DDR_ba[2]. (constraint file  /home/pcoli/Project_Folder/Xilinx_Vivado/MotorDriver/MotorDriver.gen/sources_1/bd/design_1/ip/design_1_processing_system7_0_1/design_1_processing_system7_0_1/design_1_processing_system7_0_1_in_context.xdc, line 37).
Applied set_property IO_BUFFER_TYPE = NONE for DDR_cas_n. (constraint file  /home/pcoli/Project_Folder/Xilinx_Vivado/MotorDriver/MotorDriver.gen/sources_1/bd/design_1/ip/design_1_processing_system7_0_1/design_1_processing_system7_0_1/design_1_processing_system7_0_1_in_context.xdc, line 38).
Applied set_property CLOCK_BUFFER_TYPE = NONE for DDR_cas_n. (constraint file  /home/pcoli/Project_Folder/Xilinx_Vivado/MotorDriver/MotorDriver.gen/sources_1/bd/design_1/ip/design_1_processing_system7_0_1/design_1_processing_system7_0_1/design_1_processing_system7_0_1_in_context.xdc, line 39).
Applied set_property IO_BUFFER_TYPE = NONE for DDR_cke. (constraint file  /home/pcoli/Project_Folder/Xilinx_Vivado/MotorDriver/MotorDriver.gen/sources_1/bd/design_1/ip/design_1_processing_system7_0_1/design_1_processing_system7_0_1/design_1_processing_system7_0_1_in_context.xdc, line 40).
Applied set_property CLOCK_BUFFER_TYPE = NONE for DDR_cke. (constraint file  /home/pcoli/Project_Folder/Xilinx_Vivado/MotorDriver/MotorDriver.gen/sources_1/bd/design_1/ip/design_1_processing_system7_0_1/design_1_processing_system7_0_1/design_1_processing_system7_0_1_in_context.xdc, line 41).
Applied set_property IO_BUFFER_TYPE = NONE for DDR_cs_n. (constraint file  /home/pcoli/Project_Folder/Xilinx_Vivado/MotorDriver/MotorDriver.gen/sources_1/bd/design_1/ip/design_1_processing_system7_0_1/design_1_processing_system7_0_1/design_1_processing_system7_0_1_in_context.xdc, line 42).
Applied set_property CLOCK_BUFFER_TYPE = NONE for DDR_cs_n. (constraint file  /home/pcoli/Project_Folder/Xilinx_Vivado/MotorDriver/MotorDriver.gen/sources_1/bd/design_1/ip/design_1_processing_system7_0_1/design_1_processing_system7_0_1/design_1_processing_system7_0_1_in_context.xdc, line 43).
Applied set_property IO_BUFFER_TYPE = NONE for DDR_ck_p. (constraint file  /home/pcoli/Project_Folder/Xilinx_Vivado/MotorDriver/MotorDriver.gen/sources_1/bd/design_1/ip/design_1_processing_system7_0_1/design_1_processing_system7_0_1/design_1_processing_system7_0_1_in_context.xdc, line 44).
Applied set_property CLOCK_BUFFER_TYPE = NONE for DDR_ck_p. (constraint file  /home/pcoli/Project_Folder/Xilinx_Vivado/MotorDriver/MotorDriver.gen/sources_1/bd/design_1/ip/design_1_processing_system7_0_1/design_1_processing_system7_0_1/design_1_processing_system7_0_1_in_context.xdc, line 45).
Applied set_property IO_BUFFER_TYPE = NONE for DDR_ck_n. (constraint file  /home/pcoli/Project_Folder/Xilinx_Vivado/MotorDriver/MotorDriver.gen/sources_1/bd/design_1/ip/design_1_processing_system7_0_1/design_1_processing_system7_0_1/design_1_processing_system7_0_1_in_context.xdc, line 46).
Applied set_property CLOCK_BUFFER_TYPE = NONE for DDR_ck_n. (constraint file  /home/pcoli/Project_Folder/Xilinx_Vivado/MotorDriver/MotorDriver.gen/sources_1/bd/design_1/ip/design_1_processing_system7_0_1/design_1_processing_system7_0_1/design_1_processing_system7_0_1_in_context.xdc, line 47).
Applied set_property IO_BUFFER_TYPE = NONE for DDR_dm[0]. (constraint file  /home/pcoli/Project_Folder/Xilinx_Vivado/MotorDriver/MotorDriver.gen/sources_1/bd/design_1/ip/design_1_processing_system7_0_1/design_1_processing_system7_0_1/design_1_processing_system7_0_1_in_context.xdc, line 48).
Applied set_property CLOCK_BUFFER_TYPE = NONE for DDR_dm[0]. (constraint file  /home/pcoli/Project_Folder/Xilinx_Vivado/MotorDriver/MotorDriver.gen/sources_1/bd/design_1/ip/design_1_processing_system7_0_1/design_1_processing_system7_0_1/design_1_processing_system7_0_1_in_context.xdc, line 49).
Applied set_property IO_BUFFER_TYPE = NONE for DDR_dm[1]. (constraint file  /home/pcoli/Project_Folder/Xilinx_Vivado/MotorDriver/MotorDriver.gen/sources_1/bd/design_1/ip/design_1_processing_system7_0_1/design_1_processing_system7_0_1/design_1_processing_system7_0_1_in_context.xdc, line 50).
Applied set_property CLOCK_BUFFER_TYPE = NONE for DDR_dm[1]. (constraint file  /home/pcoli/Project_Folder/Xilinx_Vivado/MotorDriver/MotorDriver.gen/sources_1/bd/design_1/ip/design_1_processing_system7_0_1/design_1_processing_system7_0_1/design_1_processing_system7_0_1_in_context.xdc, line 51).
Applied set_property IO_BUFFER_TYPE = NONE for DDR_dm[2]. (constraint file  /home/pcoli/Project_Folder/Xilinx_Vivado/MotorDriver/MotorDriver.gen/sources_1/bd/design_1/ip/design_1_processing_system7_0_1/design_1_processing_system7_0_1/design_1_processing_system7_0_1_in_context.xdc, line 52).
Applied set_property CLOCK_BUFFER_TYPE = NONE for DDR_dm[2]. (constraint file  /home/pcoli/Project_Folder/Xilinx_Vivado/MotorDriver/MotorDriver.gen/sources_1/bd/design_1/ip/design_1_processing_system7_0_1/design_1_processing_system7_0_1/design_1_processing_system7_0_1_in_context.xdc, line 53).
Applied set_property IO_BUFFER_TYPE = NONE for DDR_dm[3]. (constraint file  /home/pcoli/Project_Folder/Xilinx_Vivado/MotorDriver/MotorDriver.gen/sources_1/bd/design_1/ip/design_1_processing_system7_0_1/design_1_processing_system7_0_1/design_1_processing_system7_0_1_in_context.xdc, line 54).
Applied set_property CLOCK_BUFFER_TYPE = NONE for DDR_dm[3]. (constraint file  /home/pcoli/Project_Folder/Xilinx_Vivado/MotorDriver/MotorDriver.gen/sources_1/bd/design_1/ip/design_1_processing_system7_0_1/design_1_processing_system7_0_1/design_1_processing_system7_0_1_in_context.xdc, line 55).
Applied set_property IO_BUFFER_TYPE = NONE for DDR_dqs_p[0]. (constraint file  /home/pcoli/Project_Folder/Xilinx_Vivado/MotorDriver/MotorDriver.gen/sources_1/bd/design_1/ip/design_1_processing_system7_0_1/design_1_processing_system7_0_1/design_1_processing_system7_0_1_in_context.xdc, line 56).
Applied set_property CLOCK_BUFFER_TYPE = NONE for DDR_dqs_p[0]. (constraint file  /home/pcoli/Project_Folder/Xilinx_Vivado/MotorDriver/MotorDriver.gen/sources_1/bd/design_1/ip/design_1_processing_system7_0_1/design_1_processing_system7_0_1/design_1_processing_system7_0_1_in_context.xdc, line 57).
Applied set_property IO_BUFFER_TYPE = NONE for DDR_dqs_p[1]. (constraint file  /home/pcoli/Project_Folder/Xilinx_Vivado/MotorDriver/MotorDriver.gen/sources_1/bd/design_1/ip/design_1_processing_system7_0_1/design_1_processing_system7_0_1/design_1_processing_system7_0_1_in_context.xdc, line 58).
Applied set_property CLOCK_BUFFER_TYPE = NONE for DDR_dqs_p[1]. (constraint file  /home/pcoli/Project_Folder/Xilinx_Vivado/MotorDriver/MotorDriver.gen/sources_1/bd/design_1/ip/design_1_processing_system7_0_1/design_1_processing_system7_0_1/design_1_processing_system7_0_1_in_context.xdc, line 59).
Applied set_property IO_BUFFER_TYPE = NONE for DDR_dqs_p[2]. (constraint file  /home/pcoli/Project_Folder/Xilinx_Vivado/MotorDriver/MotorDriver.gen/sources_1/bd/design_1/ip/design_1_processing_system7_0_1/design_1_processing_system7_0_1/design_1_processing_system7_0_1_in_context.xdc, line 60).
Applied set_property CLOCK_BUFFER_TYPE = NONE for DDR_dqs_p[2]. (constraint file  /home/pcoli/Project_Folder/Xilinx_Vivado/MotorDriver/MotorDriver.gen/sources_1/bd/design_1/ip/design_1_processing_system7_0_1/design_1_processing_system7_0_1/design_1_processing_system7_0_1_in_context.xdc, line 61).
Applied set_property IO_BUFFER_TYPE = NONE for DDR_dqs_p[3]. (constraint file  /home/pcoli/Project_Folder/Xilinx_Vivado/MotorDriver/MotorDriver.gen/sources_1/bd/design_1/ip/design_1_processing_system7_0_1/design_1_processing_system7_0_1/design_1_processing_system7_0_1_in_context.xdc, line 62).
Applied set_property CLOCK_BUFFER_TYPE = NONE for DDR_dqs_p[3]. (constraint file  /home/pcoli/Project_Folder/Xilinx_Vivado/MotorDriver/MotorDriver.gen/sources_1/bd/design_1/ip/design_1_processing_system7_0_1/design_1_processing_system7_0_1/design_1_processing_system7_0_1_in_context.xdc, line 63).
Applied set_property IO_BUFFER_TYPE = NONE for DDR_dqs_n[0]. (constraint file  /home/pcoli/Project_Folder/Xilinx_Vivado/MotorDriver/MotorDriver.gen/sources_1/bd/design_1/ip/design_1_processing_system7_0_1/design_1_processing_system7_0_1/design_1_processing_system7_0_1_in_context.xdc, line 64).
Applied set_property CLOCK_BUFFER_TYPE = NONE for DDR_dqs_n[0]. (constraint file  /home/pcoli/Project_Folder/Xilinx_Vivado/MotorDriver/MotorDriver.gen/sources_1/bd/design_1/ip/design_1_processing_system7_0_1/design_1_processing_system7_0_1/design_1_processing_system7_0_1_in_context.xdc, line 65).
Applied set_property IO_BUFFER_TYPE = NONE for DDR_dqs_n[1]. (constraint file  /home/pcoli/Project_Folder/Xilinx_Vivado/MotorDriver/MotorDriver.gen/sources_1/bd/design_1/ip/design_1_processing_system7_0_1/design_1_processing_system7_0_1/design_1_processing_system7_0_1_in_context.xdc, line 66).
Applied set_property CLOCK_BUFFER_TYPE = NONE for DDR_dqs_n[1]. (constraint file  /home/pcoli/Project_Folder/Xilinx_Vivado/MotorDriver/MotorDriver.gen/sources_1/bd/design_1/ip/design_1_processing_system7_0_1/design_1_processing_system7_0_1/design_1_processing_system7_0_1_in_context.xdc, line 67).
Applied set_property IO_BUFFER_TYPE = NONE for DDR_dqs_n[2]. (constraint file  /home/pcoli/Project_Folder/Xilinx_Vivado/MotorDriver/MotorDriver.gen/sources_1/bd/design_1/ip/design_1_processing_system7_0_1/design_1_processing_system7_0_1/design_1_processing_system7_0_1_in_context.xdc, line 68).
Applied set_property CLOCK_BUFFER_TYPE = NONE for DDR_dqs_n[2]. (constraint file  /home/pcoli/Project_Folder/Xilinx_Vivado/MotorDriver/MotorDriver.gen/sources_1/bd/design_1/ip/design_1_processing_system7_0_1/design_1_processing_system7_0_1/design_1_processing_system7_0_1_in_context.xdc, line 69).
Applied set_property IO_BUFFER_TYPE = NONE for DDR_dqs_n[3]. (constraint file  /home/pcoli/Project_Folder/Xilinx_Vivado/MotorDriver/MotorDriver.gen/sources_1/bd/design_1/ip/design_1_processing_system7_0_1/design_1_processing_system7_0_1/design_1_processing_system7_0_1_in_context.xdc, line 70).
Applied set_property CLOCK_BUFFER_TYPE = NONE for DDR_dqs_n[3]. (constraint file  /home/pcoli/Project_Folder/Xilinx_Vivado/MotorDriver/MotorDriver.gen/sources_1/bd/design_1/ip/design_1_processing_system7_0_1/design_1_processing_system7_0_1/design_1_processing_system7_0_1_in_context.xdc, line 71).
Applied set_property IO_BUFFER_TYPE = NONE for DDR_dq[0]. (constraint file  /home/pcoli/Project_Folder/Xilinx_Vivado/MotorDriver/MotorDriver.gen/sources_1/bd/design_1/ip/design_1_processing_system7_0_1/design_1_processing_system7_0_1/design_1_processing_system7_0_1_in_context.xdc, line 72).
Applied set_property CLOCK_BUFFER_TYPE = NONE for DDR_dq[0]. (constraint file  /home/pcoli/Project_Folder/Xilinx_Vivado/MotorDriver/MotorDriver.gen/sources_1/bd/design_1/ip/design_1_processing_system7_0_1/design_1_processing_system7_0_1/design_1_processing_system7_0_1_in_context.xdc, line 73).
Applied set_property IO_BUFFER_TYPE = NONE for DDR_dq[10]. (constraint file  /home/pcoli/Project_Folder/Xilinx_Vivado/MotorDriver/MotorDriver.gen/sources_1/bd/design_1/ip/design_1_processing_system7_0_1/design_1_processing_system7_0_1/design_1_processing_system7_0_1_in_context.xdc, line 74).
Applied set_property CLOCK_BUFFER_TYPE = NONE for DDR_dq[10]. (constraint file  /home/pcoli/Project_Folder/Xilinx_Vivado/MotorDriver/MotorDriver.gen/sources_1/bd/design_1/ip/design_1_processing_system7_0_1/design_1_processing_system7_0_1/design_1_processing_system7_0_1_in_context.xdc, line 75).
Applied set_property IO_BUFFER_TYPE = NONE for DDR_dq[11]. (constraint file  /home/pcoli/Project_Folder/Xilinx_Vivado/MotorDriver/MotorDriver.gen/sources_1/bd/design_1/ip/design_1_processing_system7_0_1/design_1_processing_system7_0_1/design_1_processing_system7_0_1_in_context.xdc, line 76).
Applied set_property CLOCK_BUFFER_TYPE = NONE for DDR_dq[11]. (constraint file  /home/pcoli/Project_Folder/Xilinx_Vivado/MotorDriver/MotorDriver.gen/sources_1/bd/design_1/ip/design_1_processing_system7_0_1/design_1_processing_system7_0_1/design_1_processing_system7_0_1_in_context.xdc, line 77).
Applied set_property IO_BUFFER_TYPE = NONE for DDR_dq[12]. (constraint file  /home/pcoli/Project_Folder/Xilinx_Vivado/MotorDriver/MotorDriver.gen/sources_1/bd/design_1/ip/design_1_processing_system7_0_1/design_1_processing_system7_0_1/design_1_processing_system7_0_1_in_context.xdc, line 78).
Applied set_property CLOCK_BUFFER_TYPE = NONE for DDR_dq[12]. (constraint file  /home/pcoli/Project_Folder/Xilinx_Vivado/MotorDriver/MotorDriver.gen/sources_1/bd/design_1/ip/design_1_processing_system7_0_1/design_1_processing_system7_0_1/design_1_processing_system7_0_1_in_context.xdc, line 79).
Applied set_property IO_BUFFER_TYPE = NONE for DDR_dq[13]. (constraint file  /home/pcoli/Project_Folder/Xilinx_Vivado/MotorDriver/MotorDriver.gen/sources_1/bd/design_1/ip/design_1_processing_system7_0_1/design_1_processing_system7_0_1/design_1_processing_system7_0_1_in_context.xdc, line 80).
Applied set_property CLOCK_BUFFER_TYPE = NONE for DDR_dq[13]. (constraint file  /home/pcoli/Project_Folder/Xilinx_Vivado/MotorDriver/MotorDriver.gen/sources_1/bd/design_1/ip/design_1_processing_system7_0_1/design_1_processing_system7_0_1/design_1_processing_system7_0_1_in_context.xdc, line 81).
Applied set_property IO_BUFFER_TYPE = NONE for DDR_dq[14]. (constraint file  /home/pcoli/Project_Folder/Xilinx_Vivado/MotorDriver/MotorDriver.gen/sources_1/bd/design_1/ip/design_1_processing_system7_0_1/design_1_processing_system7_0_1/design_1_processing_system7_0_1_in_context.xdc, line 82).
Applied set_property CLOCK_BUFFER_TYPE = NONE for DDR_dq[14]. (constraint file  /home/pcoli/Project_Folder/Xilinx_Vivado/MotorDriver/MotorDriver.gen/sources_1/bd/design_1/ip/design_1_processing_system7_0_1/design_1_processing_system7_0_1/design_1_processing_system7_0_1_in_context.xdc, line 83).
Applied set_property IO_BUFFER_TYPE = NONE for DDR_dq[15]. (constraint file  /home/pcoli/Project_Folder/Xilinx_Vivado/MotorDriver/MotorDriver.gen/sources_1/bd/design_1/ip/design_1_processing_system7_0_1/design_1_processing_system7_0_1/design_1_processing_system7_0_1_in_context.xdc, line 84).
Applied set_property CLOCK_BUFFER_TYPE = NONE for DDR_dq[15]. (constraint file  /home/pcoli/Project_Folder/Xilinx_Vivado/MotorDriver/MotorDriver.gen/sources_1/bd/design_1/ip/design_1_processing_system7_0_1/design_1_processing_system7_0_1/design_1_processing_system7_0_1_in_context.xdc, line 85).
Applied set_property IO_BUFFER_TYPE = NONE for DDR_dq[16]. (constraint file  /home/pcoli/Project_Folder/Xilinx_Vivado/MotorDriver/MotorDriver.gen/sources_1/bd/design_1/ip/design_1_processing_system7_0_1/design_1_processing_system7_0_1/design_1_processing_system7_0_1_in_context.xdc, line 86).
Applied set_property CLOCK_BUFFER_TYPE = NONE for DDR_dq[16]. (constraint file  /home/pcoli/Project_Folder/Xilinx_Vivado/MotorDriver/MotorDriver.gen/sources_1/bd/design_1/ip/design_1_processing_system7_0_1/design_1_processing_system7_0_1/design_1_processing_system7_0_1_in_context.xdc, line 87).
Applied set_property IO_BUFFER_TYPE = NONE for DDR_dq[17]. (constraint file  /home/pcoli/Project_Folder/Xilinx_Vivado/MotorDriver/MotorDriver.gen/sources_1/bd/design_1/ip/design_1_processing_system7_0_1/design_1_processing_system7_0_1/design_1_processing_system7_0_1_in_context.xdc, line 88).
Applied set_property CLOCK_BUFFER_TYPE = NONE for DDR_dq[17]. (constraint file  /home/pcoli/Project_Folder/Xilinx_Vivado/MotorDriver/MotorDriver.gen/sources_1/bd/design_1/ip/design_1_processing_system7_0_1/design_1_processing_system7_0_1/design_1_processing_system7_0_1_in_context.xdc, line 89).
Applied set_property IO_BUFFER_TYPE = NONE for DDR_dq[18]. (constraint file  /home/pcoli/Project_Folder/Xilinx_Vivado/MotorDriver/MotorDriver.gen/sources_1/bd/design_1/ip/design_1_processing_system7_0_1/design_1_processing_system7_0_1/design_1_processing_system7_0_1_in_context.xdc, line 90).
Applied set_property CLOCK_BUFFER_TYPE = NONE for DDR_dq[18]. (constraint file  /home/pcoli/Project_Folder/Xilinx_Vivado/MotorDriver/MotorDriver.gen/sources_1/bd/design_1/ip/design_1_processing_system7_0_1/design_1_processing_system7_0_1/design_1_processing_system7_0_1_in_context.xdc, line 91).
Applied set_property IO_BUFFER_TYPE = NONE for DDR_dq[19]. (constraint file  /home/pcoli/Project_Folder/Xilinx_Vivado/MotorDriver/MotorDriver.gen/sources_1/bd/design_1/ip/design_1_processing_system7_0_1/design_1_processing_system7_0_1/design_1_processing_system7_0_1_in_context.xdc, line 92).
Applied set_property CLOCK_BUFFER_TYPE = NONE for DDR_dq[19]. (constraint file  /home/pcoli/Project_Folder/Xilinx_Vivado/MotorDriver/MotorDriver.gen/sources_1/bd/design_1/ip/design_1_processing_system7_0_1/design_1_processing_system7_0_1/design_1_processing_system7_0_1_in_context.xdc, line 93).
Applied set_property IO_BUFFER_TYPE = NONE for DDR_dq[1]. (constraint file  /home/pcoli/Project_Folder/Xilinx_Vivado/MotorDriver/MotorDriver.gen/sources_1/bd/design_1/ip/design_1_processing_system7_0_1/design_1_processing_system7_0_1/design_1_processing_system7_0_1_in_context.xdc, line 94).
Applied set_property CLOCK_BUFFER_TYPE = NONE for DDR_dq[1]. (constraint file  /home/pcoli/Project_Folder/Xilinx_Vivado/MotorDriver/MotorDriver.gen/sources_1/bd/design_1/ip/design_1_processing_system7_0_1/design_1_processing_system7_0_1/design_1_processing_system7_0_1_in_context.xdc, line 95).
Applied set_property IO_BUFFER_TYPE = NONE for DDR_dq[20]. (constraint file  /home/pcoli/Project_Folder/Xilinx_Vivado/MotorDriver/MotorDriver.gen/sources_1/bd/design_1/ip/design_1_processing_system7_0_1/design_1_processing_system7_0_1/design_1_processing_system7_0_1_in_context.xdc, line 96).
Applied set_property CLOCK_BUFFER_TYPE = NONE for DDR_dq[20]. (constraint file  /home/pcoli/Project_Folder/Xilinx_Vivado/MotorDriver/MotorDriver.gen/sources_1/bd/design_1/ip/design_1_processing_system7_0_1/design_1_processing_system7_0_1/design_1_processing_system7_0_1_in_context.xdc, line 97).
Applied set_property IO_BUFFER_TYPE = NONE for DDR_dq[21]. (constraint file  /home/pcoli/Project_Folder/Xilinx_Vivado/MotorDriver/MotorDriver.gen/sources_1/bd/design_1/ip/design_1_processing_system7_0_1/design_1_processing_system7_0_1/design_1_processing_system7_0_1_in_context.xdc, line 98).
Applied set_property CLOCK_BUFFER_TYPE = NONE for DDR_dq[21]. (constraint file  /home/pcoli/Project_Folder/Xilinx_Vivado/MotorDriver/MotorDriver.gen/sources_1/bd/design_1/ip/design_1_processing_system7_0_1/design_1_processing_system7_0_1/design_1_processing_system7_0_1_in_context.xdc, line 99).
Applied set_property IO_BUFFER_TYPE = NONE for DDR_dq[22]. (constraint file  /home/pcoli/Project_Folder/Xilinx_Vivado/MotorDriver/MotorDriver.gen/sources_1/bd/design_1/ip/design_1_processing_system7_0_1/design_1_processing_system7_0_1/design_1_processing_system7_0_1_in_context.xdc, line 100).
Applied set_property CLOCK_BUFFER_TYPE = NONE for DDR_dq[22]. (constraint file  /home/pcoli/Project_Folder/Xilinx_Vivado/MotorDriver/MotorDriver.gen/sources_1/bd/design_1/ip/design_1_processing_system7_0_1/design_1_processing_system7_0_1/design_1_processing_system7_0_1_in_context.xdc, line 101).
Applied set_property IO_BUFFER_TYPE = NONE for DDR_dq[23]. (constraint file  /home/pcoli/Project_Folder/Xilinx_Vivado/MotorDriver/MotorDriver.gen/sources_1/bd/design_1/ip/design_1_processing_system7_0_1/design_1_processing_system7_0_1/design_1_processing_system7_0_1_in_context.xdc, line 102).
Applied set_property CLOCK_BUFFER_TYPE = NONE for DDR_dq[23]. (constraint file  /home/pcoli/Project_Folder/Xilinx_Vivado/MotorDriver/MotorDriver.gen/sources_1/bd/design_1/ip/design_1_processing_system7_0_1/design_1_processing_system7_0_1/design_1_processing_system7_0_1_in_context.xdc, line 103).
Applied set_property IO_BUFFER_TYPE = NONE for DDR_dq[24]. (constraint file  /home/pcoli/Project_Folder/Xilinx_Vivado/MotorDriver/MotorDriver.gen/sources_1/bd/design_1/ip/design_1_processing_system7_0_1/design_1_processing_system7_0_1/design_1_processing_system7_0_1_in_context.xdc, line 104).
Applied set_property CLOCK_BUFFER_TYPE = NONE for DDR_dq[24]. (constraint file  /home/pcoli/Project_Folder/Xilinx_Vivado/MotorDriver/MotorDriver.gen/sources_1/bd/design_1/ip/design_1_processing_system7_0_1/design_1_processing_system7_0_1/design_1_processing_system7_0_1_in_context.xdc, line 105).
Applied set_property IO_BUFFER_TYPE = NONE for DDR_dq[25]. (constraint file  /home/pcoli/Project_Folder/Xilinx_Vivado/MotorDriver/MotorDriver.gen/sources_1/bd/design_1/ip/design_1_processing_system7_0_1/design_1_processing_system7_0_1/design_1_processing_system7_0_1_in_context.xdc, line 106).
Applied set_property CLOCK_BUFFER_TYPE = NONE for DDR_dq[25]. (constraint file  /home/pcoli/Project_Folder/Xilinx_Vivado/MotorDriver/MotorDriver.gen/sources_1/bd/design_1/ip/design_1_processing_system7_0_1/design_1_processing_system7_0_1/design_1_processing_system7_0_1_in_context.xdc, line 107).
Applied set_property IO_BUFFER_TYPE = NONE for DDR_dq[26]. (constraint file  /home/pcoli/Project_Folder/Xilinx_Vivado/MotorDriver/MotorDriver.gen/sources_1/bd/design_1/ip/design_1_processing_system7_0_1/design_1_processing_system7_0_1/design_1_processing_system7_0_1_in_context.xdc, line 108).
Applied set_property CLOCK_BUFFER_TYPE = NONE for DDR_dq[26]. (constraint file  /home/pcoli/Project_Folder/Xilinx_Vivado/MotorDriver/MotorDriver.gen/sources_1/bd/design_1/ip/design_1_processing_system7_0_1/design_1_processing_system7_0_1/design_1_processing_system7_0_1_in_context.xdc, line 109).
Applied set_property IO_BUFFER_TYPE = NONE for DDR_dq[27]. (constraint file  /home/pcoli/Project_Folder/Xilinx_Vivado/MotorDriver/MotorDriver.gen/sources_1/bd/design_1/ip/design_1_processing_system7_0_1/design_1_processing_system7_0_1/design_1_processing_system7_0_1_in_context.xdc, line 110).
Applied set_property CLOCK_BUFFER_TYPE = NONE for DDR_dq[27]. (constraint file  /home/pcoli/Project_Folder/Xilinx_Vivado/MotorDriver/MotorDriver.gen/sources_1/bd/design_1/ip/design_1_processing_system7_0_1/design_1_processing_system7_0_1/design_1_processing_system7_0_1_in_context.xdc, line 111).
Applied set_property IO_BUFFER_TYPE = NONE for DDR_dq[28]. (constraint file  /home/pcoli/Project_Folder/Xilinx_Vivado/MotorDriver/MotorDriver.gen/sources_1/bd/design_1/ip/design_1_processing_system7_0_1/design_1_processing_system7_0_1/design_1_processing_system7_0_1_in_context.xdc, line 112).
Applied set_property CLOCK_BUFFER_TYPE = NONE for DDR_dq[28]. (constraint file  /home/pcoli/Project_Folder/Xilinx_Vivado/MotorDriver/MotorDriver.gen/sources_1/bd/design_1/ip/design_1_processing_system7_0_1/design_1_processing_system7_0_1/design_1_processing_system7_0_1_in_context.xdc, line 113).
Applied set_property IO_BUFFER_TYPE = NONE for DDR_dq[29]. (constraint file  /home/pcoli/Project_Folder/Xilinx_Vivado/MotorDriver/MotorDriver.gen/sources_1/bd/design_1/ip/design_1_processing_system7_0_1/design_1_processing_system7_0_1/design_1_processing_system7_0_1_in_context.xdc, line 114).
Applied set_property CLOCK_BUFFER_TYPE = NONE for DDR_dq[29]. (constraint file  /home/pcoli/Project_Folder/Xilinx_Vivado/MotorDriver/MotorDriver.gen/sources_1/bd/design_1/ip/design_1_processing_system7_0_1/design_1_processing_system7_0_1/design_1_processing_system7_0_1_in_context.xdc, line 115).
Applied set_property IO_BUFFER_TYPE = NONE for DDR_dq[2]. (constraint file  /home/pcoli/Project_Folder/Xilinx_Vivado/MotorDriver/MotorDriver.gen/sources_1/bd/design_1/ip/design_1_processing_system7_0_1/design_1_processing_system7_0_1/design_1_processing_system7_0_1_in_context.xdc, line 116).
Applied set_property CLOCK_BUFFER_TYPE = NONE for DDR_dq[2]. (constraint file  /home/pcoli/Project_Folder/Xilinx_Vivado/MotorDriver/MotorDriver.gen/sources_1/bd/design_1/ip/design_1_processing_system7_0_1/design_1_processing_system7_0_1/design_1_processing_system7_0_1_in_context.xdc, line 117).
Applied set_property IO_BUFFER_TYPE = NONE for DDR_dq[30]. (constraint file  /home/pcoli/Project_Folder/Xilinx_Vivado/MotorDriver/MotorDriver.gen/sources_1/bd/design_1/ip/design_1_processing_system7_0_1/design_1_processing_system7_0_1/design_1_processing_system7_0_1_in_context.xdc, line 118).
Applied set_property CLOCK_BUFFER_TYPE = NONE for DDR_dq[30]. (constraint file  /home/pcoli/Project_Folder/Xilinx_Vivado/MotorDriver/MotorDriver.gen/sources_1/bd/design_1/ip/design_1_processing_system7_0_1/design_1_processing_system7_0_1/design_1_processing_system7_0_1_in_context.xdc, line 119).
Applied set_property IO_BUFFER_TYPE = NONE for DDR_dq[31]. (constraint file  /home/pcoli/Project_Folder/Xilinx_Vivado/MotorDriver/MotorDriver.gen/sources_1/bd/design_1/ip/design_1_processing_system7_0_1/design_1_processing_system7_0_1/design_1_processing_system7_0_1_in_context.xdc, line 120).
Applied set_property CLOCK_BUFFER_TYPE = NONE for DDR_dq[31]. (constraint file  /home/pcoli/Project_Folder/Xilinx_Vivado/MotorDriver/MotorDriver.gen/sources_1/bd/design_1/ip/design_1_processing_system7_0_1/design_1_processing_system7_0_1/design_1_processing_system7_0_1_in_context.xdc, line 121).
Applied set_property IO_BUFFER_TYPE = NONE for DDR_dq[3]. (constraint file  /home/pcoli/Project_Folder/Xilinx_Vivado/MotorDriver/MotorDriver.gen/sources_1/bd/design_1/ip/design_1_processing_system7_0_1/design_1_processing_system7_0_1/design_1_processing_system7_0_1_in_context.xdc, line 122).
Applied set_property CLOCK_BUFFER_TYPE = NONE for DDR_dq[3]. (constraint file  /home/pcoli/Project_Folder/Xilinx_Vivado/MotorDriver/MotorDriver.gen/sources_1/bd/design_1/ip/design_1_processing_system7_0_1/design_1_processing_system7_0_1/design_1_processing_system7_0_1_in_context.xdc, line 123).
Applied set_property IO_BUFFER_TYPE = NONE for DDR_dq[4]. (constraint file  /home/pcoli/Project_Folder/Xilinx_Vivado/MotorDriver/MotorDriver.gen/sources_1/bd/design_1/ip/design_1_processing_system7_0_1/design_1_processing_system7_0_1/design_1_processing_system7_0_1_in_context.xdc, line 124).
Applied set_property CLOCK_BUFFER_TYPE = NONE for DDR_dq[4]. (constraint file  /home/pcoli/Project_Folder/Xilinx_Vivado/MotorDriver/MotorDriver.gen/sources_1/bd/design_1/ip/design_1_processing_system7_0_1/design_1_processing_system7_0_1/design_1_processing_system7_0_1_in_context.xdc, line 125).
Applied set_property IO_BUFFER_TYPE = NONE for DDR_dq[5]. (constraint file  /home/pcoli/Project_Folder/Xilinx_Vivado/MotorDriver/MotorDriver.gen/sources_1/bd/design_1/ip/design_1_processing_system7_0_1/design_1_processing_system7_0_1/design_1_processing_system7_0_1_in_context.xdc, line 126).
Applied set_property CLOCK_BUFFER_TYPE = NONE for DDR_dq[5]. (constraint file  /home/pcoli/Project_Folder/Xilinx_Vivado/MotorDriver/MotorDriver.gen/sources_1/bd/design_1/ip/design_1_processing_system7_0_1/design_1_processing_system7_0_1/design_1_processing_system7_0_1_in_context.xdc, line 127).
Applied set_property IO_BUFFER_TYPE = NONE for DDR_dq[6]. (constraint file  /home/pcoli/Project_Folder/Xilinx_Vivado/MotorDriver/MotorDriver.gen/sources_1/bd/design_1/ip/design_1_processing_system7_0_1/design_1_processing_system7_0_1/design_1_processing_system7_0_1_in_context.xdc, line 128).
Applied set_property CLOCK_BUFFER_TYPE = NONE for DDR_dq[6]. (constraint file  /home/pcoli/Project_Folder/Xilinx_Vivado/MotorDriver/MotorDriver.gen/sources_1/bd/design_1/ip/design_1_processing_system7_0_1/design_1_processing_system7_0_1/design_1_processing_system7_0_1_in_context.xdc, line 129).
Applied set_property IO_BUFFER_TYPE = NONE for DDR_dq[7]. (constraint file  /home/pcoli/Project_Folder/Xilinx_Vivado/MotorDriver/MotorDriver.gen/sources_1/bd/design_1/ip/design_1_processing_system7_0_1/design_1_processing_system7_0_1/design_1_processing_system7_0_1_in_context.xdc, line 130).
Applied set_property CLOCK_BUFFER_TYPE = NONE for DDR_dq[7]. (constraint file  /home/pcoli/Project_Folder/Xilinx_Vivado/MotorDriver/MotorDriver.gen/sources_1/bd/design_1/ip/design_1_processing_system7_0_1/design_1_processing_system7_0_1/design_1_processing_system7_0_1_in_context.xdc, line 131).
Applied set_property IO_BUFFER_TYPE = NONE for DDR_dq[8]. (constraint file  /home/pcoli/Project_Folder/Xilinx_Vivado/MotorDriver/MotorDriver.gen/sources_1/bd/design_1/ip/design_1_processing_system7_0_1/design_1_processing_system7_0_1/design_1_processing_system7_0_1_in_context.xdc, line 132).
Applied set_property CLOCK_BUFFER_TYPE = NONE for DDR_dq[8]. (constraint file  /home/pcoli/Project_Folder/Xilinx_Vivado/MotorDriver/MotorDriver.gen/sources_1/bd/design_1/ip/design_1_processing_system7_0_1/design_1_processing_system7_0_1/design_1_processing_system7_0_1_in_context.xdc, line 133).
Applied set_property IO_BUFFER_TYPE = NONE for DDR_dq[9]. (constraint file  /home/pcoli/Project_Folder/Xilinx_Vivado/MotorDriver/MotorDriver.gen/sources_1/bd/design_1/ip/design_1_processing_system7_0_1/design_1_processing_system7_0_1/design_1_processing_system7_0_1_in_context.xdc, line 134).
Applied set_property CLOCK_BUFFER_TYPE = NONE for DDR_dq[9]. (constraint file  /home/pcoli/Project_Folder/Xilinx_Vivado/MotorDriver/MotorDriver.gen/sources_1/bd/design_1/ip/design_1_processing_system7_0_1/design_1_processing_system7_0_1/design_1_processing_system7_0_1_in_context.xdc, line 135).
Applied set_property IO_BUFFER_TYPE = NONE for DDR_reset_n. (constraint file  /home/pcoli/Project_Folder/Xilinx_Vivado/MotorDriver/MotorDriver.gen/sources_1/bd/design_1/ip/design_1_processing_system7_0_1/design_1_processing_system7_0_1/design_1_processing_system7_0_1_in_context.xdc, line 136).
Applied set_property CLOCK_BUFFER_TYPE = NONE for DDR_reset_n. (constraint file  /home/pcoli/Project_Folder/Xilinx_Vivado/MotorDriver/MotorDriver.gen/sources_1/bd/design_1/ip/design_1_processing_system7_0_1/design_1_processing_system7_0_1/design_1_processing_system7_0_1_in_context.xdc, line 137).
Applied set_property IO_BUFFER_TYPE = NONE for DDR_odt. (constraint file  /home/pcoli/Project_Folder/Xilinx_Vivado/MotorDriver/MotorDriver.gen/sources_1/bd/design_1/ip/design_1_processing_system7_0_1/design_1_processing_system7_0_1/design_1_processing_system7_0_1_in_context.xdc, line 138).
Applied set_property CLOCK_BUFFER_TYPE = NONE for DDR_odt. (constraint file  /home/pcoli/Project_Folder/Xilinx_Vivado/MotorDriver/MotorDriver.gen/sources_1/bd/design_1/ip/design_1_processing_system7_0_1/design_1_processing_system7_0_1/design_1_processing_system7_0_1_in_context.xdc, line 139).
Applied set_property IO_BUFFER_TYPE = NONE for DDR_ras_n. (constraint file  /home/pcoli/Project_Folder/Xilinx_Vivado/MotorDriver/MotorDriver.gen/sources_1/bd/design_1/ip/design_1_processing_system7_0_1/design_1_processing_system7_0_1/design_1_processing_system7_0_1_in_context.xdc, line 140).
Applied set_property CLOCK_BUFFER_TYPE = NONE for DDR_ras_n. (constraint file  /home/pcoli/Project_Folder/Xilinx_Vivado/MotorDriver/MotorDriver.gen/sources_1/bd/design_1/ip/design_1_processing_system7_0_1/design_1_processing_system7_0_1/design_1_processing_system7_0_1_in_context.xdc, line 141).
Applied set_property IO_BUFFER_TYPE = NONE for FIXED_IO_ddr_vrn. (constraint file  /home/pcoli/Project_Folder/Xilinx_Vivado/MotorDriver/MotorDriver.gen/sources_1/bd/design_1/ip/design_1_processing_system7_0_1/design_1_processing_system7_0_1/design_1_processing_system7_0_1_in_context.xdc, line 142).
Applied set_property CLOCK_BUFFER_TYPE = NONE for FIXED_IO_ddr_vrn. (constraint file  /home/pcoli/Project_Folder/Xilinx_Vivado/MotorDriver/MotorDriver.gen/sources_1/bd/design_1/ip/design_1_processing_system7_0_1/design_1_processing_system7_0_1/design_1_processing_system7_0_1_in_context.xdc, line 143).
Applied set_property IO_BUFFER_TYPE = NONE for FIXED_IO_ddr_vrp. (constraint file  /home/pcoli/Project_Folder/Xilinx_Vivado/MotorDriver/MotorDriver.gen/sources_1/bd/design_1/ip/design_1_processing_system7_0_1/design_1_processing_system7_0_1/design_1_processing_system7_0_1_in_context.xdc, line 144).
Applied set_property CLOCK_BUFFER_TYPE = NONE for FIXED_IO_ddr_vrp. (constraint file  /home/pcoli/Project_Folder/Xilinx_Vivado/MotorDriver/MotorDriver.gen/sources_1/bd/design_1/ip/design_1_processing_system7_0_1/design_1_processing_system7_0_1/design_1_processing_system7_0_1_in_context.xdc, line 145).
Applied set_property IO_BUFFER_TYPE = NONE for DDR_we_n. (constraint file  /home/pcoli/Project_Folder/Xilinx_Vivado/MotorDriver/MotorDriver.gen/sources_1/bd/design_1/ip/design_1_processing_system7_0_1/design_1_processing_system7_0_1/design_1_processing_system7_0_1_in_context.xdc, line 146).
Applied set_property CLOCK_BUFFER_TYPE = NONE for DDR_we_n. (constraint file  /home/pcoli/Project_Folder/Xilinx_Vivado/MotorDriver/MotorDriver.gen/sources_1/bd/design_1/ip/design_1_processing_system7_0_1/design_1_processing_system7_0_1/design_1_processing_system7_0_1_in_context.xdc, line 147).
Applied set_property IO_BUFFER_TYPE = NONE for FIXED_IO_mio[0]. (constraint file  /home/pcoli/Project_Folder/Xilinx_Vivado/MotorDriver/MotorDriver.gen/sources_1/bd/design_1/ip/design_1_processing_system7_0_1/design_1_processing_system7_0_1/design_1_processing_system7_0_1_in_context.xdc, line 148).
Applied set_property CLOCK_BUFFER_TYPE = NONE for FIXED_IO_mio[0]. (constraint file  /home/pcoli/Project_Folder/Xilinx_Vivado/MotorDriver/MotorDriver.gen/sources_1/bd/design_1/ip/design_1_processing_system7_0_1/design_1_processing_system7_0_1/design_1_processing_system7_0_1_in_context.xdc, line 149).
Applied set_property IO_BUFFER_TYPE = NONE for FIXED_IO_mio[10]. (constraint file  /home/pcoli/Project_Folder/Xilinx_Vivado/MotorDriver/MotorDriver.gen/sources_1/bd/design_1/ip/design_1_processing_system7_0_1/design_1_processing_system7_0_1/design_1_processing_system7_0_1_in_context.xdc, line 150).
Applied set_property CLOCK_BUFFER_TYPE = NONE for FIXED_IO_mio[10]. (constraint file  /home/pcoli/Project_Folder/Xilinx_Vivado/MotorDriver/MotorDriver.gen/sources_1/bd/design_1/ip/design_1_processing_system7_0_1/design_1_processing_system7_0_1/design_1_processing_system7_0_1_in_context.xdc, line 151).
Applied set_property IO_BUFFER_TYPE = NONE for FIXED_IO_mio[11]. (constraint file  /home/pcoli/Project_Folder/Xilinx_Vivado/MotorDriver/MotorDriver.gen/sources_1/bd/design_1/ip/design_1_processing_system7_0_1/design_1_processing_system7_0_1/design_1_processing_system7_0_1_in_context.xdc, line 152).
Applied set_property CLOCK_BUFFER_TYPE = NONE for FIXED_IO_mio[11]. (constraint file  /home/pcoli/Project_Folder/Xilinx_Vivado/MotorDriver/MotorDriver.gen/sources_1/bd/design_1/ip/design_1_processing_system7_0_1/design_1_processing_system7_0_1/design_1_processing_system7_0_1_in_context.xdc, line 153).
Applied set_property IO_BUFFER_TYPE = NONE for FIXED_IO_mio[12]. (constraint file  /home/pcoli/Project_Folder/Xilinx_Vivado/MotorDriver/MotorDriver.gen/sources_1/bd/design_1/ip/design_1_processing_system7_0_1/design_1_processing_system7_0_1/design_1_processing_system7_0_1_in_context.xdc, line 154).
Applied set_property CLOCK_BUFFER_TYPE = NONE for FIXED_IO_mio[12]. (constraint file  /home/pcoli/Project_Folder/Xilinx_Vivado/MotorDriver/MotorDriver.gen/sources_1/bd/design_1/ip/design_1_processing_system7_0_1/design_1_processing_system7_0_1/design_1_processing_system7_0_1_in_context.xdc, line 155).
Applied set_property IO_BUFFER_TYPE = NONE for FIXED_IO_mio[13]. (constraint file  /home/pcoli/Project_Folder/Xilinx_Vivado/MotorDriver/MotorDriver.gen/sources_1/bd/design_1/ip/design_1_processing_system7_0_1/design_1_processing_system7_0_1/design_1_processing_system7_0_1_in_context.xdc, line 156).
Applied set_property CLOCK_BUFFER_TYPE = NONE for FIXED_IO_mio[13]. (constraint file  /home/pcoli/Project_Folder/Xilinx_Vivado/MotorDriver/MotorDriver.gen/sources_1/bd/design_1/ip/design_1_processing_system7_0_1/design_1_processing_system7_0_1/design_1_processing_system7_0_1_in_context.xdc, line 157).
Applied set_property IO_BUFFER_TYPE = NONE for FIXED_IO_mio[14]. (constraint file  /home/pcoli/Project_Folder/Xilinx_Vivado/MotorDriver/MotorDriver.gen/sources_1/bd/design_1/ip/design_1_processing_system7_0_1/design_1_processing_system7_0_1/design_1_processing_system7_0_1_in_context.xdc, line 158).
Applied set_property CLOCK_BUFFER_TYPE = NONE for FIXED_IO_mio[14]. (constraint file  /home/pcoli/Project_Folder/Xilinx_Vivado/MotorDriver/MotorDriver.gen/sources_1/bd/design_1/ip/design_1_processing_system7_0_1/design_1_processing_system7_0_1/design_1_processing_system7_0_1_in_context.xdc, line 159).
Applied set_property IO_BUFFER_TYPE = NONE for FIXED_IO_mio[15]. (constraint file  /home/pcoli/Project_Folder/Xilinx_Vivado/MotorDriver/MotorDriver.gen/sources_1/bd/design_1/ip/design_1_processing_system7_0_1/design_1_processing_system7_0_1/design_1_processing_system7_0_1_in_context.xdc, line 160).
Applied set_property CLOCK_BUFFER_TYPE = NONE for FIXED_IO_mio[15]. (constraint file  /home/pcoli/Project_Folder/Xilinx_Vivado/MotorDriver/MotorDriver.gen/sources_1/bd/design_1/ip/design_1_processing_system7_0_1/design_1_processing_system7_0_1/design_1_processing_system7_0_1_in_context.xdc, line 161).
Applied set_property IO_BUFFER_TYPE = NONE for FIXED_IO_mio[16]. (constraint file  /home/pcoli/Project_Folder/Xilinx_Vivado/MotorDriver/MotorDriver.gen/sources_1/bd/design_1/ip/design_1_processing_system7_0_1/design_1_processing_system7_0_1/design_1_processing_system7_0_1_in_context.xdc, line 162).
Applied set_property CLOCK_BUFFER_TYPE = NONE for FIXED_IO_mio[16]. (constraint file  /home/pcoli/Project_Folder/Xilinx_Vivado/MotorDriver/MotorDriver.gen/sources_1/bd/design_1/ip/design_1_processing_system7_0_1/design_1_processing_system7_0_1/design_1_processing_system7_0_1_in_context.xdc, line 163).
Applied set_property IO_BUFFER_TYPE = NONE for FIXED_IO_mio[17]. (constraint file  /home/pcoli/Project_Folder/Xilinx_Vivado/MotorDriver/MotorDriver.gen/sources_1/bd/design_1/ip/design_1_processing_system7_0_1/design_1_processing_system7_0_1/design_1_processing_system7_0_1_in_context.xdc, line 164).
Applied set_property CLOCK_BUFFER_TYPE = NONE for FIXED_IO_mio[17]. (constraint file  /home/pcoli/Project_Folder/Xilinx_Vivado/MotorDriver/MotorDriver.gen/sources_1/bd/design_1/ip/design_1_processing_system7_0_1/design_1_processing_system7_0_1/design_1_processing_system7_0_1_in_context.xdc, line 165).
Applied set_property IO_BUFFER_TYPE = NONE for FIXED_IO_mio[18]. (constraint file  /home/pcoli/Project_Folder/Xilinx_Vivado/MotorDriver/MotorDriver.gen/sources_1/bd/design_1/ip/design_1_processing_system7_0_1/design_1_processing_system7_0_1/design_1_processing_system7_0_1_in_context.xdc, line 166).
Applied set_property CLOCK_BUFFER_TYPE = NONE for FIXED_IO_mio[18]. (constraint file  /home/pcoli/Project_Folder/Xilinx_Vivado/MotorDriver/MotorDriver.gen/sources_1/bd/design_1/ip/design_1_processing_system7_0_1/design_1_processing_system7_0_1/design_1_processing_system7_0_1_in_context.xdc, line 167).
Applied set_property IO_BUFFER_TYPE = NONE for FIXED_IO_mio[19]. (constraint file  /home/pcoli/Project_Folder/Xilinx_Vivado/MotorDriver/MotorDriver.gen/sources_1/bd/design_1/ip/design_1_processing_system7_0_1/design_1_processing_system7_0_1/design_1_processing_system7_0_1_in_context.xdc, line 168).
Applied set_property CLOCK_BUFFER_TYPE = NONE for FIXED_IO_mio[19]. (constraint file  /home/pcoli/Project_Folder/Xilinx_Vivado/MotorDriver/MotorDriver.gen/sources_1/bd/design_1/ip/design_1_processing_system7_0_1/design_1_processing_system7_0_1/design_1_processing_system7_0_1_in_context.xdc, line 169).
Applied set_property IO_BUFFER_TYPE = NONE for FIXED_IO_mio[1]. (constraint file  /home/pcoli/Project_Folder/Xilinx_Vivado/MotorDriver/MotorDriver.gen/sources_1/bd/design_1/ip/design_1_processing_system7_0_1/design_1_processing_system7_0_1/design_1_processing_system7_0_1_in_context.xdc, line 170).
Applied set_property CLOCK_BUFFER_TYPE = NONE for FIXED_IO_mio[1]. (constraint file  /home/pcoli/Project_Folder/Xilinx_Vivado/MotorDriver/MotorDriver.gen/sources_1/bd/design_1/ip/design_1_processing_system7_0_1/design_1_processing_system7_0_1/design_1_processing_system7_0_1_in_context.xdc, line 171).
Applied set_property IO_BUFFER_TYPE = NONE for FIXED_IO_mio[20]. (constraint file  /home/pcoli/Project_Folder/Xilinx_Vivado/MotorDriver/MotorDriver.gen/sources_1/bd/design_1/ip/design_1_processing_system7_0_1/design_1_processing_system7_0_1/design_1_processing_system7_0_1_in_context.xdc, line 172).
Applied set_property CLOCK_BUFFER_TYPE = NONE for FIXED_IO_mio[20]. (constraint file  /home/pcoli/Project_Folder/Xilinx_Vivado/MotorDriver/MotorDriver.gen/sources_1/bd/design_1/ip/design_1_processing_system7_0_1/design_1_processing_system7_0_1/design_1_processing_system7_0_1_in_context.xdc, line 173).
Applied set_property IO_BUFFER_TYPE = NONE for FIXED_IO_mio[21]. (constraint file  /home/pcoli/Project_Folder/Xilinx_Vivado/MotorDriver/MotorDriver.gen/sources_1/bd/design_1/ip/design_1_processing_system7_0_1/design_1_processing_system7_0_1/design_1_processing_system7_0_1_in_context.xdc, line 174).
Applied set_property CLOCK_BUFFER_TYPE = NONE for FIXED_IO_mio[21]. (constraint file  /home/pcoli/Project_Folder/Xilinx_Vivado/MotorDriver/MotorDriver.gen/sources_1/bd/design_1/ip/design_1_processing_system7_0_1/design_1_processing_system7_0_1/design_1_processing_system7_0_1_in_context.xdc, line 175).
Applied set_property IO_BUFFER_TYPE = NONE for FIXED_IO_mio[22]. (constraint file  /home/pcoli/Project_Folder/Xilinx_Vivado/MotorDriver/MotorDriver.gen/sources_1/bd/design_1/ip/design_1_processing_system7_0_1/design_1_processing_system7_0_1/design_1_processing_system7_0_1_in_context.xdc, line 176).
Applied set_property CLOCK_BUFFER_TYPE = NONE for FIXED_IO_mio[22]. (constraint file  /home/pcoli/Project_Folder/Xilinx_Vivado/MotorDriver/MotorDriver.gen/sources_1/bd/design_1/ip/design_1_processing_system7_0_1/design_1_processing_system7_0_1/design_1_processing_system7_0_1_in_context.xdc, line 177).
Applied set_property IO_BUFFER_TYPE = NONE for FIXED_IO_mio[23]. (constraint file  /home/pcoli/Project_Folder/Xilinx_Vivado/MotorDriver/MotorDriver.gen/sources_1/bd/design_1/ip/design_1_processing_system7_0_1/design_1_processing_system7_0_1/design_1_processing_system7_0_1_in_context.xdc, line 178).
Applied set_property CLOCK_BUFFER_TYPE = NONE for FIXED_IO_mio[23]. (constraint file  /home/pcoli/Project_Folder/Xilinx_Vivado/MotorDriver/MotorDriver.gen/sources_1/bd/design_1/ip/design_1_processing_system7_0_1/design_1_processing_system7_0_1/design_1_processing_system7_0_1_in_context.xdc, line 179).
Applied set_property IO_BUFFER_TYPE = NONE for FIXED_IO_mio[24]. (constraint file  /home/pcoli/Project_Folder/Xilinx_Vivado/MotorDriver/MotorDriver.gen/sources_1/bd/design_1/ip/design_1_processing_system7_0_1/design_1_processing_system7_0_1/design_1_processing_system7_0_1_in_context.xdc, line 180).
Applied set_property CLOCK_BUFFER_TYPE = NONE for FIXED_IO_mio[24]. (constraint file  /home/pcoli/Project_Folder/Xilinx_Vivado/MotorDriver/MotorDriver.gen/sources_1/bd/design_1/ip/design_1_processing_system7_0_1/design_1_processing_system7_0_1/design_1_processing_system7_0_1_in_context.xdc, line 181).
Applied set_property IO_BUFFER_TYPE = NONE for FIXED_IO_mio[25]. (constraint file  /home/pcoli/Project_Folder/Xilinx_Vivado/MotorDriver/MotorDriver.gen/sources_1/bd/design_1/ip/design_1_processing_system7_0_1/design_1_processing_system7_0_1/design_1_processing_system7_0_1_in_context.xdc, line 182).
Applied set_property CLOCK_BUFFER_TYPE = NONE for FIXED_IO_mio[25]. (constraint file  /home/pcoli/Project_Folder/Xilinx_Vivado/MotorDriver/MotorDriver.gen/sources_1/bd/design_1/ip/design_1_processing_system7_0_1/design_1_processing_system7_0_1/design_1_processing_system7_0_1_in_context.xdc, line 183).
Applied set_property IO_BUFFER_TYPE = NONE for FIXED_IO_mio[26]. (constraint file  /home/pcoli/Project_Folder/Xilinx_Vivado/MotorDriver/MotorDriver.gen/sources_1/bd/design_1/ip/design_1_processing_system7_0_1/design_1_processing_system7_0_1/design_1_processing_system7_0_1_in_context.xdc, line 184).
Applied set_property CLOCK_BUFFER_TYPE = NONE for FIXED_IO_mio[26]. (constraint file  /home/pcoli/Project_Folder/Xilinx_Vivado/MotorDriver/MotorDriver.gen/sources_1/bd/design_1/ip/design_1_processing_system7_0_1/design_1_processing_system7_0_1/design_1_processing_system7_0_1_in_context.xdc, line 185).
Applied set_property IO_BUFFER_TYPE = NONE for FIXED_IO_mio[27]. (constraint file  /home/pcoli/Project_Folder/Xilinx_Vivado/MotorDriver/MotorDriver.gen/sources_1/bd/design_1/ip/design_1_processing_system7_0_1/design_1_processing_system7_0_1/design_1_processing_system7_0_1_in_context.xdc, line 186).
Applied set_property CLOCK_BUFFER_TYPE = NONE for FIXED_IO_mio[27]. (constraint file  /home/pcoli/Project_Folder/Xilinx_Vivado/MotorDriver/MotorDriver.gen/sources_1/bd/design_1/ip/design_1_processing_system7_0_1/design_1_processing_system7_0_1/design_1_processing_system7_0_1_in_context.xdc, line 187).
Applied set_property IO_BUFFER_TYPE = NONE for FIXED_IO_mio[28]. (constraint file  /home/pcoli/Project_Folder/Xilinx_Vivado/MotorDriver/MotorDriver.gen/sources_1/bd/design_1/ip/design_1_processing_system7_0_1/design_1_processing_system7_0_1/design_1_processing_system7_0_1_in_context.xdc, line 188).
Applied set_property CLOCK_BUFFER_TYPE = NONE for FIXED_IO_mio[28]. (constraint file  /home/pcoli/Project_Folder/Xilinx_Vivado/MotorDriver/MotorDriver.gen/sources_1/bd/design_1/ip/design_1_processing_system7_0_1/design_1_processing_system7_0_1/design_1_processing_system7_0_1_in_context.xdc, line 189).
Applied set_property IO_BUFFER_TYPE = NONE for FIXED_IO_mio[29]. (constraint file  /home/pcoli/Project_Folder/Xilinx_Vivado/MotorDriver/MotorDriver.gen/sources_1/bd/design_1/ip/design_1_processing_system7_0_1/design_1_processing_system7_0_1/design_1_processing_system7_0_1_in_context.xdc, line 190).
Applied set_property CLOCK_BUFFER_TYPE = NONE for FIXED_IO_mio[29]. (constraint file  /home/pcoli/Project_Folder/Xilinx_Vivado/MotorDriver/MotorDriver.gen/sources_1/bd/design_1/ip/design_1_processing_system7_0_1/design_1_processing_system7_0_1/design_1_processing_system7_0_1_in_context.xdc, line 191).
Applied set_property IO_BUFFER_TYPE = NONE for FIXED_IO_mio[2]. (constraint file  /home/pcoli/Project_Folder/Xilinx_Vivado/MotorDriver/MotorDriver.gen/sources_1/bd/design_1/ip/design_1_processing_system7_0_1/design_1_processing_system7_0_1/design_1_processing_system7_0_1_in_context.xdc, line 192).
Applied set_property CLOCK_BUFFER_TYPE = NONE for FIXED_IO_mio[2]. (constraint file  /home/pcoli/Project_Folder/Xilinx_Vivado/MotorDriver/MotorDriver.gen/sources_1/bd/design_1/ip/design_1_processing_system7_0_1/design_1_processing_system7_0_1/design_1_processing_system7_0_1_in_context.xdc, line 193).
Applied set_property IO_BUFFER_TYPE = NONE for FIXED_IO_mio[30]. (constraint file  /home/pcoli/Project_Folder/Xilinx_Vivado/MotorDriver/MotorDriver.gen/sources_1/bd/design_1/ip/design_1_processing_system7_0_1/design_1_processing_system7_0_1/design_1_processing_system7_0_1_in_context.xdc, line 194).
Applied set_property CLOCK_BUFFER_TYPE = NONE for FIXED_IO_mio[30]. (constraint file  /home/pcoli/Project_Folder/Xilinx_Vivado/MotorDriver/MotorDriver.gen/sources_1/bd/design_1/ip/design_1_processing_system7_0_1/design_1_processing_system7_0_1/design_1_processing_system7_0_1_in_context.xdc, line 195).
Applied set_property IO_BUFFER_TYPE = NONE for FIXED_IO_mio[31]. (constraint file  /home/pcoli/Project_Folder/Xilinx_Vivado/MotorDriver/MotorDriver.gen/sources_1/bd/design_1/ip/design_1_processing_system7_0_1/design_1_processing_system7_0_1/design_1_processing_system7_0_1_in_context.xdc, line 196).
Applied set_property CLOCK_BUFFER_TYPE = NONE for FIXED_IO_mio[31]. (constraint file  /home/pcoli/Project_Folder/Xilinx_Vivado/MotorDriver/MotorDriver.gen/sources_1/bd/design_1/ip/design_1_processing_system7_0_1/design_1_processing_system7_0_1/design_1_processing_system7_0_1_in_context.xdc, line 197).
Applied set_property IO_BUFFER_TYPE = NONE for FIXED_IO_mio[32]. (constraint file  /home/pcoli/Project_Folder/Xilinx_Vivado/MotorDriver/MotorDriver.gen/sources_1/bd/design_1/ip/design_1_processing_system7_0_1/design_1_processing_system7_0_1/design_1_processing_system7_0_1_in_context.xdc, line 198).
Applied set_property CLOCK_BUFFER_TYPE = NONE for FIXED_IO_mio[32]. (constraint file  /home/pcoli/Project_Folder/Xilinx_Vivado/MotorDriver/MotorDriver.gen/sources_1/bd/design_1/ip/design_1_processing_system7_0_1/design_1_processing_system7_0_1/design_1_processing_system7_0_1_in_context.xdc, line 199).
Applied set_property IO_BUFFER_TYPE = NONE for FIXED_IO_mio[33]. (constraint file  /home/pcoli/Project_Folder/Xilinx_Vivado/MotorDriver/MotorDriver.gen/sources_1/bd/design_1/ip/design_1_processing_system7_0_1/design_1_processing_system7_0_1/design_1_processing_system7_0_1_in_context.xdc, line 200).
Applied set_property CLOCK_BUFFER_TYPE = NONE for FIXED_IO_mio[33]. (constraint file  /home/pcoli/Project_Folder/Xilinx_Vivado/MotorDriver/MotorDriver.gen/sources_1/bd/design_1/ip/design_1_processing_system7_0_1/design_1_processing_system7_0_1/design_1_processing_system7_0_1_in_context.xdc, line 201).
Applied set_property IO_BUFFER_TYPE = NONE for FIXED_IO_mio[34]. (constraint file  /home/pcoli/Project_Folder/Xilinx_Vivado/MotorDriver/MotorDriver.gen/sources_1/bd/design_1/ip/design_1_processing_system7_0_1/design_1_processing_system7_0_1/design_1_processing_system7_0_1_in_context.xdc, line 202).
Applied set_property CLOCK_BUFFER_TYPE = NONE for FIXED_IO_mio[34]. (constraint file  /home/pcoli/Project_Folder/Xilinx_Vivado/MotorDriver/MotorDriver.gen/sources_1/bd/design_1/ip/design_1_processing_system7_0_1/design_1_processing_system7_0_1/design_1_processing_system7_0_1_in_context.xdc, line 203).
Applied set_property IO_BUFFER_TYPE = NONE for FIXED_IO_mio[35]. (constraint file  /home/pcoli/Project_Folder/Xilinx_Vivado/MotorDriver/MotorDriver.gen/sources_1/bd/design_1/ip/design_1_processing_system7_0_1/design_1_processing_system7_0_1/design_1_processing_system7_0_1_in_context.xdc, line 204).
Applied set_property CLOCK_BUFFER_TYPE = NONE for FIXED_IO_mio[35]. (constraint file  /home/pcoli/Project_Folder/Xilinx_Vivado/MotorDriver/MotorDriver.gen/sources_1/bd/design_1/ip/design_1_processing_system7_0_1/design_1_processing_system7_0_1/design_1_processing_system7_0_1_in_context.xdc, line 205).
Applied set_property IO_BUFFER_TYPE = NONE for FIXED_IO_mio[36]. (constraint file  /home/pcoli/Project_Folder/Xilinx_Vivado/MotorDriver/MotorDriver.gen/sources_1/bd/design_1/ip/design_1_processing_system7_0_1/design_1_processing_system7_0_1/design_1_processing_system7_0_1_in_context.xdc, line 206).
Applied set_property CLOCK_BUFFER_TYPE = NONE for FIXED_IO_mio[36]. (constraint file  /home/pcoli/Project_Folder/Xilinx_Vivado/MotorDriver/MotorDriver.gen/sources_1/bd/design_1/ip/design_1_processing_system7_0_1/design_1_processing_system7_0_1/design_1_processing_system7_0_1_in_context.xdc, line 207).
Applied set_property IO_BUFFER_TYPE = NONE for FIXED_IO_mio[37]. (constraint file  /home/pcoli/Project_Folder/Xilinx_Vivado/MotorDriver/MotorDriver.gen/sources_1/bd/design_1/ip/design_1_processing_system7_0_1/design_1_processing_system7_0_1/design_1_processing_system7_0_1_in_context.xdc, line 208).
Applied set_property CLOCK_BUFFER_TYPE = NONE for FIXED_IO_mio[37]. (constraint file  /home/pcoli/Project_Folder/Xilinx_Vivado/MotorDriver/MotorDriver.gen/sources_1/bd/design_1/ip/design_1_processing_system7_0_1/design_1_processing_system7_0_1/design_1_processing_system7_0_1_in_context.xdc, line 209).
Applied set_property IO_BUFFER_TYPE = NONE for FIXED_IO_mio[38]. (constraint file  /home/pcoli/Project_Folder/Xilinx_Vivado/MotorDriver/MotorDriver.gen/sources_1/bd/design_1/ip/design_1_processing_system7_0_1/design_1_processing_system7_0_1/design_1_processing_system7_0_1_in_context.xdc, line 210).
Applied set_property CLOCK_BUFFER_TYPE = NONE for FIXED_IO_mio[38]. (constraint file  /home/pcoli/Project_Folder/Xilinx_Vivado/MotorDriver/MotorDriver.gen/sources_1/bd/design_1/ip/design_1_processing_system7_0_1/design_1_processing_system7_0_1/design_1_processing_system7_0_1_in_context.xdc, line 211).
Applied set_property IO_BUFFER_TYPE = NONE for FIXED_IO_mio[39]. (constraint file  /home/pcoli/Project_Folder/Xilinx_Vivado/MotorDriver/MotorDriver.gen/sources_1/bd/design_1/ip/design_1_processing_system7_0_1/design_1_processing_system7_0_1/design_1_processing_system7_0_1_in_context.xdc, line 212).
Applied set_property CLOCK_BUFFER_TYPE = NONE for FIXED_IO_mio[39]. (constraint file  /home/pcoli/Project_Folder/Xilinx_Vivado/MotorDriver/MotorDriver.gen/sources_1/bd/design_1/ip/design_1_processing_system7_0_1/design_1_processing_system7_0_1/design_1_processing_system7_0_1_in_context.xdc, line 213).
Applied set_property IO_BUFFER_TYPE = NONE for FIXED_IO_mio[3]. (constraint file  /home/pcoli/Project_Folder/Xilinx_Vivado/MotorDriver/MotorDriver.gen/sources_1/bd/design_1/ip/design_1_processing_system7_0_1/design_1_processing_system7_0_1/design_1_processing_system7_0_1_in_context.xdc, line 214).
Applied set_property CLOCK_BUFFER_TYPE = NONE for FIXED_IO_mio[3]. (constraint file  /home/pcoli/Project_Folder/Xilinx_Vivado/MotorDriver/MotorDriver.gen/sources_1/bd/design_1/ip/design_1_processing_system7_0_1/design_1_processing_system7_0_1/design_1_processing_system7_0_1_in_context.xdc, line 215).
Applied set_property IO_BUFFER_TYPE = NONE for FIXED_IO_mio[40]. (constraint file  /home/pcoli/Project_Folder/Xilinx_Vivado/MotorDriver/MotorDriver.gen/sources_1/bd/design_1/ip/design_1_processing_system7_0_1/design_1_processing_system7_0_1/design_1_processing_system7_0_1_in_context.xdc, line 216).
Applied set_property CLOCK_BUFFER_TYPE = NONE for FIXED_IO_mio[40]. (constraint file  /home/pcoli/Project_Folder/Xilinx_Vivado/MotorDriver/MotorDriver.gen/sources_1/bd/design_1/ip/design_1_processing_system7_0_1/design_1_processing_system7_0_1/design_1_processing_system7_0_1_in_context.xdc, line 217).
Applied set_property IO_BUFFER_TYPE = NONE for FIXED_IO_mio[41]. (constraint file  /home/pcoli/Project_Folder/Xilinx_Vivado/MotorDriver/MotorDriver.gen/sources_1/bd/design_1/ip/design_1_processing_system7_0_1/design_1_processing_system7_0_1/design_1_processing_system7_0_1_in_context.xdc, line 218).
Applied set_property CLOCK_BUFFER_TYPE = NONE for FIXED_IO_mio[41]. (constraint file  /home/pcoli/Project_Folder/Xilinx_Vivado/MotorDriver/MotorDriver.gen/sources_1/bd/design_1/ip/design_1_processing_system7_0_1/design_1_processing_system7_0_1/design_1_processing_system7_0_1_in_context.xdc, line 219).
Applied set_property IO_BUFFER_TYPE = NONE for FIXED_IO_mio[42]. (constraint file  /home/pcoli/Project_Folder/Xilinx_Vivado/MotorDriver/MotorDriver.gen/sources_1/bd/design_1/ip/design_1_processing_system7_0_1/design_1_processing_system7_0_1/design_1_processing_system7_0_1_in_context.xdc, line 220).
Applied set_property CLOCK_BUFFER_TYPE = NONE for FIXED_IO_mio[42]. (constraint file  /home/pcoli/Project_Folder/Xilinx_Vivado/MotorDriver/MotorDriver.gen/sources_1/bd/design_1/ip/design_1_processing_system7_0_1/design_1_processing_system7_0_1/design_1_processing_system7_0_1_in_context.xdc, line 221).
Applied set_property IO_BUFFER_TYPE = NONE for FIXED_IO_mio[43]. (constraint file  /home/pcoli/Project_Folder/Xilinx_Vivado/MotorDriver/MotorDriver.gen/sources_1/bd/design_1/ip/design_1_processing_system7_0_1/design_1_processing_system7_0_1/design_1_processing_system7_0_1_in_context.xdc, line 222).
Applied set_property CLOCK_BUFFER_TYPE = NONE for FIXED_IO_mio[43]. (constraint file  /home/pcoli/Project_Folder/Xilinx_Vivado/MotorDriver/MotorDriver.gen/sources_1/bd/design_1/ip/design_1_processing_system7_0_1/design_1_processing_system7_0_1/design_1_processing_system7_0_1_in_context.xdc, line 223).
Applied set_property IO_BUFFER_TYPE = NONE for FIXED_IO_mio[44]. (constraint file  /home/pcoli/Project_Folder/Xilinx_Vivado/MotorDriver/MotorDriver.gen/sources_1/bd/design_1/ip/design_1_processing_system7_0_1/design_1_processing_system7_0_1/design_1_processing_system7_0_1_in_context.xdc, line 224).
Applied set_property CLOCK_BUFFER_TYPE = NONE for FIXED_IO_mio[44]. (constraint file  /home/pcoli/Project_Folder/Xilinx_Vivado/MotorDriver/MotorDriver.gen/sources_1/bd/design_1/ip/design_1_processing_system7_0_1/design_1_processing_system7_0_1/design_1_processing_system7_0_1_in_context.xdc, line 225).
Applied set_property IO_BUFFER_TYPE = NONE for FIXED_IO_mio[45]. (constraint file  /home/pcoli/Project_Folder/Xilinx_Vivado/MotorDriver/MotorDriver.gen/sources_1/bd/design_1/ip/design_1_processing_system7_0_1/design_1_processing_system7_0_1/design_1_processing_system7_0_1_in_context.xdc, line 226).
Applied set_property CLOCK_BUFFER_TYPE = NONE for FIXED_IO_mio[45]. (constraint file  /home/pcoli/Project_Folder/Xilinx_Vivado/MotorDriver/MotorDriver.gen/sources_1/bd/design_1/ip/design_1_processing_system7_0_1/design_1_processing_system7_0_1/design_1_processing_system7_0_1_in_context.xdc, line 227).
Applied set_property IO_BUFFER_TYPE = NONE for FIXED_IO_mio[46]. (constraint file  /home/pcoli/Project_Folder/Xilinx_Vivado/MotorDriver/MotorDriver.gen/sources_1/bd/design_1/ip/design_1_processing_system7_0_1/design_1_processing_system7_0_1/design_1_processing_system7_0_1_in_context.xdc, line 228).
Applied set_property CLOCK_BUFFER_TYPE = NONE for FIXED_IO_mio[46]. (constraint file  /home/pcoli/Project_Folder/Xilinx_Vivado/MotorDriver/MotorDriver.gen/sources_1/bd/design_1/ip/design_1_processing_system7_0_1/design_1_processing_system7_0_1/design_1_processing_system7_0_1_in_context.xdc, line 229).
Applied set_property IO_BUFFER_TYPE = NONE for FIXED_IO_mio[47]. (constraint file  /home/pcoli/Project_Folder/Xilinx_Vivado/MotorDriver/MotorDriver.gen/sources_1/bd/design_1/ip/design_1_processing_system7_0_1/design_1_processing_system7_0_1/design_1_processing_system7_0_1_in_context.xdc, line 230).
Applied set_property CLOCK_BUFFER_TYPE = NONE for FIXED_IO_mio[47]. (constraint file  /home/pcoli/Project_Folder/Xilinx_Vivado/MotorDriver/MotorDriver.gen/sources_1/bd/design_1/ip/design_1_processing_system7_0_1/design_1_processing_system7_0_1/design_1_processing_system7_0_1_in_context.xdc, line 231).
Applied set_property IO_BUFFER_TYPE = NONE for FIXED_IO_mio[48]. (constraint file  /home/pcoli/Project_Folder/Xilinx_Vivado/MotorDriver/MotorDriver.gen/sources_1/bd/design_1/ip/design_1_processing_system7_0_1/design_1_processing_system7_0_1/design_1_processing_system7_0_1_in_context.xdc, line 232).
Applied set_property CLOCK_BUFFER_TYPE = NONE for FIXED_IO_mio[48]. (constraint file  /home/pcoli/Project_Folder/Xilinx_Vivado/MotorDriver/MotorDriver.gen/sources_1/bd/design_1/ip/design_1_processing_system7_0_1/design_1_processing_system7_0_1/design_1_processing_system7_0_1_in_context.xdc, line 233).
Applied set_property IO_BUFFER_TYPE = NONE for FIXED_IO_mio[49]. (constraint file  /home/pcoli/Project_Folder/Xilinx_Vivado/MotorDriver/MotorDriver.gen/sources_1/bd/design_1/ip/design_1_processing_system7_0_1/design_1_processing_system7_0_1/design_1_processing_system7_0_1_in_context.xdc, line 234).
Applied set_property CLOCK_BUFFER_TYPE = NONE for FIXED_IO_mio[49]. (constraint file  /home/pcoli/Project_Folder/Xilinx_Vivado/MotorDriver/MotorDriver.gen/sources_1/bd/design_1/ip/design_1_processing_system7_0_1/design_1_processing_system7_0_1/design_1_processing_system7_0_1_in_context.xdc, line 235).
Applied set_property IO_BUFFER_TYPE = NONE for FIXED_IO_mio[4]. (constraint file  /home/pcoli/Project_Folder/Xilinx_Vivado/MotorDriver/MotorDriver.gen/sources_1/bd/design_1/ip/design_1_processing_system7_0_1/design_1_processing_system7_0_1/design_1_processing_system7_0_1_in_context.xdc, line 236).
Applied set_property CLOCK_BUFFER_TYPE = NONE for FIXED_IO_mio[4]. (constraint file  /home/pcoli/Project_Folder/Xilinx_Vivado/MotorDriver/MotorDriver.gen/sources_1/bd/design_1/ip/design_1_processing_system7_0_1/design_1_processing_system7_0_1/design_1_processing_system7_0_1_in_context.xdc, line 237).
Applied set_property IO_BUFFER_TYPE = NONE for FIXED_IO_mio[50]. (constraint file  /home/pcoli/Project_Folder/Xilinx_Vivado/MotorDriver/MotorDriver.gen/sources_1/bd/design_1/ip/design_1_processing_system7_0_1/design_1_processing_system7_0_1/design_1_processing_system7_0_1_in_context.xdc, line 238).
Applied set_property CLOCK_BUFFER_TYPE = NONE for FIXED_IO_mio[50]. (constraint file  /home/pcoli/Project_Folder/Xilinx_Vivado/MotorDriver/MotorDriver.gen/sources_1/bd/design_1/ip/design_1_processing_system7_0_1/design_1_processing_system7_0_1/design_1_processing_system7_0_1_in_context.xdc, line 239).
Applied set_property IO_BUFFER_TYPE = NONE for FIXED_IO_mio[51]. (constraint file  /home/pcoli/Project_Folder/Xilinx_Vivado/MotorDriver/MotorDriver.gen/sources_1/bd/design_1/ip/design_1_processing_system7_0_1/design_1_processing_system7_0_1/design_1_processing_system7_0_1_in_context.xdc, line 240).
Applied set_property CLOCK_BUFFER_TYPE = NONE for FIXED_IO_mio[51]. (constraint file  /home/pcoli/Project_Folder/Xilinx_Vivado/MotorDriver/MotorDriver.gen/sources_1/bd/design_1/ip/design_1_processing_system7_0_1/design_1_processing_system7_0_1/design_1_processing_system7_0_1_in_context.xdc, line 241).
Applied set_property IO_BUFFER_TYPE = NONE for FIXED_IO_mio[52]. (constraint file  /home/pcoli/Project_Folder/Xilinx_Vivado/MotorDriver/MotorDriver.gen/sources_1/bd/design_1/ip/design_1_processing_system7_0_1/design_1_processing_system7_0_1/design_1_processing_system7_0_1_in_context.xdc, line 242).
Applied set_property CLOCK_BUFFER_TYPE = NONE for FIXED_IO_mio[52]. (constraint file  /home/pcoli/Project_Folder/Xilinx_Vivado/MotorDriver/MotorDriver.gen/sources_1/bd/design_1/ip/design_1_processing_system7_0_1/design_1_processing_system7_0_1/design_1_processing_system7_0_1_in_context.xdc, line 243).
Applied set_property IO_BUFFER_TYPE = NONE for FIXED_IO_mio[53]. (constraint file  /home/pcoli/Project_Folder/Xilinx_Vivado/MotorDriver/MotorDriver.gen/sources_1/bd/design_1/ip/design_1_processing_system7_0_1/design_1_processing_system7_0_1/design_1_processing_system7_0_1_in_context.xdc, line 244).
Applied set_property CLOCK_BUFFER_TYPE = NONE for FIXED_IO_mio[53]. (constraint file  /home/pcoli/Project_Folder/Xilinx_Vivado/MotorDriver/MotorDriver.gen/sources_1/bd/design_1/ip/design_1_processing_system7_0_1/design_1_processing_system7_0_1/design_1_processing_system7_0_1_in_context.xdc, line 245).
Applied set_property IO_BUFFER_TYPE = NONE for FIXED_IO_mio[5]. (constraint file  /home/pcoli/Project_Folder/Xilinx_Vivado/MotorDriver/MotorDriver.gen/sources_1/bd/design_1/ip/design_1_processing_system7_0_1/design_1_processing_system7_0_1/design_1_processing_system7_0_1_in_context.xdc, line 246).
Applied set_property CLOCK_BUFFER_TYPE = NONE for FIXED_IO_mio[5]. (constraint file  /home/pcoli/Project_Folder/Xilinx_Vivado/MotorDriver/MotorDriver.gen/sources_1/bd/design_1/ip/design_1_processing_system7_0_1/design_1_processing_system7_0_1/design_1_processing_system7_0_1_in_context.xdc, line 247).
Applied set_property IO_BUFFER_TYPE = NONE for FIXED_IO_mio[6]. (constraint file  /home/pcoli/Project_Folder/Xilinx_Vivado/MotorDriver/MotorDriver.gen/sources_1/bd/design_1/ip/design_1_processing_system7_0_1/design_1_processing_system7_0_1/design_1_processing_system7_0_1_in_context.xdc, line 248).
Applied set_property CLOCK_BUFFER_TYPE = NONE for FIXED_IO_mio[6]. (constraint file  /home/pcoli/Project_Folder/Xilinx_Vivado/MotorDriver/MotorDriver.gen/sources_1/bd/design_1/ip/design_1_processing_system7_0_1/design_1_processing_system7_0_1/design_1_processing_system7_0_1_in_context.xdc, line 249).
Applied set_property IO_BUFFER_TYPE = NONE for FIXED_IO_mio[7]. (constraint file  /home/pcoli/Project_Folder/Xilinx_Vivado/MotorDriver/MotorDriver.gen/sources_1/bd/design_1/ip/design_1_processing_system7_0_1/design_1_processing_system7_0_1/design_1_processing_system7_0_1_in_context.xdc, line 250).
Applied set_property CLOCK_BUFFER_TYPE = NONE for FIXED_IO_mio[7]. (constraint file  /home/pcoli/Project_Folder/Xilinx_Vivado/MotorDriver/MotorDriver.gen/sources_1/bd/design_1/ip/design_1_processing_system7_0_1/design_1_processing_system7_0_1/design_1_processing_system7_0_1_in_context.xdc, line 251).
Applied set_property IO_BUFFER_TYPE = NONE for FIXED_IO_mio[8]. (constraint file  /home/pcoli/Project_Folder/Xilinx_Vivado/MotorDriver/MotorDriver.gen/sources_1/bd/design_1/ip/design_1_processing_system7_0_1/design_1_processing_system7_0_1/design_1_processing_system7_0_1_in_context.xdc, line 252).
Applied set_property CLOCK_BUFFER_TYPE = NONE for FIXED_IO_mio[8]. (constraint file  /home/pcoli/Project_Folder/Xilinx_Vivado/MotorDriver/MotorDriver.gen/sources_1/bd/design_1/ip/design_1_processing_system7_0_1/design_1_processing_system7_0_1/design_1_processing_system7_0_1_in_context.xdc, line 253).
Applied set_property IO_BUFFER_TYPE = NONE for FIXED_IO_mio[9]. (constraint file  /home/pcoli/Project_Folder/Xilinx_Vivado/MotorDriver/MotorDriver.gen/sources_1/bd/design_1/ip/design_1_processing_system7_0_1/design_1_processing_system7_0_1/design_1_processing_system7_0_1_in_context.xdc, line 254).
Applied set_property CLOCK_BUFFER_TYPE = NONE for FIXED_IO_mio[9]. (constraint file  /home/pcoli/Project_Folder/Xilinx_Vivado/MotorDriver/MotorDriver.gen/sources_1/bd/design_1/ip/design_1_processing_system7_0_1/design_1_processing_system7_0_1/design_1_processing_system7_0_1_in_context.xdc, line 255).
Applied set_property IO_BUFFER_TYPE = NONE for FIXED_IO_ps_clk. (constraint file  /home/pcoli/Project_Folder/Xilinx_Vivado/MotorDriver/MotorDriver.gen/sources_1/bd/design_1/ip/design_1_processing_system7_0_1/design_1_processing_system7_0_1/design_1_processing_system7_0_1_in_context.xdc, line 256).
Applied set_property CLOCK_BUFFER_TYPE = NONE for FIXED_IO_ps_clk. (constraint file  /home/pcoli/Project_Folder/Xilinx_Vivado/MotorDriver/MotorDriver.gen/sources_1/bd/design_1/ip/design_1_processing_system7_0_1/design_1_processing_system7_0_1/design_1_processing_system7_0_1_in_context.xdc, line 257).
Applied set_property IO_BUFFER_TYPE = NONE for FIXED_IO_ps_porb. (constraint file  /home/pcoli/Project_Folder/Xilinx_Vivado/MotorDriver/MotorDriver.gen/sources_1/bd/design_1/ip/design_1_processing_system7_0_1/design_1_processing_system7_0_1/design_1_processing_system7_0_1_in_context.xdc, line 258).
Applied set_property CLOCK_BUFFER_TYPE = NONE for FIXED_IO_ps_porb. (constraint file  /home/pcoli/Project_Folder/Xilinx_Vivado/MotorDriver/MotorDriver.gen/sources_1/bd/design_1/ip/design_1_processing_system7_0_1/design_1_processing_system7_0_1/design_1_processing_system7_0_1_in_context.xdc, line 259).
Applied set_property IO_BUFFER_TYPE = NONE for FIXED_IO_ps_srstb. (constraint file  /home/pcoli/Project_Folder/Xilinx_Vivado/MotorDriver/MotorDriver.gen/sources_1/bd/design_1/ip/design_1_processing_system7_0_1/design_1_processing_system7_0_1/design_1_processing_system7_0_1_in_context.xdc, line 260).
Applied set_property CLOCK_BUFFER_TYPE = NONE for FIXED_IO_ps_srstb. (constraint file  /home/pcoli/Project_Folder/Xilinx_Vivado/MotorDriver/MotorDriver.gen/sources_1/bd/design_1/ip/design_1_processing_system7_0_1/design_1_processing_system7_0_1/design_1_processing_system7_0_1_in_context.xdc, line 261).
Applied set_property KEEP_HIERARCHY = SOFT for design_1_i. (constraint file  auto generated constraint).
Applied set_property KEEP_HIERARCHY = SOFT for design_1_i/SpeedSensor_Driver_IP_0. (constraint file  auto generated constraint).
Applied set_property KEEP_HIERARCHY = SOFT for design_1_i/processing_system7_0. (constraint file  auto generated constraint).
Applied set_property KEEP_HIERARCHY = SOFT for design_1_i/ps7_0_axi_periph/xbar. (constraint file  auto generated constraint).
Applied set_property KEEP_HIERARCHY = SOFT for design_1_i/ps7_0_axi_periph/s00_couplers/auto_pc. (constraint file  auto generated constraint).
Applied set_property KEEP_HIERARCHY = SOFT for design_1_i/ps7_0_axi_periph. (constraint file  auto generated constraint).
Applied set_property KEEP_HIERARCHY = SOFT for design_1_i/rst_ps7_0_100M. (constraint file  auto generated constraint).
Applied set_property KEEP_HIERARCHY = SOFT for design_1_i/SpeedSensor_Driver_IP_1. (constraint file  auto generated constraint).
Applied set_property KEEP_HIERARCHY = SOFT for design_1_i/Sync_Signal_0. (constraint file  auto generated constraint).
Applied set_property KEEP_HIERARCHY = SOFT for design_1_i/Sync_Signal_1. (constraint file  auto generated constraint).
Applied set_property KEEP_HIERARCHY = SOFT for design_1_i/c_counter_binary_0. (constraint file  auto generated constraint).
Applied set_property KEEP_HIERARCHY = SOFT for design_1_i/c_counter_binary_1. (constraint file  auto generated constraint).
Applied set_property KEEP_HIERARCHY = SOFT for design_1_i/axi_timer_0. (constraint file  auto generated constraint).
Applied set_property KEEP_HIERARCHY = SOFT for design_1_i/xlconcat_0. (constraint file  auto generated constraint).
Applied set_property KEEP_HIERARCHY = SOFT for design_1_i/Motor_DriverIP_0. (constraint file  auto generated constraint).
Applied set_property KEEP_HIERARCHY = SOFT for design_1_i/axi_iic_0. (constraint file  auto generated constraint).
---------------------------------------------------------------------------------
Finished applying 'set_property' XDC Constraints : Time (s): cpu = 00:00:08 ; elapsed = 00:00:08 . Memory (MB): peak = 2596.977 ; gain = 340.500 ; free physical = 19073 ; free virtual = 31294
---------------------------------------------------------------------------------
---------------------------------------------------------------------------------
Finished RTL Optimization Phase 2 : Time (s): cpu = 00:00:08 ; elapsed = 00:00:08 . Memory (MB): peak = 2596.977 ; gain = 340.500 ; free physical = 19073 ; free virtual = 31295
---------------------------------------------------------------------------------
---------------------------------------------------------------------------------
Start RTL Component Statistics 
---------------------------------------------------------------------------------
Detailed RTL Component Info : 
---------------------------------------------------------------------------------
Finished RTL Component Statistics 
---------------------------------------------------------------------------------
---------------------------------------------------------------------------------
Start Part Resource Summary
---------------------------------------------------------------------------------
Part Resources:
DSPs: 220 (col length:60)
BRAMs: 280 (col length: RAMB18 60 RAMB36 30)
---------------------------------------------------------------------------------
Finished Part Resource Summary
---------------------------------------------------------------------------------
---------------------------------------------------------------------------------
Start Cross Boundary and Area Optimization
---------------------------------------------------------------------------------
WARNING: [Synth 8-7080] Parallel synthesis criteria is not met
---------------------------------------------------------------------------------
Finished Cross Boundary and Area Optimization : Time (s): cpu = 00:00:08 ; elapsed = 00:00:09 . Memory (MB): peak = 2596.977 ; gain = 340.500 ; free physical = 19071 ; free virtual = 31297
---------------------------------------------------------------------------------
---------------------------------------------------------------------------------
Start Applying XDC Timing Constraints
---------------------------------------------------------------------------------
---------------------------------------------------------------------------------
Finished Applying XDC Timing Constraints : Time (s): cpu = 00:00:12 ; elapsed = 00:00:12 . Memory (MB): peak = 2596.977 ; gain = 340.500 ; free physical = 19071 ; free virtual = 31297
---------------------------------------------------------------------------------
---------------------------------------------------------------------------------
Start Timing Optimization
---------------------------------------------------------------------------------
---------------------------------------------------------------------------------
Finished Timing Optimization : Time (s): cpu = 00:00:12 ; elapsed = 00:00:12 . Memory (MB): peak = 2596.977 ; gain = 340.500 ; free physical = 19071 ; free virtual = 31297
---------------------------------------------------------------------------------
---------------------------------------------------------------------------------
Start Technology Mapping
---------------------------------------------------------------------------------
---------------------------------------------------------------------------------
Finished Technology Mapping : Time (s): cpu = 00:00:12 ; elapsed = 00:00:12 . Memory (MB): peak = 2596.977 ; gain = 340.500 ; free physical = 19071 ; free virtual = 31297
---------------------------------------------------------------------------------
---------------------------------------------------------------------------------
Start IO Insertion
---------------------------------------------------------------------------------
---------------------------------------------------------------------------------
Start Flattening Before IO Insertion
---------------------------------------------------------------------------------
---------------------------------------------------------------------------------
Finished Flattening Before IO Insertion
---------------------------------------------------------------------------------
---------------------------------------------------------------------------------
Start Final Netlist Cleanup
---------------------------------------------------------------------------------
---------------------------------------------------------------------------------
Finished Final Netlist Cleanup
---------------------------------------------------------------------------------
---------------------------------------------------------------------------------
Finished IO Insertion : Time (s): cpu = 00:00:14 ; elapsed = 00:00:14 . Memory (MB): peak = 2596.977 ; gain = 340.500 ; free physical = 19072 ; free virtual = 31298
---------------------------------------------------------------------------------
---------------------------------------------------------------------------------
Start Renaming Generated Instances
---------------------------------------------------------------------------------
---------------------------------------------------------------------------------
Finished Renaming Generated Instances : Time (s): cpu = 00:00:14 ; elapsed = 00:00:14 . Memory (MB): peak = 2596.977 ; gain = 340.500 ; free physical = 19072 ; free virtual = 31298
---------------------------------------------------------------------------------
---------------------------------------------------------------------------------
Start Rebuilding User Hierarchy
---------------------------------------------------------------------------------
---------------------------------------------------------------------------------
Finished Rebuilding User Hierarchy : Time (s): cpu = 00:00:14 ; elapsed = 00:00:14 . Memory (MB): peak = 2596.977 ; gain = 340.500 ; free physical = 19072 ; free virtual = 31298
---------------------------------------------------------------------------------
---------------------------------------------------------------------------------
Start Renaming Generated Ports
---------------------------------------------------------------------------------
---------------------------------------------------------------------------------
Finished Renaming Generated Ports : Time (s): cpu = 00:00:14 ; elapsed = 00:00:14 . Memory (MB): peak = 2596.977 ; gain = 340.500 ; free physical = 19072 ; free virtual = 31298
---------------------------------------------------------------------------------
---------------------------------------------------------------------------------
Start Handling Custom Attributes
---------------------------------------------------------------------------------
---------------------------------------------------------------------------------
Finished Handling Custom Attributes : Time (s): cpu = 00:00:14 ; elapsed = 00:00:14 . Memory (MB): peak = 2596.977 ; gain = 340.500 ; free physical = 19072 ; free virtual = 31298
---------------------------------------------------------------------------------
---------------------------------------------------------------------------------
Start Renaming Generated Nets
---------------------------------------------------------------------------------
---------------------------------------------------------------------------------
Finished Renaming Generated Nets : Time (s): cpu = 00:00:14 ; elapsed = 00:00:14 . Memory (MB): peak = 2596.977 ; gain = 340.500 ; free physical = 19072 ; free virtual = 31298
---------------------------------------------------------------------------------
---------------------------------------------------------------------------------
Start Writing Synthesis Report
---------------------------------------------------------------------------------

Report BlackBoxes: 
+------+-----------------------------------+----------+
|      |BlackBox name                      |Instances |
+------+-----------------------------------+----------+
|1     |design_1_xbar_2                    |         1|
|2     |design_1_auto_pc_0                 |         1|
|3     |design_1_Motor_DriverIP_0_1        |         1|
|4     |design_1_SpeedSensor_Driver_IP_0_2 |         1|
|5     |design_1_SpeedSensor_Driver_IP_0_3 |         1|
|6     |design_1_Sync_Signal_0_2           |         1|
|7     |design_1_Sync_Signal_0_3           |         1|
|8     |design_1_axi_iic_0_1               |         1|
|9     |design_1_axi_timer_0_1             |         1|
|10    |design_1_c_counter_binary_0_2      |         1|
|11    |design_1_c_counter_binary_1_0      |         1|
|12    |design_1_processing_system7_0_1    |         1|
|13    |design_1_rst_ps7_0_100M_1          |         1|
+------+-----------------------------------+----------+

Report Cell Usage: 
+------+----------------------------------------+------+
|      |Cell                                    |Count |
+------+----------------------------------------+------+
|1     |design_1_Motor_DriverIP_0_1_bbox        |     1|
|2     |design_1_SpeedSensor_Driver_IP_0_2_bbox |     1|
|3     |design_1_SpeedSensor_Driver_IP_0_3_bbox |     1|
|4     |design_1_Sync_Signal_0_2_bbox           |     1|
|5     |design_1_Sync_Signal_0_3_bbox           |     1|
|6     |design_1_auto_pc_0_bbox                 |     1|
|7     |design_1_axi_iic_0_1_bbox               |     1|
|8     |design_1_axi_timer_0_1_bbox             |     1|
|9     |design_1_c_counter_binary_0_2_bbox      |     1|
|10    |design_1_c_counter_binary_1_0_bbox      |     1|
|11    |design_1_processing_system7_0_1_bbox    |     1|
|12    |design_1_rst_ps7_0_100M_1_bbox          |     1|
|13    |design_1_xbar_2_bbox                    |     1|
|14    |IBUF                                    |     2|
|15    |IOBUF                                   |     2|
|16    |OBUF                                    |     6|
+------+----------------------------------------+------+
---------------------------------------------------------------------------------
Finished Writing Synthesis Report : Time (s): cpu = 00:00:14 ; elapsed = 00:00:14 . Memory (MB): peak = 2596.977 ; gain = 340.500 ; free physical = 19072 ; free virtual = 31298
---------------------------------------------------------------------------------
Synthesis finished with 0 errors, 0 critical warnings and 13 warnings.
Synthesis Optimization Runtime : Time (s): cpu = 00:00:13 ; elapsed = 00:00:13 . Memory (MB): peak = 2596.977 ; gain = 264.594 ; free physical = 19072 ; free virtual = 31298
Synthesis Optimization Complete : Time (s): cpu = 00:00:14 ; elapsed = 00:00:14 . Memory (MB): peak = 2596.984 ; gain = 340.500 ; free physical = 19072 ; free virtual = 31298
INFO: [Project 1-571] Translating synthesized netlist
Netlist sorting complete. Time (s): cpu = 00:00:00 ; elapsed = 00:00:00.01 . Memory (MB): peak = 2596.984 ; gain = 0.000 ; free physical = 19192 ; free virtual = 31418
INFO: [Netlist 29-17] Analyzing 2 Unisim elements for replacement
INFO: [Netlist 29-28] Unisim Transformation completed in 0 CPU seconds
INFO: [Project 1-570] Preparing netlist for logic optimization
INFO: [Opt 31-138] Pushed 0 inverter(s) to 0 load pin(s).
Netlist sorting complete. Time (s): cpu = 00:00:00 ; elapsed = 00:00:00 . Memory (MB): peak = 2596.984 ; gain = 0.000 ; free physical = 19339 ; free virtual = 31565
INFO: [Project 1-111] Unisim Transformation Summary:
  A total of 2 instances were transformed.
  IOBUF => IOBUF (IBUF, OBUFT): 2 instances

Synth Design complete | Checksum: ea2a6adc
INFO: [Common 17-83] Releasing license: Synthesis
86 Infos, 202 Warnings, 0 Critical Warnings and 0 Errors encountered.
synth_design completed successfully
synth_design: Time (s): cpu = 00:00:19 ; elapsed = 00:00:18 . Memory (MB): peak = 2596.984 ; gain = 918.008 ; free physical = 19339 ; free virtual = 31565
INFO: [Common 17-2834] synth_design peak Physical Memory [PSS] (MB): overall = 2163.861; main = 1819.749; forked = 393.679
INFO: [Common 17-2834] synth_design peak Virtual Memory [VSS] (MB): overall = 3633.750; main = 2596.980; forked = 1036.770
Write ShapeDB Complete: Time (s): cpu = 00:00:00 ; elapsed = 00:00:00 . Memory (MB): peak = 2620.988 ; gain = 0.000 ; free physical = 19339 ; free virtual = 31565
INFO: [Common 17-1381] The checkpoint '/home/pcoli/Project_Folder/Xilinx_Vivado/MotorDriver/MotorDriver.runs/synth_1/design_1_wrapper.dcp' has been generated.
INFO: [Vivado 12-24828] Executing command : report_utilization -file design_1_wrapper_utilization_synth.rpt -pb design_1_wrapper_utilization_synth.pb
INFO: [Common 17-206] Exiting Vivado at Sat May 10 19:16:44 2025...
