TRACE::2025-05-23.18:07:09::SCWPlatform::Trying to open the hw design at M:/projects/clones/SOC/Car_Project/vitis/FullCar_AllFeatures_V0_1/hw/FullCar_AllFeatures_V0_1.xsa
TRACE::2025-05-23.18:07:09::SCWPlatform::DSA given M:/projects/clones/SOC/Car_Project/vitis/FullCar_AllFeatures_V0_1/hw/FullCar_AllFeatures_V0_1.xsa
TRACE::2025-05-23.18:07:09::SCWPlatform::DSA absoulate path M:/projects/clones/SOC/Car_Project/vitis/FullCar_AllFeatures_V0_1/hw/FullCar_AllFeatures_V0_1.xsa
TRACE::2025-05-23.18:07:09::SCWPlatform::DSA directory M:/projects/clones/SOC/Car_Project/vitis/FullCar_AllFeatures_V0_1/hw
TRACE::2025-05-23.18:07:09::SCWPlatform:: Platform Path M:/projects/clones/SOC/Car_Project/vitis/FullCar_AllFeatures_V0_1/hw/FullCar_AllFeatures_V0_1.xsa
TRACE::2025-05-23.18:07:09::SCWPlatform:: Unique name xilinx:pynq-z2::0.0
TRACE::2025-05-23.18:07:09::SCWPlatform::Do not have an existing db opened. 
TRACE::2025-05-23.18:07:10::SCWPlatform::Opened new HwDB with name design_1_wrapper_0
TRACE::2025-05-23.18:07:10::SCWWriter::formatted JSON is {
	"platformName":	"FullCar_AllFeatures_V0_1",
	"sprVersion":	"2.0",
	"mode":	"gui",
	"dsaType":	"Fixed",
	"platformDesc":	"FullCar_AllFeatures_V0_1",
	"platHandOff":	"M:/projects/clones/SOC/Car_Project/vivado/XSA/FullCar_AllFeatures_V0_1.xsa",
	"platIntHandOff":	"<platformDir>/hw/FullCar_AllFeatures_V0_1.xsa",
	"deviceType":	"zynq",
	"platIsPrebuiltAutogen":	"false",
	"platIsNoBootBsp":	"false",
	"hasFsblMakeHasChanges":	"false",
	"hasPmufwMakeHasChanges":	"false",
	"platPreBuiltFlag":	false,
	"platformSamplesDir":	""
}
TRACE::2025-05-23.18:07:10::SCWWriter::formatted JSON is {
	"platformName":	"FullCar_AllFeatures_V0_1",
	"sprVersion":	"2.0",
	"mode":	"gui",
	"dsaType":	"Fixed",
	"platformDesc":	"FullCar_AllFeatures_V0_1",
	"platHandOff":	"M:/projects/clones/SOC/Car_Project/vivado/XSA/FullCar_AllFeatures_V0_1.xsa",
	"platIntHandOff":	"<platformDir>/hw/FullCar_AllFeatures_V0_1.xsa",
	"deviceType":	"zynq",
	"platIsPrebuiltAutogen":	"false",
	"platIsNoBootBsp":	"false",
	"hasFsblMakeHasChanges":	"false",
	"hasPmufwMakeHasChanges":	"false",
	"platPreBuiltFlag":	false,
	"platformSamplesDir":	"",
	"platActiveSys":	"FullCar_AllFeatures_V0_1",
	"systems":	[{
			"systemName":	"FullCar_AllFeatures_V0_1",
			"systemDesc":	"FullCar_AllFeatures_V0_1",
			"sysIsBootAutoGen":	"true",
			"systemDispName":	"FullCar_AllFeatures_V0_1"
		}]
}
TRACE::2025-05-23.18:07:10::SCWPlatform::Boot application domains not present, creating them
TRACE::2025-05-23.18:07:10::SCWDomain::checking for install qemu data   : 
TRACE::2025-05-23.18:07:10::SCWDomain:: Using the QEMU Data from install at  : E:/Vitis/2024.1/data/emulation/platforms/zynq/sw/a9_standalone/qemu/
TRACE::2025-05-23.18:07:10::SCWDomain:: Using the QEMU args  from install at  : E:/Vitis/2024.1/data/emulation/platforms/zynq/sw/a9_standalone/qemu/qemu_args.txt
TRACE::2025-05-23.18:07:10::SCWPlatform::Trying to open the hw design at M:/projects/clones/SOC/Car_Project/vitis/FullCar_AllFeatures_V0_1/hw/FullCar_AllFeatures_V0_1.xsa
TRACE::2025-05-23.18:07:10::SCWPlatform::DSA given M:/projects/clones/SOC/Car_Project/vitis/FullCar_AllFeatures_V0_1/hw/FullCar_AllFeatures_V0_1.xsa
TRACE::2025-05-23.18:07:10::SCWPlatform::DSA absoulate path M:/projects/clones/SOC/Car_Project/vitis/FullCar_AllFeatures_V0_1/hw/FullCar_AllFeatures_V0_1.xsa
TRACE::2025-05-23.18:07:10::SCWPlatform::DSA directory M:/projects/clones/SOC/Car_Project/vitis/FullCar_AllFeatures_V0_1/hw
TRACE::2025-05-23.18:07:10::SCWPlatform:: Platform Path M:/projects/clones/SOC/Car_Project/vitis/FullCar_AllFeatures_V0_1/hw/FullCar_AllFeatures_V0_1.xsa
TRACE::2025-05-23.18:07:10::SCWPlatform:: Unique name xilinx:pynq-z2::0.0
TRACE::2025-05-23.18:07:10::SCWPlatform::Trying to set the existing hwdb with name design_1_wrapper_0
TRACE::2025-05-23.18:07:10::SCWPlatform::Opened existing hwdb design_1_wrapper_0
TRACE::2025-05-23.18:07:10::SCWPlatform::Found the Hw Db part of the input DSA
TRACE::2025-05-23.18:07:10::SCWPlatform::Trying to open the hw design at M:/projects/clones/SOC/Car_Project/vitis/FullCar_AllFeatures_V0_1/hw/FullCar_AllFeatures_V0_1.xsa
TRACE::2025-05-23.18:07:10::SCWPlatform::DSA given M:/projects/clones/SOC/Car_Project/vitis/FullCar_AllFeatures_V0_1/hw/FullCar_AllFeatures_V0_1.xsa
TRACE::2025-05-23.18:07:10::SCWPlatform::DSA absoulate path M:/projects/clones/SOC/Car_Project/vitis/FullCar_AllFeatures_V0_1/hw/FullCar_AllFeatures_V0_1.xsa
TRACE::2025-05-23.18:07:10::SCWPlatform::DSA directory M:/projects/clones/SOC/Car_Project/vitis/FullCar_AllFeatures_V0_1/hw
TRACE::2025-05-23.18:07:10::SCWPlatform:: Platform Path M:/projects/clones/SOC/Car_Project/vitis/FullCar_AllFeatures_V0_1/hw/FullCar_AllFeatures_V0_1.xsa
TRACE::2025-05-23.18:07:10::SCWPlatform:: Unique name xilinx:pynq-z2::0.0
TRACE::2025-05-23.18:07:10::SCWPlatform::Trying to set the existing hwdb with name design_1_wrapper_0
TRACE::2025-05-23.18:07:10::SCWPlatform::Opened existing hwdb design_1_wrapper_0
TRACE::2025-05-23.18:07:10::SCWPlatform::Found the Hw Db part of the input DSA
TRACE::2025-05-23.18:07:10::SCWPlatform::Trying to open the hw design at M:/projects/clones/SOC/Car_Project/vitis/FullCar_AllFeatures_V0_1/hw/FullCar_AllFeatures_V0_1.xsa
TRACE::2025-05-23.18:07:10::SCWPlatform::DSA given M:/projects/clones/SOC/Car_Project/vitis/FullCar_AllFeatures_V0_1/hw/FullCar_AllFeatures_V0_1.xsa
TRACE::2025-05-23.18:07:10::SCWPlatform::DSA absoulate path M:/projects/clones/SOC/Car_Project/vitis/FullCar_AllFeatures_V0_1/hw/FullCar_AllFeatures_V0_1.xsa
TRACE::2025-05-23.18:07:10::SCWPlatform::DSA directory M:/projects/clones/SOC/Car_Project/vitis/FullCar_AllFeatures_V0_1/hw
TRACE::2025-05-23.18:07:10::SCWPlatform:: Platform Path M:/projects/clones/SOC/Car_Project/vitis/FullCar_AllFeatures_V0_1/hw/FullCar_AllFeatures_V0_1.xsa
TRACE::2025-05-23.18:07:10::SCWPlatform:: Unique name xilinx:pynq-z2::0.0
TRACE::2025-05-23.18:07:10::SCWPlatform::Trying to set the existing hwdb with name design_1_wrapper_0
TRACE::2025-05-23.18:07:10::SCWPlatform::Opened existing hwdb design_1_wrapper_0
TRACE::2025-05-23.18:07:10::SCWPlatform::Found the Hw Db part of the input DSA
TRACE::2025-05-23.18:07:10::SCWPlatform::Boot application domain added for zynq_fsbl
TRACE::2025-05-23.18:07:10::SCWPlatform::Generating the sources  .
TRACE::2025-05-23.18:07:10::SCWBDomain::Generating boot domain sources.
TRACE::2025-05-23.18:07:10::SCWBDomain:: Generating the zynq_fsbl Application.
TRACE::2025-05-23.18:07:10::SCWPlatform::Trying to open the hw design at M:/projects/clones/SOC/Car_Project/vitis/FullCar_AllFeatures_V0_1/hw/FullCar_AllFeatures_V0_1.xsa
TRACE::2025-05-23.18:07:10::SCWPlatform::DSA given M:/projects/clones/SOC/Car_Project/vitis/FullCar_AllFeatures_V0_1/hw/FullCar_AllFeatures_V0_1.xsa
TRACE::2025-05-23.18:07:10::SCWPlatform::DSA absoulate path M:/projects/clones/SOC/Car_Project/vitis/FullCar_AllFeatures_V0_1/hw/FullCar_AllFeatures_V0_1.xsa
TRACE::2025-05-23.18:07:10::SCWPlatform::DSA directory M:/projects/clones/SOC/Car_Project/vitis/FullCar_AllFeatures_V0_1/hw
TRACE::2025-05-23.18:07:10::SCWPlatform:: Platform Path M:/projects/clones/SOC/Car_Project/vitis/FullCar_AllFeatures_V0_1/hw/FullCar_AllFeatures_V0_1.xsa
TRACE::2025-05-23.18:07:10::SCWPlatform:: Unique name xilinx:pynq-z2::0.0
TRACE::2025-05-23.18:07:10::SCWPlatform::Trying to set the existing hwdb with name design_1_wrapper_0
TRACE::2025-05-23.18:07:10::SCWPlatform::Opened existing hwdb design_1_wrapper_0
TRACE::2025-05-23.18:07:10::SCWPlatform::Found the Hw Db part of the input DSA
TRACE::2025-05-23.18:07:10::SCWMssOS::Checking the sw design at  M:/projects/clones/SOC/Car_Project/vitis/FullCar_AllFeatures_V0_1/zynq_fsbl/zynq_fsbl_bsp/system.mss
TRACE::2025-05-23.18:07:10::SCWMssOS::DEBUG:  swdes dump  
TRACE::2025-05-23.18:07:10::SCWMssOS::No sw design opened at  M:/projects/clones/SOC/Car_Project/vitis/FullCar_AllFeatures_V0_1/zynq_fsbl/zynq_fsbl_bsp/system.mss
TRACE::2025-05-23.18:07:10::SCWMssOS::mss does not exists at M:/projects/clones/SOC/Car_Project/vitis/FullCar_AllFeatures_V0_1/zynq_fsbl/zynq_fsbl_bsp/system.mss
TRACE::2025-05-23.18:07:10::SCWMssOS::Creating sw design at  M:/projects/clones/SOC/Car_Project/vitis/FullCar_AllFeatures_V0_1/zynq_fsbl/zynq_fsbl_bsp/system.mss
TRACE::2025-05-23.18:07:10::SCWMssOS::Adding the swdes entry, created swdb M:/projects/clones/SOC/Car_Project/vitis/FullCar_AllFeatures_V0_1/zynq_fsbl/zynq_fsbl_bsp/system.mss with des name M:/projects/clones/SOC/Car_Project/vitis/FullCar_AllFeatures_V0_1/zynq_fsbl/zynq_fsbl_bsp/system.mss
TRACE::2025-05-23.18:07:10::SCWMssOS::updating the scw layer changes to swdes at   M:/projects/clones/SOC/Car_Project/vitis/FullCar_AllFeatures_V0_1/zynq_fsbl/zynq_fsbl_bsp/system.mss
TRACE::2025-05-23.18:07:10::SCWMssOS::Writing mss at M:/projects/clones/SOC/Car_Project/vitis/FullCar_AllFeatures_V0_1/zynq_fsbl/zynq_fsbl_bsp/system.mss
TRACE::2025-05-23.18:07:10::SCWMssOS::Completed writing the mss file at M:/projects/clones/SOC/Car_Project/vitis/FullCar_AllFeatures_V0_1/zynq_fsbl/zynq_fsbl_bsp
TRACE::2025-05-23.18:07:10::SCWMssOS::Picking up changes from newly written mss file into SCW Layer. 
TRACE::2025-05-23.18:07:10::SCWMssOS::Updated the changes from newly written mss file into SCW Layer. 
TRACE::2025-05-23.18:07:10::SCWBDomain::Completed writing the mss file at M:/projects/clones/SOC/Car_Project/vitis/FullCar_AllFeatures_V0_1/zynq_fsbl/zynq_fsbl_bsp
TRACE::2025-05-23.18:07:15::SCWPlatform::Generating sources Done.
TRACE::2025-05-23.18:07:15::SCWPlatform::Trying to open the hw design at M:/projects/clones/SOC/Car_Project/vitis/FullCar_AllFeatures_V0_1/hw/FullCar_AllFeatures_V0_1.xsa
TRACE::2025-05-23.18:07:15::SCWPlatform::DSA given M:/projects/clones/SOC/Car_Project/vitis/FullCar_AllFeatures_V0_1/hw/FullCar_AllFeatures_V0_1.xsa
TRACE::2025-05-23.18:07:15::SCWPlatform::DSA absoulate path M:/projects/clones/SOC/Car_Project/vitis/FullCar_AllFeatures_V0_1/hw/FullCar_AllFeatures_V0_1.xsa
TRACE::2025-05-23.18:07:15::SCWPlatform::DSA directory M:/projects/clones/SOC/Car_Project/vitis/FullCar_AllFeatures_V0_1/hw
TRACE::2025-05-23.18:07:15::SCWPlatform:: Platform Path M:/projects/clones/SOC/Car_Project/vitis/FullCar_AllFeatures_V0_1/hw/FullCar_AllFeatures_V0_1.xsa
TRACE::2025-05-23.18:07:15::SCWPlatform:: Unique name xilinx:pynq-z2::0.0
TRACE::2025-05-23.18:07:15::SCWPlatform::Trying to set the existing hwdb with name design_1_wrapper_0
TRACE::2025-05-23.18:07:15::SCWPlatform::Opened existing hwdb design_1_wrapper_0
TRACE::2025-05-23.18:07:15::SCWPlatform::Found the Hw Db part of the input DSA
TRACE::2025-05-23.18:07:15::SCWMssOS::Checking the sw design at  M:/projects/clones/SOC/Car_Project/vitis/FullCar_AllFeatures_V0_1/zynq_fsbl/zynq_fsbl_bsp/system.mss
TRACE::2025-05-23.18:07:15::SCWMssOS::DEBUG:  swdes dump  
TRACE::2025-05-23.18:07:15::SCWMssOS::No sw design opened at  M:/projects/clones/SOC/Car_Project/vitis/FullCar_AllFeatures_V0_1/zynq_fsbl/zynq_fsbl_bsp/system.mss
TRACE::2025-05-23.18:07:15::SCWMssOS::mss exists loading the mss file  M:/projects/clones/SOC/Car_Project/vitis/FullCar_AllFeatures_V0_1/zynq_fsbl/zynq_fsbl_bsp/system.mss
TRACE::2025-05-23.18:07:15::SCWMssOS::Opened the sw design from mss  M:/projects/clones/SOC/Car_Project/vitis/FullCar_AllFeatures_V0_1/zynq_fsbl/zynq_fsbl_bsp/system.mss
TRACE::2025-05-23.18:07:15::SCWMssOS::Adding the swdes entry M:/projects/clones/SOC/Car_Project/vitis/FullCar_AllFeatures_V0_1/zynq_fsbl/zynq_fsbl_bsp/system.mss with des name system
TRACE::2025-05-23.18:07:15::SCWMssOS::updating the scw layer about changes
TRACE::2025-05-23.18:07:15::SCWMssOS::Opened the sw design.  M:/projects/clones/SOC/Car_Project/vitis/FullCar_AllFeatures_V0_1/zynq_fsbl/zynq_fsbl_bsp/system.mss
TRACE::2025-05-23.18:07:15::SCWMssOS::Saving the mss changes M:/projects/clones/SOC/Car_Project/vitis/FullCar_AllFeatures_V0_1/zynq_fsbl/zynq_fsbl_bsp/system.mss
TRACE::2025-05-23.18:07:15::SCWMssOS::Found a swdesign opened with the mssfile.
TRACE::2025-05-23.18:07:15::SCWMssOS::Completed writemss as part of save.
TRACE::2025-05-23.18:07:15::SCWMssOS::Commit changes completed.
TRACE::2025-05-23.18:07:15::SCWPlatform::Trying to open the hw design at M:/projects/clones/SOC/Car_Project/vitis/FullCar_AllFeatures_V0_1/hw/FullCar_AllFeatures_V0_1.xsa
TRACE::2025-05-23.18:07:15::SCWPlatform::DSA given M:/projects/clones/SOC/Car_Project/vitis/FullCar_AllFeatures_V0_1/hw/FullCar_AllFeatures_V0_1.xsa
TRACE::2025-05-23.18:07:15::SCWPlatform::DSA absoulate path M:/projects/clones/SOC/Car_Project/vitis/FullCar_AllFeatures_V0_1/hw/FullCar_AllFeatures_V0_1.xsa
TRACE::2025-05-23.18:07:15::SCWPlatform::DSA directory M:/projects/clones/SOC/Car_Project/vitis/FullCar_AllFeatures_V0_1/hw
TRACE::2025-05-23.18:07:15::SCWPlatform:: Platform Path M:/projects/clones/SOC/Car_Project/vitis/FullCar_AllFeatures_V0_1/hw/FullCar_AllFeatures_V0_1.xsa
TRACE::2025-05-23.18:07:15::SCWPlatform:: Unique name xilinx:pynq-z2::0.0
TRACE::2025-05-23.18:07:15::SCWPlatform::Trying to set the existing hwdb with name design_1_wrapper_0
TRACE::2025-05-23.18:07:15::SCWPlatform::Opened existing hwdb design_1_wrapper_0
TRACE::2025-05-23.18:07:15::SCWPlatform::Found the Hw Db part of the input DSA
TRACE::2025-05-23.18:07:15::SCWMssOS::Checking the sw design at  M:/projects/clones/SOC/Car_Project/vitis/FullCar_AllFeatures_V0_1/zynq_fsbl/zynq_fsbl_bsp/system.mss
TRACE::2025-05-23.18:07:15::SCWMssOS::DEBUG:  swdes dump  M:/projects/clones/SOC/Car_Project/vitis/FullCar_AllFeatures_V0_1/zynq_fsbl/zynq_fsbl_bsp/system.mss|system||

TRACE::2025-05-23.18:07:15::SCWMssOS::Sw design exists and opened at  M:/projects/clones/SOC/Car_Project/vitis/FullCar_AllFeatures_V0_1/zynq_fsbl/zynq_fsbl_bsp/system.mss
TRACE::2025-05-23.18:07:15::SCWPlatform::Trying to open the hw design at M:/projects/clones/SOC/Car_Project/vitis/FullCar_AllFeatures_V0_1/hw/FullCar_AllFeatures_V0_1.xsa
TRACE::2025-05-23.18:07:15::SCWPlatform::DSA given M:/projects/clones/SOC/Car_Project/vitis/FullCar_AllFeatures_V0_1/hw/FullCar_AllFeatures_V0_1.xsa
TRACE::2025-05-23.18:07:15::SCWPlatform::DSA absoulate path M:/projects/clones/SOC/Car_Project/vitis/FullCar_AllFeatures_V0_1/hw/FullCar_AllFeatures_V0_1.xsa
TRACE::2025-05-23.18:07:15::SCWPlatform::DSA directory M:/projects/clones/SOC/Car_Project/vitis/FullCar_AllFeatures_V0_1/hw
TRACE::2025-05-23.18:07:15::SCWPlatform:: Platform Path M:/projects/clones/SOC/Car_Project/vitis/FullCar_AllFeatures_V0_1/hw/FullCar_AllFeatures_V0_1.xsa
TRACE::2025-05-23.18:07:15::SCWPlatform:: Unique name xilinx:pynq-z2::0.0
TRACE::2025-05-23.18:07:15::SCWPlatform::Trying to set the existing hwdb with name design_1_wrapper_0
TRACE::2025-05-23.18:07:15::SCWPlatform::Opened existing hwdb design_1_wrapper_0
TRACE::2025-05-23.18:07:15::SCWPlatform::Found the Hw Db part of the input DSA
TRACE::2025-05-23.18:07:15::SCWMssOS::Checking the sw design at  M:/projects/clones/SOC/Car_Project/vitis/FullCar_AllFeatures_V0_1/zynq_fsbl/zynq_fsbl_bsp/system.mss
TRACE::2025-05-23.18:07:15::SCWMssOS::DEBUG:  swdes dump  M:/projects/clones/SOC/Car_Project/vitis/FullCar_AllFeatures_V0_1/zynq_fsbl/zynq_fsbl_bsp/system.mss|system||

TRACE::2025-05-23.18:07:15::SCWMssOS::Sw design exists and opened at  M:/projects/clones/SOC/Car_Project/vitis/FullCar_AllFeatures_V0_1/zynq_fsbl/zynq_fsbl_bsp/system.mss
TRACE::2025-05-23.18:07:15::SCWPlatform::Trying to open the hw design at M:/projects/clones/SOC/Car_Project/vitis/FullCar_AllFeatures_V0_1/hw/FullCar_AllFeatures_V0_1.xsa
TRACE::2025-05-23.18:07:15::SCWPlatform::DSA given M:/projects/clones/SOC/Car_Project/vitis/FullCar_AllFeatures_V0_1/hw/FullCar_AllFeatures_V0_1.xsa
TRACE::2025-05-23.18:07:15::SCWPlatform::DSA absoulate path M:/projects/clones/SOC/Car_Project/vitis/FullCar_AllFeatures_V0_1/hw/FullCar_AllFeatures_V0_1.xsa
TRACE::2025-05-23.18:07:15::SCWPlatform::DSA directory M:/projects/clones/SOC/Car_Project/vitis/FullCar_AllFeatures_V0_1/hw
TRACE::2025-05-23.18:07:15::SCWPlatform:: Platform Path M:/projects/clones/SOC/Car_Project/vitis/FullCar_AllFeatures_V0_1/hw/FullCar_AllFeatures_V0_1.xsa
TRACE::2025-05-23.18:07:15::SCWPlatform:: Unique name xilinx:pynq-z2::0.0
TRACE::2025-05-23.18:07:15::SCWPlatform::Trying to set the existing hwdb with name design_1_wrapper_0
TRACE::2025-05-23.18:07:15::SCWPlatform::Opened existing hwdb design_1_wrapper_0
TRACE::2025-05-23.18:07:15::SCWPlatform::Found the Hw Db part of the input DSA
TRACE::2025-05-23.18:07:15::SCWMssOS::Checking the sw design at  M:/projects/clones/SOC/Car_Project/vitis/FullCar_AllFeatures_V0_1/zynq_fsbl/zynq_fsbl_bsp/system.mss
TRACE::2025-05-23.18:07:15::SCWMssOS::DEBUG:  swdes dump  M:/projects/clones/SOC/Car_Project/vitis/FullCar_AllFeatures_V0_1/zynq_fsbl/zynq_fsbl_bsp/system.mss|system||

TRACE::2025-05-23.18:07:15::SCWMssOS::Sw design exists and opened at  M:/projects/clones/SOC/Car_Project/vitis/FullCar_AllFeatures_V0_1/zynq_fsbl/zynq_fsbl_bsp/system.mss
TRACE::2025-05-23.18:07:15::SCWWriter::formatted JSON is {
	"platformName":	"FullCar_AllFeatures_V0_1",
	"sprVersion":	"2.0",
	"mode":	"gui",
	"dsaType":	"Fixed",
	"platformDesc":	"FullCar_AllFeatures_V0_1",
	"platHandOff":	"M:/projects/clones/SOC/Car_Project/vivado/XSA/FullCar_AllFeatures_V0_1.xsa",
	"platIntHandOff":	"<platformDir>/hw/FullCar_AllFeatures_V0_1.xsa",
	"deviceType":	"zynq",
	"platIsPrebuiltAutogen":	"false",
	"platIsNoBootBsp":	"false",
	"platFsblTarget":	"ps7_cortexa9_0",
	"hasFsblMakeHasChanges":	"false",
	"hasPmufwMakeHasChanges":	"false",
	"fsblExtraCompilerFlags":	"-MMD -MP       -mcpu=cortex-a9 -mfpu=vfpv3 -mfloat-abi=hard ",
	"platPreBuiltFlag":	false,
	"platformSamplesDir":	"",
	"platActiveSys":	"FullCar_AllFeatures_V0_1",
	"systems":	[{
			"systemName":	"FullCar_AllFeatures_V0_1",
			"systemDesc":	"FullCar_AllFeatures_V0_1",
			"sysIsBootAutoGen":	"true",
			"systemDispName":	"FullCar_AllFeatures_V0_1",
			"sysActiveDom":	"zynq_fsbl",
			"sysDefaultDom":	"",
			"domains":	[{
					"domainName":	"zynq_fsbl",
					"domainDispName":	"zynq_fsbl",
					"domainDesc":	"FSBL Application BSP - Auto Generated.",
					"processors":	"ps7_cortexa9_0",
					"os":	"standalone",
					"sdxOs":	"standalone",
					"debugEnable":	"",
					"domRuntimes":	["cpp"],
					"swRepo":	"",
					"mssOsVer":	"9.1",
					"mssFile":	"",
					"md5Digest":	"64fce8e86c92608d547c70ee7285b026",
					"compatibleApp":	"zynq_fsbl",
					"domType":	"bootDomain",
					"arch":	"32-bit",
					"appSettings":	{
						"appCompilerFlags":	"",
						"appLinkerFlags":	""
					},
					"addedLibs":	["xilffs:5.2", "xilrsa:1.8"],
					"libOptions":	{
						"libsContainingOptions":	[]
					},
					"prebuiltLibs":	{
						"prebuiltIncPath":	[],
						"prebuiltLibPath":	[]
					},
					"isolation":	{
					}
				}]
		}]
}
TRACE::2025-05-23.18:07:15::SCWMssOS::Saving the mss changes M:/projects/clones/SOC/Car_Project/vitis/FullCar_AllFeatures_V0_1/zynq_fsbl/zynq_fsbl_bsp/system.mss
TRACE::2025-05-23.18:07:15::SCWMssOS::Found a swdesign opened with the mssfile.
TRACE::2025-05-23.18:07:15::SCWMssOS::Completed writemss as part of save.
TRACE::2025-05-23.18:07:15::SCWMssOS::Commit changes completed.
TRACE::2025-05-23.18:07:15::SCWPlatform::Trying to open the hw design at M:/projects/clones/SOC/Car_Project/vitis/FullCar_AllFeatures_V0_1/hw/FullCar_AllFeatures_V0_1.xsa
TRACE::2025-05-23.18:07:15::SCWPlatform::DSA given M:/projects/clones/SOC/Car_Project/vitis/FullCar_AllFeatures_V0_1/hw/FullCar_AllFeatures_V0_1.xsa
TRACE::2025-05-23.18:07:15::SCWPlatform::DSA absoulate path M:/projects/clones/SOC/Car_Project/vitis/FullCar_AllFeatures_V0_1/hw/FullCar_AllFeatures_V0_1.xsa
TRACE::2025-05-23.18:07:15::SCWPlatform::DSA directory M:/projects/clones/SOC/Car_Project/vitis/FullCar_AllFeatures_V0_1/hw
TRACE::2025-05-23.18:07:15::SCWPlatform:: Platform Path M:/projects/clones/SOC/Car_Project/vitis/FullCar_AllFeatures_V0_1/hw/FullCar_AllFeatures_V0_1.xsa
TRACE::2025-05-23.18:07:15::SCWPlatform:: Unique name xilinx:pynq-z2::0.0
TRACE::2025-05-23.18:07:15::SCWPlatform::Trying to set the existing hwdb with name design_1_wrapper_0
TRACE::2025-05-23.18:07:15::SCWPlatform::Opened existing hwdb design_1_wrapper_0
TRACE::2025-05-23.18:07:15::SCWPlatform::Found the Hw Db part of the input DSA
TRACE::2025-05-23.18:07:15::SCWMssOS::Checking the sw design at  M:/projects/clones/SOC/Car_Project/vitis/FullCar_AllFeatures_V0_1/zynq_fsbl/zynq_fsbl_bsp/system.mss
TRACE::2025-05-23.18:07:15::SCWMssOS::DEBUG:  swdes dump  M:/projects/clones/SOC/Car_Project/vitis/FullCar_AllFeatures_V0_1/zynq_fsbl/zynq_fsbl_bsp/system.mss|system||

TRACE::2025-05-23.18:07:15::SCWMssOS::Sw design exists and opened at  M:/projects/clones/SOC/Car_Project/vitis/FullCar_AllFeatures_V0_1/zynq_fsbl/zynq_fsbl_bsp/system.mss
TRACE::2025-05-23.18:07:15::SCWPlatform::Trying to open the hw design at M:/projects/clones/SOC/Car_Project/vitis/FullCar_AllFeatures_V0_1/hw/FullCar_AllFeatures_V0_1.xsa
TRACE::2025-05-23.18:07:15::SCWPlatform::DSA given M:/projects/clones/SOC/Car_Project/vitis/FullCar_AllFeatures_V0_1/hw/FullCar_AllFeatures_V0_1.xsa
TRACE::2025-05-23.18:07:15::SCWPlatform::DSA absoulate path M:/projects/clones/SOC/Car_Project/vitis/FullCar_AllFeatures_V0_1/hw/FullCar_AllFeatures_V0_1.xsa
TRACE::2025-05-23.18:07:15::SCWPlatform::DSA directory M:/projects/clones/SOC/Car_Project/vitis/FullCar_AllFeatures_V0_1/hw
TRACE::2025-05-23.18:07:15::SCWPlatform:: Platform Path M:/projects/clones/SOC/Car_Project/vitis/FullCar_AllFeatures_V0_1/hw/FullCar_AllFeatures_V0_1.xsa
TRACE::2025-05-23.18:07:15::SCWPlatform:: Unique name xilinx:pynq-z2::0.0
TRACE::2025-05-23.18:07:15::SCWPlatform::Trying to set the existing hwdb with name design_1_wrapper_0
TRACE::2025-05-23.18:07:15::SCWPlatform::Opened existing hwdb design_1_wrapper_0
TRACE::2025-05-23.18:07:15::SCWPlatform::Found the Hw Db part of the input DSA
TRACE::2025-05-23.18:07:15::SCWMssOS::Checking the sw design at  M:/projects/clones/SOC/Car_Project/vitis/FullCar_AllFeatures_V0_1/zynq_fsbl/zynq_fsbl_bsp/system.mss
TRACE::2025-05-23.18:07:15::SCWMssOS::DEBUG:  swdes dump  M:/projects/clones/SOC/Car_Project/vitis/FullCar_AllFeatures_V0_1/zynq_fsbl/zynq_fsbl_bsp/system.mss|system||

TRACE::2025-05-23.18:07:15::SCWMssOS::Sw design exists and opened at  M:/projects/clones/SOC/Car_Project/vitis/FullCar_AllFeatures_V0_1/zynq_fsbl/zynq_fsbl_bsp/system.mss
TRACE::2025-05-23.18:07:15::SCWPlatform::Trying to open the hw design at M:/projects/clones/SOC/Car_Project/vitis/FullCar_AllFeatures_V0_1/hw/FullCar_AllFeatures_V0_1.xsa
TRACE::2025-05-23.18:07:15::SCWPlatform::DSA given M:/projects/clones/SOC/Car_Project/vitis/FullCar_AllFeatures_V0_1/hw/FullCar_AllFeatures_V0_1.xsa
TRACE::2025-05-23.18:07:15::SCWPlatform::DSA absoulate path M:/projects/clones/SOC/Car_Project/vitis/FullCar_AllFeatures_V0_1/hw/FullCar_AllFeatures_V0_1.xsa
TRACE::2025-05-23.18:07:15::SCWPlatform::DSA directory M:/projects/clones/SOC/Car_Project/vitis/FullCar_AllFeatures_V0_1/hw
TRACE::2025-05-23.18:07:15::SCWPlatform:: Platform Path M:/projects/clones/SOC/Car_Project/vitis/FullCar_AllFeatures_V0_1/hw/FullCar_AllFeatures_V0_1.xsa
TRACE::2025-05-23.18:07:15::SCWPlatform:: Unique name xilinx:pynq-z2::0.0
TRACE::2025-05-23.18:07:15::SCWPlatform::Trying to set the existing hwdb with name design_1_wrapper_0
TRACE::2025-05-23.18:07:15::SCWPlatform::Opened existing hwdb design_1_wrapper_0
TRACE::2025-05-23.18:07:15::SCWPlatform::Found the Hw Db part of the input DSA
TRACE::2025-05-23.18:07:15::SCWMssOS::Checking the sw design at  M:/projects/clones/SOC/Car_Project/vitis/FullCar_AllFeatures_V0_1/zynq_fsbl/zynq_fsbl_bsp/system.mss
TRACE::2025-05-23.18:07:15::SCWMssOS::DEBUG:  swdes dump  M:/projects/clones/SOC/Car_Project/vitis/FullCar_AllFeatures_V0_1/zynq_fsbl/zynq_fsbl_bsp/system.mss|system||

TRACE::2025-05-23.18:07:15::SCWMssOS::Sw design exists and opened at  M:/projects/clones/SOC/Car_Project/vitis/FullCar_AllFeatures_V0_1/zynq_fsbl/zynq_fsbl_bsp/system.mss
TRACE::2025-05-23.18:07:15::SCWWriter::formatted JSON is {
	"platformName":	"FullCar_AllFeatures_V0_1",
	"sprVersion":	"2.0",
	"mode":	"gui",
	"dsaType":	"Fixed",
	"platformDesc":	"FullCar_AllFeatures_V0_1",
	"platHandOff":	"M:/projects/clones/SOC/Car_Project/vivado/XSA/FullCar_AllFeatures_V0_1.xsa",
	"platIntHandOff":	"<platformDir>/hw/FullCar_AllFeatures_V0_1.xsa",
	"deviceType":	"zynq",
	"platIsPrebuiltAutogen":	"false",
	"platIsNoBootBsp":	"false",
	"platFsblTarget":	"ps7_cortexa9_0",
	"hasFsblMakeHasChanges":	"false",
	"hasPmufwMakeHasChanges":	"false",
	"fsblExtraCompilerFlags":	"-MMD -MP       -mcpu=cortex-a9 -mfpu=vfpv3 -mfloat-abi=hard ",
	"platPreBuiltFlag":	false,
	"platformSamplesDir":	"",
	"platActiveSys":	"FullCar_AllFeatures_V0_1",
	"systems":	[{
			"systemName":	"FullCar_AllFeatures_V0_1",
			"systemDesc":	"FullCar_AllFeatures_V0_1",
			"sysIsBootAutoGen":	"true",
			"systemDispName":	"FullCar_AllFeatures_V0_1",
			"sysActiveDom":	"zynq_fsbl",
			"sysDefaultDom":	"",
			"domains":	[{
					"domainName":	"zynq_fsbl",
					"domainDispName":	"zynq_fsbl",
					"domainDesc":	"FSBL Application BSP - Auto Generated.",
					"processors":	"ps7_cortexa9_0",
					"os":	"standalone",
					"sdxOs":	"standalone",
					"debugEnable":	"",
					"domRuntimes":	["cpp"],
					"swRepo":	"",
					"mssOsVer":	"9.1",
					"mssFile":	"",
					"md5Digest":	"64fce8e86c92608d547c70ee7285b026",
					"compatibleApp":	"zynq_fsbl",
					"domType":	"bootDomain",
					"arch":	"32-bit",
					"appSettings":	{
						"appCompilerFlags":	"",
						"appLinkerFlags":	""
					},
					"addedLibs":	["xilffs:5.2", "xilrsa:1.8"],
					"libOptions":	{
						"libsContainingOptions":	[]
					},
					"prebuiltLibs":	{
						"prebuiltIncPath":	[],
						"prebuiltLibPath":	[]
					},
					"isolation":	{
					}
				}]
		}]
}
TRACE::2025-05-23.18:07:15::SCWPlatform::Trying to open the hw design at M:/projects/clones/SOC/Car_Project/vitis/FullCar_AllFeatures_V0_1/hw/FullCar_AllFeatures_V0_1.xsa
TRACE::2025-05-23.18:07:15::SCWPlatform::DSA given M:/projects/clones/SOC/Car_Project/vitis/FullCar_AllFeatures_V0_1/hw/FullCar_AllFeatures_V0_1.xsa
TRACE::2025-05-23.18:07:15::SCWPlatform::DSA absoulate path M:/projects/clones/SOC/Car_Project/vitis/FullCar_AllFeatures_V0_1/hw/FullCar_AllFeatures_V0_1.xsa
TRACE::2025-05-23.18:07:15::SCWPlatform::DSA directory M:/projects/clones/SOC/Car_Project/vitis/FullCar_AllFeatures_V0_1/hw
TRACE::2025-05-23.18:07:15::SCWPlatform:: Platform Path M:/projects/clones/SOC/Car_Project/vitis/FullCar_AllFeatures_V0_1/hw/FullCar_AllFeatures_V0_1.xsa
TRACE::2025-05-23.18:07:15::SCWPlatform:: Unique name xilinx:pynq-z2::0.0
TRACE::2025-05-23.18:07:15::SCWPlatform::Trying to set the existing hwdb with name design_1_wrapper_0
TRACE::2025-05-23.18:07:15::SCWPlatform::Opened existing hwdb design_1_wrapper_0
TRACE::2025-05-23.18:07:15::SCWPlatform::Found the Hw Db part of the input DSA
TRACE::2025-05-23.18:07:15::SCWDomain::checking for install qemu data   : 
TRACE::2025-05-23.18:07:15::SCWDomain:: Using the QEMU Data from install at  : E:/Vitis/2024.1/data/emulation/platforms/zynq/sw/a9_standalone/qemu/
TRACE::2025-05-23.18:07:15::SCWDomain:: Using the QEMU args  from install at  : E:/Vitis/2024.1/data/emulation/platforms/zynq/sw/a9_standalone/qemu/qemu_args.txt
TRACE::2025-05-23.18:07:15::SCWPlatform::Trying to open the hw design at M:/projects/clones/SOC/Car_Project/vitis/FullCar_AllFeatures_V0_1/hw/FullCar_AllFeatures_V0_1.xsa
TRACE::2025-05-23.18:07:15::SCWPlatform::DSA given M:/projects/clones/SOC/Car_Project/vitis/FullCar_AllFeatures_V0_1/hw/FullCar_AllFeatures_V0_1.xsa
TRACE::2025-05-23.18:07:15::SCWPlatform::DSA absoulate path M:/projects/clones/SOC/Car_Project/vitis/FullCar_AllFeatures_V0_1/hw/FullCar_AllFeatures_V0_1.xsa
TRACE::2025-05-23.18:07:15::SCWPlatform::DSA directory M:/projects/clones/SOC/Car_Project/vitis/FullCar_AllFeatures_V0_1/hw
TRACE::2025-05-23.18:07:15::SCWPlatform:: Platform Path M:/projects/clones/SOC/Car_Project/vitis/FullCar_AllFeatures_V0_1/hw/FullCar_AllFeatures_V0_1.xsa
TRACE::2025-05-23.18:07:15::SCWPlatform:: Unique name xilinx:pynq-z2::0.0
TRACE::2025-05-23.18:07:15::SCWPlatform::Trying to set the existing hwdb with name design_1_wrapper_0
TRACE::2025-05-23.18:07:15::SCWPlatform::Opened existing hwdb design_1_wrapper_0
TRACE::2025-05-23.18:07:15::SCWPlatform::Found the Hw Db part of the input DSA
TRACE::2025-05-23.18:07:15::SCWPlatform::Trying to open the hw design at M:/projects/clones/SOC/Car_Project/vitis/FullCar_AllFeatures_V0_1/hw/FullCar_AllFeatures_V0_1.xsa
TRACE::2025-05-23.18:07:15::SCWPlatform::DSA given M:/projects/clones/SOC/Car_Project/vitis/FullCar_AllFeatures_V0_1/hw/FullCar_AllFeatures_V0_1.xsa
TRACE::2025-05-23.18:07:15::SCWPlatform::DSA absoulate path M:/projects/clones/SOC/Car_Project/vitis/FullCar_AllFeatures_V0_1/hw/FullCar_AllFeatures_V0_1.xsa
TRACE::2025-05-23.18:07:15::SCWPlatform::DSA directory M:/projects/clones/SOC/Car_Project/vitis/FullCar_AllFeatures_V0_1/hw
TRACE::2025-05-23.18:07:15::SCWPlatform:: Platform Path M:/projects/clones/SOC/Car_Project/vitis/FullCar_AllFeatures_V0_1/hw/FullCar_AllFeatures_V0_1.xsa
TRACE::2025-05-23.18:07:15::SCWPlatform:: Unique name xilinx:pynq-z2::0.0
TRACE::2025-05-23.18:07:15::SCWPlatform::Trying to set the existing hwdb with name design_1_wrapper_0
TRACE::2025-05-23.18:07:15::SCWPlatform::Opened existing hwdb design_1_wrapper_0
TRACE::2025-05-23.18:07:15::SCWPlatform::Found the Hw Db part of the input DSA
TRACE::2025-05-23.18:07:15::SCWDomain::Qemu Directory name is changed from "" to "qemu"
TRACE::2025-05-23.18:07:15::SCWPlatform::Trying to open the hw design at M:/projects/clones/SOC/Car_Project/vitis/FullCar_AllFeatures_V0_1/hw/FullCar_AllFeatures_V0_1.xsa
TRACE::2025-05-23.18:07:15::SCWPlatform::DSA given M:/projects/clones/SOC/Car_Project/vitis/FullCar_AllFeatures_V0_1/hw/FullCar_AllFeatures_V0_1.xsa
TRACE::2025-05-23.18:07:15::SCWPlatform::DSA absoulate path M:/projects/clones/SOC/Car_Project/vitis/FullCar_AllFeatures_V0_1/hw/FullCar_AllFeatures_V0_1.xsa
TRACE::2025-05-23.18:07:15::SCWPlatform::DSA directory M:/projects/clones/SOC/Car_Project/vitis/FullCar_AllFeatures_V0_1/hw
TRACE::2025-05-23.18:07:15::SCWPlatform:: Platform Path M:/projects/clones/SOC/Car_Project/vitis/FullCar_AllFeatures_V0_1/hw/FullCar_AllFeatures_V0_1.xsa
TRACE::2025-05-23.18:07:15::SCWPlatform:: Unique name xilinx:pynq-z2::0.0
TRACE::2025-05-23.18:07:15::SCWPlatform::Trying to set the existing hwdb with name design_1_wrapper_0
TRACE::2025-05-23.18:07:15::SCWPlatform::Opened existing hwdb design_1_wrapper_0
TRACE::2025-05-23.18:07:15::SCWPlatform::Found the Hw Db part of the input DSA
TRACE::2025-05-23.18:07:15::SCWMssOS::Checking the sw design at  M:/projects/clones/SOC/Car_Project/vitis/FullCar_AllFeatures_V0_1/ps7_cortexa9_0/standalone_ps7_cortexa9_0/bsp/system.mss
TRACE::2025-05-23.18:07:15::SCWMssOS::DEBUG:  swdes dump  M:/projects/clones/SOC/Car_Project/vitis/FullCar_AllFeatures_V0_1/zynq_fsbl/zynq_fsbl_bsp/system.mss|system||

TRACE::2025-05-23.18:07:15::SCWMssOS::No sw design opened at  M:/projects/clones/SOC/Car_Project/vitis/FullCar_AllFeatures_V0_1/ps7_cortexa9_0/standalone_ps7_cortexa9_0/bsp/system.mss
TRACE::2025-05-23.18:07:15::SCWMssOS::mss does not exists at M:/projects/clones/SOC/Car_Project/vitis/FullCar_AllFeatures_V0_1/ps7_cortexa9_0/standalone_ps7_cortexa9_0/bsp/system.mss
TRACE::2025-05-23.18:07:15::SCWMssOS::Creating sw design at  M:/projects/clones/SOC/Car_Project/vitis/FullCar_AllFeatures_V0_1/ps7_cortexa9_0/standalone_ps7_cortexa9_0/bsp/system.mss
TRACE::2025-05-23.18:07:15::SCWMssOS::Adding the swdes entry, created swdb M:/projects/clones/SOC/Car_Project/vitis/FullCar_AllFeatures_V0_1/ps7_cortexa9_0/standalone_ps7_cortexa9_0/bsp/system.mss with des name M:/projects/clones/SOC/Car_Project/vitis/FullCar_AllFeatures_V0_1/ps7_cortexa9_0/standalone_ps7_cortexa9_0/bsp/system.mss
TRACE::2025-05-23.18:07:15::SCWMssOS::updating the scw layer changes to swdes at   M:/projects/clones/SOC/Car_Project/vitis/FullCar_AllFeatures_V0_1/ps7_cortexa9_0/standalone_ps7_cortexa9_0/bsp/system.mss
TRACE::2025-05-23.18:07:15::SCWMssOS::Writing mss at M:/projects/clones/SOC/Car_Project/vitis/FullCar_AllFeatures_V0_1/ps7_cortexa9_0/standalone_ps7_cortexa9_0/bsp/system.mss
TRACE::2025-05-23.18:07:15::SCWMssOS::Completed writing the mss file at M:/projects/clones/SOC/Car_Project/vitis/FullCar_AllFeatures_V0_1/ps7_cortexa9_0/standalone_ps7_cortexa9_0/bsp
TRACE::2025-05-23.18:07:15::SCWMssOS::Picking up changes from newly written mss file into SCW Layer. 
TRACE::2025-05-23.18:07:15::SCWMssOS::Updated the changes from newly written mss file into SCW Layer. 
TRACE::2025-05-23.18:07:15::SCWMssOS::Completed writing the mss file at M:/projects/clones/SOC/Car_Project/vitis/FullCar_AllFeatures_V0_1/ps7_cortexa9_0/standalone_ps7_cortexa9_0/bsp
TRACE::2025-05-23.18:07:15::SCWMssOS::Forcing BSP Sources regeneration.
TRACE::2025-05-23.18:07:16::SCWMssOS::Saving the mss changes M:/projects/clones/SOC/Car_Project/vitis/FullCar_AllFeatures_V0_1/zynq_fsbl/zynq_fsbl_bsp/system.mss
TRACE::2025-05-23.18:07:16::SCWMssOS::Found a swdesign opened with the mssfile.
TRACE::2025-05-23.18:07:16::SCWMssOS::Completed writemss as part of save.
TRACE::2025-05-23.18:07:16::SCWMssOS::Commit changes completed.
TRACE::2025-05-23.18:07:16::SCWMssOS::Saving the mss changes M:/projects/clones/SOC/Car_Project/vitis/FullCar_AllFeatures_V0_1/ps7_cortexa9_0/standalone_ps7_cortexa9_0/bsp/system.mss
TRACE::2025-05-23.18:07:16::SCWMssOS::Adding the swdes entry, mss present, able to open swdb M:/projects/clones/SOC/Car_Project/vitis/FullCar_AllFeatures_V0_1/ps7_cortexa9_0/standalone_ps7_cortexa9_0/bsp/system.mss with des name system_0
TRACE::2025-05-23.18:07:16::SCWMssOS::Writing the mss file completed M:/projects/clones/SOC/Car_Project/vitis/FullCar_AllFeatures_V0_1/ps7_cortexa9_0/standalone_ps7_cortexa9_0/bsp/system.mss
TRACE::2025-05-23.18:07:16::SCWMssOS::Commit changes completed.
TRACE::2025-05-23.18:07:16::SCWPlatform::Trying to open the hw design at M:/projects/clones/SOC/Car_Project/vitis/FullCar_AllFeatures_V0_1/hw/FullCar_AllFeatures_V0_1.xsa
TRACE::2025-05-23.18:07:16::SCWPlatform::DSA given M:/projects/clones/SOC/Car_Project/vitis/FullCar_AllFeatures_V0_1/hw/FullCar_AllFeatures_V0_1.xsa
TRACE::2025-05-23.18:07:16::SCWPlatform::DSA absoulate path M:/projects/clones/SOC/Car_Project/vitis/FullCar_AllFeatures_V0_1/hw/FullCar_AllFeatures_V0_1.xsa
TRACE::2025-05-23.18:07:16::SCWPlatform::DSA directory M:/projects/clones/SOC/Car_Project/vitis/FullCar_AllFeatures_V0_1/hw
TRACE::2025-05-23.18:07:16::SCWPlatform:: Platform Path M:/projects/clones/SOC/Car_Project/vitis/FullCar_AllFeatures_V0_1/hw/FullCar_AllFeatures_V0_1.xsa
TRACE::2025-05-23.18:07:16::SCWPlatform:: Unique name xilinx:pynq-z2::0.0
TRACE::2025-05-23.18:07:16::SCWPlatform::Trying to set the existing hwdb with name design_1_wrapper_0
TRACE::2025-05-23.18:07:16::SCWPlatform::Opened existing hwdb design_1_wrapper_0
TRACE::2025-05-23.18:07:16::SCWPlatform::Found the Hw Db part of the input DSA
TRACE::2025-05-23.18:07:16::SCWMssOS::Checking the sw design at  M:/projects/clones/SOC/Car_Project/vitis/FullCar_AllFeatures_V0_1/zynq_fsbl/zynq_fsbl_bsp/system.mss
TRACE::2025-05-23.18:07:16::SCWMssOS::DEBUG:  swdes dump  M:/projects/clones/SOC/Car_Project/vitis/FullCar_AllFeatures_V0_1/ps7_cortexa9_0/standalone_ps7_cortexa9_0/bsp/system.mss|system_0||
M:/projects/clones/SOC/Car_Project/vitis/FullCar_AllFeatures_V0_1/zynq_fsbl/zynq_fsbl_bsp/system.mss|system||

TRACE::2025-05-23.18:07:16::SCWMssOS::Sw design exists and opened at  M:/projects/clones/SOC/Car_Project/vitis/FullCar_AllFeatures_V0_1/zynq_fsbl/zynq_fsbl_bsp/system.mss
TRACE::2025-05-23.18:07:16::SCWPlatform::Trying to open the hw design at M:/projects/clones/SOC/Car_Project/vitis/FullCar_AllFeatures_V0_1/hw/FullCar_AllFeatures_V0_1.xsa
TRACE::2025-05-23.18:07:16::SCWPlatform::DSA given M:/projects/clones/SOC/Car_Project/vitis/FullCar_AllFeatures_V0_1/hw/FullCar_AllFeatures_V0_1.xsa
TRACE::2025-05-23.18:07:16::SCWPlatform::DSA absoulate path M:/projects/clones/SOC/Car_Project/vitis/FullCar_AllFeatures_V0_1/hw/FullCar_AllFeatures_V0_1.xsa
TRACE::2025-05-23.18:07:16::SCWPlatform::DSA directory M:/projects/clones/SOC/Car_Project/vitis/FullCar_AllFeatures_V0_1/hw
TRACE::2025-05-23.18:07:16::SCWPlatform:: Platform Path M:/projects/clones/SOC/Car_Project/vitis/FullCar_AllFeatures_V0_1/hw/FullCar_AllFeatures_V0_1.xsa
TRACE::2025-05-23.18:07:16::SCWPlatform:: Unique name xilinx:pynq-z2::0.0
TRACE::2025-05-23.18:07:16::SCWPlatform::Trying to set the existing hwdb with name design_1_wrapper_0
TRACE::2025-05-23.18:07:16::SCWPlatform::Opened existing hwdb design_1_wrapper_0
TRACE::2025-05-23.18:07:16::SCWPlatform::Found the Hw Db part of the input DSA
TRACE::2025-05-23.18:07:16::SCWMssOS::Checking the sw design at  M:/projects/clones/SOC/Car_Project/vitis/FullCar_AllFeatures_V0_1/zynq_fsbl/zynq_fsbl_bsp/system.mss
TRACE::2025-05-23.18:07:16::SCWMssOS::DEBUG:  swdes dump  M:/projects/clones/SOC/Car_Project/vitis/FullCar_AllFeatures_V0_1/ps7_cortexa9_0/standalone_ps7_cortexa9_0/bsp/system.mss|system_0||
M:/projects/clones/SOC/Car_Project/vitis/FullCar_AllFeatures_V0_1/zynq_fsbl/zynq_fsbl_bsp/system.mss|system||

TRACE::2025-05-23.18:07:16::SCWMssOS::Sw design exists and opened at  M:/projects/clones/SOC/Car_Project/vitis/FullCar_AllFeatures_V0_1/zynq_fsbl/zynq_fsbl_bsp/system.mss
TRACE::2025-05-23.18:07:16::SCWPlatform::Trying to open the hw design at M:/projects/clones/SOC/Car_Project/vitis/FullCar_AllFeatures_V0_1/hw/FullCar_AllFeatures_V0_1.xsa
TRACE::2025-05-23.18:07:16::SCWPlatform::DSA given M:/projects/clones/SOC/Car_Project/vitis/FullCar_AllFeatures_V0_1/hw/FullCar_AllFeatures_V0_1.xsa
TRACE::2025-05-23.18:07:16::SCWPlatform::DSA absoulate path M:/projects/clones/SOC/Car_Project/vitis/FullCar_AllFeatures_V0_1/hw/FullCar_AllFeatures_V0_1.xsa
TRACE::2025-05-23.18:07:16::SCWPlatform::DSA directory M:/projects/clones/SOC/Car_Project/vitis/FullCar_AllFeatures_V0_1/hw
TRACE::2025-05-23.18:07:16::SCWPlatform:: Platform Path M:/projects/clones/SOC/Car_Project/vitis/FullCar_AllFeatures_V0_1/hw/FullCar_AllFeatures_V0_1.xsa
TRACE::2025-05-23.18:07:16::SCWPlatform:: Unique name xilinx:pynq-z2::0.0
TRACE::2025-05-23.18:07:16::SCWPlatform::Trying to set the existing hwdb with name design_1_wrapper_0
TRACE::2025-05-23.18:07:16::SCWPlatform::Opened existing hwdb design_1_wrapper_0
TRACE::2025-05-23.18:07:16::SCWPlatform::Found the Hw Db part of the input DSA
TRACE::2025-05-23.18:07:16::SCWMssOS::Checking the sw design at  M:/projects/clones/SOC/Car_Project/vitis/FullCar_AllFeatures_V0_1/zynq_fsbl/zynq_fsbl_bsp/system.mss
TRACE::2025-05-23.18:07:16::SCWMssOS::DEBUG:  swdes dump  M:/projects/clones/SOC/Car_Project/vitis/FullCar_AllFeatures_V0_1/ps7_cortexa9_0/standalone_ps7_cortexa9_0/bsp/system.mss|system_0||
M:/projects/clones/SOC/Car_Project/vitis/FullCar_AllFeatures_V0_1/zynq_fsbl/zynq_fsbl_bsp/system.mss|system||

TRACE::2025-05-23.18:07:16::SCWMssOS::Sw design exists and opened at  M:/projects/clones/SOC/Car_Project/vitis/FullCar_AllFeatures_V0_1/zynq_fsbl/zynq_fsbl_bsp/system.mss
TRACE::2025-05-23.18:07:16::SCWPlatform::Trying to open the hw design at M:/projects/clones/SOC/Car_Project/vitis/FullCar_AllFeatures_V0_1/hw/FullCar_AllFeatures_V0_1.xsa
TRACE::2025-05-23.18:07:16::SCWPlatform::DSA given M:/projects/clones/SOC/Car_Project/vitis/FullCar_AllFeatures_V0_1/hw/FullCar_AllFeatures_V0_1.xsa
TRACE::2025-05-23.18:07:16::SCWPlatform::DSA absoulate path M:/projects/clones/SOC/Car_Project/vitis/FullCar_AllFeatures_V0_1/hw/FullCar_AllFeatures_V0_1.xsa
TRACE::2025-05-23.18:07:16::SCWPlatform::DSA directory M:/projects/clones/SOC/Car_Project/vitis/FullCar_AllFeatures_V0_1/hw
TRACE::2025-05-23.18:07:16::SCWPlatform:: Platform Path M:/projects/clones/SOC/Car_Project/vitis/FullCar_AllFeatures_V0_1/hw/FullCar_AllFeatures_V0_1.xsa
TRACE::2025-05-23.18:07:16::SCWPlatform:: Unique name xilinx:pynq-z2::0.0
TRACE::2025-05-23.18:07:16::SCWPlatform::Trying to set the existing hwdb with name design_1_wrapper_0
TRACE::2025-05-23.18:07:16::SCWPlatform::Opened existing hwdb design_1_wrapper_0
TRACE::2025-05-23.18:07:16::SCWPlatform::Found the Hw Db part of the input DSA
TRACE::2025-05-23.18:07:16::SCWMssOS::Checking the sw design at  M:/projects/clones/SOC/Car_Project/vitis/FullCar_AllFeatures_V0_1/ps7_cortexa9_0/standalone_ps7_cortexa9_0/bsp/system.mss
TRACE::2025-05-23.18:07:16::SCWMssOS::DEBUG:  swdes dump  M:/projects/clones/SOC/Car_Project/vitis/FullCar_AllFeatures_V0_1/ps7_cortexa9_0/standalone_ps7_cortexa9_0/bsp/system.mss|system_0||
M:/projects/clones/SOC/Car_Project/vitis/FullCar_AllFeatures_V0_1/zynq_fsbl/zynq_fsbl_bsp/system.mss|system||

TRACE::2025-05-23.18:07:16::SCWMssOS::Sw design exists and opened at  M:/projects/clones/SOC/Car_Project/vitis/FullCar_AllFeatures_V0_1/ps7_cortexa9_0/standalone_ps7_cortexa9_0/bsp/system.mss
TRACE::2025-05-23.18:07:16::SCWPlatform::Trying to open the hw design at M:/projects/clones/SOC/Car_Project/vitis/FullCar_AllFeatures_V0_1/hw/FullCar_AllFeatures_V0_1.xsa
TRACE::2025-05-23.18:07:16::SCWPlatform::DSA given M:/projects/clones/SOC/Car_Project/vitis/FullCar_AllFeatures_V0_1/hw/FullCar_AllFeatures_V0_1.xsa
TRACE::2025-05-23.18:07:16::SCWPlatform::DSA absoulate path M:/projects/clones/SOC/Car_Project/vitis/FullCar_AllFeatures_V0_1/hw/FullCar_AllFeatures_V0_1.xsa
TRACE::2025-05-23.18:07:16::SCWPlatform::DSA directory M:/projects/clones/SOC/Car_Project/vitis/FullCar_AllFeatures_V0_1/hw
TRACE::2025-05-23.18:07:16::SCWPlatform:: Platform Path M:/projects/clones/SOC/Car_Project/vitis/FullCar_AllFeatures_V0_1/hw/FullCar_AllFeatures_V0_1.xsa
TRACE::2025-05-23.18:07:16::SCWPlatform:: Unique name xilinx:pynq-z2::0.0
TRACE::2025-05-23.18:07:16::SCWPlatform::Trying to set the existing hwdb with name design_1_wrapper_0
TRACE::2025-05-23.18:07:16::SCWPlatform::Opened existing hwdb design_1_wrapper_0
TRACE::2025-05-23.18:07:16::SCWPlatform::Found the Hw Db part of the input DSA
TRACE::2025-05-23.18:07:16::SCWMssOS::Checking the sw design at  M:/projects/clones/SOC/Car_Project/vitis/FullCar_AllFeatures_V0_1/ps7_cortexa9_0/standalone_ps7_cortexa9_0/bsp/system.mss
TRACE::2025-05-23.18:07:16::SCWMssOS::DEBUG:  swdes dump  M:/projects/clones/SOC/Car_Project/vitis/FullCar_AllFeatures_V0_1/ps7_cortexa9_0/standalone_ps7_cortexa9_0/bsp/system.mss|system_0||
M:/projects/clones/SOC/Car_Project/vitis/FullCar_AllFeatures_V0_1/zynq_fsbl/zynq_fsbl_bsp/system.mss|system||

TRACE::2025-05-23.18:07:16::SCWMssOS::Sw design exists and opened at  M:/projects/clones/SOC/Car_Project/vitis/FullCar_AllFeatures_V0_1/ps7_cortexa9_0/standalone_ps7_cortexa9_0/bsp/system.mss
TRACE::2025-05-23.18:07:16::SCWPlatform::Trying to open the hw design at M:/projects/clones/SOC/Car_Project/vitis/FullCar_AllFeatures_V0_1/hw/FullCar_AllFeatures_V0_1.xsa
TRACE::2025-05-23.18:07:16::SCWPlatform::DSA given M:/projects/clones/SOC/Car_Project/vitis/FullCar_AllFeatures_V0_1/hw/FullCar_AllFeatures_V0_1.xsa
TRACE::2025-05-23.18:07:16::SCWPlatform::DSA absoulate path M:/projects/clones/SOC/Car_Project/vitis/FullCar_AllFeatures_V0_1/hw/FullCar_AllFeatures_V0_1.xsa
TRACE::2025-05-23.18:07:16::SCWPlatform::DSA directory M:/projects/clones/SOC/Car_Project/vitis/FullCar_AllFeatures_V0_1/hw
TRACE::2025-05-23.18:07:16::SCWPlatform:: Platform Path M:/projects/clones/SOC/Car_Project/vitis/FullCar_AllFeatures_V0_1/hw/FullCar_AllFeatures_V0_1.xsa
TRACE::2025-05-23.18:07:16::SCWPlatform:: Unique name xilinx:pynq-z2::0.0
TRACE::2025-05-23.18:07:16::SCWPlatform::Trying to set the existing hwdb with name design_1_wrapper_0
TRACE::2025-05-23.18:07:16::SCWPlatform::Opened existing hwdb design_1_wrapper_0
TRACE::2025-05-23.18:07:16::SCWPlatform::Found the Hw Db part of the input DSA
TRACE::2025-05-23.18:07:16::SCWMssOS::Checking the sw design at  M:/projects/clones/SOC/Car_Project/vitis/FullCar_AllFeatures_V0_1/ps7_cortexa9_0/standalone_ps7_cortexa9_0/bsp/system.mss
TRACE::2025-05-23.18:07:16::SCWMssOS::DEBUG:  swdes dump  M:/projects/clones/SOC/Car_Project/vitis/FullCar_AllFeatures_V0_1/ps7_cortexa9_0/standalone_ps7_cortexa9_0/bsp/system.mss|system_0||
M:/projects/clones/SOC/Car_Project/vitis/FullCar_AllFeatures_V0_1/zynq_fsbl/zynq_fsbl_bsp/system.mss|system||

TRACE::2025-05-23.18:07:16::SCWMssOS::Sw design exists and opened at  M:/projects/clones/SOC/Car_Project/vitis/FullCar_AllFeatures_V0_1/ps7_cortexa9_0/standalone_ps7_cortexa9_0/bsp/system.mss
TRACE::2025-05-23.18:07:16::SCWWriter::formatted JSON is {
	"platformName":	"FullCar_AllFeatures_V0_1",
	"sprVersion":	"2.0",
	"mode":	"gui",
	"dsaType":	"Fixed",
	"platformDesc":	"FullCar_AllFeatures_V0_1",
	"platHandOff":	"M:/projects/clones/SOC/Car_Project/vivado/XSA/FullCar_AllFeatures_V0_1.xsa",
	"platIntHandOff":	"<platformDir>/hw/FullCar_AllFeatures_V0_1.xsa",
	"deviceType":	"zynq",
	"platIsPrebuiltAutogen":	"false",
	"platIsNoBootBsp":	"false",
	"platFsblTarget":	"ps7_cortexa9_0",
	"hasFsblMakeHasChanges":	"false",
	"hasPmufwMakeHasChanges":	"false",
	"fsblExtraCompilerFlags":	"-MMD -MP       -mcpu=cortex-a9 -mfpu=vfpv3 -mfloat-abi=hard ",
	"platPreBuiltFlag":	false,
	"platformSamplesDir":	"",
	"platActiveSys":	"FullCar_AllFeatures_V0_1",
	"systems":	[{
			"systemName":	"FullCar_AllFeatures_V0_1",
			"systemDesc":	"FullCar_AllFeatures_V0_1",
			"sysIsBootAutoGen":	"true",
			"systemDispName":	"FullCar_AllFeatures_V0_1",
			"sysActiveDom":	"standalone_ps7_cortexa9_0",
			"sysDefaultDom":	"standalone_ps7_cortexa9_0",
			"domains":	[{
					"domainName":	"zynq_fsbl",
					"domainDispName":	"zynq_fsbl",
					"domainDesc":	"FSBL Application BSP - Auto Generated.",
					"processors":	"ps7_cortexa9_0",
					"os":	"standalone",
					"sdxOs":	"standalone",
					"debugEnable":	"",
					"domRuntimes":	["cpp"],
					"swRepo":	"",
					"mssOsVer":	"9.1",
					"mssFile":	"",
					"md5Digest":	"64fce8e86c92608d547c70ee7285b026",
					"compatibleApp":	"zynq_fsbl",
					"domType":	"bootDomain",
					"arch":	"32-bit",
					"appSettings":	{
						"appCompilerFlags":	"",
						"appLinkerFlags":	""
					},
					"addedLibs":	["xilffs:5.2", "xilrsa:1.8"],
					"libOptions":	{
						"libsContainingOptions":	[]
					},
					"prebuiltLibs":	{
						"prebuiltIncPath":	[],
						"prebuiltLibPath":	[]
					},
					"isolation":	{
					}
				}, {
					"domainName":	"standalone_ps7_cortexa9_0",
					"domainDispName":	"standalone_ps7_cortexa9_0",
					"domainDesc":	"standalone_ps7_cortexa9_0",
					"processors":	"ps7_cortexa9_0",
					"os":	"standalone",
					"sdxOs":	"standalone",
					"qemuArgs":	"<platformDir>/resources/FullCar_AllFeatures_V0_1/standalone_ps7_cortexa9_0/qemu_args.txt",
					"qemuData":	"<platformDir>/resources/FullCar_AllFeatures_V0_1/standalone_ps7_cortexa9_0/qemu",
					"debugEnable":	"False",
					"domRuntimes":	["cpp"],
					"swRepo":	"",
					"mssOsVer":	"9.1",
					"mssFile":	"",
					"md5Digest":	"9b96d52dca00ece5ea6af278cd8f10e1",
					"compatibleApp":	"hello_world",
					"domType":	"mssDomain",
					"arch":	"32-bit",
					"appSettings":	{
						"appCompilerFlags":	"",
						"appLinkerFlags":	""
					},
					"addedLibs":	[],
					"libOptions":	{
						"libsContainingOptions":	[]
					},
					"prebuiltLibs":	{
						"prebuiltIncPath":	[],
						"prebuiltLibPath":	[]
					},
					"isolation":	{
					}
				}]
		}]
}
LOG::2025-05-23.18:07:16::SCWPlatform::Started generating the artifacts platform FullCar_AllFeatures_V0_1
TRACE::2025-05-23.18:07:16::SCWPlatform::Sanity checking of platform is completed
LOG::2025-05-23.18:07:16::SCWPlatform::Started generating the artifacts for system configuration FullCar_AllFeatures_V0_1
LOG::2025-05-23.18:07:16::SCWSystem::Checking the domain zynq_fsbl
LOG::2025-05-23.18:07:16::SCWSystem::Doing application build for :  zynq_fsbl
TRACE::2025-05-23.18:07:16::SCWBDomain::Not a forced makefile updation, No changes are present. 
TRACE::2025-05-23.18:07:16::SCWDomain::Skipping the build for domain :  zynq_fsbl
LOG::2025-05-23.18:07:16::SCWSystem::Checking the domain standalone_ps7_cortexa9_0
LOG::2025-05-23.18:07:16::SCWSystem::Not a boot domain 
LOG::2025-05-23.18:07:16::SCWSystem::Started Processing the domain standalone_ps7_cortexa9_0
TRACE::2025-05-23.18:07:16::SCWDomain::Generating domain artifcats
TRACE::2025-05-23.18:07:16::SCWMssOS::Generating standalone artifcats
TRACE::2025-05-23.18:07:16::SCWMssOS::Copying the qemu file from  M:/projects/clones/SOC/Car_Project/vitis/FullCar_AllFeatures_V0_1/resources/FullCar_AllFeatures_V0_1/standalone_ps7_cortexa9_0/qemu_args.txt To M:/projects/clones/SOC/Car_Project/vitis/FullCar_AllFeatures_V0_1/export/FullCar_AllFeatures_V0_1/sw/FullCar_AllFeatures_V0_1/qemu/
TRACE::2025-05-23.18:07:16::SCWMssOS::Copying the qemu file from  M:/projects/clones/SOC/Car_Project/vitis/FullCar_AllFeatures_V0_1/resources/FullCar_AllFeatures_V0_1/standalone_ps7_cortexa9_0/qemu_args.txt To M:/projects/clones/SOC/Car_Project/vitis/FullCar_AllFeatures_V0_1/export/FullCar_AllFeatures_V0_1/sw/FullCar_AllFeatures_V0_1/standalone_ps7_cortexa9_0/qemu/
TRACE::2025-05-23.18:07:16::SCWMssOS:: Copying the user libraries. 
TRACE::2025-05-23.18:07:16::SCWPlatform::Trying to open the hw design at M:/projects/clones/SOC/Car_Project/vitis/FullCar_AllFeatures_V0_1/hw/FullCar_AllFeatures_V0_1.xsa
TRACE::2025-05-23.18:07:16::SCWPlatform::DSA given M:/projects/clones/SOC/Car_Project/vitis/FullCar_AllFeatures_V0_1/hw/FullCar_AllFeatures_V0_1.xsa
TRACE::2025-05-23.18:07:16::SCWPlatform::DSA absoulate path M:/projects/clones/SOC/Car_Project/vitis/FullCar_AllFeatures_V0_1/hw/FullCar_AllFeatures_V0_1.xsa
TRACE::2025-05-23.18:07:16::SCWPlatform::DSA directory M:/projects/clones/SOC/Car_Project/vitis/FullCar_AllFeatures_V0_1/hw
TRACE::2025-05-23.18:07:16::SCWPlatform:: Platform Path M:/projects/clones/SOC/Car_Project/vitis/FullCar_AllFeatures_V0_1/hw/FullCar_AllFeatures_V0_1.xsa
TRACE::2025-05-23.18:07:16::SCWPlatform:: Unique name xilinx:pynq-z2::0.0
TRACE::2025-05-23.18:07:16::SCWPlatform::Trying to set the existing hwdb with name design_1_wrapper_0
TRACE::2025-05-23.18:07:16::SCWPlatform::Opened existing hwdb design_1_wrapper_0
TRACE::2025-05-23.18:07:16::SCWPlatform::Found the Hw Db part of the input DSA
TRACE::2025-05-23.18:07:16::SCWMssOS::Checking the sw design at  M:/projects/clones/SOC/Car_Project/vitis/FullCar_AllFeatures_V0_1/ps7_cortexa9_0/standalone_ps7_cortexa9_0/bsp/system.mss
TRACE::2025-05-23.18:07:16::SCWMssOS::DEBUG:  swdes dump  M:/projects/clones/SOC/Car_Project/vitis/FullCar_AllFeatures_V0_1/ps7_cortexa9_0/standalone_ps7_cortexa9_0/bsp/system.mss|system_0||
M:/projects/clones/SOC/Car_Project/vitis/FullCar_AllFeatures_V0_1/zynq_fsbl/zynq_fsbl_bsp/system.mss|system||

TRACE::2025-05-23.18:07:16::SCWMssOS::Sw design exists and opened at  M:/projects/clones/SOC/Car_Project/vitis/FullCar_AllFeatures_V0_1/ps7_cortexa9_0/standalone_ps7_cortexa9_0/bsp/system.mss
TRACE::2025-05-23.18:07:16::SCWMssOS::Completed writing the mss file at M:/projects/clones/SOC/Car_Project/vitis/FullCar_AllFeatures_V0_1/ps7_cortexa9_0/standalone_ps7_cortexa9_0/bsp
TRACE::2025-05-23.18:07:16::SCWMssOS::Mss edits present, copying mssfile into export location M:/projects/clones/SOC/Car_Project/vitis/FullCar_AllFeatures_V0_1/ps7_cortexa9_0/standalone_ps7_cortexa9_0/bsp/system.mss
TRACE::2025-05-23.18:07:16::SCWMssOS::bsp generated is upto date with the mss file. Skipping bsp generation.
TRACE::2025-05-23.18:07:16::SCWMssOS::BSP is already built. skipping the bsp build ... 
TRACE::2025-05-23.18:07:16::SCWDomain::Skipping the build for domain :  standalone_ps7_cortexa9_0
TRACE::2025-05-23.18:07:16::SCWMssOS::skipping the bsp build ... 
TRACE::2025-05-23.18:07:16::SCWMssOS::Copying to export directory.
TRACE::2025-05-23.18:07:16::SCWMssOS:: Checking if to create the Supporting Applications
TRACE::2025-05-23.18:07:16::SCWMssOS:: No Linux domain exists, trying to generate FSBL 
TRACE::2025-05-23.18:07:16::SCWMssOS:: Completed Standalone Artifacts creation 
LOG::2025-05-23.18:07:16::SCWSystem::Completed Processing the domain standalone_ps7_cortexa9_0
LOG::2025-05-23.18:07:16::SCWSystem::Completed Processing the sysconfig FullCar_AllFeatures_V0_1
LOG::2025-05-23.18:07:16::SCWPlatform::Completed generating the artifacts for system configuration FullCar_AllFeatures_V0_1
TRACE::2025-05-23.18:07:16::SCWPlatform::Started preparing the platform 
TRACE::2025-05-23.18:07:16::SCWSystem::Writing the bif file for system config FullCar_AllFeatures_V0_1
TRACE::2025-05-23.18:07:16::SCWSystem::dir created 
TRACE::2025-05-23.18:07:16::SCWSystem::Writing the bif 
TRACE::2025-05-23.18:07:16::SCWPlatform::Started writing the spfm file 
TRACE::2025-05-23.18:07:16::SCWPlatform::Started writing the xpfm file 
TRACE::2025-05-23.18:07:16::SCWPlatform::Completed generating the platform
TRACE::2025-05-23.18:07:16::SCWMssOS::Saving the mss changes M:/projects/clones/SOC/Car_Project/vitis/FullCar_AllFeatures_V0_1/zynq_fsbl/zynq_fsbl_bsp/system.mss
TRACE::2025-05-23.18:07:16::SCWMssOS::Found a swdesign opened with the mssfile.
TRACE::2025-05-23.18:07:16::SCWMssOS::Completed writemss as part of save.
TRACE::2025-05-23.18:07:16::SCWMssOS::Commit changes completed.
TRACE::2025-05-23.18:07:16::SCWMssOS::Saving the mss changes M:/projects/clones/SOC/Car_Project/vitis/FullCar_AllFeatures_V0_1/ps7_cortexa9_0/standalone_ps7_cortexa9_0/bsp/system.mss
TRACE::2025-05-23.18:07:16::SCWMssOS::Found a swdesign opened with the mssfile.
TRACE::2025-05-23.18:07:16::SCWMssOS::Completed writemss as part of save.
TRACE::2025-05-23.18:07:16::SCWMssOS::Commit changes completed.
TRACE::2025-05-23.18:07:16::SCWPlatform::Trying to open the hw design at M:/projects/clones/SOC/Car_Project/vitis/FullCar_AllFeatures_V0_1/hw/FullCar_AllFeatures_V0_1.xsa
TRACE::2025-05-23.18:07:16::SCWPlatform::DSA given M:/projects/clones/SOC/Car_Project/vitis/FullCar_AllFeatures_V0_1/hw/FullCar_AllFeatures_V0_1.xsa
TRACE::2025-05-23.18:07:16::SCWPlatform::DSA absoulate path M:/projects/clones/SOC/Car_Project/vitis/FullCar_AllFeatures_V0_1/hw/FullCar_AllFeatures_V0_1.xsa
TRACE::2025-05-23.18:07:16::SCWPlatform::DSA directory M:/projects/clones/SOC/Car_Project/vitis/FullCar_AllFeatures_V0_1/hw
TRACE::2025-05-23.18:07:16::SCWPlatform:: Platform Path M:/projects/clones/SOC/Car_Project/vitis/FullCar_AllFeatures_V0_1/hw/FullCar_AllFeatures_V0_1.xsa
TRACE::2025-05-23.18:07:16::SCWPlatform:: Unique name xilinx:pynq-z2::0.0
TRACE::2025-05-23.18:07:16::SCWPlatform::Trying to set the existing hwdb with name design_1_wrapper_0
TRACE::2025-05-23.18:07:16::SCWPlatform::Opened existing hwdb design_1_wrapper_0
TRACE::2025-05-23.18:07:16::SCWPlatform::Found the Hw Db part of the input DSA
TRACE::2025-05-23.18:07:16::SCWMssOS::Checking the sw design at  M:/projects/clones/SOC/Car_Project/vitis/FullCar_AllFeatures_V0_1/zynq_fsbl/zynq_fsbl_bsp/system.mss
TRACE::2025-05-23.18:07:16::SCWMssOS::DEBUG:  swdes dump  M:/projects/clones/SOC/Car_Project/vitis/FullCar_AllFeatures_V0_1/ps7_cortexa9_0/standalone_ps7_cortexa9_0/bsp/system.mss|system_0||
M:/projects/clones/SOC/Car_Project/vitis/FullCar_AllFeatures_V0_1/zynq_fsbl/zynq_fsbl_bsp/system.mss|system||

TRACE::2025-05-23.18:07:16::SCWMssOS::Sw design exists and opened at  M:/projects/clones/SOC/Car_Project/vitis/FullCar_AllFeatures_V0_1/zynq_fsbl/zynq_fsbl_bsp/system.mss
TRACE::2025-05-23.18:07:16::SCWPlatform::Trying to open the hw design at M:/projects/clones/SOC/Car_Project/vitis/FullCar_AllFeatures_V0_1/hw/FullCar_AllFeatures_V0_1.xsa
TRACE::2025-05-23.18:07:16::SCWPlatform::DSA given M:/projects/clones/SOC/Car_Project/vitis/FullCar_AllFeatures_V0_1/hw/FullCar_AllFeatures_V0_1.xsa
TRACE::2025-05-23.18:07:16::SCWPlatform::DSA absoulate path M:/projects/clones/SOC/Car_Project/vitis/FullCar_AllFeatures_V0_1/hw/FullCar_AllFeatures_V0_1.xsa
TRACE::2025-05-23.18:07:16::SCWPlatform::DSA directory M:/projects/clones/SOC/Car_Project/vitis/FullCar_AllFeatures_V0_1/hw
TRACE::2025-05-23.18:07:16::SCWPlatform:: Platform Path M:/projects/clones/SOC/Car_Project/vitis/FullCar_AllFeatures_V0_1/hw/FullCar_AllFeatures_V0_1.xsa
TRACE::2025-05-23.18:07:16::SCWPlatform:: Unique name xilinx:pynq-z2::0.0
TRACE::2025-05-23.18:07:16::SCWPlatform::Trying to set the existing hwdb with name design_1_wrapper_0
TRACE::2025-05-23.18:07:16::SCWPlatform::Opened existing hwdb design_1_wrapper_0
TRACE::2025-05-23.18:07:16::SCWPlatform::Found the Hw Db part of the input DSA
TRACE::2025-05-23.18:07:16::SCWMssOS::Checking the sw design at  M:/projects/clones/SOC/Car_Project/vitis/FullCar_AllFeatures_V0_1/zynq_fsbl/zynq_fsbl_bsp/system.mss
TRACE::2025-05-23.18:07:16::SCWMssOS::DEBUG:  swdes dump  M:/projects/clones/SOC/Car_Project/vitis/FullCar_AllFeatures_V0_1/ps7_cortexa9_0/standalone_ps7_cortexa9_0/bsp/system.mss|system_0||
M:/projects/clones/SOC/Car_Project/vitis/FullCar_AllFeatures_V0_1/zynq_fsbl/zynq_fsbl_bsp/system.mss|system||

TRACE::2025-05-23.18:07:16::SCWMssOS::Sw design exists and opened at  M:/projects/clones/SOC/Car_Project/vitis/FullCar_AllFeatures_V0_1/zynq_fsbl/zynq_fsbl_bsp/system.mss
TRACE::2025-05-23.18:07:16::SCWPlatform::Trying to open the hw design at M:/projects/clones/SOC/Car_Project/vitis/FullCar_AllFeatures_V0_1/hw/FullCar_AllFeatures_V0_1.xsa
TRACE::2025-05-23.18:07:16::SCWPlatform::DSA given M:/projects/clones/SOC/Car_Project/vitis/FullCar_AllFeatures_V0_1/hw/FullCar_AllFeatures_V0_1.xsa
TRACE::2025-05-23.18:07:16::SCWPlatform::DSA absoulate path M:/projects/clones/SOC/Car_Project/vitis/FullCar_AllFeatures_V0_1/hw/FullCar_AllFeatures_V0_1.xsa
TRACE::2025-05-23.18:07:16::SCWPlatform::DSA directory M:/projects/clones/SOC/Car_Project/vitis/FullCar_AllFeatures_V0_1/hw
TRACE::2025-05-23.18:07:16::SCWPlatform:: Platform Path M:/projects/clones/SOC/Car_Project/vitis/FullCar_AllFeatures_V0_1/hw/FullCar_AllFeatures_V0_1.xsa
TRACE::2025-05-23.18:07:16::SCWPlatform:: Unique name xilinx:pynq-z2::0.0
TRACE::2025-05-23.18:07:16::SCWPlatform::Trying to set the existing hwdb with name design_1_wrapper_0
TRACE::2025-05-23.18:07:16::SCWPlatform::Opened existing hwdb design_1_wrapper_0
TRACE::2025-05-23.18:07:16::SCWPlatform::Found the Hw Db part of the input DSA
TRACE::2025-05-23.18:07:16::SCWMssOS::Checking the sw design at  M:/projects/clones/SOC/Car_Project/vitis/FullCar_AllFeatures_V0_1/zynq_fsbl/zynq_fsbl_bsp/system.mss
TRACE::2025-05-23.18:07:16::SCWMssOS::DEBUG:  swdes dump  M:/projects/clones/SOC/Car_Project/vitis/FullCar_AllFeatures_V0_1/ps7_cortexa9_0/standalone_ps7_cortexa9_0/bsp/system.mss|system_0||
M:/projects/clones/SOC/Car_Project/vitis/FullCar_AllFeatures_V0_1/zynq_fsbl/zynq_fsbl_bsp/system.mss|system||

TRACE::2025-05-23.18:07:16::SCWMssOS::Sw design exists and opened at  M:/projects/clones/SOC/Car_Project/vitis/FullCar_AllFeatures_V0_1/zynq_fsbl/zynq_fsbl_bsp/system.mss
TRACE::2025-05-23.18:07:16::SCWPlatform::Trying to open the hw design at M:/projects/clones/SOC/Car_Project/vitis/FullCar_AllFeatures_V0_1/hw/FullCar_AllFeatures_V0_1.xsa
TRACE::2025-05-23.18:07:16::SCWPlatform::DSA given M:/projects/clones/SOC/Car_Project/vitis/FullCar_AllFeatures_V0_1/hw/FullCar_AllFeatures_V0_1.xsa
TRACE::2025-05-23.18:07:16::SCWPlatform::DSA absoulate path M:/projects/clones/SOC/Car_Project/vitis/FullCar_AllFeatures_V0_1/hw/FullCar_AllFeatures_V0_1.xsa
TRACE::2025-05-23.18:07:16::SCWPlatform::DSA directory M:/projects/clones/SOC/Car_Project/vitis/FullCar_AllFeatures_V0_1/hw
TRACE::2025-05-23.18:07:16::SCWPlatform:: Platform Path M:/projects/clones/SOC/Car_Project/vitis/FullCar_AllFeatures_V0_1/hw/FullCar_AllFeatures_V0_1.xsa
TRACE::2025-05-23.18:07:16::SCWPlatform:: Unique name xilinx:pynq-z2::0.0
TRACE::2025-05-23.18:07:16::SCWPlatform::Trying to set the existing hwdb with name design_1_wrapper_0
TRACE::2025-05-23.18:07:16::SCWPlatform::Opened existing hwdb design_1_wrapper_0
TRACE::2025-05-23.18:07:16::SCWPlatform::Found the Hw Db part of the input DSA
TRACE::2025-05-23.18:07:16::SCWMssOS::Checking the sw design at  M:/projects/clones/SOC/Car_Project/vitis/FullCar_AllFeatures_V0_1/ps7_cortexa9_0/standalone_ps7_cortexa9_0/bsp/system.mss
TRACE::2025-05-23.18:07:16::SCWMssOS::DEBUG:  swdes dump  M:/projects/clones/SOC/Car_Project/vitis/FullCar_AllFeatures_V0_1/ps7_cortexa9_0/standalone_ps7_cortexa9_0/bsp/system.mss|system_0||
M:/projects/clones/SOC/Car_Project/vitis/FullCar_AllFeatures_V0_1/zynq_fsbl/zynq_fsbl_bsp/system.mss|system||

TRACE::2025-05-23.18:07:16::SCWMssOS::Sw design exists and opened at  M:/projects/clones/SOC/Car_Project/vitis/FullCar_AllFeatures_V0_1/ps7_cortexa9_0/standalone_ps7_cortexa9_0/bsp/system.mss
TRACE::2025-05-23.18:07:16::SCWPlatform::Trying to open the hw design at M:/projects/clones/SOC/Car_Project/vitis/FullCar_AllFeatures_V0_1/hw/FullCar_AllFeatures_V0_1.xsa
TRACE::2025-05-23.18:07:16::SCWPlatform::DSA given M:/projects/clones/SOC/Car_Project/vitis/FullCar_AllFeatures_V0_1/hw/FullCar_AllFeatures_V0_1.xsa
TRACE::2025-05-23.18:07:16::SCWPlatform::DSA absoulate path M:/projects/clones/SOC/Car_Project/vitis/FullCar_AllFeatures_V0_1/hw/FullCar_AllFeatures_V0_1.xsa
TRACE::2025-05-23.18:07:16::SCWPlatform::DSA directory M:/projects/clones/SOC/Car_Project/vitis/FullCar_AllFeatures_V0_1/hw
TRACE::2025-05-23.18:07:16::SCWPlatform:: Platform Path M:/projects/clones/SOC/Car_Project/vitis/FullCar_AllFeatures_V0_1/hw/FullCar_AllFeatures_V0_1.xsa
TRACE::2025-05-23.18:07:16::SCWPlatform:: Unique name xilinx:pynq-z2::0.0
TRACE::2025-05-23.18:07:16::SCWPlatform::Trying to set the existing hwdb with name design_1_wrapper_0
TRACE::2025-05-23.18:07:16::SCWPlatform::Opened existing hwdb design_1_wrapper_0
TRACE::2025-05-23.18:07:16::SCWPlatform::Found the Hw Db part of the input DSA
TRACE::2025-05-23.18:07:16::SCWMssOS::Checking the sw design at  M:/projects/clones/SOC/Car_Project/vitis/FullCar_AllFeatures_V0_1/ps7_cortexa9_0/standalone_ps7_cortexa9_0/bsp/system.mss
TRACE::2025-05-23.18:07:16::SCWMssOS::DEBUG:  swdes dump  M:/projects/clones/SOC/Car_Project/vitis/FullCar_AllFeatures_V0_1/ps7_cortexa9_0/standalone_ps7_cortexa9_0/bsp/system.mss|system_0||
M:/projects/clones/SOC/Car_Project/vitis/FullCar_AllFeatures_V0_1/zynq_fsbl/zynq_fsbl_bsp/system.mss|system||

TRACE::2025-05-23.18:07:16::SCWMssOS::Sw design exists and opened at  M:/projects/clones/SOC/Car_Project/vitis/FullCar_AllFeatures_V0_1/ps7_cortexa9_0/standalone_ps7_cortexa9_0/bsp/system.mss
TRACE::2025-05-23.18:07:16::SCWPlatform::Trying to open the hw design at M:/projects/clones/SOC/Car_Project/vitis/FullCar_AllFeatures_V0_1/hw/FullCar_AllFeatures_V0_1.xsa
TRACE::2025-05-23.18:07:16::SCWPlatform::DSA given M:/projects/clones/SOC/Car_Project/vitis/FullCar_AllFeatures_V0_1/hw/FullCar_AllFeatures_V0_1.xsa
TRACE::2025-05-23.18:07:16::SCWPlatform::DSA absoulate path M:/projects/clones/SOC/Car_Project/vitis/FullCar_AllFeatures_V0_1/hw/FullCar_AllFeatures_V0_1.xsa
TRACE::2025-05-23.18:07:16::SCWPlatform::DSA directory M:/projects/clones/SOC/Car_Project/vitis/FullCar_AllFeatures_V0_1/hw
TRACE::2025-05-23.18:07:16::SCWPlatform:: Platform Path M:/projects/clones/SOC/Car_Project/vitis/FullCar_AllFeatures_V0_1/hw/FullCar_AllFeatures_V0_1.xsa
TRACE::2025-05-23.18:07:16::SCWPlatform:: Unique name xilinx:pynq-z2::0.0
TRACE::2025-05-23.18:07:16::SCWPlatform::Trying to set the existing hwdb with name design_1_wrapper_0
TRACE::2025-05-23.18:07:16::SCWPlatform::Opened existing hwdb design_1_wrapper_0
TRACE::2025-05-23.18:07:16::SCWPlatform::Found the Hw Db part of the input DSA
TRACE::2025-05-23.18:07:16::SCWMssOS::Checking the sw design at  M:/projects/clones/SOC/Car_Project/vitis/FullCar_AllFeatures_V0_1/ps7_cortexa9_0/standalone_ps7_cortexa9_0/bsp/system.mss
TRACE::2025-05-23.18:07:16::SCWMssOS::DEBUG:  swdes dump  M:/projects/clones/SOC/Car_Project/vitis/FullCar_AllFeatures_V0_1/ps7_cortexa9_0/standalone_ps7_cortexa9_0/bsp/system.mss|system_0||
M:/projects/clones/SOC/Car_Project/vitis/FullCar_AllFeatures_V0_1/zynq_fsbl/zynq_fsbl_bsp/system.mss|system||

TRACE::2025-05-23.18:07:16::SCWMssOS::Sw design exists and opened at  M:/projects/clones/SOC/Car_Project/vitis/FullCar_AllFeatures_V0_1/ps7_cortexa9_0/standalone_ps7_cortexa9_0/bsp/system.mss
TRACE::2025-05-23.18:07:16::SCWWriter::formatted JSON is {
	"platformName":	"FullCar_AllFeatures_V0_1",
	"sprVersion":	"2.0",
	"mode":	"gui",
	"dsaType":	"Fixed",
	"platformDesc":	"FullCar_AllFeatures_V0_1",
	"platHandOff":	"M:/projects/clones/SOC/Car_Project/vivado/XSA/FullCar_AllFeatures_V0_1.xsa",
	"platIntHandOff":	"<platformDir>/hw/FullCar_AllFeatures_V0_1.xsa",
	"deviceType":	"zynq",
	"platIsPrebuiltAutogen":	"false",
	"platIsNoBootBsp":	"false",
	"platFsblTarget":	"ps7_cortexa9_0",
	"hasFsblMakeHasChanges":	"false",
	"hasPmufwMakeHasChanges":	"false",
	"fsblExtraCompilerFlags":	"-MMD -MP       -mcpu=cortex-a9 -mfpu=vfpv3 -mfloat-abi=hard ",
	"platPreBuiltFlag":	false,
	"platformSamplesDir":	"",
	"platActiveSys":	"FullCar_AllFeatures_V0_1",
	"systems":	[{
			"systemName":	"FullCar_AllFeatures_V0_1",
			"systemDesc":	"FullCar_AllFeatures_V0_1",
			"sysIsBootAutoGen":	"true",
			"systemDispName":	"FullCar_AllFeatures_V0_1",
			"sysActiveDom":	"standalone_ps7_cortexa9_0",
			"sysDefaultDom":	"standalone_ps7_cortexa9_0",
			"domains":	[{
					"domainName":	"zynq_fsbl",
					"domainDispName":	"zynq_fsbl",
					"domainDesc":	"FSBL Application BSP - Auto Generated.",
					"processors":	"ps7_cortexa9_0",
					"os":	"standalone",
					"sdxOs":	"standalone",
					"debugEnable":	"",
					"domRuntimes":	["cpp"],
					"swRepo":	"",
					"mssOsVer":	"9.1",
					"mssFile":	"",
					"md5Digest":	"64fce8e86c92608d547c70ee7285b026",
					"compatibleApp":	"zynq_fsbl",
					"domType":	"bootDomain",
					"arch":	"32-bit",
					"appSettings":	{
						"appCompilerFlags":	"",
						"appLinkerFlags":	""
					},
					"addedLibs":	["xilffs:5.2", "xilrsa:1.8"],
					"libOptions":	{
						"libsContainingOptions":	[]
					},
					"prebuiltLibs":	{
						"prebuiltIncPath":	[],
						"prebuiltLibPath":	[]
					},
					"isolation":	{
					}
				}, {
					"domainName":	"standalone_ps7_cortexa9_0",
					"domainDispName":	"standalone_ps7_cortexa9_0",
					"domainDesc":	"standalone_ps7_cortexa9_0",
					"processors":	"ps7_cortexa9_0",
					"os":	"standalone",
					"sdxOs":	"standalone",
					"qemuArgs":	"<platformDir>/resources/FullCar_AllFeatures_V0_1/standalone_ps7_cortexa9_0/qemu_args.txt",
					"qemuData":	"<platformDir>/resources/FullCar_AllFeatures_V0_1/standalone_ps7_cortexa9_0/qemu",
					"debugEnable":	"False",
					"domRuntimes":	["cpp"],
					"swRepo":	"",
					"mssOsVer":	"9.1",
					"mssFile":	"",
					"md5Digest":	"9b96d52dca00ece5ea6af278cd8f10e1",
					"compatibleApp":	"hello_world",
					"domType":	"mssDomain",
					"arch":	"32-bit",
					"appSettings":	{
						"appCompilerFlags":	"",
						"appLinkerFlags":	""
					},
					"addedLibs":	[],
					"libOptions":	{
						"libsContainingOptions":	[]
					},
					"prebuiltLibs":	{
						"prebuiltIncPath":	[],
						"prebuiltLibPath":	[]
					},
					"isolation":	{
					}
				}]
		}]
}
KEYINFO::2025-05-23.18:07:16::SCWPlatform::updated the xpfm file.
TRACE::2025-05-23.18:07:16::SCWPlatform::Trying to open the hw design at M:/projects/clones/SOC/Car_Project/vitis/FullCar_AllFeatures_V0_1/hw/FullCar_AllFeatures_V0_1.xsa
TRACE::2025-05-23.18:07:16::SCWPlatform::DSA given M:/projects/clones/SOC/Car_Project/vitis/FullCar_AllFeatures_V0_1/hw/FullCar_AllFeatures_V0_1.xsa
TRACE::2025-05-23.18:07:16::SCWPlatform::DSA absoulate path M:/projects/clones/SOC/Car_Project/vitis/FullCar_AllFeatures_V0_1/hw/FullCar_AllFeatures_V0_1.xsa
TRACE::2025-05-23.18:07:16::SCWPlatform::DSA directory M:/projects/clones/SOC/Car_Project/vitis/FullCar_AllFeatures_V0_1/hw
TRACE::2025-05-23.18:07:16::SCWPlatform:: Platform Path M:/projects/clones/SOC/Car_Project/vitis/FullCar_AllFeatures_V0_1/hw/FullCar_AllFeatures_V0_1.xsa
TRACE::2025-05-23.18:07:16::SCWPlatform:: Unique name xilinx:pynq-z2::0.0
TRACE::2025-05-23.18:07:16::SCWPlatform::Trying to set the existing hwdb with name design_1_wrapper_0
TRACE::2025-05-23.18:07:16::SCWPlatform::Opened existing hwdb design_1_wrapper_0
TRACE::2025-05-23.18:07:16::SCWPlatform::Found the Hw Db part of the input DSA
TRACE::2025-05-23.18:07:16::SCWMssOS::Checking the sw design at  M:/projects/clones/SOC/Car_Project/vitis/FullCar_AllFeatures_V0_1/ps7_cortexa9_0/standalone_ps7_cortexa9_0/bsp/system.mss
TRACE::2025-05-23.18:07:16::SCWMssOS::DEBUG:  swdes dump  M:/projects/clones/SOC/Car_Project/vitis/FullCar_AllFeatures_V0_1/ps7_cortexa9_0/standalone_ps7_cortexa9_0/bsp/system.mss|system_0||
M:/projects/clones/SOC/Car_Project/vitis/FullCar_AllFeatures_V0_1/zynq_fsbl/zynq_fsbl_bsp/system.mss|system||

TRACE::2025-05-23.18:07:16::SCWMssOS::Sw design exists and opened at  M:/projects/clones/SOC/Car_Project/vitis/FullCar_AllFeatures_V0_1/ps7_cortexa9_0/standalone_ps7_cortexa9_0/bsp/system.mss
TRACE::2025-05-23.18:07:16::SCWMssOS::Saving the mss changes M:/projects/clones/SOC/Car_Project/vitis/FullCar_AllFeatures_V0_1/zynq_fsbl/zynq_fsbl_bsp/system.mss
TRACE::2025-05-23.18:07:16::SCWMssOS::Found a swdesign opened with the mssfile.
TRACE::2025-05-23.18:07:16::SCWMssOS::Completed writemss as part of save.
TRACE::2025-05-23.18:07:16::SCWMssOS::Commit changes completed.
TRACE::2025-05-23.18:07:16::SCWMssOS::Saving the mss changes M:/projects/clones/SOC/Car_Project/vitis/FullCar_AllFeatures_V0_1/ps7_cortexa9_0/standalone_ps7_cortexa9_0/bsp/system.mss
TRACE::2025-05-23.18:07:16::SCWMssOS::Found a swdesign opened with the mssfile.
TRACE::2025-05-23.18:07:16::SCWMssOS::Completed writemss as part of save.
TRACE::2025-05-23.18:07:16::SCWMssOS::Commit changes completed.
TRACE::2025-05-23.18:07:16::SCWPlatform::Trying to open the hw design at M:/projects/clones/SOC/Car_Project/vitis/FullCar_AllFeatures_V0_1/hw/FullCar_AllFeatures_V0_1.xsa
TRACE::2025-05-23.18:07:16::SCWPlatform::DSA given M:/projects/clones/SOC/Car_Project/vitis/FullCar_AllFeatures_V0_1/hw/FullCar_AllFeatures_V0_1.xsa
TRACE::2025-05-23.18:07:16::SCWPlatform::DSA absoulate path M:/projects/clones/SOC/Car_Project/vitis/FullCar_AllFeatures_V0_1/hw/FullCar_AllFeatures_V0_1.xsa
TRACE::2025-05-23.18:07:16::SCWPlatform::DSA directory M:/projects/clones/SOC/Car_Project/vitis/FullCar_AllFeatures_V0_1/hw
TRACE::2025-05-23.18:07:16::SCWPlatform:: Platform Path M:/projects/clones/SOC/Car_Project/vitis/FullCar_AllFeatures_V0_1/hw/FullCar_AllFeatures_V0_1.xsa
TRACE::2025-05-23.18:07:16::SCWPlatform:: Unique name xilinx:pynq-z2::0.0
TRACE::2025-05-23.18:07:16::SCWPlatform::Trying to set the existing hwdb with name design_1_wrapper_0
TRACE::2025-05-23.18:07:16::SCWPlatform::Opened existing hwdb design_1_wrapper_0
TRACE::2025-05-23.18:07:16::SCWPlatform::Found the Hw Db part of the input DSA
TRACE::2025-05-23.18:07:16::SCWMssOS::Checking the sw design at  M:/projects/clones/SOC/Car_Project/vitis/FullCar_AllFeatures_V0_1/zynq_fsbl/zynq_fsbl_bsp/system.mss
TRACE::2025-05-23.18:07:16::SCWMssOS::DEBUG:  swdes dump  M:/projects/clones/SOC/Car_Project/vitis/FullCar_AllFeatures_V0_1/ps7_cortexa9_0/standalone_ps7_cortexa9_0/bsp/system.mss|system_0||
M:/projects/clones/SOC/Car_Project/vitis/FullCar_AllFeatures_V0_1/zynq_fsbl/zynq_fsbl_bsp/system.mss|system||

TRACE::2025-05-23.18:07:16::SCWMssOS::Sw design exists and opened at  M:/projects/clones/SOC/Car_Project/vitis/FullCar_AllFeatures_V0_1/zynq_fsbl/zynq_fsbl_bsp/system.mss
TRACE::2025-05-23.18:07:16::SCWPlatform::Trying to open the hw design at M:/projects/clones/SOC/Car_Project/vitis/FullCar_AllFeatures_V0_1/hw/FullCar_AllFeatures_V0_1.xsa
TRACE::2025-05-23.18:07:16::SCWPlatform::DSA given M:/projects/clones/SOC/Car_Project/vitis/FullCar_AllFeatures_V0_1/hw/FullCar_AllFeatures_V0_1.xsa
TRACE::2025-05-23.18:07:16::SCWPlatform::DSA absoulate path M:/projects/clones/SOC/Car_Project/vitis/FullCar_AllFeatures_V0_1/hw/FullCar_AllFeatures_V0_1.xsa
TRACE::2025-05-23.18:07:16::SCWPlatform::DSA directory M:/projects/clones/SOC/Car_Project/vitis/FullCar_AllFeatures_V0_1/hw
TRACE::2025-05-23.18:07:16::SCWPlatform:: Platform Path M:/projects/clones/SOC/Car_Project/vitis/FullCar_AllFeatures_V0_1/hw/FullCar_AllFeatures_V0_1.xsa
TRACE::2025-05-23.18:07:16::SCWPlatform:: Unique name xilinx:pynq-z2::0.0
TRACE::2025-05-23.18:07:16::SCWPlatform::Trying to set the existing hwdb with name design_1_wrapper_0
TRACE::2025-05-23.18:07:16::SCWPlatform::Opened existing hwdb design_1_wrapper_0
TRACE::2025-05-23.18:07:16::SCWPlatform::Found the Hw Db part of the input DSA
TRACE::2025-05-23.18:07:16::SCWMssOS::Checking the sw design at  M:/projects/clones/SOC/Car_Project/vitis/FullCar_AllFeatures_V0_1/zynq_fsbl/zynq_fsbl_bsp/system.mss
TRACE::2025-05-23.18:07:16::SCWMssOS::DEBUG:  swdes dump  M:/projects/clones/SOC/Car_Project/vitis/FullCar_AllFeatures_V0_1/ps7_cortexa9_0/standalone_ps7_cortexa9_0/bsp/system.mss|system_0||
M:/projects/clones/SOC/Car_Project/vitis/FullCar_AllFeatures_V0_1/zynq_fsbl/zynq_fsbl_bsp/system.mss|system||

TRACE::2025-05-23.18:07:16::SCWMssOS::Sw design exists and opened at  M:/projects/clones/SOC/Car_Project/vitis/FullCar_AllFeatures_V0_1/zynq_fsbl/zynq_fsbl_bsp/system.mss
TRACE::2025-05-23.18:07:16::SCWPlatform::Trying to open the hw design at M:/projects/clones/SOC/Car_Project/vitis/FullCar_AllFeatures_V0_1/hw/FullCar_AllFeatures_V0_1.xsa
TRACE::2025-05-23.18:07:16::SCWPlatform::DSA given M:/projects/clones/SOC/Car_Project/vitis/FullCar_AllFeatures_V0_1/hw/FullCar_AllFeatures_V0_1.xsa
TRACE::2025-05-23.18:07:16::SCWPlatform::DSA absoulate path M:/projects/clones/SOC/Car_Project/vitis/FullCar_AllFeatures_V0_1/hw/FullCar_AllFeatures_V0_1.xsa
TRACE::2025-05-23.18:07:16::SCWPlatform::DSA directory M:/projects/clones/SOC/Car_Project/vitis/FullCar_AllFeatures_V0_1/hw
TRACE::2025-05-23.18:07:16::SCWPlatform:: Platform Path M:/projects/clones/SOC/Car_Project/vitis/FullCar_AllFeatures_V0_1/hw/FullCar_AllFeatures_V0_1.xsa
TRACE::2025-05-23.18:07:16::SCWPlatform:: Unique name xilinx:pynq-z2::0.0
TRACE::2025-05-23.18:07:16::SCWPlatform::Trying to set the existing hwdb with name design_1_wrapper_0
TRACE::2025-05-23.18:07:16::SCWPlatform::Opened existing hwdb design_1_wrapper_0
TRACE::2025-05-23.18:07:16::SCWPlatform::Found the Hw Db part of the input DSA
TRACE::2025-05-23.18:07:16::SCWMssOS::Checking the sw design at  M:/projects/clones/SOC/Car_Project/vitis/FullCar_AllFeatures_V0_1/zynq_fsbl/zynq_fsbl_bsp/system.mss
TRACE::2025-05-23.18:07:16::SCWMssOS::DEBUG:  swdes dump  M:/projects/clones/SOC/Car_Project/vitis/FullCar_AllFeatures_V0_1/ps7_cortexa9_0/standalone_ps7_cortexa9_0/bsp/system.mss|system_0||
M:/projects/clones/SOC/Car_Project/vitis/FullCar_AllFeatures_V0_1/zynq_fsbl/zynq_fsbl_bsp/system.mss|system||

TRACE::2025-05-23.18:07:16::SCWMssOS::Sw design exists and opened at  M:/projects/clones/SOC/Car_Project/vitis/FullCar_AllFeatures_V0_1/zynq_fsbl/zynq_fsbl_bsp/system.mss
TRACE::2025-05-23.18:07:16::SCWPlatform::Trying to open the hw design at M:/projects/clones/SOC/Car_Project/vitis/FullCar_AllFeatures_V0_1/hw/FullCar_AllFeatures_V0_1.xsa
TRACE::2025-05-23.18:07:16::SCWPlatform::DSA given M:/projects/clones/SOC/Car_Project/vitis/FullCar_AllFeatures_V0_1/hw/FullCar_AllFeatures_V0_1.xsa
TRACE::2025-05-23.18:07:16::SCWPlatform::DSA absoulate path M:/projects/clones/SOC/Car_Project/vitis/FullCar_AllFeatures_V0_1/hw/FullCar_AllFeatures_V0_1.xsa
TRACE::2025-05-23.18:07:16::SCWPlatform::DSA directory M:/projects/clones/SOC/Car_Project/vitis/FullCar_AllFeatures_V0_1/hw
TRACE::2025-05-23.18:07:16::SCWPlatform:: Platform Path M:/projects/clones/SOC/Car_Project/vitis/FullCar_AllFeatures_V0_1/hw/FullCar_AllFeatures_V0_1.xsa
TRACE::2025-05-23.18:07:16::SCWPlatform:: Unique name xilinx:pynq-z2::0.0
TRACE::2025-05-23.18:07:16::SCWPlatform::Trying to set the existing hwdb with name design_1_wrapper_0
TRACE::2025-05-23.18:07:16::SCWPlatform::Opened existing hwdb design_1_wrapper_0
TRACE::2025-05-23.18:07:16::SCWPlatform::Found the Hw Db part of the input DSA
TRACE::2025-05-23.18:07:16::SCWMssOS::Checking the sw design at  M:/projects/clones/SOC/Car_Project/vitis/FullCar_AllFeatures_V0_1/ps7_cortexa9_0/standalone_ps7_cortexa9_0/bsp/system.mss
TRACE::2025-05-23.18:07:16::SCWMssOS::DEBUG:  swdes dump  M:/projects/clones/SOC/Car_Project/vitis/FullCar_AllFeatures_V0_1/ps7_cortexa9_0/standalone_ps7_cortexa9_0/bsp/system.mss|system_0||
M:/projects/clones/SOC/Car_Project/vitis/FullCar_AllFeatures_V0_1/zynq_fsbl/zynq_fsbl_bsp/system.mss|system||

TRACE::2025-05-23.18:07:16::SCWMssOS::Sw design exists and opened at  M:/projects/clones/SOC/Car_Project/vitis/FullCar_AllFeatures_V0_1/ps7_cortexa9_0/standalone_ps7_cortexa9_0/bsp/system.mss
TRACE::2025-05-23.18:07:16::SCWPlatform::Trying to open the hw design at M:/projects/clones/SOC/Car_Project/vitis/FullCar_AllFeatures_V0_1/hw/FullCar_AllFeatures_V0_1.xsa
TRACE::2025-05-23.18:07:16::SCWPlatform::DSA given M:/projects/clones/SOC/Car_Project/vitis/FullCar_AllFeatures_V0_1/hw/FullCar_AllFeatures_V0_1.xsa
TRACE::2025-05-23.18:07:16::SCWPlatform::DSA absoulate path M:/projects/clones/SOC/Car_Project/vitis/FullCar_AllFeatures_V0_1/hw/FullCar_AllFeatures_V0_1.xsa
TRACE::2025-05-23.18:07:16::SCWPlatform::DSA directory M:/projects/clones/SOC/Car_Project/vitis/FullCar_AllFeatures_V0_1/hw
TRACE::2025-05-23.18:07:16::SCWPlatform:: Platform Path M:/projects/clones/SOC/Car_Project/vitis/FullCar_AllFeatures_V0_1/hw/FullCar_AllFeatures_V0_1.xsa
TRACE::2025-05-23.18:07:16::SCWPlatform:: Unique name xilinx:pynq-z2::0.0
TRACE::2025-05-23.18:07:16::SCWPlatform::Trying to set the existing hwdb with name design_1_wrapper_0
TRACE::2025-05-23.18:07:16::SCWPlatform::Opened existing hwdb design_1_wrapper_0
TRACE::2025-05-23.18:07:16::SCWPlatform::Found the Hw Db part of the input DSA
TRACE::2025-05-23.18:07:16::SCWMssOS::Checking the sw design at  M:/projects/clones/SOC/Car_Project/vitis/FullCar_AllFeatures_V0_1/ps7_cortexa9_0/standalone_ps7_cortexa9_0/bsp/system.mss
TRACE::2025-05-23.18:07:16::SCWMssOS::DEBUG:  swdes dump  M:/projects/clones/SOC/Car_Project/vitis/FullCar_AllFeatures_V0_1/ps7_cortexa9_0/standalone_ps7_cortexa9_0/bsp/system.mss|system_0||
M:/projects/clones/SOC/Car_Project/vitis/FullCar_AllFeatures_V0_1/zynq_fsbl/zynq_fsbl_bsp/system.mss|system||

TRACE::2025-05-23.18:07:16::SCWMssOS::Sw design exists and opened at  M:/projects/clones/SOC/Car_Project/vitis/FullCar_AllFeatures_V0_1/ps7_cortexa9_0/standalone_ps7_cortexa9_0/bsp/system.mss
TRACE::2025-05-23.18:07:16::SCWPlatform::Trying to open the hw design at M:/projects/clones/SOC/Car_Project/vitis/FullCar_AllFeatures_V0_1/hw/FullCar_AllFeatures_V0_1.xsa
TRACE::2025-05-23.18:07:16::SCWPlatform::DSA given M:/projects/clones/SOC/Car_Project/vitis/FullCar_AllFeatures_V0_1/hw/FullCar_AllFeatures_V0_1.xsa
TRACE::2025-05-23.18:07:16::SCWPlatform::DSA absoulate path M:/projects/clones/SOC/Car_Project/vitis/FullCar_AllFeatures_V0_1/hw/FullCar_AllFeatures_V0_1.xsa
TRACE::2025-05-23.18:07:16::SCWPlatform::DSA directory M:/projects/clones/SOC/Car_Project/vitis/FullCar_AllFeatures_V0_1/hw
TRACE::2025-05-23.18:07:16::SCWPlatform:: Platform Path M:/projects/clones/SOC/Car_Project/vitis/FullCar_AllFeatures_V0_1/hw/FullCar_AllFeatures_V0_1.xsa
TRACE::2025-05-23.18:07:16::SCWPlatform:: Unique name xilinx:pynq-z2::0.0
TRACE::2025-05-23.18:07:16::SCWPlatform::Trying to set the existing hwdb with name design_1_wrapper_0
TRACE::2025-05-23.18:07:16::SCWPlatform::Opened existing hwdb design_1_wrapper_0
TRACE::2025-05-23.18:07:16::SCWPlatform::Found the Hw Db part of the input DSA
TRACE::2025-05-23.18:07:16::SCWMssOS::Checking the sw design at  M:/projects/clones/SOC/Car_Project/vitis/FullCar_AllFeatures_V0_1/ps7_cortexa9_0/standalone_ps7_cortexa9_0/bsp/system.mss
TRACE::2025-05-23.18:07:16::SCWMssOS::DEBUG:  swdes dump  M:/projects/clones/SOC/Car_Project/vitis/FullCar_AllFeatures_V0_1/ps7_cortexa9_0/standalone_ps7_cortexa9_0/bsp/system.mss|system_0||
M:/projects/clones/SOC/Car_Project/vitis/FullCar_AllFeatures_V0_1/zynq_fsbl/zynq_fsbl_bsp/system.mss|system||

TRACE::2025-05-23.18:07:16::SCWMssOS::Sw design exists and opened at  M:/projects/clones/SOC/Car_Project/vitis/FullCar_AllFeatures_V0_1/ps7_cortexa9_0/standalone_ps7_cortexa9_0/bsp/system.mss
TRACE::2025-05-23.18:07:16::SCWWriter::formatted JSON is {
	"platformName":	"FullCar_AllFeatures_V0_1",
	"sprVersion":	"2.0",
	"mode":	"gui",
	"dsaType":	"Fixed",
	"platformDesc":	"FullCar_AllFeatures_V0_1",
	"platHandOff":	"M:/projects/clones/SOC/Car_Project/vivado/XSA/FullCar_AllFeatures_V0_1.xsa",
	"platIntHandOff":	"<platformDir>/hw/FullCar_AllFeatures_V0_1.xsa",
	"deviceType":	"zynq",
	"platIsPrebuiltAutogen":	"false",
	"platIsNoBootBsp":	"false",
	"platFsblTarget":	"ps7_cortexa9_0",
	"hasFsblMakeHasChanges":	"false",
	"hasPmufwMakeHasChanges":	"false",
	"fsblExtraCompilerFlags":	"-MMD -MP       -mcpu=cortex-a9 -mfpu=vfpv3 -mfloat-abi=hard ",
	"platPreBuiltFlag":	false,
	"platformSamplesDir":	"",
	"platActiveSys":	"FullCar_AllFeatures_V0_1",
	"systems":	[{
			"systemName":	"FullCar_AllFeatures_V0_1",
			"systemDesc":	"FullCar_AllFeatures_V0_1",
			"sysIsBootAutoGen":	"true",
			"systemDispName":	"FullCar_AllFeatures_V0_1",
			"sysActiveDom":	"standalone_ps7_cortexa9_0",
			"sysDefaultDom":	"standalone_ps7_cortexa9_0",
			"domains":	[{
					"domainName":	"zynq_fsbl",
					"domainDispName":	"zynq_fsbl",
					"domainDesc":	"FSBL Application BSP - Auto Generated.",
					"processors":	"ps7_cortexa9_0",
					"os":	"standalone",
					"sdxOs":	"standalone",
					"debugEnable":	"",
					"domRuntimes":	["cpp"],
					"swRepo":	"",
					"mssOsVer":	"9.1",
					"mssFile":	"",
					"md5Digest":	"64fce8e86c92608d547c70ee7285b026",
					"compatibleApp":	"zynq_fsbl",
					"domType":	"bootDomain",
					"arch":	"32-bit",
					"appSettings":	{
						"appCompilerFlags":	"",
						"appLinkerFlags":	""
					},
					"addedLibs":	["xilffs:5.2", "xilrsa:1.8"],
					"libOptions":	{
						"libsContainingOptions":	[]
					},
					"prebuiltLibs":	{
						"prebuiltIncPath":	[],
						"prebuiltLibPath":	[]
					},
					"isolation":	{
					}
				}, {
					"domainName":	"standalone_ps7_cortexa9_0",
					"domainDispName":	"standalone_ps7_cortexa9_0",
					"domainDesc":	"standalone_ps7_cortexa9_0",
					"processors":	"ps7_cortexa9_0",
					"os":	"standalone",
					"sdxOs":	"standalone",
					"qemuArgs":	"<platformDir>/resources/FullCar_AllFeatures_V0_1/standalone_ps7_cortexa9_0/qemu_args.txt",
					"qemuData":	"<platformDir>/resources/FullCar_AllFeatures_V0_1/standalone_ps7_cortexa9_0/qemu",
					"debugEnable":	"False",
					"domRuntimes":	["cpp"],
					"swRepo":	"",
					"mssOsVer":	"9.1",
					"mssFile":	"",
					"md5Digest":	"9b96d52dca00ece5ea6af278cd8f10e1",
					"compatibleApp":	"hello_world",
					"domType":	"mssDomain",
					"arch":	"32-bit",
					"appSettings":	{
						"appCompilerFlags":	"",
						"appLinkerFlags":	""
					},
					"addedLibs":	[],
					"libOptions":	{
						"libsContainingOptions":	[]
					},
					"prebuiltLibs":	{
						"prebuiltIncPath":	[],
						"prebuiltLibPath":	[]
					},
					"isolation":	{
					}
				}]
		}]
}
TRACE::2025-05-23.18:07:16::SCWPlatform::Trying to open the hw design at M:/projects/clones/SOC/Car_Project/vitis/FullCar_AllFeatures_V0_1/hw/FullCar_AllFeatures_V0_1.xsa
TRACE::2025-05-23.18:07:16::SCWPlatform::DSA given M:/projects/clones/SOC/Car_Project/vitis/FullCar_AllFeatures_V0_1/hw/FullCar_AllFeatures_V0_1.xsa
TRACE::2025-05-23.18:07:16::SCWPlatform::DSA absoulate path M:/projects/clones/SOC/Car_Project/vitis/FullCar_AllFeatures_V0_1/hw/FullCar_AllFeatures_V0_1.xsa
TRACE::2025-05-23.18:07:16::SCWPlatform::DSA directory M:/projects/clones/SOC/Car_Project/vitis/FullCar_AllFeatures_V0_1/hw
TRACE::2025-05-23.18:07:16::SCWPlatform:: Platform Path M:/projects/clones/SOC/Car_Project/vitis/FullCar_AllFeatures_V0_1/hw/FullCar_AllFeatures_V0_1.xsa
TRACE::2025-05-23.18:07:16::SCWPlatform:: Unique name xilinx:pynq-z2::0.0
TRACE::2025-05-23.18:07:16::SCWPlatform::Trying to set the existing hwdb with name design_1_wrapper_0
TRACE::2025-05-23.18:07:16::SCWPlatform::Opened existing hwdb design_1_wrapper_0
TRACE::2025-05-23.18:07:16::SCWPlatform::Found the Hw Db part of the input DSA
TRACE::2025-05-23.18:07:16::SCWMssOS::Checking the sw design at  M:/projects/clones/SOC/Car_Project/vitis/FullCar_AllFeatures_V0_1/ps7_cortexa9_0/standalone_ps7_cortexa9_0/bsp/system.mss
TRACE::2025-05-23.18:07:16::SCWMssOS::DEBUG:  swdes dump  M:/projects/clones/SOC/Car_Project/vitis/FullCar_AllFeatures_V0_1/ps7_cortexa9_0/standalone_ps7_cortexa9_0/bsp/system.mss|system_0||
M:/projects/clones/SOC/Car_Project/vitis/FullCar_AllFeatures_V0_1/zynq_fsbl/zynq_fsbl_bsp/system.mss|system||

TRACE::2025-05-23.18:07:16::SCWMssOS::Sw design exists and opened at  M:/projects/clones/SOC/Car_Project/vitis/FullCar_AllFeatures_V0_1/ps7_cortexa9_0/standalone_ps7_cortexa9_0/bsp/system.mss
TRACE::2025-05-23.18:07:16::SCWPlatform::Trying to open the hw design at M:/projects/clones/SOC/Car_Project/vitis/FullCar_AllFeatures_V0_1/hw/FullCar_AllFeatures_V0_1.xsa
TRACE::2025-05-23.18:07:16::SCWPlatform::DSA given M:/projects/clones/SOC/Car_Project/vitis/FullCar_AllFeatures_V0_1/hw/FullCar_AllFeatures_V0_1.xsa
TRACE::2025-05-23.18:07:16::SCWPlatform::DSA absoulate path M:/projects/clones/SOC/Car_Project/vitis/FullCar_AllFeatures_V0_1/hw/FullCar_AllFeatures_V0_1.xsa
TRACE::2025-05-23.18:07:16::SCWPlatform::DSA directory M:/projects/clones/SOC/Car_Project/vitis/FullCar_AllFeatures_V0_1/hw
TRACE::2025-05-23.18:07:16::SCWPlatform:: Platform Path M:/projects/clones/SOC/Car_Project/vitis/FullCar_AllFeatures_V0_1/hw/FullCar_AllFeatures_V0_1.xsa
TRACE::2025-05-23.18:07:16::SCWPlatform:: Unique name xilinx:pynq-z2::0.0
TRACE::2025-05-23.18:07:16::SCWPlatform::Trying to set the existing hwdb with name design_1_wrapper_0
TRACE::2025-05-23.18:07:16::SCWPlatform::Opened existing hwdb design_1_wrapper_0
TRACE::2025-05-23.18:07:16::SCWPlatform::Found the Hw Db part of the input DSA
TRACE::2025-05-23.18:07:16::SCWMssOS::Checking the sw design at  M:/projects/clones/SOC/Car_Project/vitis/FullCar_AllFeatures_V0_1/ps7_cortexa9_0/standalone_ps7_cortexa9_0/bsp/system.mss
TRACE::2025-05-23.18:07:16::SCWMssOS::DEBUG:  swdes dump  M:/projects/clones/SOC/Car_Project/vitis/FullCar_AllFeatures_V0_1/ps7_cortexa9_0/standalone_ps7_cortexa9_0/bsp/system.mss|system_0||
M:/projects/clones/SOC/Car_Project/vitis/FullCar_AllFeatures_V0_1/zynq_fsbl/zynq_fsbl_bsp/system.mss|system||

TRACE::2025-05-23.18:07:16::SCWMssOS::Sw design exists and opened at  M:/projects/clones/SOC/Car_Project/vitis/FullCar_AllFeatures_V0_1/ps7_cortexa9_0/standalone_ps7_cortexa9_0/bsp/system.mss
TRACE::2025-05-23.18:07:16::SCWMssOS::Saving the mss changes M:/projects/clones/SOC/Car_Project/vitis/FullCar_AllFeatures_V0_1/zynq_fsbl/zynq_fsbl_bsp/system.mss
TRACE::2025-05-23.18:07:16::SCWMssOS::Found a swdesign opened with the mssfile.
TRACE::2025-05-23.18:07:16::SCWMssOS::Completed writemss as part of save.
TRACE::2025-05-23.18:07:16::SCWMssOS::Commit changes completed.
TRACE::2025-05-23.18:07:16::SCWMssOS::Saving the mss changes M:/projects/clones/SOC/Car_Project/vitis/FullCar_AllFeatures_V0_1/ps7_cortexa9_0/standalone_ps7_cortexa9_0/bsp/system.mss
TRACE::2025-05-23.18:07:16::SCWMssOS::Found a swdesign opened with the mssfile.
TRACE::2025-05-23.18:07:16::SCWMssOS::Completed writemss as part of save.
TRACE::2025-05-23.18:07:16::SCWMssOS::Commit changes completed.
TRACE::2025-05-23.18:07:16::SCWPlatform::Trying to open the hw design at M:/projects/clones/SOC/Car_Project/vitis/FullCar_AllFeatures_V0_1/hw/FullCar_AllFeatures_V0_1.xsa
TRACE::2025-05-23.18:07:16::SCWPlatform::DSA given M:/projects/clones/SOC/Car_Project/vitis/FullCar_AllFeatures_V0_1/hw/FullCar_AllFeatures_V0_1.xsa
TRACE::2025-05-23.18:07:16::SCWPlatform::DSA absoulate path M:/projects/clones/SOC/Car_Project/vitis/FullCar_AllFeatures_V0_1/hw/FullCar_AllFeatures_V0_1.xsa
TRACE::2025-05-23.18:07:16::SCWPlatform::DSA directory M:/projects/clones/SOC/Car_Project/vitis/FullCar_AllFeatures_V0_1/hw
TRACE::2025-05-23.18:07:16::SCWPlatform:: Platform Path M:/projects/clones/SOC/Car_Project/vitis/FullCar_AllFeatures_V0_1/hw/FullCar_AllFeatures_V0_1.xsa
TRACE::2025-05-23.18:07:16::SCWPlatform:: Unique name xilinx:pynq-z2::0.0
TRACE::2025-05-23.18:07:16::SCWPlatform::Trying to set the existing hwdb with name design_1_wrapper_0
TRACE::2025-05-23.18:07:16::SCWPlatform::Opened existing hwdb design_1_wrapper_0
TRACE::2025-05-23.18:07:16::SCWPlatform::Found the Hw Db part of the input DSA
TRACE::2025-05-23.18:07:16::SCWMssOS::Checking the sw design at  M:/projects/clones/SOC/Car_Project/vitis/FullCar_AllFeatures_V0_1/zynq_fsbl/zynq_fsbl_bsp/system.mss
TRACE::2025-05-23.18:07:16::SCWMssOS::DEBUG:  swdes dump  M:/projects/clones/SOC/Car_Project/vitis/FullCar_AllFeatures_V0_1/ps7_cortexa9_0/standalone_ps7_cortexa9_0/bsp/system.mss|system_0||
M:/projects/clones/SOC/Car_Project/vitis/FullCar_AllFeatures_V0_1/zynq_fsbl/zynq_fsbl_bsp/system.mss|system||

TRACE::2025-05-23.18:07:16::SCWMssOS::Sw design exists and opened at  M:/projects/clones/SOC/Car_Project/vitis/FullCar_AllFeatures_V0_1/zynq_fsbl/zynq_fsbl_bsp/system.mss
TRACE::2025-05-23.18:07:16::SCWPlatform::Trying to open the hw design at M:/projects/clones/SOC/Car_Project/vitis/FullCar_AllFeatures_V0_1/hw/FullCar_AllFeatures_V0_1.xsa
TRACE::2025-05-23.18:07:16::SCWPlatform::DSA given M:/projects/clones/SOC/Car_Project/vitis/FullCar_AllFeatures_V0_1/hw/FullCar_AllFeatures_V0_1.xsa
TRACE::2025-05-23.18:07:16::SCWPlatform::DSA absoulate path M:/projects/clones/SOC/Car_Project/vitis/FullCar_AllFeatures_V0_1/hw/FullCar_AllFeatures_V0_1.xsa
TRACE::2025-05-23.18:07:16::SCWPlatform::DSA directory M:/projects/clones/SOC/Car_Project/vitis/FullCar_AllFeatures_V0_1/hw
TRACE::2025-05-23.18:07:16::SCWPlatform:: Platform Path M:/projects/clones/SOC/Car_Project/vitis/FullCar_AllFeatures_V0_1/hw/FullCar_AllFeatures_V0_1.xsa
TRACE::2025-05-23.18:07:16::SCWPlatform:: Unique name xilinx:pynq-z2::0.0
TRACE::2025-05-23.18:07:16::SCWPlatform::Trying to set the existing hwdb with name design_1_wrapper_0
TRACE::2025-05-23.18:07:16::SCWPlatform::Opened existing hwdb design_1_wrapper_0
TRACE::2025-05-23.18:07:16::SCWPlatform::Found the Hw Db part of the input DSA
TRACE::2025-05-23.18:07:16::SCWMssOS::Checking the sw design at  M:/projects/clones/SOC/Car_Project/vitis/FullCar_AllFeatures_V0_1/zynq_fsbl/zynq_fsbl_bsp/system.mss
TRACE::2025-05-23.18:07:16::SCWMssOS::DEBUG:  swdes dump  M:/projects/clones/SOC/Car_Project/vitis/FullCar_AllFeatures_V0_1/ps7_cortexa9_0/standalone_ps7_cortexa9_0/bsp/system.mss|system_0||
M:/projects/clones/SOC/Car_Project/vitis/FullCar_AllFeatures_V0_1/zynq_fsbl/zynq_fsbl_bsp/system.mss|system||

TRACE::2025-05-23.18:07:16::SCWMssOS::Sw design exists and opened at  M:/projects/clones/SOC/Car_Project/vitis/FullCar_AllFeatures_V0_1/zynq_fsbl/zynq_fsbl_bsp/system.mss
TRACE::2025-05-23.18:07:16::SCWPlatform::Trying to open the hw design at M:/projects/clones/SOC/Car_Project/vitis/FullCar_AllFeatures_V0_1/hw/FullCar_AllFeatures_V0_1.xsa
TRACE::2025-05-23.18:07:16::SCWPlatform::DSA given M:/projects/clones/SOC/Car_Project/vitis/FullCar_AllFeatures_V0_1/hw/FullCar_AllFeatures_V0_1.xsa
TRACE::2025-05-23.18:07:16::SCWPlatform::DSA absoulate path M:/projects/clones/SOC/Car_Project/vitis/FullCar_AllFeatures_V0_1/hw/FullCar_AllFeatures_V0_1.xsa
TRACE::2025-05-23.18:07:16::SCWPlatform::DSA directory M:/projects/clones/SOC/Car_Project/vitis/FullCar_AllFeatures_V0_1/hw
TRACE::2025-05-23.18:07:16::SCWPlatform:: Platform Path M:/projects/clones/SOC/Car_Project/vitis/FullCar_AllFeatures_V0_1/hw/FullCar_AllFeatures_V0_1.xsa
TRACE::2025-05-23.18:07:16::SCWPlatform:: Unique name xilinx:pynq-z2::0.0
TRACE::2025-05-23.18:07:16::SCWPlatform::Trying to set the existing hwdb with name design_1_wrapper_0
TRACE::2025-05-23.18:07:16::SCWPlatform::Opened existing hwdb design_1_wrapper_0
TRACE::2025-05-23.18:07:16::SCWPlatform::Found the Hw Db part of the input DSA
TRACE::2025-05-23.18:07:16::SCWMssOS::Checking the sw design at  M:/projects/clones/SOC/Car_Project/vitis/FullCar_AllFeatures_V0_1/zynq_fsbl/zynq_fsbl_bsp/system.mss
TRACE::2025-05-23.18:07:16::SCWMssOS::DEBUG:  swdes dump  M:/projects/clones/SOC/Car_Project/vitis/FullCar_AllFeatures_V0_1/ps7_cortexa9_0/standalone_ps7_cortexa9_0/bsp/system.mss|system_0||
M:/projects/clones/SOC/Car_Project/vitis/FullCar_AllFeatures_V0_1/zynq_fsbl/zynq_fsbl_bsp/system.mss|system||

TRACE::2025-05-23.18:07:16::SCWMssOS::Sw design exists and opened at  M:/projects/clones/SOC/Car_Project/vitis/FullCar_AllFeatures_V0_1/zynq_fsbl/zynq_fsbl_bsp/system.mss
TRACE::2025-05-23.18:07:16::SCWPlatform::Trying to open the hw design at M:/projects/clones/SOC/Car_Project/vitis/FullCar_AllFeatures_V0_1/hw/FullCar_AllFeatures_V0_1.xsa
TRACE::2025-05-23.18:07:16::SCWPlatform::DSA given M:/projects/clones/SOC/Car_Project/vitis/FullCar_AllFeatures_V0_1/hw/FullCar_AllFeatures_V0_1.xsa
TRACE::2025-05-23.18:07:16::SCWPlatform::DSA absoulate path M:/projects/clones/SOC/Car_Project/vitis/FullCar_AllFeatures_V0_1/hw/FullCar_AllFeatures_V0_1.xsa
TRACE::2025-05-23.18:07:16::SCWPlatform::DSA directory M:/projects/clones/SOC/Car_Project/vitis/FullCar_AllFeatures_V0_1/hw
TRACE::2025-05-23.18:07:16::SCWPlatform:: Platform Path M:/projects/clones/SOC/Car_Project/vitis/FullCar_AllFeatures_V0_1/hw/FullCar_AllFeatures_V0_1.xsa
TRACE::2025-05-23.18:07:16::SCWPlatform:: Unique name xilinx:pynq-z2::0.0
TRACE::2025-05-23.18:07:16::SCWPlatform::Trying to set the existing hwdb with name design_1_wrapper_0
TRACE::2025-05-23.18:07:16::SCWPlatform::Opened existing hwdb design_1_wrapper_0
TRACE::2025-05-23.18:07:16::SCWPlatform::Found the Hw Db part of the input DSA
TRACE::2025-05-23.18:07:16::SCWMssOS::Checking the sw design at  M:/projects/clones/SOC/Car_Project/vitis/FullCar_AllFeatures_V0_1/ps7_cortexa9_0/standalone_ps7_cortexa9_0/bsp/system.mss
TRACE::2025-05-23.18:07:16::SCWMssOS::DEBUG:  swdes dump  M:/projects/clones/SOC/Car_Project/vitis/FullCar_AllFeatures_V0_1/ps7_cortexa9_0/standalone_ps7_cortexa9_0/bsp/system.mss|system_0||
M:/projects/clones/SOC/Car_Project/vitis/FullCar_AllFeatures_V0_1/zynq_fsbl/zynq_fsbl_bsp/system.mss|system||

TRACE::2025-05-23.18:07:16::SCWMssOS::Sw design exists and opened at  M:/projects/clones/SOC/Car_Project/vitis/FullCar_AllFeatures_V0_1/ps7_cortexa9_0/standalone_ps7_cortexa9_0/bsp/system.mss
TRACE::2025-05-23.18:07:16::SCWPlatform::Trying to open the hw design at M:/projects/clones/SOC/Car_Project/vitis/FullCar_AllFeatures_V0_1/hw/FullCar_AllFeatures_V0_1.xsa
TRACE::2025-05-23.18:07:16::SCWPlatform::DSA given M:/projects/clones/SOC/Car_Project/vitis/FullCar_AllFeatures_V0_1/hw/FullCar_AllFeatures_V0_1.xsa
TRACE::2025-05-23.18:07:16::SCWPlatform::DSA absoulate path M:/projects/clones/SOC/Car_Project/vitis/FullCar_AllFeatures_V0_1/hw/FullCar_AllFeatures_V0_1.xsa
TRACE::2025-05-23.18:07:16::SCWPlatform::DSA directory M:/projects/clones/SOC/Car_Project/vitis/FullCar_AllFeatures_V0_1/hw
TRACE::2025-05-23.18:07:16::SCWPlatform:: Platform Path M:/projects/clones/SOC/Car_Project/vitis/FullCar_AllFeatures_V0_1/hw/FullCar_AllFeatures_V0_1.xsa
TRACE::2025-05-23.18:07:16::SCWPlatform:: Unique name xilinx:pynq-z2::0.0
TRACE::2025-05-23.18:07:16::SCWPlatform::Trying to set the existing hwdb with name design_1_wrapper_0
TRACE::2025-05-23.18:07:16::SCWPlatform::Opened existing hwdb design_1_wrapper_0
TRACE::2025-05-23.18:07:16::SCWPlatform::Found the Hw Db part of the input DSA
TRACE::2025-05-23.18:07:16::SCWMssOS::Checking the sw design at  M:/projects/clones/SOC/Car_Project/vitis/FullCar_AllFeatures_V0_1/ps7_cortexa9_0/standalone_ps7_cortexa9_0/bsp/system.mss
TRACE::2025-05-23.18:07:16::SCWMssOS::DEBUG:  swdes dump  M:/projects/clones/SOC/Car_Project/vitis/FullCar_AllFeatures_V0_1/ps7_cortexa9_0/standalone_ps7_cortexa9_0/bsp/system.mss|system_0||
M:/projects/clones/SOC/Car_Project/vitis/FullCar_AllFeatures_V0_1/zynq_fsbl/zynq_fsbl_bsp/system.mss|system||

TRACE::2025-05-23.18:07:16::SCWMssOS::Sw design exists and opened at  M:/projects/clones/SOC/Car_Project/vitis/FullCar_AllFeatures_V0_1/ps7_cortexa9_0/standalone_ps7_cortexa9_0/bsp/system.mss
TRACE::2025-05-23.18:07:16::SCWPlatform::Trying to open the hw design at M:/projects/clones/SOC/Car_Project/vitis/FullCar_AllFeatures_V0_1/hw/FullCar_AllFeatures_V0_1.xsa
TRACE::2025-05-23.18:07:16::SCWPlatform::DSA given M:/projects/clones/SOC/Car_Project/vitis/FullCar_AllFeatures_V0_1/hw/FullCar_AllFeatures_V0_1.xsa
TRACE::2025-05-23.18:07:16::SCWPlatform::DSA absoulate path M:/projects/clones/SOC/Car_Project/vitis/FullCar_AllFeatures_V0_1/hw/FullCar_AllFeatures_V0_1.xsa
TRACE::2025-05-23.18:07:16::SCWPlatform::DSA directory M:/projects/clones/SOC/Car_Project/vitis/FullCar_AllFeatures_V0_1/hw
TRACE::2025-05-23.18:07:16::SCWPlatform:: Platform Path M:/projects/clones/SOC/Car_Project/vitis/FullCar_AllFeatures_V0_1/hw/FullCar_AllFeatures_V0_1.xsa
TRACE::2025-05-23.18:07:16::SCWPlatform:: Unique name xilinx:pynq-z2::0.0
TRACE::2025-05-23.18:07:16::SCWPlatform::Trying to set the existing hwdb with name design_1_wrapper_0
TRACE::2025-05-23.18:07:16::SCWPlatform::Opened existing hwdb design_1_wrapper_0
TRACE::2025-05-23.18:07:16::SCWPlatform::Found the Hw Db part of the input DSA
TRACE::2025-05-23.18:07:16::SCWMssOS::Checking the sw design at  M:/projects/clones/SOC/Car_Project/vitis/FullCar_AllFeatures_V0_1/ps7_cortexa9_0/standalone_ps7_cortexa9_0/bsp/system.mss
TRACE::2025-05-23.18:07:16::SCWMssOS::DEBUG:  swdes dump  M:/projects/clones/SOC/Car_Project/vitis/FullCar_AllFeatures_V0_1/ps7_cortexa9_0/standalone_ps7_cortexa9_0/bsp/system.mss|system_0||
M:/projects/clones/SOC/Car_Project/vitis/FullCar_AllFeatures_V0_1/zynq_fsbl/zynq_fsbl_bsp/system.mss|system||

TRACE::2025-05-23.18:07:16::SCWMssOS::Sw design exists and opened at  M:/projects/clones/SOC/Car_Project/vitis/FullCar_AllFeatures_V0_1/ps7_cortexa9_0/standalone_ps7_cortexa9_0/bsp/system.mss
TRACE::2025-05-23.18:07:16::SCWWriter::formatted JSON is {
	"platformName":	"FullCar_AllFeatures_V0_1",
	"sprVersion":	"2.0",
	"mode":	"gui",
	"dsaType":	"Fixed",
	"platformDesc":	"FullCar_AllFeatures_V0_1",
	"platHandOff":	"M:/projects/clones/SOC/Car_Project/vivado/XSA/FullCar_AllFeatures_V0_1.xsa",
	"platIntHandOff":	"<platformDir>/hw/FullCar_AllFeatures_V0_1.xsa",
	"deviceType":	"zynq",
	"platIsPrebuiltAutogen":	"false",
	"platIsNoBootBsp":	"false",
	"platFsblTarget":	"ps7_cortexa9_0",
	"hasFsblMakeHasChanges":	"false",
	"hasPmufwMakeHasChanges":	"false",
	"fsblExtraCompilerFlags":	"-MMD -MP       -mcpu=cortex-a9 -mfpu=vfpv3 -mfloat-abi=hard ",
	"platPreBuiltFlag":	false,
	"platformSamplesDir":	"",
	"platActiveSys":	"FullCar_AllFeatures_V0_1",
	"systems":	[{
			"systemName":	"FullCar_AllFeatures_V0_1",
			"systemDesc":	"FullCar_AllFeatures_V0_1",
			"sysIsBootAutoGen":	"true",
			"systemDispName":	"FullCar_AllFeatures_V0_1",
			"sysActiveDom":	"standalone_ps7_cortexa9_0",
			"sysDefaultDom":	"standalone_ps7_cortexa9_0",
			"domains":	[{
					"domainName":	"zynq_fsbl",
					"domainDispName":	"zynq_fsbl",
					"domainDesc":	"FSBL Application BSP - Auto Generated.",
					"processors":	"ps7_cortexa9_0",
					"os":	"standalone",
					"sdxOs":	"standalone",
					"debugEnable":	"",
					"domRuntimes":	["cpp"],
					"swRepo":	"",
					"mssOsVer":	"9.1",
					"mssFile":	"",
					"md5Digest":	"64fce8e86c92608d547c70ee7285b026",
					"compatibleApp":	"zynq_fsbl",
					"domType":	"bootDomain",
					"arch":	"32-bit",
					"appSettings":	{
						"appCompilerFlags":	"",
						"appLinkerFlags":	""
					},
					"addedLibs":	["xilffs:5.2", "xilrsa:1.8"],
					"libOptions":	{
						"libsContainingOptions":	[]
					},
					"prebuiltLibs":	{
						"prebuiltIncPath":	[],
						"prebuiltLibPath":	[]
					},
					"isolation":	{
					}
				}, {
					"domainName":	"standalone_ps7_cortexa9_0",
					"domainDispName":	"standalone_ps7_cortexa9_0",
					"domainDesc":	"standalone_ps7_cortexa9_0",
					"processors":	"ps7_cortexa9_0",
					"os":	"standalone",
					"sdxOs":	"standalone",
					"qemuArgs":	"<platformDir>/resources/FullCar_AllFeatures_V0_1/standalone_ps7_cortexa9_0/qemu_args.txt",
					"qemuData":	"<platformDir>/resources/FullCar_AllFeatures_V0_1/standalone_ps7_cortexa9_0/qemu",
					"debugEnable":	"False",
					"domRuntimes":	["cpp"],
					"swRepo":	"",
					"mssOsVer":	"9.1",
					"mssFile":	"",
					"md5Digest":	"9b96d52dca00ece5ea6af278cd8f10e1",
					"compatibleApp":	"hello_world",
					"domType":	"mssDomain",
					"arch":	"32-bit",
					"appSettings":	{
						"appCompilerFlags":	"",
						"appLinkerFlags":	""
					},
					"addedLibs":	[],
					"libOptions":	{
						"libsContainingOptions":	[]
					},
					"prebuiltLibs":	{
						"prebuiltIncPath":	[],
						"prebuiltLibPath":	[]
					},
					"isolation":	{
					}
				}]
		}]
}
LOG::2025-05-23.18:07:16::SCWPlatform::Started generating the artifacts platform FullCar_AllFeatures_V0_1
TRACE::2025-05-23.18:07:16::SCWPlatform::Sanity checking of platform is completed
LOG::2025-05-23.18:07:16::SCWPlatform::Started generating the artifacts for system configuration FullCar_AllFeatures_V0_1
LOG::2025-05-23.18:07:16::SCWSystem::Started Processing the domain standalone_ps7_cortexa9_0
TRACE::2025-05-23.18:07:16::SCWDomain::Generating domain artifcats
TRACE::2025-05-23.18:07:16::SCWMssOS::Generating standalone artifcats
TRACE::2025-05-23.18:07:16::SCWMssOS::Copying the qemu file from  M:/projects/clones/SOC/Car_Project/vitis/FullCar_AllFeatures_V0_1/resources/FullCar_AllFeatures_V0_1/standalone_ps7_cortexa9_0/qemu_args.txt To M:/projects/clones/SOC/Car_Project/vitis/FullCar_AllFeatures_V0_1/export/FullCar_AllFeatures_V0_1/sw/FullCar_AllFeatures_V0_1/qemu/
TRACE::2025-05-23.18:07:16::SCWMssOS::Copying the qemu file from  M:/projects/clones/SOC/Car_Project/vitis/FullCar_AllFeatures_V0_1/resources/FullCar_AllFeatures_V0_1/standalone_ps7_cortexa9_0/qemu_args.txt To M:/projects/clones/SOC/Car_Project/vitis/FullCar_AllFeatures_V0_1/export/FullCar_AllFeatures_V0_1/sw/FullCar_AllFeatures_V0_1/standalone_ps7_cortexa9_0/qemu/
TRACE::2025-05-23.18:07:16::SCWMssOS:: Copying the user libraries. 
TRACE::2025-05-23.18:07:16::SCWPlatform::Trying to open the hw design at M:/projects/clones/SOC/Car_Project/vitis/FullCar_AllFeatures_V0_1/hw/FullCar_AllFeatures_V0_1.xsa
TRACE::2025-05-23.18:07:16::SCWPlatform::DSA given M:/projects/clones/SOC/Car_Project/vitis/FullCar_AllFeatures_V0_1/hw/FullCar_AllFeatures_V0_1.xsa
TRACE::2025-05-23.18:07:16::SCWPlatform::DSA absoulate path M:/projects/clones/SOC/Car_Project/vitis/FullCar_AllFeatures_V0_1/hw/FullCar_AllFeatures_V0_1.xsa
TRACE::2025-05-23.18:07:16::SCWPlatform::DSA directory M:/projects/clones/SOC/Car_Project/vitis/FullCar_AllFeatures_V0_1/hw
TRACE::2025-05-23.18:07:16::SCWPlatform:: Platform Path M:/projects/clones/SOC/Car_Project/vitis/FullCar_AllFeatures_V0_1/hw/FullCar_AllFeatures_V0_1.xsa
TRACE::2025-05-23.18:07:16::SCWPlatform:: Unique name xilinx:pynq-z2::0.0
TRACE::2025-05-23.18:07:16::SCWPlatform::Trying to set the existing hwdb with name design_1_wrapper_0
TRACE::2025-05-23.18:07:16::SCWPlatform::Opened existing hwdb design_1_wrapper_0
TRACE::2025-05-23.18:07:16::SCWPlatform::Found the Hw Db part of the input DSA
TRACE::2025-05-23.18:07:16::SCWMssOS::Checking the sw design at  M:/projects/clones/SOC/Car_Project/vitis/FullCar_AllFeatures_V0_1/ps7_cortexa9_0/standalone_ps7_cortexa9_0/bsp/system.mss
TRACE::2025-05-23.18:07:16::SCWMssOS::DEBUG:  swdes dump  M:/projects/clones/SOC/Car_Project/vitis/FullCar_AllFeatures_V0_1/ps7_cortexa9_0/standalone_ps7_cortexa9_0/bsp/system.mss|system_0||
M:/projects/clones/SOC/Car_Project/vitis/FullCar_AllFeatures_V0_1/zynq_fsbl/zynq_fsbl_bsp/system.mss|system||

TRACE::2025-05-23.18:07:16::SCWMssOS::Sw design exists and opened at  M:/projects/clones/SOC/Car_Project/vitis/FullCar_AllFeatures_V0_1/ps7_cortexa9_0/standalone_ps7_cortexa9_0/bsp/system.mss
TRACE::2025-05-23.18:07:16::SCWMssOS::Completed writing the mss file at M:/projects/clones/SOC/Car_Project/vitis/FullCar_AllFeatures_V0_1/ps7_cortexa9_0/standalone_ps7_cortexa9_0/bsp
TRACE::2025-05-23.18:07:16::SCWMssOS::Mss edits present, copying mssfile into export location M:/projects/clones/SOC/Car_Project/vitis/FullCar_AllFeatures_V0_1/ps7_cortexa9_0/standalone_ps7_cortexa9_0/bsp/system.mss
TRACE::2025-05-23.18:07:16::SCWMssOS::bsp generated is upto date with the mss file. Skipping bsp generation.
TRACE::2025-05-23.18:07:16::SCWMssOS::BSP is already built. skipping the bsp build ... 
TRACE::2025-05-23.18:07:16::SCWDomain::Building the domain as part of full build :  standalone_ps7_cortexa9_0
TRACE::2025-05-23.18:07:16::SCWMssOS::skipping the bsp build ... 
TRACE::2025-05-23.18:07:16::SCWMssOS::Copying to export directory.
TRACE::2025-05-23.18:07:16::SCWMssOS:: Checking if to create the Supporting Applications
TRACE::2025-05-23.18:07:16::SCWMssOS:: No Linux domain exists, trying to generate FSBL 
TRACE::2025-05-23.18:07:16::SCWMssOS:: Completed Standalone Artifacts creation 
LOG::2025-05-23.18:07:16::SCWSystem::Completed Processing the domain standalone_ps7_cortexa9_0
LOG::2025-05-23.18:07:16::SCWSystem::Completed Processing the sysconfig FullCar_AllFeatures_V0_1
LOG::2025-05-23.18:07:16::SCWPlatform::Completed generating the artifacts for system configuration FullCar_AllFeatures_V0_1
TRACE::2025-05-23.18:07:16::SCWPlatform::Started preparing the platform 
TRACE::2025-05-23.18:07:16::SCWSystem::Writing the bif file for system config FullCar_AllFeatures_V0_1
TRACE::2025-05-23.18:07:16::SCWSystem::dir created 
TRACE::2025-05-23.18:07:16::SCWSystem::Writing the bif 
TRACE::2025-05-23.18:07:16::SCWPlatform::Started writing the spfm file 
TRACE::2025-05-23.18:07:16::SCWPlatform::Started writing the xpfm file 
TRACE::2025-05-23.18:07:16::SCWPlatform::Completed generating the platform
TRACE::2025-05-23.18:07:16::SCWMssOS::Saving the mss changes M:/projects/clones/SOC/Car_Project/vitis/FullCar_AllFeatures_V0_1/zynq_fsbl/zynq_fsbl_bsp/system.mss
TRACE::2025-05-23.18:07:16::SCWMssOS::Found a swdesign opened with the mssfile.
TRACE::2025-05-23.18:07:16::SCWMssOS::Completed writemss as part of save.
TRACE::2025-05-23.18:07:16::SCWMssOS::Commit changes completed.
TRACE::2025-05-23.18:07:16::SCWMssOS::Saving the mss changes M:/projects/clones/SOC/Car_Project/vitis/FullCar_AllFeatures_V0_1/ps7_cortexa9_0/standalone_ps7_cortexa9_0/bsp/system.mss
TRACE::2025-05-23.18:07:16::SCWMssOS::Found a swdesign opened with the mssfile.
TRACE::2025-05-23.18:07:16::SCWMssOS::Completed writemss as part of save.
TRACE::2025-05-23.18:07:16::SCWMssOS::Commit changes completed.
TRACE::2025-05-23.18:07:16::SCWPlatform::Trying to open the hw design at M:/projects/clones/SOC/Car_Project/vitis/FullCar_AllFeatures_V0_1/hw/FullCar_AllFeatures_V0_1.xsa
TRACE::2025-05-23.18:07:16::SCWPlatform::DSA given M:/projects/clones/SOC/Car_Project/vitis/FullCar_AllFeatures_V0_1/hw/FullCar_AllFeatures_V0_1.xsa
TRACE::2025-05-23.18:07:16::SCWPlatform::DSA absoulate path M:/projects/clones/SOC/Car_Project/vitis/FullCar_AllFeatures_V0_1/hw/FullCar_AllFeatures_V0_1.xsa
TRACE::2025-05-23.18:07:16::SCWPlatform::DSA directory M:/projects/clones/SOC/Car_Project/vitis/FullCar_AllFeatures_V0_1/hw
TRACE::2025-05-23.18:07:16::SCWPlatform:: Platform Path M:/projects/clones/SOC/Car_Project/vitis/FullCar_AllFeatures_V0_1/hw/FullCar_AllFeatures_V0_1.xsa
TRACE::2025-05-23.18:07:16::SCWPlatform:: Unique name xilinx:pynq-z2::0.0
TRACE::2025-05-23.18:07:16::SCWPlatform::Trying to set the existing hwdb with name design_1_wrapper_0
TRACE::2025-05-23.18:07:16::SCWPlatform::Opened existing hwdb design_1_wrapper_0
TRACE::2025-05-23.18:07:16::SCWPlatform::Found the Hw Db part of the input DSA
TRACE::2025-05-23.18:07:16::SCWMssOS::Checking the sw design at  M:/projects/clones/SOC/Car_Project/vitis/FullCar_AllFeatures_V0_1/zynq_fsbl/zynq_fsbl_bsp/system.mss
TRACE::2025-05-23.18:07:16::SCWMssOS::DEBUG:  swdes dump  M:/projects/clones/SOC/Car_Project/vitis/FullCar_AllFeatures_V0_1/ps7_cortexa9_0/standalone_ps7_cortexa9_0/bsp/system.mss|system_0||
M:/projects/clones/SOC/Car_Project/vitis/FullCar_AllFeatures_V0_1/zynq_fsbl/zynq_fsbl_bsp/system.mss|system||

TRACE::2025-05-23.18:07:16::SCWMssOS::Sw design exists and opened at  M:/projects/clones/SOC/Car_Project/vitis/FullCar_AllFeatures_V0_1/zynq_fsbl/zynq_fsbl_bsp/system.mss
TRACE::2025-05-23.18:07:16::SCWPlatform::Trying to open the hw design at M:/projects/clones/SOC/Car_Project/vitis/FullCar_AllFeatures_V0_1/hw/FullCar_AllFeatures_V0_1.xsa
TRACE::2025-05-23.18:07:16::SCWPlatform::DSA given M:/projects/clones/SOC/Car_Project/vitis/FullCar_AllFeatures_V0_1/hw/FullCar_AllFeatures_V0_1.xsa
TRACE::2025-05-23.18:07:16::SCWPlatform::DSA absoulate path M:/projects/clones/SOC/Car_Project/vitis/FullCar_AllFeatures_V0_1/hw/FullCar_AllFeatures_V0_1.xsa
TRACE::2025-05-23.18:07:16::SCWPlatform::DSA directory M:/projects/clones/SOC/Car_Project/vitis/FullCar_AllFeatures_V0_1/hw
TRACE::2025-05-23.18:07:16::SCWPlatform:: Platform Path M:/projects/clones/SOC/Car_Project/vitis/FullCar_AllFeatures_V0_1/hw/FullCar_AllFeatures_V0_1.xsa
TRACE::2025-05-23.18:07:16::SCWPlatform:: Unique name xilinx:pynq-z2::0.0
TRACE::2025-05-23.18:07:16::SCWPlatform::Trying to set the existing hwdb with name design_1_wrapper_0
TRACE::2025-05-23.18:07:16::SCWPlatform::Opened existing hwdb design_1_wrapper_0
TRACE::2025-05-23.18:07:16::SCWPlatform::Found the Hw Db part of the input DSA
TRACE::2025-05-23.18:07:16::SCWMssOS::Checking the sw design at  M:/projects/clones/SOC/Car_Project/vitis/FullCar_AllFeatures_V0_1/zynq_fsbl/zynq_fsbl_bsp/system.mss
TRACE::2025-05-23.18:07:16::SCWMssOS::DEBUG:  swdes dump  M:/projects/clones/SOC/Car_Project/vitis/FullCar_AllFeatures_V0_1/ps7_cortexa9_0/standalone_ps7_cortexa9_0/bsp/system.mss|system_0||
M:/projects/clones/SOC/Car_Project/vitis/FullCar_AllFeatures_V0_1/zynq_fsbl/zynq_fsbl_bsp/system.mss|system||

TRACE::2025-05-23.18:07:16::SCWMssOS::Sw design exists and opened at  M:/projects/clones/SOC/Car_Project/vitis/FullCar_AllFeatures_V0_1/zynq_fsbl/zynq_fsbl_bsp/system.mss
TRACE::2025-05-23.18:07:16::SCWPlatform::Trying to open the hw design at M:/projects/clones/SOC/Car_Project/vitis/FullCar_AllFeatures_V0_1/hw/FullCar_AllFeatures_V0_1.xsa
TRACE::2025-05-23.18:07:16::SCWPlatform::DSA given M:/projects/clones/SOC/Car_Project/vitis/FullCar_AllFeatures_V0_1/hw/FullCar_AllFeatures_V0_1.xsa
TRACE::2025-05-23.18:07:16::SCWPlatform::DSA absoulate path M:/projects/clones/SOC/Car_Project/vitis/FullCar_AllFeatures_V0_1/hw/FullCar_AllFeatures_V0_1.xsa
TRACE::2025-05-23.18:07:16::SCWPlatform::DSA directory M:/projects/clones/SOC/Car_Project/vitis/FullCar_AllFeatures_V0_1/hw
TRACE::2025-05-23.18:07:16::SCWPlatform:: Platform Path M:/projects/clones/SOC/Car_Project/vitis/FullCar_AllFeatures_V0_1/hw/FullCar_AllFeatures_V0_1.xsa
TRACE::2025-05-23.18:07:16::SCWPlatform:: Unique name xilinx:pynq-z2::0.0
TRACE::2025-05-23.18:07:16::SCWPlatform::Trying to set the existing hwdb with name design_1_wrapper_0
TRACE::2025-05-23.18:07:16::SCWPlatform::Opened existing hwdb design_1_wrapper_0
TRACE::2025-05-23.18:07:16::SCWPlatform::Found the Hw Db part of the input DSA
TRACE::2025-05-23.18:07:16::SCWMssOS::Checking the sw design at  M:/projects/clones/SOC/Car_Project/vitis/FullCar_AllFeatures_V0_1/zynq_fsbl/zynq_fsbl_bsp/system.mss
TRACE::2025-05-23.18:07:16::SCWMssOS::DEBUG:  swdes dump  M:/projects/clones/SOC/Car_Project/vitis/FullCar_AllFeatures_V0_1/ps7_cortexa9_0/standalone_ps7_cortexa9_0/bsp/system.mss|system_0||
M:/projects/clones/SOC/Car_Project/vitis/FullCar_AllFeatures_V0_1/zynq_fsbl/zynq_fsbl_bsp/system.mss|system||

TRACE::2025-05-23.18:07:16::SCWMssOS::Sw design exists and opened at  M:/projects/clones/SOC/Car_Project/vitis/FullCar_AllFeatures_V0_1/zynq_fsbl/zynq_fsbl_bsp/system.mss
TRACE::2025-05-23.18:07:16::SCWPlatform::Trying to open the hw design at M:/projects/clones/SOC/Car_Project/vitis/FullCar_AllFeatures_V0_1/hw/FullCar_AllFeatures_V0_1.xsa
TRACE::2025-05-23.18:07:16::SCWPlatform::DSA given M:/projects/clones/SOC/Car_Project/vitis/FullCar_AllFeatures_V0_1/hw/FullCar_AllFeatures_V0_1.xsa
TRACE::2025-05-23.18:07:16::SCWPlatform::DSA absoulate path M:/projects/clones/SOC/Car_Project/vitis/FullCar_AllFeatures_V0_1/hw/FullCar_AllFeatures_V0_1.xsa
TRACE::2025-05-23.18:07:16::SCWPlatform::DSA directory M:/projects/clones/SOC/Car_Project/vitis/FullCar_AllFeatures_V0_1/hw
TRACE::2025-05-23.18:07:16::SCWPlatform:: Platform Path M:/projects/clones/SOC/Car_Project/vitis/FullCar_AllFeatures_V0_1/hw/FullCar_AllFeatures_V0_1.xsa
TRACE::2025-05-23.18:07:16::SCWPlatform:: Unique name xilinx:pynq-z2::0.0
TRACE::2025-05-23.18:07:16::SCWPlatform::Trying to set the existing hwdb with name design_1_wrapper_0
TRACE::2025-05-23.18:07:16::SCWPlatform::Opened existing hwdb design_1_wrapper_0
TRACE::2025-05-23.18:07:16::SCWPlatform::Found the Hw Db part of the input DSA
TRACE::2025-05-23.18:07:16::SCWMssOS::Checking the sw design at  M:/projects/clones/SOC/Car_Project/vitis/FullCar_AllFeatures_V0_1/ps7_cortexa9_0/standalone_ps7_cortexa9_0/bsp/system.mss
TRACE::2025-05-23.18:07:16::SCWMssOS::DEBUG:  swdes dump  M:/projects/clones/SOC/Car_Project/vitis/FullCar_AllFeatures_V0_1/ps7_cortexa9_0/standalone_ps7_cortexa9_0/bsp/system.mss|system_0||
M:/projects/clones/SOC/Car_Project/vitis/FullCar_AllFeatures_V0_1/zynq_fsbl/zynq_fsbl_bsp/system.mss|system||

TRACE::2025-05-23.18:07:16::SCWMssOS::Sw design exists and opened at  M:/projects/clones/SOC/Car_Project/vitis/FullCar_AllFeatures_V0_1/ps7_cortexa9_0/standalone_ps7_cortexa9_0/bsp/system.mss
TRACE::2025-05-23.18:07:16::SCWPlatform::Trying to open the hw design at M:/projects/clones/SOC/Car_Project/vitis/FullCar_AllFeatures_V0_1/hw/FullCar_AllFeatures_V0_1.xsa
TRACE::2025-05-23.18:07:16::SCWPlatform::DSA given M:/projects/clones/SOC/Car_Project/vitis/FullCar_AllFeatures_V0_1/hw/FullCar_AllFeatures_V0_1.xsa
TRACE::2025-05-23.18:07:16::SCWPlatform::DSA absoulate path M:/projects/clones/SOC/Car_Project/vitis/FullCar_AllFeatures_V0_1/hw/FullCar_AllFeatures_V0_1.xsa
TRACE::2025-05-23.18:07:16::SCWPlatform::DSA directory M:/projects/clones/SOC/Car_Project/vitis/FullCar_AllFeatures_V0_1/hw
TRACE::2025-05-23.18:07:16::SCWPlatform:: Platform Path M:/projects/clones/SOC/Car_Project/vitis/FullCar_AllFeatures_V0_1/hw/FullCar_AllFeatures_V0_1.xsa
TRACE::2025-05-23.18:07:16::SCWPlatform:: Unique name xilinx:pynq-z2::0.0
TRACE::2025-05-23.18:07:16::SCWPlatform::Trying to set the existing hwdb with name design_1_wrapper_0
TRACE::2025-05-23.18:07:16::SCWPlatform::Opened existing hwdb design_1_wrapper_0
TRACE::2025-05-23.18:07:16::SCWPlatform::Found the Hw Db part of the input DSA
TRACE::2025-05-23.18:07:16::SCWMssOS::Checking the sw design at  M:/projects/clones/SOC/Car_Project/vitis/FullCar_AllFeatures_V0_1/ps7_cortexa9_0/standalone_ps7_cortexa9_0/bsp/system.mss
TRACE::2025-05-23.18:07:16::SCWMssOS::DEBUG:  swdes dump  M:/projects/clones/SOC/Car_Project/vitis/FullCar_AllFeatures_V0_1/ps7_cortexa9_0/standalone_ps7_cortexa9_0/bsp/system.mss|system_0||
M:/projects/clones/SOC/Car_Project/vitis/FullCar_AllFeatures_V0_1/zynq_fsbl/zynq_fsbl_bsp/system.mss|system||

TRACE::2025-05-23.18:07:16::SCWMssOS::Sw design exists and opened at  M:/projects/clones/SOC/Car_Project/vitis/FullCar_AllFeatures_V0_1/ps7_cortexa9_0/standalone_ps7_cortexa9_0/bsp/system.mss
TRACE::2025-05-23.18:07:16::SCWPlatform::Trying to open the hw design at M:/projects/clones/SOC/Car_Project/vitis/FullCar_AllFeatures_V0_1/hw/FullCar_AllFeatures_V0_1.xsa
TRACE::2025-05-23.18:07:16::SCWPlatform::DSA given M:/projects/clones/SOC/Car_Project/vitis/FullCar_AllFeatures_V0_1/hw/FullCar_AllFeatures_V0_1.xsa
TRACE::2025-05-23.18:07:16::SCWPlatform::DSA absoulate path M:/projects/clones/SOC/Car_Project/vitis/FullCar_AllFeatures_V0_1/hw/FullCar_AllFeatures_V0_1.xsa
TRACE::2025-05-23.18:07:16::SCWPlatform::DSA directory M:/projects/clones/SOC/Car_Project/vitis/FullCar_AllFeatures_V0_1/hw
TRACE::2025-05-23.18:07:16::SCWPlatform:: Platform Path M:/projects/clones/SOC/Car_Project/vitis/FullCar_AllFeatures_V0_1/hw/FullCar_AllFeatures_V0_1.xsa
TRACE::2025-05-23.18:07:16::SCWPlatform:: Unique name xilinx:pynq-z2::0.0
TRACE::2025-05-23.18:07:16::SCWPlatform::Trying to set the existing hwdb with name design_1_wrapper_0
TRACE::2025-05-23.18:07:16::SCWPlatform::Opened existing hwdb design_1_wrapper_0
TRACE::2025-05-23.18:07:16::SCWPlatform::Found the Hw Db part of the input DSA
TRACE::2025-05-23.18:07:16::SCWMssOS::Checking the sw design at  M:/projects/clones/SOC/Car_Project/vitis/FullCar_AllFeatures_V0_1/ps7_cortexa9_0/standalone_ps7_cortexa9_0/bsp/system.mss
TRACE::2025-05-23.18:07:16::SCWMssOS::DEBUG:  swdes dump  M:/projects/clones/SOC/Car_Project/vitis/FullCar_AllFeatures_V0_1/ps7_cortexa9_0/standalone_ps7_cortexa9_0/bsp/system.mss|system_0||
M:/projects/clones/SOC/Car_Project/vitis/FullCar_AllFeatures_V0_1/zynq_fsbl/zynq_fsbl_bsp/system.mss|system||

TRACE::2025-05-23.18:07:16::SCWMssOS::Sw design exists and opened at  M:/projects/clones/SOC/Car_Project/vitis/FullCar_AllFeatures_V0_1/ps7_cortexa9_0/standalone_ps7_cortexa9_0/bsp/system.mss
TRACE::2025-05-23.18:07:16::SCWWriter::formatted JSON is {
	"platformName":	"FullCar_AllFeatures_V0_1",
	"sprVersion":	"2.0",
	"mode":	"gui",
	"dsaType":	"Fixed",
	"platformDesc":	"FullCar_AllFeatures_V0_1",
	"platHandOff":	"M:/projects/clones/SOC/Car_Project/vivado/XSA/FullCar_AllFeatures_V0_1.xsa",
	"platIntHandOff":	"<platformDir>/hw/FullCar_AllFeatures_V0_1.xsa",
	"deviceType":	"zynq",
	"platIsPrebuiltAutogen":	"false",
	"platIsNoBootBsp":	"false",
	"platFsblTarget":	"ps7_cortexa9_0",
	"hasFsblMakeHasChanges":	"false",
	"hasPmufwMakeHasChanges":	"false",
	"fsblExtraCompilerFlags":	"-MMD -MP       -mcpu=cortex-a9 -mfpu=vfpv3 -mfloat-abi=hard ",
	"platPreBuiltFlag":	false,
	"platformSamplesDir":	"",
	"platActiveSys":	"FullCar_AllFeatures_V0_1",
	"systems":	[{
			"systemName":	"FullCar_AllFeatures_V0_1",
			"systemDesc":	"FullCar_AllFeatures_V0_1",
			"sysIsBootAutoGen":	"true",
			"systemDispName":	"FullCar_AllFeatures_V0_1",
			"sysActiveDom":	"standalone_ps7_cortexa9_0",
			"sysDefaultDom":	"standalone_ps7_cortexa9_0",
			"domains":	[{
					"domainName":	"zynq_fsbl",
					"domainDispName":	"zynq_fsbl",
					"domainDesc":	"FSBL Application BSP - Auto Generated.",
					"processors":	"ps7_cortexa9_0",
					"os":	"standalone",
					"sdxOs":	"standalone",
					"debugEnable":	"",
					"domRuntimes":	["cpp"],
					"swRepo":	"",
					"mssOsVer":	"9.1",
					"mssFile":	"",
					"md5Digest":	"64fce8e86c92608d547c70ee7285b026",
					"compatibleApp":	"zynq_fsbl",
					"domType":	"bootDomain",
					"arch":	"32-bit",
					"appSettings":	{
						"appCompilerFlags":	"",
						"appLinkerFlags":	""
					},
					"addedLibs":	["xilffs:5.2", "xilrsa:1.8"],
					"libOptions":	{
						"libsContainingOptions":	[]
					},
					"prebuiltLibs":	{
						"prebuiltIncPath":	[],
						"prebuiltLibPath":	[]
					},
					"isolation":	{
					}
				}, {
					"domainName":	"standalone_ps7_cortexa9_0",
					"domainDispName":	"standalone_ps7_cortexa9_0",
					"domainDesc":	"standalone_ps7_cortexa9_0",
					"processors":	"ps7_cortexa9_0",
					"os":	"standalone",
					"sdxOs":	"standalone",
					"qemuArgs":	"<platformDir>/resources/FullCar_AllFeatures_V0_1/standalone_ps7_cortexa9_0/qemu_args.txt",
					"qemuData":	"<platformDir>/resources/FullCar_AllFeatures_V0_1/standalone_ps7_cortexa9_0/qemu",
					"debugEnable":	"False",
					"domRuntimes":	["cpp"],
					"swRepo":	"",
					"mssOsVer":	"9.1",
					"mssFile":	"",
					"md5Digest":	"9b96d52dca00ece5ea6af278cd8f10e1",
					"compatibleApp":	"hello_world",
					"domType":	"mssDomain",
					"arch":	"32-bit",
					"appSettings":	{
						"appCompilerFlags":	"",
						"appLinkerFlags":	""
					},
					"addedLibs":	[],
					"libOptions":	{
						"libsContainingOptions":	[]
					},
					"prebuiltLibs":	{
						"prebuiltIncPath":	[],
						"prebuiltLibPath":	[]
					},
					"isolation":	{
					}
				}]
		}]
}
KEYINFO::2025-05-23.18:07:16::SCWPlatform::updated the xpfm file.
LOG::2025-05-23.18:07:53::SCWPlatform::Started generating the artifacts platform FullCar_AllFeatures_V0_1
TRACE::2025-05-23.18:07:53::SCWPlatform::Sanity checking of platform is completed
LOG::2025-05-23.18:07:53::SCWPlatform::Started generating the artifacts for system configuration FullCar_AllFeatures_V0_1
LOG::2025-05-23.18:07:53::SCWSystem::Checking the domain zynq_fsbl
LOG::2025-05-23.18:07:53::SCWSystem::Doing application build for :  zynq_fsbl
TRACE::2025-05-23.18:07:53::SCWBDomain::Not a forced makefile updation, No changes are present. 
TRACE::2025-05-23.18:07:53::SCWDomain::Building the domain as part of full build :  zynq_fsbl
TRACE::2025-05-23.18:07:53::SCWPlatform::Trying to open the hw design at M:/projects/clones/SOC/Car_Project/vitis/FullCar_AllFeatures_V0_1/hw/FullCar_AllFeatures_V0_1.xsa
TRACE::2025-05-23.18:07:53::SCWPlatform::DSA given M:/projects/clones/SOC/Car_Project/vitis/FullCar_AllFeatures_V0_1/hw/FullCar_AllFeatures_V0_1.xsa
TRACE::2025-05-23.18:07:53::SCWPlatform::DSA absoulate path M:/projects/clones/SOC/Car_Project/vitis/FullCar_AllFeatures_V0_1/hw/FullCar_AllFeatures_V0_1.xsa
TRACE::2025-05-23.18:07:53::SCWPlatform::DSA directory M:/projects/clones/SOC/Car_Project/vitis/FullCar_AllFeatures_V0_1/hw
TRACE::2025-05-23.18:07:53::SCWPlatform:: Platform Path M:/projects/clones/SOC/Car_Project/vitis/FullCar_AllFeatures_V0_1/hw/FullCar_AllFeatures_V0_1.xsa
TRACE::2025-05-23.18:07:53::SCWPlatform:: Unique name xilinx:pynq-z2::0.0
TRACE::2025-05-23.18:07:53::SCWPlatform::Trying to set the existing hwdb with name design_1_wrapper_0
TRACE::2025-05-23.18:07:53::SCWPlatform::Opened existing hwdb design_1_wrapper_0
TRACE::2025-05-23.18:07:53::SCWPlatform::Found the Hw Db part of the input DSA
TRACE::2025-05-23.18:07:53::SCWMssOS::Checking the sw design at  M:/projects/clones/SOC/Car_Project/vitis/FullCar_AllFeatures_V0_1/zynq_fsbl/zynq_fsbl_bsp/system.mss
TRACE::2025-05-23.18:07:53::SCWMssOS::DEBUG:  swdes dump  M:/projects/clones/SOC/Car_Project/vitis/FullCar_AllFeatures_V0_1/ps7_cortexa9_0/standalone_ps7_cortexa9_0/bsp/system.mss|system_0||
M:/projects/clones/SOC/Car_Project/vitis/FullCar_AllFeatures_V0_1/zynq_fsbl/zynq_fsbl_bsp/system.mss|system||

TRACE::2025-05-23.18:07:53::SCWMssOS::Sw design exists and opened at  M:/projects/clones/SOC/Car_Project/vitis/FullCar_AllFeatures_V0_1/zynq_fsbl/zynq_fsbl_bsp/system.mss
TRACE::2025-05-23.18:07:53::SCWBDomain::Completed writing the mss file at M:/projects/clones/SOC/Car_Project/vitis/FullCar_AllFeatures_V0_1/zynq_fsbl/zynq_fsbl_bsp
TRACE::2025-05-23.18:07:53::SCWBDomain::bsp generated is upto date with the mss file. Skipping bsp generation.
TRACE::2025-05-23.18:07:53::SCWBDomain::Not a forced makefile updation, No changes are present. 
TRACE::2025-05-23.18:07:53::SCWBDomain::System Command Ran  M:&  cd  M:/projects/clones/SOC/Car_Project/vitis/FullCar_AllFeatures_V0_1/zynq_fsbl& make -C  zynq_fsbl_bsp & make 
TRACE::2025-05-23.18:07:54::SCWBDomain::make: Entering directory 'M:/projects/clones/SOC/Car_Project/vitis/FullCar_AllFeatures_V0_1/zynq_fsbl/zynq_fsbl_bsp'

TRACE::2025-05-23.18:07:54::SCWBDomain::make --no-print-directory seq_libs

TRACE::2025-05-23.18:07:54::SCWBDomain::"Running Make include in ps7_cortexa9_0/libsrc/coresightps_dcc_v1_10/src"

TRACE::2025-05-23.18:07:54::SCWBDomain::make -C ps7_cortexa9_0/libsrc/coresightps_dcc_v1_10/src -s include  "SHELL=CMD" "COMPILER=arm-none-eabi-gcc" "ASSEMBLER=arm-non
TRACE::2025-05-23.18:07:54::SCWBDomain::e-eabi-as" "ARCHIVER=arm-none-eabi-ar" "COMPILER_FLAGS=  -O2 -c" "EXTRA_COMPILER_FLAGS=-mcpu=cortex-a9 -mfpu=vfpv3 -mfloat-abi=
TRACE::2025-05-23.18:07:54::SCWBDomain::hard -nostartfiles -g -Wall -Wextra -fno-tree-loop-distribute-patterns"

TRACE::2025-05-23.18:07:54::SCWBDomain::"Running Make include in ps7_cortexa9_0/libsrc/cpu_cortexa9_v2_12/src"

TRACE::2025-05-23.18:07:54::SCWBDomain::make -C ps7_cortexa9_0/libsrc/cpu_cortexa9_v2_12/src -s include  "SHELL=CMD" "COMPILER=arm-none-eabi-gcc" "ASSEMBLER=arm-none-e
TRACE::2025-05-23.18:07:54::SCWBDomain::abi-as" "ARCHIVER=arm-none-eabi-ar" "COMPILER_FLAGS=  -O2 -c" "EXTRA_COMPILER_FLAGS=-mcpu=cortex-a9 -mfpu=vfpv3 -mfloat-abi=har
TRACE::2025-05-23.18:07:54::SCWBDomain::d -nostartfiles -g -Wall -Wextra -fno-tree-loop-distribute-patterns"

TRACE::2025-05-23.18:07:54::SCWBDomain::"Running Make include in ps7_cortexa9_0/libsrc/ddrps_v1_2/src"

TRACE::2025-05-23.18:07:54::SCWBDomain::make -C ps7_cortexa9_0/libsrc/ddrps_v1_2/src -s include  "SHELL=CMD" "COMPILER=arm-none-eabi-gcc" "ASSEMBLER=arm-none-eabi-as" 
TRACE::2025-05-23.18:07:54::SCWBDomain::"ARCHIVER=arm-none-eabi-ar" "COMPILER_FLAGS=  -O2 -c" "EXTRA_COMPILER_FLAGS=-mcpu=cortex-a9 -mfpu=vfpv3 -mfloat-abi=hard -nosta
TRACE::2025-05-23.18:07:54::SCWBDomain::rtfiles -g -Wall -Wextra -fno-tree-loop-distribute-patterns"

TRACE::2025-05-23.18:07:54::SCWBDomain::"Running Make include in ps7_cortexa9_0/libsrc/devcfg_v3_8/src"

TRACE::2025-05-23.18:07:54::SCWBDomain::make -C ps7_cortexa9_0/libsrc/devcfg_v3_8/src -s include  "SHELL=CMD" "COMPILER=arm-none-eabi-gcc" "ASSEMBLER=arm-none-eabi-as"
TRACE::2025-05-23.18:07:54::SCWBDomain:: "ARCHIVER=arm-none-eabi-ar" "COMPILER_FLAGS=  -O2 -c" "EXTRA_COMPILER_FLAGS=-mcpu=cortex-a9 -mfpu=vfpv3 -mfloat-abi=hard -nost
TRACE::2025-05-23.18:07:54::SCWBDomain::artfiles -g -Wall -Wextra -fno-tree-loop-distribute-patterns"

TRACE::2025-05-23.18:07:54::SCWBDomain::"Running Make include in ps7_cortexa9_0/libsrc/dmaps_v2_10/src"

TRACE::2025-05-23.18:07:54::SCWBDomain::make -C ps7_cortexa9_0/libsrc/dmaps_v2_10/src -s include  "SHELL=CMD" "COMPILER=arm-none-eabi-gcc" "ASSEMBLER=arm-none-eabi-as"
TRACE::2025-05-23.18:07:54::SCWBDomain:: "ARCHIVER=arm-none-eabi-ar" "COMPILER_FLAGS=  -O2 -c" "EXTRA_COMPILER_FLAGS=-mcpu=cortex-a9 -mfpu=vfpv3 -mfloat-abi=hard -nost
TRACE::2025-05-23.18:07:54::SCWBDomain::artfiles -g -Wall -Wextra -fno-tree-loop-distribute-patterns"

TRACE::2025-05-23.18:07:54::SCWBDomain::"Running Make include in ps7_cortexa9_0/libsrc/emacps_v3_20/src"

TRACE::2025-05-23.18:07:54::SCWBDomain::make -C ps7_cortexa9_0/libsrc/emacps_v3_20/src -s include  "SHELL=CMD" "COMPILER=arm-none-eabi-gcc" "ASSEMBLER=arm-none-eabi-as
TRACE::2025-05-23.18:07:54::SCWBDomain::" "ARCHIVER=arm-none-eabi-ar" "COMPILER_FLAGS=  -O2 -c" "EXTRA_COMPILER_FLAGS=-mcpu=cortex-a9 -mfpu=vfpv3 -mfloat-abi=hard -nos
TRACE::2025-05-23.18:07:54::SCWBDomain::tartfiles -g -Wall -Wextra -fno-tree-loop-distribute-patterns"

TRACE::2025-05-23.18:07:54::SCWBDomain::"Running Make include in ps7_cortexa9_0/libsrc/gpiops_v3_13/src"

TRACE::2025-05-23.18:07:54::SCWBDomain::make -C ps7_cortexa9_0/libsrc/gpiops_v3_13/src -s include  "SHELL=CMD" "COMPILER=arm-none-eabi-gcc" "ASSEMBLER=arm-none-eabi-as
TRACE::2025-05-23.18:07:54::SCWBDomain::" "ARCHIVER=arm-none-eabi-ar" "COMPILER_FLAGS=  -O2 -c" "EXTRA_COMPILER_FLAGS=-mcpu=cortex-a9 -mfpu=vfpv3 -mfloat-abi=hard -nos
TRACE::2025-05-23.18:07:54::SCWBDomain::tartfiles -g -Wall -Wextra -fno-tree-loop-distribute-patterns"

TRACE::2025-05-23.18:07:54::SCWBDomain::"Running Make include in ps7_cortexa9_0/libsrc/gpio_v4_11/src"

TRACE::2025-05-23.18:07:54::SCWBDomain::make -C ps7_cortexa9_0/libsrc/gpio_v4_11/src -s include  "SHELL=CMD" "COMPILER=arm-none-eabi-gcc" "ASSEMBLER=arm-none-eabi-as" 
TRACE::2025-05-23.18:07:54::SCWBDomain::"ARCHIVER=arm-none-eabi-ar" "COMPILER_FLAGS=  -O2 -c" "EXTRA_COMPILER_FLAGS=-mcpu=cortex-a9 -mfpu=vfpv3 -mfloat-abi=hard -nosta
TRACE::2025-05-23.18:07:54::SCWBDomain::rtfiles -g -Wall -Wextra -fno-tree-loop-distribute-patterns"

TRACE::2025-05-23.18:07:54::SCWBDomain::"Running Make include in ps7_cortexa9_0/libsrc/iic_v3_11/src"

TRACE::2025-05-23.18:07:54::SCWBDomain::make -C ps7_cortexa9_0/libsrc/iic_v3_11/src -s include  "SHELL=CMD" "COMPILER=arm-none-eabi-gcc" "ASSEMBLER=arm-none-eabi-as" "
TRACE::2025-05-23.18:07:54::SCWBDomain::ARCHIVER=arm-none-eabi-ar" "COMPILER_FLAGS=  -O2 -c" "EXTRA_COMPILER_FLAGS=-mcpu=cortex-a9 -mfpu=vfpv3 -mfloat-abi=hard -nostar
TRACE::2025-05-23.18:07:54::SCWBDomain::tfiles -g -Wall -Wextra -fno-tree-loop-distribute-patterns"

TRACE::2025-05-23.18:07:54::SCWBDomain::"Running Make include in ps7_cortexa9_0/libsrc/Motor_DriverIP_v1_0/src"

TRACE::2025-05-23.18:07:54::SCWBDomain::make -C ps7_cortexa9_0/libsrc/Motor_DriverIP_v1_0/src -s include  "SHELL=CMD" "COMPILER=arm-none-eabi-gcc" "ASSEMBLER=arm-none-
TRACE::2025-05-23.18:07:54::SCWBDomain::eabi-as" "ARCHIVER=arm-none-eabi-ar" "COMPILER_FLAGS=  -O2 -c" "EXTRA_COMPILER_FLAGS=-mcpu=cortex-a9 -mfpu=vfpv3 -mfloat-abi=ha
TRACE::2025-05-23.18:07:54::SCWBDomain::rd -nostartfiles -g -Wall -Wextra -fno-tree-loop-distribute-patterns"

TRACE::2025-05-23.18:07:54::SCWBDomain::"Running Make include in ps7_cortexa9_0/libsrc/qspips_v3_12/src"

TRACE::2025-05-23.18:07:54::SCWBDomain::make -C ps7_cortexa9_0/libsrc/qspips_v3_12/src -s include  "SHELL=CMD" "COMPILER=arm-none-eabi-gcc" "ASSEMBLER=arm-none-eabi-as
TRACE::2025-05-23.18:07:54::SCWBDomain::" "ARCHIVER=arm-none-eabi-ar" "COMPILER_FLAGS=  -O2 -c" "EXTRA_COMPILER_FLAGS=-mcpu=cortex-a9 -mfpu=vfpv3 -mfloat-abi=hard -nos
TRACE::2025-05-23.18:07:54::SCWBDomain::tartfiles -g -Wall -Wextra -fno-tree-loop-distribute-patterns"

TRACE::2025-05-23.18:07:54::SCWBDomain::"Running Make include in ps7_cortexa9_0/libsrc/scugic_v5_3/src"

TRACE::2025-05-23.18:07:54::SCWBDomain::make -C ps7_cortexa9_0/libsrc/scugic_v5_3/src -s include  "SHELL=CMD" "COMPILER=arm-none-eabi-gcc" "ASSEMBLER=arm-none-eabi-as"
TRACE::2025-05-23.18:07:54::SCWBDomain:: "ARCHIVER=arm-none-eabi-ar" "COMPILER_FLAGS=  -O2 -c" "EXTRA_COMPILER_FLAGS=-mcpu=cortex-a9 -mfpu=vfpv3 -mfloat-abi=hard -nost
TRACE::2025-05-23.18:07:54::SCWBDomain::artfiles -g -Wall -Wextra -fno-tree-loop-distribute-patterns"

TRACE::2025-05-23.18:07:54::SCWBDomain::"Running Make include in ps7_cortexa9_0/libsrc/scutimer_v2_6/src"

TRACE::2025-05-23.18:07:54::SCWBDomain::make -C ps7_cortexa9_0/libsrc/scutimer_v2_6/src -s include  "SHELL=CMD" "COMPILER=arm-none-eabi-gcc" "ASSEMBLER=arm-none-eabi-a
TRACE::2025-05-23.18:07:54::SCWBDomain::s" "ARCHIVER=arm-none-eabi-ar" "COMPILER_FLAGS=  -O2 -c" "EXTRA_COMPILER_FLAGS=-mcpu=cortex-a9 -mfpu=vfpv3 -mfloat-abi=hard -no
TRACE::2025-05-23.18:07:54::SCWBDomain::startfiles -g -Wall -Wextra -fno-tree-loop-distribute-patterns"

TRACE::2025-05-23.18:07:54::SCWBDomain::"Running Make include in ps7_cortexa9_0/libsrc/scuwdt_v2_5/src"

TRACE::2025-05-23.18:07:54::SCWBDomain::make -C ps7_cortexa9_0/libsrc/scuwdt_v2_5/src -s include  "SHELL=CMD" "COMPILER=arm-none-eabi-gcc" "ASSEMBLER=arm-none-eabi-as"
TRACE::2025-05-23.18:07:54::SCWBDomain:: "ARCHIVER=arm-none-eabi-ar" "COMPILER_FLAGS=  -O2 -c" "EXTRA_COMPILER_FLAGS=-mcpu=cortex-a9 -mfpu=vfpv3 -mfloat-abi=hard -nost
TRACE::2025-05-23.18:07:54::SCWBDomain::artfiles -g -Wall -Wextra -fno-tree-loop-distribute-patterns"

TRACE::2025-05-23.18:07:55::SCWBDomain::"Running Make include in ps7_cortexa9_0/libsrc/sdps_v4_3/src"

TRACE::2025-05-23.18:07:55::SCWBDomain::make -C ps7_cortexa9_0/libsrc/sdps_v4_3/src -s include  "SHELL=CMD" "COMPILER=arm-none-eabi-gcc" "ASSEMBLER=arm-none-eabi-as" "
TRACE::2025-05-23.18:07:55::SCWBDomain::ARCHIVER=arm-none-eabi-ar" "COMPILER_FLAGS=  -O2 -c" "EXTRA_COMPILER_FLAGS=-mcpu=cortex-a9 -mfpu=vfpv3 -mfloat-abi=hard -nostar
TRACE::2025-05-23.18:07:55::SCWBDomain::tfiles -g -Wall -Wextra -fno-tree-loop-distribute-patterns"

TRACE::2025-05-23.18:07:55::SCWBDomain::"Running Make include in ps7_cortexa9_0/libsrc/SpeedSensor_Driver_IP_v1_0/src"

TRACE::2025-05-23.18:07:55::SCWBDomain::make -C ps7_cortexa9_0/libsrc/SpeedSensor_Driver_IP_v1_0/src -s include  "SHELL=CMD" "COMPILER=arm-none-eabi-gcc" "ASSEMBLER=ar
TRACE::2025-05-23.18:07:55::SCWBDomain::m-none-eabi-as" "ARCHIVER=arm-none-eabi-ar" "COMPILER_FLAGS=  -O2 -c" "EXTRA_COMPILER_FLAGS=-mcpu=cortex-a9 -mfpu=vfpv3 -mfloat
TRACE::2025-05-23.18:07:55::SCWBDomain::-abi=hard -nostartfiles -g -Wall -Wextra -fno-tree-loop-distribute-patterns"

TRACE::2025-05-23.18:07:55::SCWBDomain::"Running Make include in ps7_cortexa9_0/libsrc/standalone_v9_1/src"

TRACE::2025-05-23.18:07:55::SCWBDomain::make -C ps7_cortexa9_0/libsrc/standalone_v9_1/src -s include  "SHELL=CMD" "COMPILER=arm-none-eabi-gcc" "ASSEMBLER=arm-none-eabi
TRACE::2025-05-23.18:07:55::SCWBDomain::-as" "ARCHIVER=arm-none-eabi-ar" "COMPILER_FLAGS=  -O2 -c" "EXTRA_COMPILER_FLAGS=-mcpu=cortex-a9 -mfpu=vfpv3 -mfloat-abi=hard -
TRACE::2025-05-23.18:07:55::SCWBDomain::nostartfiles -g -Wall -Wextra -fno-tree-loop-distribute-patterns"

TRACE::2025-05-23.18:07:55::SCWBDomain::"Running Make include in ps7_cortexa9_0/libsrc/tmrctr_v4_12/src"

TRACE::2025-05-23.18:07:55::SCWBDomain::make -C ps7_cortexa9_0/libsrc/tmrctr_v4_12/src -s include  "SHELL=CMD" "COMPILER=arm-none-eabi-gcc" "ASSEMBLER=arm-none-eabi-as
TRACE::2025-05-23.18:07:55::SCWBDomain::" "ARCHIVER=arm-none-eabi-ar" "COMPILER_FLAGS=  -O2 -c" "EXTRA_COMPILER_FLAGS=-mcpu=cortex-a9 -mfpu=vfpv3 -mfloat-abi=hard -nos
TRACE::2025-05-23.18:07:55::SCWBDomain::tartfiles -g -Wall -Wextra -fno-tree-loop-distribute-patterns"

TRACE::2025-05-23.18:07:55::SCWBDomain::"Running Make include in ps7_cortexa9_0/libsrc/uartps_v3_14/src"

TRACE::2025-05-23.18:07:55::SCWBDomain::make -C ps7_cortexa9_0/libsrc/uartps_v3_14/src -s include  "SHELL=CMD" "COMPILER=arm-none-eabi-gcc" "ASSEMBLER=arm-none-eabi-as
TRACE::2025-05-23.18:07:55::SCWBDomain::" "ARCHIVER=arm-none-eabi-ar" "COMPILER_FLAGS=  -O2 -c" "EXTRA_COMPILER_FLAGS=-mcpu=cortex-a9 -mfpu=vfpv3 -mfloat-abi=hard -nos
TRACE::2025-05-23.18:07:55::SCWBDomain::tartfiles -g -Wall -Wextra -fno-tree-loop-distribute-patterns"

TRACE::2025-05-23.18:07:55::SCWBDomain::"Running Make include in ps7_cortexa9_0/libsrc/ultrasoneIP_v1_0/src"

TRACE::2025-05-23.18:07:55::SCWBDomain::make -C ps7_cortexa9_0/libsrc/ultrasoneIP_v1_0/src -s include  "SHELL=CMD" "COMPILER=arm-none-eabi-gcc" "ASSEMBLER=arm-none-eab
TRACE::2025-05-23.18:07:55::SCWBDomain::i-as" "ARCHIVER=arm-none-eabi-ar" "COMPILER_FLAGS=  -O2 -c" "EXTRA_COMPILER_FLAGS=-mcpu=cortex-a9 -mfpu=vfpv3 -mfloat-abi=hard 
TRACE::2025-05-23.18:07:55::SCWBDomain::-nostartfiles -g -Wall -Wextra -fno-tree-loop-distribute-patterns"

TRACE::2025-05-23.18:07:55::SCWBDomain::"Running Make include in ps7_cortexa9_0/libsrc/usbps_v2_9/src"

TRACE::2025-05-23.18:07:55::SCWBDomain::make -C ps7_cortexa9_0/libsrc/usbps_v2_9/src -s include  "SHELL=CMD" "COMPILER=arm-none-eabi-gcc" "ASSEMBLER=arm-none-eabi-as" 
TRACE::2025-05-23.18:07:55::SCWBDomain::"ARCHIVER=arm-none-eabi-ar" "COMPILER_FLAGS=  -O2 -c" "EXTRA_COMPILER_FLAGS=-mcpu=cortex-a9 -mfpu=vfpv3 -mfloat-abi=hard -nosta
TRACE::2025-05-23.18:07:55::SCWBDomain::rtfiles -g -Wall -Wextra -fno-tree-loop-distribute-patterns"

TRACE::2025-05-23.18:07:55::SCWBDomain::"Running Make include in ps7_cortexa9_0/libsrc/xadcps_v2_7/src"

TRACE::2025-05-23.18:07:55::SCWBDomain::make -C ps7_cortexa9_0/libsrc/xadcps_v2_7/src -s include  "SHELL=CMD" "COMPILER=arm-none-eabi-gcc" "ASSEMBLER=arm-none-eabi-as"
TRACE::2025-05-23.18:07:55::SCWBDomain:: "ARCHIVER=arm-none-eabi-ar" "COMPILER_FLAGS=  -O2 -c" "EXTRA_COMPILER_FLAGS=-mcpu=cortex-a9 -mfpu=vfpv3 -mfloat-abi=hard -nost
TRACE::2025-05-23.18:07:55::SCWBDomain::artfiles -g -Wall -Wextra -fno-tree-loop-distribute-patterns"

TRACE::2025-05-23.18:07:56::SCWBDomain::"Running Make include in ps7_cortexa9_0/libsrc/xilffs_v5_2/src"

TRACE::2025-05-23.18:07:56::SCWBDomain::make -C ps7_cortexa9_0/libsrc/xilffs_v5_2/src -s include  "SHELL=CMD" "COMPILER=arm-none-eabi-gcc" "ASSEMBLER=arm-none-eabi-as"
TRACE::2025-05-23.18:07:56::SCWBDomain:: "ARCHIVER=arm-none-eabi-ar" "COMPILER_FLAGS=  -O2 -c" "EXTRA_COMPILER_FLAGS=-mcpu=cortex-a9 -mfpu=vfpv3 -mfloat-abi=hard -nost
TRACE::2025-05-23.18:07:56::SCWBDomain::artfiles -g -Wall -Wextra -fno-tree-loop-distribute-patterns"

TRACE::2025-05-23.18:07:56::SCWBDomain::"Running Make include in ps7_cortexa9_0/libsrc/xilrsa_v1_8/src"

TRACE::2025-05-23.18:07:56::SCWBDomain::make -C ps7_cortexa9_0/libsrc/xilrsa_v1_8/src -s include  "SHELL=CMD" "COMPILER=arm-none-eabi-gcc" "ASSEMBLER=arm-none-eabi-as"
TRACE::2025-05-23.18:07:56::SCWBDomain:: "ARCHIVER=arm-none-eabi-ar" "COMPILER_FLAGS=  -O2 -c" "EXTRA_COMPILER_FLAGS=-mcpu=cortex-a9 -mfpu=vfpv3 -mfloat-abi=hard -nost
TRACE::2025-05-23.18:07:56::SCWBDomain::artfiles -g -Wall -Wextra -fno-tree-loop-distribute-patterns"

TRACE::2025-05-23.18:07:56::SCWBDomain::"Running Make libs in ps7_cortexa9_0/libsrc/Motor_DriverIP_v1_0/src"

TRACE::2025-05-23.18:07:56::SCWBDomain::make -C ps7_cortexa9_0/libsrc/Motor_DriverIP_v1_0/src -s libs  "SHELL=CMD" "COMPILER=arm-none-eabi-gcc" "ASSEMBLER=arm-none-eab
TRACE::2025-05-23.18:07:56::SCWBDomain::i-as" "ARCHIVER=arm-none-eabi-ar" "COMPILER_FLAGS=  -O2 -c" "EXTRA_COMPILER_FLAGS=-mcpu=cortex-a9 -mfpu=vfpv3 -mfloat-abi=hard 
TRACE::2025-05-23.18:07:56::SCWBDomain::-nostartfiles -g -Wall -Wextra -fno-tree-loop-distribute-patterns"

TRACE::2025-05-23.18:07:56::SCWBDomain::"Compiling Motor_DriverIP..."

TRACE::2025-05-23.18:07:56::SCWBDomain::make: Leaving directory 'M:/projects/clones/SOC/Car_Project/vitis/FullCar_AllFeatures_V0_1/zynq_fsbl/zynq_fsbl_bsp'

TRACE::2025-05-23.18:07:56::SCWBDomain::make -C zynq_fsbl_bsp

TRACE::2025-05-23.18:07:56::SCWBDomain::make[1]: Entering directory 'M:/projects/clones/SOC/Car_Project/vitis/FullCar_AllFeatures_V0_1/zynq_fsbl/zynq_fsbl_bsp'

TRACE::2025-05-23.18:07:56::SCWBDomain::make --no-print-directory seq_libs

TRACE::2025-05-23.18:07:56::SCWBDomain::"Running Make include in ps7_cortexa9_0/libsrc/coresightps_dcc_v1_10/src"

TRACE::2025-05-23.18:07:56::SCWBDomain::make -C ps7_cortexa9_0/libsrc/coresightps_dcc_v1_10/src -s include  "SHELL=CMD" "COMPILER=arm-none-eabi-gcc" "ASSEMBLER=arm-non
TRACE::2025-05-23.18:07:56::SCWBDomain::e-eabi-as" "ARCHIVER=arm-none-eabi-ar" "COMPILER_FLAGS=  -O2 -c" "EXTRA_COMPILER_FLAGS=-mcpu=cortex-a9 -mfpu=vfpv3 -mfloat-abi=
TRACE::2025-05-23.18:07:56::SCWBDomain::hard -nostartfiles -g -Wall -Wextra -fno-tree-loop-distribute-patterns"

TRACE::2025-05-23.18:07:56::SCWBDomain::"Running Make include in ps7_cortexa9_0/libsrc/cpu_cortexa9_v2_12/src"

TRACE::2025-05-23.18:07:56::SCWBDomain::make -C ps7_cortexa9_0/libsrc/cpu_cortexa9_v2_12/src -s include  "SHELL=CMD" "COMPILER=arm-none-eabi-gcc" "ASSEMBLER=arm-none-e
TRACE::2025-05-23.18:07:56::SCWBDomain::abi-as" "ARCHIVER=arm-none-eabi-ar" "COMPILER_FLAGS=  -O2 -c" "EXTRA_COMPILER_FLAGS=-mcpu=cortex-a9 -mfpu=vfpv3 -mfloat-abi=har
TRACE::2025-05-23.18:07:56::SCWBDomain::d -nostartfiles -g -Wall -Wextra -fno-tree-loop-distribute-patterns"

TRACE::2025-05-23.18:07:56::SCWBDomain::"Running Make include in ps7_cortexa9_0/libsrc/ddrps_v1_2/src"

TRACE::2025-05-23.18:07:56::SCWBDomain::make -C ps7_cortexa9_0/libsrc/ddrps_v1_2/src -s include  "SHELL=CMD" "COMPILER=arm-none-eabi-gcc" "ASSEMBLER=arm-none-eabi-as" 
TRACE::2025-05-23.18:07:56::SCWBDomain::"ARCHIVER=arm-none-eabi-ar" "COMPILER_FLAGS=  -O2 -c" "EXTRA_COMPILER_FLAGS=-mcpu=cortex-a9 -mfpu=vfpv3 -mfloat-abi=hard -nosta
TRACE::2025-05-23.18:07:56::SCWBDomain::rtfiles -g -Wall -Wextra -fno-tree-loop-distribute-patterns"

TRACE::2025-05-23.18:07:56::SCWBDomain::"Running Make include in ps7_cortexa9_0/libsrc/devcfg_v3_8/src"

TRACE::2025-05-23.18:07:56::SCWBDomain::make -C ps7_cortexa9_0/libsrc/devcfg_v3_8/src -s include  "SHELL=CMD" "COMPILER=arm-none-eabi-gcc" "ASSEMBLER=arm-none-eabi-as"
TRACE::2025-05-23.18:07:56::SCWBDomain:: "ARCHIVER=arm-none-eabi-ar" "COMPILER_FLAGS=  -O2 -c" "EXTRA_COMPILER_FLAGS=-mcpu=cortex-a9 -mfpu=vfpv3 -mfloat-abi=hard -nost
TRACE::2025-05-23.18:07:56::SCWBDomain::artfiles -g -Wall -Wextra -fno-tree-loop-distribute-patterns"

TRACE::2025-05-23.18:07:56::SCWBDomain::"Running Make include in ps7_cortexa9_0/libsrc/dmaps_v2_10/src"

TRACE::2025-05-23.18:07:56::SCWBDomain::make -C ps7_cortexa9_0/libsrc/dmaps_v2_10/src -s include  "SHELL=CMD" "COMPILER=arm-none-eabi-gcc" "ASSEMBLER=arm-none-eabi-as"
TRACE::2025-05-23.18:07:56::SCWBDomain:: "ARCHIVER=arm-none-eabi-ar" "COMPILER_FLAGS=  -O2 -c" "EXTRA_COMPILER_FLAGS=-mcpu=cortex-a9 -mfpu=vfpv3 -mfloat-abi=hard -nost
TRACE::2025-05-23.18:07:56::SCWBDomain::artfiles -g -Wall -Wextra -fno-tree-loop-distribute-patterns"

TRACE::2025-05-23.18:07:56::SCWBDomain::"Running Make include in ps7_cortexa9_0/libsrc/emacps_v3_20/src"

TRACE::2025-05-23.18:07:56::SCWBDomain::make -C ps7_cortexa9_0/libsrc/emacps_v3_20/src -s include  "SHELL=CMD" "COMPILER=arm-none-eabi-gcc" "ASSEMBLER=arm-none-eabi-as
TRACE::2025-05-23.18:07:56::SCWBDomain::" "ARCHIVER=arm-none-eabi-ar" "COMPILER_FLAGS=  -O2 -c" "EXTRA_COMPILER_FLAGS=-mcpu=cortex-a9 -mfpu=vfpv3 -mfloat-abi=hard -nos
TRACE::2025-05-23.18:07:56::SCWBDomain::tartfiles -g -Wall -Wextra -fno-tree-loop-distribute-patterns"

TRACE::2025-05-23.18:07:56::SCWBDomain::"Running Make include in ps7_cortexa9_0/libsrc/gpiops_v3_13/src"

TRACE::2025-05-23.18:07:56::SCWBDomain::make -C ps7_cortexa9_0/libsrc/gpiops_v3_13/src -s include  "SHELL=CMD" "COMPILER=arm-none-eabi-gcc" "ASSEMBLER=arm-none-eabi-as
TRACE::2025-05-23.18:07:56::SCWBDomain::" "ARCHIVER=arm-none-eabi-ar" "COMPILER_FLAGS=  -O2 -c" "EXTRA_COMPILER_FLAGS=-mcpu=cortex-a9 -mfpu=vfpv3 -mfloat-abi=hard -nos
TRACE::2025-05-23.18:07:56::SCWBDomain::tartfiles -g -Wall -Wextra -fno-tree-loop-distribute-patterns"

TRACE::2025-05-23.18:07:56::SCWBDomain::"Running Make include in ps7_cortexa9_0/libsrc/gpio_v4_11/src"

TRACE::2025-05-23.18:07:56::SCWBDomain::make -C ps7_cortexa9_0/libsrc/gpio_v4_11/src -s include  "SHELL=CMD" "COMPILER=arm-none-eabi-gcc" "ASSEMBLER=arm-none-eabi-as" 
TRACE::2025-05-23.18:07:56::SCWBDomain::"ARCHIVER=arm-none-eabi-ar" "COMPILER_FLAGS=  -O2 -c" "EXTRA_COMPILER_FLAGS=-mcpu=cortex-a9 -mfpu=vfpv3 -mfloat-abi=hard -nosta
TRACE::2025-05-23.18:07:56::SCWBDomain::rtfiles -g -Wall -Wextra -fno-tree-loop-distribute-patterns"

TRACE::2025-05-23.18:07:56::SCWBDomain::"Running Make include in ps7_cortexa9_0/libsrc/iic_v3_11/src"

TRACE::2025-05-23.18:07:56::SCWBDomain::make -C ps7_cortexa9_0/libsrc/iic_v3_11/src -s include  "SHELL=CMD" "COMPILER=arm-none-eabi-gcc" "ASSEMBLER=arm-none-eabi-as" "
TRACE::2025-05-23.18:07:56::SCWBDomain::ARCHIVER=arm-none-eabi-ar" "COMPILER_FLAGS=  -O2 -c" "EXTRA_COMPILER_FLAGS=-mcpu=cortex-a9 -mfpu=vfpv3 -mfloat-abi=hard -nostar
TRACE::2025-05-23.18:07:56::SCWBDomain::tfiles -g -Wall -Wextra -fno-tree-loop-distribute-patterns"

TRACE::2025-05-23.18:07:56::SCWBDomain::"Running Make include in ps7_cortexa9_0/libsrc/Motor_DriverIP_v1_0/src"

TRACE::2025-05-23.18:07:56::SCWBDomain::make -C ps7_cortexa9_0/libsrc/Motor_DriverIP_v1_0/src -s include  "SHELL=CMD" "COMPILER=arm-none-eabi-gcc" "ASSEMBLER=arm-none-
TRACE::2025-05-23.18:07:56::SCWBDomain::eabi-as" "ARCHIVER=arm-none-eabi-ar" "COMPILER_FLAGS=  -O2 -c" "EXTRA_COMPILER_FLAGS=-mcpu=cortex-a9 -mfpu=vfpv3 -mfloat-abi=ha
TRACE::2025-05-23.18:07:56::SCWBDomain::rd -nostartfiles -g -Wall -Wextra -fno-tree-loop-distribute-patterns"

TRACE::2025-05-23.18:07:56::SCWBDomain::"Running Make include in ps7_cortexa9_0/libsrc/qspips_v3_12/src"

TRACE::2025-05-23.18:07:56::SCWBDomain::make -C ps7_cortexa9_0/libsrc/qspips_v3_12/src -s include  "SHELL=CMD" "COMPILER=arm-none-eabi-gcc" "ASSEMBLER=arm-none-eabi-as
TRACE::2025-05-23.18:07:56::SCWBDomain::" "ARCHIVER=arm-none-eabi-ar" "COMPILER_FLAGS=  -O2 -c" "EXTRA_COMPILER_FLAGS=-mcpu=cortex-a9 -mfpu=vfpv3 -mfloat-abi=hard -nos
TRACE::2025-05-23.18:07:56::SCWBDomain::tartfiles -g -Wall -Wextra -fno-tree-loop-distribute-patterns"

TRACE::2025-05-23.18:07:56::SCWBDomain::"Running Make include in ps7_cortexa9_0/libsrc/scugic_v5_3/src"

TRACE::2025-05-23.18:07:56::SCWBDomain::make -C ps7_cortexa9_0/libsrc/scugic_v5_3/src -s include  "SHELL=CMD" "COMPILER=arm-none-eabi-gcc" "ASSEMBLER=arm-none-eabi-as"
TRACE::2025-05-23.18:07:56::SCWBDomain:: "ARCHIVER=arm-none-eabi-ar" "COMPILER_FLAGS=  -O2 -c" "EXTRA_COMPILER_FLAGS=-mcpu=cortex-a9 -mfpu=vfpv3 -mfloat-abi=hard -nost
TRACE::2025-05-23.18:07:56::SCWBDomain::artfiles -g -Wall -Wextra -fno-tree-loop-distribute-patterns"

TRACE::2025-05-23.18:07:56::SCWBDomain::"Running Make include in ps7_cortexa9_0/libsrc/scutimer_v2_6/src"

TRACE::2025-05-23.18:07:56::SCWBDomain::make -C ps7_cortexa9_0/libsrc/scutimer_v2_6/src -s include  "SHELL=CMD" "COMPILER=arm-none-eabi-gcc" "ASSEMBLER=arm-none-eabi-a
TRACE::2025-05-23.18:07:56::SCWBDomain::s" "ARCHIVER=arm-none-eabi-ar" "COMPILER_FLAGS=  -O2 -c" "EXTRA_COMPILER_FLAGS=-mcpu=cortex-a9 -mfpu=vfpv3 -mfloat-abi=hard -no
TRACE::2025-05-23.18:07:56::SCWBDomain::startfiles -g -Wall -Wextra -fno-tree-loop-distribute-patterns"

TRACE::2025-05-23.18:07:56::SCWBDomain::"Running Make include in ps7_cortexa9_0/libsrc/scuwdt_v2_5/src"

TRACE::2025-05-23.18:07:56::SCWBDomain::make -C ps7_cortexa9_0/libsrc/scuwdt_v2_5/src -s include  "SHELL=CMD" "COMPILER=arm-none-eabi-gcc" "ASSEMBLER=arm-none-eabi-as"
TRACE::2025-05-23.18:07:56::SCWBDomain:: "ARCHIVER=arm-none-eabi-ar" "COMPILER_FLAGS=  -O2 -c" "EXTRA_COMPILER_FLAGS=-mcpu=cortex-a9 -mfpu=vfpv3 -mfloat-abi=hard -nost
TRACE::2025-05-23.18:07:56::SCWBDomain::artfiles -g -Wall -Wextra -fno-tree-loop-distribute-patterns"

TRACE::2025-05-23.18:07:56::SCWBDomain::"Running Make include in ps7_cortexa9_0/libsrc/sdps_v4_3/src"

TRACE::2025-05-23.18:07:56::SCWBDomain::make -C ps7_cortexa9_0/libsrc/sdps_v4_3/src -s include  "SHELL=CMD" "COMPILER=arm-none-eabi-gcc" "ASSEMBLER=arm-none-eabi-as" "
TRACE::2025-05-23.18:07:56::SCWBDomain::ARCHIVER=arm-none-eabi-ar" "COMPILER_FLAGS=  -O2 -c" "EXTRA_COMPILER_FLAGS=-mcpu=cortex-a9 -mfpu=vfpv3 -mfloat-abi=hard -nostar
TRACE::2025-05-23.18:07:56::SCWBDomain::tfiles -g -Wall -Wextra -fno-tree-loop-distribute-patterns"

TRACE::2025-05-23.18:07:56::SCWBDomain::"Running Make include in ps7_cortexa9_0/libsrc/SpeedSensor_Driver_IP_v1_0/src"

TRACE::2025-05-23.18:07:56::SCWBDomain::make -C ps7_cortexa9_0/libsrc/SpeedSensor_Driver_IP_v1_0/src -s include  "SHELL=CMD" "COMPILER=arm-none-eabi-gcc" "ASSEMBLER=ar
TRACE::2025-05-23.18:07:56::SCWBDomain::m-none-eabi-as" "ARCHIVER=arm-none-eabi-ar" "COMPILER_FLAGS=  -O2 -c" "EXTRA_COMPILER_FLAGS=-mcpu=cortex-a9 -mfpu=vfpv3 -mfloat
TRACE::2025-05-23.18:07:56::SCWBDomain::-abi=hard -nostartfiles -g -Wall -Wextra -fno-tree-loop-distribute-patterns"

TRACE::2025-05-23.18:07:56::SCWBDomain::"Running Make include in ps7_cortexa9_0/libsrc/standalone_v9_1/src"

TRACE::2025-05-23.18:07:56::SCWBDomain::make -C ps7_cortexa9_0/libsrc/standalone_v9_1/src -s include  "SHELL=CMD" "COMPILER=arm-none-eabi-gcc" "ASSEMBLER=arm-none-eabi
TRACE::2025-05-23.18:07:56::SCWBDomain::-as" "ARCHIVER=arm-none-eabi-ar" "COMPILER_FLAGS=  -O2 -c" "EXTRA_COMPILER_FLAGS=-mcpu=cortex-a9 -mfpu=vfpv3 -mfloat-abi=hard -
TRACE::2025-05-23.18:07:56::SCWBDomain::nostartfiles -g -Wall -Wextra -fno-tree-loop-distribute-patterns"

TRACE::2025-05-23.18:07:56::SCWBDomain::"Running Make include in ps7_cortexa9_0/libsrc/tmrctr_v4_12/src"

TRACE::2025-05-23.18:07:56::SCWBDomain::make -C ps7_cortexa9_0/libsrc/tmrctr_v4_12/src -s include  "SHELL=CMD" "COMPILER=arm-none-eabi-gcc" "ASSEMBLER=arm-none-eabi-as
TRACE::2025-05-23.18:07:56::SCWBDomain::" "ARCHIVER=arm-none-eabi-ar" "COMPILER_FLAGS=  -O2 -c" "EXTRA_COMPILER_FLAGS=-mcpu=cortex-a9 -mfpu=vfpv3 -mfloat-abi=hard -nos
TRACE::2025-05-23.18:07:56::SCWBDomain::tartfiles -g -Wall -Wextra -fno-tree-loop-distribute-patterns"

TRACE::2025-05-23.18:07:56::SCWBDomain::"Running Make include in ps7_cortexa9_0/libsrc/uartps_v3_14/src"

TRACE::2025-05-23.18:07:56::SCWBDomain::make -C ps7_cortexa9_0/libsrc/uartps_v3_14/src -s include  "SHELL=CMD" "COMPILER=arm-none-eabi-gcc" "ASSEMBLER=arm-none-eabi-as
TRACE::2025-05-23.18:07:56::SCWBDomain::" "ARCHIVER=arm-none-eabi-ar" "COMPILER_FLAGS=  -O2 -c" "EXTRA_COMPILER_FLAGS=-mcpu=cortex-a9 -mfpu=vfpv3 -mfloat-abi=hard -nos
TRACE::2025-05-23.18:07:56::SCWBDomain::tartfiles -g -Wall -Wextra -fno-tree-loop-distribute-patterns"

TRACE::2025-05-23.18:07:56::SCWBDomain::"Running Make include in ps7_cortexa9_0/libsrc/ultrasoneIP_v1_0/src"

TRACE::2025-05-23.18:07:56::SCWBDomain::make -C ps7_cortexa9_0/libsrc/ultrasoneIP_v1_0/src -s include  "SHELL=CMD" "COMPILER=arm-none-eabi-gcc" "ASSEMBLER=arm-none-eab
TRACE::2025-05-23.18:07:56::SCWBDomain::i-as" "ARCHIVER=arm-none-eabi-ar" "COMPILER_FLAGS=  -O2 -c" "EXTRA_COMPILER_FLAGS=-mcpu=cortex-a9 -mfpu=vfpv3 -mfloat-abi=hard 
TRACE::2025-05-23.18:07:56::SCWBDomain::-nostartfiles -g -Wall -Wextra -fno-tree-loop-distribute-patterns"

TRACE::2025-05-23.18:07:56::SCWBDomain::"Running Make include in ps7_cortexa9_0/libsrc/usbps_v2_9/src"

TRACE::2025-05-23.18:07:56::SCWBDomain::make -C ps7_cortexa9_0/libsrc/usbps_v2_9/src -s include  "SHELL=CMD" "COMPILER=arm-none-eabi-gcc" "ASSEMBLER=arm-none-eabi-as" 
TRACE::2025-05-23.18:07:56::SCWBDomain::"ARCHIVER=arm-none-eabi-ar" "COMPILER_FLAGS=  -O2 -c" "EXTRA_COMPILER_FLAGS=-mcpu=cortex-a9 -mfpu=vfpv3 -mfloat-abi=hard -nosta
TRACE::2025-05-23.18:07:56::SCWBDomain::rtfiles -g -Wall -Wextra -fno-tree-loop-distribute-patterns"

TRACE::2025-05-23.18:07:56::SCWBDomain::"Running Make include in ps7_cortexa9_0/libsrc/xadcps_v2_7/src"

TRACE::2025-05-23.18:07:56::SCWBDomain::make -C ps7_cortexa9_0/libsrc/xadcps_v2_7/src -s include  "SHELL=CMD" "COMPILER=arm-none-eabi-gcc" "ASSEMBLER=arm-none-eabi-as"
TRACE::2025-05-23.18:07:56::SCWBDomain:: "ARCHIVER=arm-none-eabi-ar" "COMPILER_FLAGS=  -O2 -c" "EXTRA_COMPILER_FLAGS=-mcpu=cortex-a9 -mfpu=vfpv3 -mfloat-abi=hard -nost
TRACE::2025-05-23.18:07:56::SCWBDomain::artfiles -g -Wall -Wextra -fno-tree-loop-distribute-patterns"

TRACE::2025-05-23.18:07:57::SCWBDomain::"Running Make include in ps7_cortexa9_0/libsrc/xilffs_v5_2/src"

TRACE::2025-05-23.18:07:57::SCWBDomain::make -C ps7_cortexa9_0/libsrc/xilffs_v5_2/src -s include  "SHELL=CMD" "COMPILER=arm-none-eabi-gcc" "ASSEMBLER=arm-none-eabi-as"
TRACE::2025-05-23.18:07:57::SCWBDomain:: "ARCHIVER=arm-none-eabi-ar" "COMPILER_FLAGS=  -O2 -c" "EXTRA_COMPILER_FLAGS=-mcpu=cortex-a9 -mfpu=vfpv3 -mfloat-abi=hard -nost
TRACE::2025-05-23.18:07:57::SCWBDomain::artfiles -g -Wall -Wextra -fno-tree-loop-distribute-patterns"

TRACE::2025-05-23.18:07:57::SCWBDomain::"Running Make include in ps7_cortexa9_0/libsrc/xilrsa_v1_8/src"

TRACE::2025-05-23.18:07:57::SCWBDomain::make -C ps7_cortexa9_0/libsrc/xilrsa_v1_8/src -s include  "SHELL=CMD" "COMPILER=arm-none-eabi-gcc" "ASSEMBLER=arm-none-eabi-as"
TRACE::2025-05-23.18:07:57::SCWBDomain:: "ARCHIVER=arm-none-eabi-ar" "COMPILER_FLAGS=  -O2 -c" "EXTRA_COMPILER_FLAGS=-mcpu=cortex-a9 -mfpu=vfpv3 -mfloat-abi=hard -nost
TRACE::2025-05-23.18:07:57::SCWBDomain::artfiles -g -Wall -Wextra -fno-tree-loop-distribute-patterns"

TRACE::2025-05-23.18:07:57::SCWBDomain::"Running Make libs in ps7_cortexa9_0/libsrc/Motor_DriverIP_v1_0/src"

TRACE::2025-05-23.18:07:57::SCWBDomain::make -C ps7_cortexa9_0/libsrc/Motor_DriverIP_v1_0/src -s libs  "SHELL=CMD" "COMPILER=arm-none-eabi-gcc" "ASSEMBLER=arm-none-eab
TRACE::2025-05-23.18:07:57::SCWBDomain::i-as" "ARCHIVER=arm-none-eabi-ar" "COMPILER_FLAGS=  -O2 -c" "EXTRA_COMPILER_FLAGS=-mcpu=cortex-a9 -mfpu=vfpv3 -mfloat-abi=hard 
TRACE::2025-05-23.18:07:57::SCWBDomain::-nostartfiles -g -Wall -Wextra -fno-tree-loop-distribute-patterns"

TRACE::2025-05-23.18:07:57::SCWBDomain::"Compiling Motor_DriverIP..."

TRACE::2025-05-23.18:07:57::SCWBDomain::make[1]: Leaving directory 'M:/projects/clones/SOC/Car_Project/vitis/FullCar_AllFeatures_V0_1/zynq_fsbl/zynq_fsbl_bsp'

ERROR::2025-05-23.18:07:57::SCWBDomain::Failed to build the  zynq_fsbl application.
LOG::2025-05-23.18:07:57::SCWSystem::Checking the domain standalone_ps7_cortexa9_0
LOG::2025-05-23.18:07:57::SCWSystem::Not a boot domain 
LOG::2025-05-23.18:07:57::SCWSystem::Started Processing the domain standalone_ps7_cortexa9_0
TRACE::2025-05-23.18:07:57::SCWDomain::Generating domain artifcats
TRACE::2025-05-23.18:07:57::SCWMssOS::Generating standalone artifcats
TRACE::2025-05-23.18:07:57::SCWMssOS::Copying the qemu file from  M:/projects/clones/SOC/Car_Project/vitis/FullCar_AllFeatures_V0_1/resources/FullCar_AllFeatures_V0_1/standalone_ps7_cortexa9_0/qemu_args.txt To M:/projects/clones/SOC/Car_Project/vitis/FullCar_AllFeatures_V0_1/export/FullCar_AllFeatures_V0_1/sw/FullCar_AllFeatures_V0_1/qemu/
TRACE::2025-05-23.18:07:57::SCWMssOS::Copying the qemu file from  M:/projects/clones/SOC/Car_Project/vitis/FullCar_AllFeatures_V0_1/resources/FullCar_AllFeatures_V0_1/standalone_ps7_cortexa9_0/qemu_args.txt To M:/projects/clones/SOC/Car_Project/vitis/FullCar_AllFeatures_V0_1/export/FullCar_AllFeatures_V0_1/sw/FullCar_AllFeatures_V0_1/standalone_ps7_cortexa9_0/qemu/
TRACE::2025-05-23.18:07:57::SCWMssOS:: Copying the user libraries. 
TRACE::2025-05-23.18:07:57::SCWPlatform::Trying to open the hw design at M:/projects/clones/SOC/Car_Project/vitis/FullCar_AllFeatures_V0_1/hw/FullCar_AllFeatures_V0_1.xsa
TRACE::2025-05-23.18:07:57::SCWPlatform::DSA given M:/projects/clones/SOC/Car_Project/vitis/FullCar_AllFeatures_V0_1/hw/FullCar_AllFeatures_V0_1.xsa
TRACE::2025-05-23.18:07:57::SCWPlatform::DSA absoulate path M:/projects/clones/SOC/Car_Project/vitis/FullCar_AllFeatures_V0_1/hw/FullCar_AllFeatures_V0_1.xsa
TRACE::2025-05-23.18:07:57::SCWPlatform::DSA directory M:/projects/clones/SOC/Car_Project/vitis/FullCar_AllFeatures_V0_1/hw
TRACE::2025-05-23.18:07:57::SCWPlatform:: Platform Path M:/projects/clones/SOC/Car_Project/vitis/FullCar_AllFeatures_V0_1/hw/FullCar_AllFeatures_V0_1.xsa
TRACE::2025-05-23.18:07:57::SCWPlatform:: Unique name xilinx:pynq-z2::0.0
TRACE::2025-05-23.18:07:57::SCWPlatform::Trying to set the existing hwdb with name design_1_wrapper_0
TRACE::2025-05-23.18:07:57::SCWPlatform::Opened existing hwdb design_1_wrapper_0
TRACE::2025-05-23.18:07:57::SCWPlatform::Found the Hw Db part of the input DSA
TRACE::2025-05-23.18:07:57::SCWMssOS::Checking the sw design at  M:/projects/clones/SOC/Car_Project/vitis/FullCar_AllFeatures_V0_1/ps7_cortexa9_0/standalone_ps7_cortexa9_0/bsp/system.mss
TRACE::2025-05-23.18:07:57::SCWMssOS::DEBUG:  swdes dump  M:/projects/clones/SOC/Car_Project/vitis/FullCar_AllFeatures_V0_1/ps7_cortexa9_0/standalone_ps7_cortexa9_0/bsp/system.mss|system_0||
M:/projects/clones/SOC/Car_Project/vitis/FullCar_AllFeatures_V0_1/zynq_fsbl/zynq_fsbl_bsp/system.mss|system||

TRACE::2025-05-23.18:07:57::SCWMssOS::Sw design exists and opened at  M:/projects/clones/SOC/Car_Project/vitis/FullCar_AllFeatures_V0_1/ps7_cortexa9_0/standalone_ps7_cortexa9_0/bsp/system.mss
TRACE::2025-05-23.18:07:57::SCWMssOS::Completed writing the mss file at M:/projects/clones/SOC/Car_Project/vitis/FullCar_AllFeatures_V0_1/ps7_cortexa9_0/standalone_ps7_cortexa9_0/bsp
TRACE::2025-05-23.18:07:57::SCWMssOS::Mss edits present, copying mssfile into export location M:/projects/clones/SOC/Car_Project/vitis/FullCar_AllFeatures_V0_1/ps7_cortexa9_0/standalone_ps7_cortexa9_0/bsp/system.mss
TRACE::2025-05-23.18:07:57::SCWMssOS::bsp generated is upto date with the mss file. Skipping bsp generation.
TRACE::2025-05-23.18:07:57::SCWMssOS::BSP is already built. skipping the bsp build ... 
TRACE::2025-05-23.18:07:57::SCWDomain::Building the domain as part of full build :  standalone_ps7_cortexa9_0
TRACE::2025-05-23.18:07:57::SCWMssOS::doing bsp build ... 
TRACE::2025-05-23.18:07:57::SCWMssOS::System Command Ran  M: & cd  M:/projects/clones/SOC/Car_Project/vitis/FullCar_AllFeatures_V0_1/ps7_cortexa9_0/standalone_ps7_cortexa9_0/bsp & make 
TRACE::2025-05-23.18:07:57::SCWMssOS::make --no-print-directory seq_libs

TRACE::2025-05-23.18:07:57::SCWMssOS::"Running Make include in ps7_cortexa9_0/libsrc/coresightps_dcc_v1_10/src"

TRACE::2025-05-23.18:07:57::SCWMssOS::make -C ps7_cortexa9_0/libsrc/coresightps_dcc_v1_10/src -s include  "SHELL=CMD" "COMPILER=arm-none-eabi-gcc" "ASSEMBLER=arm-non
TRACE::2025-05-23.18:07:57::SCWMssOS::e-eabi-as" "ARCHIVER=arm-none-eabi-ar" "COMPILER_FLAGS=  -O2 -c" "EXTRA_COMPILER_FLAGS=-mcpu=cortex-a9 -mfpu=vfpv3 -mfloat-abi=
TRACE::2025-05-23.18:07:57::SCWMssOS::hard -nostartfiles -g -Wall -Wextra -fno-tree-loop-distribute-patterns"

TRACE::2025-05-23.18:07:57::SCWMssOS::"Running Make include in ps7_cortexa9_0/libsrc/cpu_cortexa9_v2_12/src"

TRACE::2025-05-23.18:07:57::SCWMssOS::make -C ps7_cortexa9_0/libsrc/cpu_cortexa9_v2_12/src -s include  "SHELL=CMD" "COMPILER=arm-none-eabi-gcc" "ASSEMBLER=arm-none-e
TRACE::2025-05-23.18:07:57::SCWMssOS::abi-as" "ARCHIVER=arm-none-eabi-ar" "COMPILER_FLAGS=  -O2 -c" "EXTRA_COMPILER_FLAGS=-mcpu=cortex-a9 -mfpu=vfpv3 -mfloat-abi=har
TRACE::2025-05-23.18:07:57::SCWMssOS::d -nostartfiles -g -Wall -Wextra -fno-tree-loop-distribute-patterns"

TRACE::2025-05-23.18:07:57::SCWMssOS::"Running Make include in ps7_cortexa9_0/libsrc/ddrps_v1_2/src"

TRACE::2025-05-23.18:07:57::SCWMssOS::make -C ps7_cortexa9_0/libsrc/ddrps_v1_2/src -s include  "SHELL=CMD" "COMPILER=arm-none-eabi-gcc" "ASSEMBLER=arm-none-eabi-as" 
TRACE::2025-05-23.18:07:57::SCWMssOS::"ARCHIVER=arm-none-eabi-ar" "COMPILER_FLAGS=  -O2 -c" "EXTRA_COMPILER_FLAGS=-mcpu=cortex-a9 -mfpu=vfpv3 -mfloat-abi=hard -nosta
TRACE::2025-05-23.18:07:57::SCWMssOS::rtfiles -g -Wall -Wextra -fno-tree-loop-distribute-patterns"

TRACE::2025-05-23.18:07:57::SCWMssOS::"Running Make include in ps7_cortexa9_0/libsrc/devcfg_v3_8/src"

TRACE::2025-05-23.18:07:57::SCWMssOS::make -C ps7_cortexa9_0/libsrc/devcfg_v3_8/src -s include  "SHELL=CMD" "COMPILER=arm-none-eabi-gcc" "ASSEMBLER=arm-none-eabi-as"
TRACE::2025-05-23.18:07:57::SCWMssOS:: "ARCHIVER=arm-none-eabi-ar" "COMPILER_FLAGS=  -O2 -c" "EXTRA_COMPILER_FLAGS=-mcpu=cortex-a9 -mfpu=vfpv3 -mfloat-abi=hard -nost
TRACE::2025-05-23.18:07:57::SCWMssOS::artfiles -g -Wall -Wextra -fno-tree-loop-distribute-patterns"

TRACE::2025-05-23.18:07:57::SCWMssOS::"Running Make include in ps7_cortexa9_0/libsrc/dmaps_v2_10/src"

TRACE::2025-05-23.18:07:57::SCWMssOS::make -C ps7_cortexa9_0/libsrc/dmaps_v2_10/src -s include  "SHELL=CMD" "COMPILER=arm-none-eabi-gcc" "ASSEMBLER=arm-none-eabi-as"
TRACE::2025-05-23.18:07:57::SCWMssOS:: "ARCHIVER=arm-none-eabi-ar" "COMPILER_FLAGS=  -O2 -c" "EXTRA_COMPILER_FLAGS=-mcpu=cortex-a9 -mfpu=vfpv3 -mfloat-abi=hard -nost
TRACE::2025-05-23.18:07:57::SCWMssOS::artfiles -g -Wall -Wextra -fno-tree-loop-distribute-patterns"

TRACE::2025-05-23.18:07:57::SCWMssOS::"Running Make include in ps7_cortexa9_0/libsrc/emacps_v3_20/src"

TRACE::2025-05-23.18:07:57::SCWMssOS::make -C ps7_cortexa9_0/libsrc/emacps_v3_20/src -s include  "SHELL=CMD" "COMPILER=arm-none-eabi-gcc" "ASSEMBLER=arm-none-eabi-as
TRACE::2025-05-23.18:07:57::SCWMssOS::" "ARCHIVER=arm-none-eabi-ar" "COMPILER_FLAGS=  -O2 -c" "EXTRA_COMPILER_FLAGS=-mcpu=cortex-a9 -mfpu=vfpv3 -mfloat-abi=hard -nos
TRACE::2025-05-23.18:07:57::SCWMssOS::tartfiles -g -Wall -Wextra -fno-tree-loop-distribute-patterns"

TRACE::2025-05-23.18:07:57::SCWMssOS::"Running Make include in ps7_cortexa9_0/libsrc/gpiops_v3_13/src"

TRACE::2025-05-23.18:07:57::SCWMssOS::make -C ps7_cortexa9_0/libsrc/gpiops_v3_13/src -s include  "SHELL=CMD" "COMPILER=arm-none-eabi-gcc" "ASSEMBLER=arm-none-eabi-as
TRACE::2025-05-23.18:07:57::SCWMssOS::" "ARCHIVER=arm-none-eabi-ar" "COMPILER_FLAGS=  -O2 -c" "EXTRA_COMPILER_FLAGS=-mcpu=cortex-a9 -mfpu=vfpv3 -mfloat-abi=hard -nos
TRACE::2025-05-23.18:07:57::SCWMssOS::tartfiles -g -Wall -Wextra -fno-tree-loop-distribute-patterns"

TRACE::2025-05-23.18:07:57::SCWMssOS::"Running Make include in ps7_cortexa9_0/libsrc/gpio_v4_11/src"

TRACE::2025-05-23.18:07:57::SCWMssOS::make -C ps7_cortexa9_0/libsrc/gpio_v4_11/src -s include  "SHELL=CMD" "COMPILER=arm-none-eabi-gcc" "ASSEMBLER=arm-none-eabi-as" 
TRACE::2025-05-23.18:07:57::SCWMssOS::"ARCHIVER=arm-none-eabi-ar" "COMPILER_FLAGS=  -O2 -c" "EXTRA_COMPILER_FLAGS=-mcpu=cortex-a9 -mfpu=vfpv3 -mfloat-abi=hard -nosta
TRACE::2025-05-23.18:07:57::SCWMssOS::rtfiles -g -Wall -Wextra -fno-tree-loop-distribute-patterns"

TRACE::2025-05-23.18:07:57::SCWMssOS::"Running Make include in ps7_cortexa9_0/libsrc/iic_v3_11/src"

TRACE::2025-05-23.18:07:57::SCWMssOS::make -C ps7_cortexa9_0/libsrc/iic_v3_11/src -s include  "SHELL=CMD" "COMPILER=arm-none-eabi-gcc" "ASSEMBLER=arm-none-eabi-as" "
TRACE::2025-05-23.18:07:57::SCWMssOS::ARCHIVER=arm-none-eabi-ar" "COMPILER_FLAGS=  -O2 -c" "EXTRA_COMPILER_FLAGS=-mcpu=cortex-a9 -mfpu=vfpv3 -mfloat-abi=hard -nostar
TRACE::2025-05-23.18:07:57::SCWMssOS::tfiles -g -Wall -Wextra -fno-tree-loop-distribute-patterns"

TRACE::2025-05-23.18:07:57::SCWMssOS::"Running Make include in ps7_cortexa9_0/libsrc/Motor_DriverIP_v1_0/src"

TRACE::2025-05-23.18:07:57::SCWMssOS::make -C ps7_cortexa9_0/libsrc/Motor_DriverIP_v1_0/src -s include  "SHELL=CMD" "COMPILER=arm-none-eabi-gcc" "ASSEMBLER=arm-none-
TRACE::2025-05-23.18:07:57::SCWMssOS::eabi-as" "ARCHIVER=arm-none-eabi-ar" "COMPILER_FLAGS=  -O2 -c" "EXTRA_COMPILER_FLAGS=-mcpu=cortex-a9 -mfpu=vfpv3 -mfloat-abi=ha
TRACE::2025-05-23.18:07:57::SCWMssOS::rd -nostartfiles -g -Wall -Wextra -fno-tree-loop-distribute-patterns"

TRACE::2025-05-23.18:07:57::SCWMssOS::"Running Make include in ps7_cortexa9_0/libsrc/qspips_v3_12/src"

TRACE::2025-05-23.18:07:57::SCWMssOS::make -C ps7_cortexa9_0/libsrc/qspips_v3_12/src -s include  "SHELL=CMD" "COMPILER=arm-none-eabi-gcc" "ASSEMBLER=arm-none-eabi-as
TRACE::2025-05-23.18:07:57::SCWMssOS::" "ARCHIVER=arm-none-eabi-ar" "COMPILER_FLAGS=  -O2 -c" "EXTRA_COMPILER_FLAGS=-mcpu=cortex-a9 -mfpu=vfpv3 -mfloat-abi=hard -nos
TRACE::2025-05-23.18:07:57::SCWMssOS::tartfiles -g -Wall -Wextra -fno-tree-loop-distribute-patterns"

TRACE::2025-05-23.18:07:57::SCWMssOS::"Running Make include in ps7_cortexa9_0/libsrc/scugic_v5_3/src"

TRACE::2025-05-23.18:07:57::SCWMssOS::make -C ps7_cortexa9_0/libsrc/scugic_v5_3/src -s include  "SHELL=CMD" "COMPILER=arm-none-eabi-gcc" "ASSEMBLER=arm-none-eabi-as"
TRACE::2025-05-23.18:07:57::SCWMssOS:: "ARCHIVER=arm-none-eabi-ar" "COMPILER_FLAGS=  -O2 -c" "EXTRA_COMPILER_FLAGS=-mcpu=cortex-a9 -mfpu=vfpv3 -mfloat-abi=hard -nost
TRACE::2025-05-23.18:07:57::SCWMssOS::artfiles -g -Wall -Wextra -fno-tree-loop-distribute-patterns"

TRACE::2025-05-23.18:07:57::SCWMssOS::"Running Make include in ps7_cortexa9_0/libsrc/scutimer_v2_6/src"

TRACE::2025-05-23.18:07:57::SCWMssOS::make -C ps7_cortexa9_0/libsrc/scutimer_v2_6/src -s include  "SHELL=CMD" "COMPILER=arm-none-eabi-gcc" "ASSEMBLER=arm-none-eabi-a
TRACE::2025-05-23.18:07:57::SCWMssOS::s" "ARCHIVER=arm-none-eabi-ar" "COMPILER_FLAGS=  -O2 -c" "EXTRA_COMPILER_FLAGS=-mcpu=cortex-a9 -mfpu=vfpv3 -mfloat-abi=hard -no
TRACE::2025-05-23.18:07:57::SCWMssOS::startfiles -g -Wall -Wextra -fno-tree-loop-distribute-patterns"

TRACE::2025-05-23.18:07:57::SCWMssOS::"Running Make include in ps7_cortexa9_0/libsrc/scuwdt_v2_5/src"

TRACE::2025-05-23.18:07:57::SCWMssOS::make -C ps7_cortexa9_0/libsrc/scuwdt_v2_5/src -s include  "SHELL=CMD" "COMPILER=arm-none-eabi-gcc" "ASSEMBLER=arm-none-eabi-as"
TRACE::2025-05-23.18:07:57::SCWMssOS:: "ARCHIVER=arm-none-eabi-ar" "COMPILER_FLAGS=  -O2 -c" "EXTRA_COMPILER_FLAGS=-mcpu=cortex-a9 -mfpu=vfpv3 -mfloat-abi=hard -nost
TRACE::2025-05-23.18:07:57::SCWMssOS::artfiles -g -Wall -Wextra -fno-tree-loop-distribute-patterns"

TRACE::2025-05-23.18:07:57::SCWMssOS::"Running Make include in ps7_cortexa9_0/libsrc/sdps_v4_3/src"

TRACE::2025-05-23.18:07:57::SCWMssOS::make -C ps7_cortexa9_0/libsrc/sdps_v4_3/src -s include  "SHELL=CMD" "COMPILER=arm-none-eabi-gcc" "ASSEMBLER=arm-none-eabi-as" "
TRACE::2025-05-23.18:07:57::SCWMssOS::ARCHIVER=arm-none-eabi-ar" "COMPILER_FLAGS=  -O2 -c" "EXTRA_COMPILER_FLAGS=-mcpu=cortex-a9 -mfpu=vfpv3 -mfloat-abi=hard -nostar
TRACE::2025-05-23.18:07:57::SCWMssOS::tfiles -g -Wall -Wextra -fno-tree-loop-distribute-patterns"

TRACE::2025-05-23.18:07:57::SCWMssOS::"Running Make include in ps7_cortexa9_0/libsrc/SpeedSensor_Driver_IP_v1_0/src"

TRACE::2025-05-23.18:07:58::SCWMssOS::make -C ps7_cortexa9_0/libsrc/SpeedSensor_Driver_IP_v1_0/src -s include  "SHELL=CMD" "COMPILER=arm-none-eabi-gcc" "ASSEMBLER=ar
TRACE::2025-05-23.18:07:58::SCWMssOS::m-none-eabi-as" "ARCHIVER=arm-none-eabi-ar" "COMPILER_FLAGS=  -O2 -c" "EXTRA_COMPILER_FLAGS=-mcpu=cortex-a9 -mfpu=vfpv3 -mfloat
TRACE::2025-05-23.18:07:58::SCWMssOS::-abi=hard -nostartfiles -g -Wall -Wextra -fno-tree-loop-distribute-patterns"

TRACE::2025-05-23.18:07:58::SCWMssOS::"Running Make include in ps7_cortexa9_0/libsrc/standalone_v9_1/src"

TRACE::2025-05-23.18:07:58::SCWMssOS::make -C ps7_cortexa9_0/libsrc/standalone_v9_1/src -s include  "SHELL=CMD" "COMPILER=arm-none-eabi-gcc" "ASSEMBLER=arm-none-eabi
TRACE::2025-05-23.18:07:58::SCWMssOS::-as" "ARCHIVER=arm-none-eabi-ar" "COMPILER_FLAGS=  -O2 -c" "EXTRA_COMPILER_FLAGS=-mcpu=cortex-a9 -mfpu=vfpv3 -mfloat-abi=hard -
TRACE::2025-05-23.18:07:58::SCWMssOS::nostartfiles -g -Wall -Wextra -fno-tree-loop-distribute-patterns"

TRACE::2025-05-23.18:07:58::SCWMssOS::"Running Make include in ps7_cortexa9_0/libsrc/tmrctr_v4_12/src"

TRACE::2025-05-23.18:07:58::SCWMssOS::make -C ps7_cortexa9_0/libsrc/tmrctr_v4_12/src -s include  "SHELL=CMD" "COMPILER=arm-none-eabi-gcc" "ASSEMBLER=arm-none-eabi-as
TRACE::2025-05-23.18:07:58::SCWMssOS::" "ARCHIVER=arm-none-eabi-ar" "COMPILER_FLAGS=  -O2 -c" "EXTRA_COMPILER_FLAGS=-mcpu=cortex-a9 -mfpu=vfpv3 -mfloat-abi=hard -nos
TRACE::2025-05-23.18:07:58::SCWMssOS::tartfiles -g -Wall -Wextra -fno-tree-loop-distribute-patterns"

TRACE::2025-05-23.18:07:58::SCWMssOS::"Running Make include in ps7_cortexa9_0/libsrc/uartps_v3_14/src"

TRACE::2025-05-23.18:07:58::SCWMssOS::make -C ps7_cortexa9_0/libsrc/uartps_v3_14/src -s include  "SHELL=CMD" "COMPILER=arm-none-eabi-gcc" "ASSEMBLER=arm-none-eabi-as
TRACE::2025-05-23.18:07:58::SCWMssOS::" "ARCHIVER=arm-none-eabi-ar" "COMPILER_FLAGS=  -O2 -c" "EXTRA_COMPILER_FLAGS=-mcpu=cortex-a9 -mfpu=vfpv3 -mfloat-abi=hard -nos
TRACE::2025-05-23.18:07:58::SCWMssOS::tartfiles -g -Wall -Wextra -fno-tree-loop-distribute-patterns"

TRACE::2025-05-23.18:07:58::SCWMssOS::"Running Make include in ps7_cortexa9_0/libsrc/ultrasoneIP_v1_0/src"

TRACE::2025-05-23.18:07:58::SCWMssOS::make -C ps7_cortexa9_0/libsrc/ultrasoneIP_v1_0/src -s include  "SHELL=CMD" "COMPILER=arm-none-eabi-gcc" "ASSEMBLER=arm-none-eab
TRACE::2025-05-23.18:07:58::SCWMssOS::i-as" "ARCHIVER=arm-none-eabi-ar" "COMPILER_FLAGS=  -O2 -c" "EXTRA_COMPILER_FLAGS=-mcpu=cortex-a9 -mfpu=vfpv3 -mfloat-abi=hard 
TRACE::2025-05-23.18:07:58::SCWMssOS::-nostartfiles -g -Wall -Wextra -fno-tree-loop-distribute-patterns"

TRACE::2025-05-23.18:07:58::SCWMssOS::"Running Make include in ps7_cortexa9_0/libsrc/usbps_v2_9/src"

TRACE::2025-05-23.18:07:58::SCWMssOS::make -C ps7_cortexa9_0/libsrc/usbps_v2_9/src -s include  "SHELL=CMD" "COMPILER=arm-none-eabi-gcc" "ASSEMBLER=arm-none-eabi-as" 
TRACE::2025-05-23.18:07:58::SCWMssOS::"ARCHIVER=arm-none-eabi-ar" "COMPILER_FLAGS=  -O2 -c" "EXTRA_COMPILER_FLAGS=-mcpu=cortex-a9 -mfpu=vfpv3 -mfloat-abi=hard -nosta
TRACE::2025-05-23.18:07:58::SCWMssOS::rtfiles -g -Wall -Wextra -fno-tree-loop-distribute-patterns"

TRACE::2025-05-23.18:07:58::SCWMssOS::"Running Make include in ps7_cortexa9_0/libsrc/xadcps_v2_7/src"

TRACE::2025-05-23.18:07:58::SCWMssOS::make -C ps7_cortexa9_0/libsrc/xadcps_v2_7/src -s include  "SHELL=CMD" "COMPILER=arm-none-eabi-gcc" "ASSEMBLER=arm-none-eabi-as"
TRACE::2025-05-23.18:07:58::SCWMssOS:: "ARCHIVER=arm-none-eabi-ar" "COMPILER_FLAGS=  -O2 -c" "EXTRA_COMPILER_FLAGS=-mcpu=cortex-a9 -mfpu=vfpv3 -mfloat-abi=hard -nost
TRACE::2025-05-23.18:07:58::SCWMssOS::artfiles -g -Wall -Wextra -fno-tree-loop-distribute-patterns"

TRACE::2025-05-23.18:07:58::SCWMssOS::"Running Make libs in ps7_cortexa9_0/libsrc/Motor_DriverIP_v1_0/src"

TRACE::2025-05-23.18:07:58::SCWMssOS::make -C ps7_cortexa9_0/libsrc/Motor_DriverIP_v1_0/src -s libs  "SHELL=CMD" "COMPILER=arm-none-eabi-gcc" "ASSEMBLER=arm-none-eab
TRACE::2025-05-23.18:07:58::SCWMssOS::i-as" "ARCHIVER=arm-none-eabi-ar" "COMPILER_FLAGS=  -O2 -c" "EXTRA_COMPILER_FLAGS=-mcpu=cortex-a9 -mfpu=vfpv3 -mfloat-abi=hard 
TRACE::2025-05-23.18:07:58::SCWMssOS::-nostartfiles -g -Wall -Wextra -fno-tree-loop-distribute-patterns"

TRACE::2025-05-23.18:07:58::SCWMssOS::"Compiling Motor_DriverIP..."

ERROR::2025-05-23.18:07:58::SCWMssOS::Failed to build  the bsp sources for domain - standalone_ps7_cortexa9_0
ERROR::2025-05-23.18:07:58::SCWSystem::Error in Processing the domain standalone_ps7_cortexa9_0
LOG::2025-05-23.18:11:14::SCWPlatform::Started generating the artifacts platform FullCar_AllFeatures_V0_1
TRACE::2025-05-23.18:11:14::SCWPlatform::Sanity checking of platform is completed
LOG::2025-05-23.18:11:14::SCWPlatform::Started generating the artifacts for system configuration FullCar_AllFeatures_V0_1
LOG::2025-05-23.18:11:14::SCWSystem::Checking the domain zynq_fsbl
LOG::2025-05-23.18:11:14::SCWSystem::Doing application build for :  zynq_fsbl
TRACE::2025-05-23.18:11:14::SCWBDomain::Not a forced makefile updation, No changes are present. 
TRACE::2025-05-23.18:11:14::SCWDomain::Building the domain as part of full build :  zynq_fsbl
TRACE::2025-05-23.18:11:14::SCWPlatform::Trying to open the hw design at M:/projects/clones/SOC/Car_Project/vitis/FullCar_AllFeatures_V0_1/hw/FullCar_AllFeatures_V0_1.xsa
TRACE::2025-05-23.18:11:14::SCWPlatform::DSA given M:/projects/clones/SOC/Car_Project/vitis/FullCar_AllFeatures_V0_1/hw/FullCar_AllFeatures_V0_1.xsa
TRACE::2025-05-23.18:11:14::SCWPlatform::DSA absoulate path M:/projects/clones/SOC/Car_Project/vitis/FullCar_AllFeatures_V0_1/hw/FullCar_AllFeatures_V0_1.xsa
TRACE::2025-05-23.18:11:14::SCWPlatform::DSA directory M:/projects/clones/SOC/Car_Project/vitis/FullCar_AllFeatures_V0_1/hw
TRACE::2025-05-23.18:11:14::SCWPlatform:: Platform Path M:/projects/clones/SOC/Car_Project/vitis/FullCar_AllFeatures_V0_1/hw/FullCar_AllFeatures_V0_1.xsa
TRACE::2025-05-23.18:11:14::SCWPlatform:: Unique name xilinx:pynq-z2::0.0
TRACE::2025-05-23.18:11:14::SCWPlatform::Trying to set the existing hwdb with name design_1_wrapper_0
TRACE::2025-05-23.18:11:14::SCWPlatform::Opened existing hwdb design_1_wrapper_0
TRACE::2025-05-23.18:11:14::SCWPlatform::Found the Hw Db part of the input DSA
TRACE::2025-05-23.18:11:14::SCWMssOS::Checking the sw design at  M:/projects/clones/SOC/Car_Project/vitis/FullCar_AllFeatures_V0_1/zynq_fsbl/zynq_fsbl_bsp/system.mss
TRACE::2025-05-23.18:11:14::SCWMssOS::DEBUG:  swdes dump  M:/projects/clones/SOC/Car_Project/vitis/FullCar_AllFeatures_V0_1/ps7_cortexa9_0/standalone_ps7_cortexa9_0/bsp/system.mss|system_0||
M:/projects/clones/SOC/Car_Project/vitis/FullCar_AllFeatures_V0_1/zynq_fsbl/zynq_fsbl_bsp/system.mss|system||

TRACE::2025-05-23.18:11:14::SCWMssOS::Sw design exists and opened at  M:/projects/clones/SOC/Car_Project/vitis/FullCar_AllFeatures_V0_1/zynq_fsbl/zynq_fsbl_bsp/system.mss
TRACE::2025-05-23.18:11:14::SCWBDomain::Completed writing the mss file at M:/projects/clones/SOC/Car_Project/vitis/FullCar_AllFeatures_V0_1/zynq_fsbl/zynq_fsbl_bsp
TRACE::2025-05-23.18:11:14::SCWBDomain::bsp generated is upto date with the mss file. Skipping bsp generation.
TRACE::2025-05-23.18:11:14::SCWBDomain::Not a forced makefile updation, No changes are present. 
TRACE::2025-05-23.18:11:14::SCWBDomain::System Command Ran  M:&  cd  M:/projects/clones/SOC/Car_Project/vitis/FullCar_AllFeatures_V0_1/zynq_fsbl& make -C  zynq_fsbl_bsp & make 
TRACE::2025-05-23.18:11:14::SCWBDomain::make: Entering directory 'M:/projects/clones/SOC/Car_Project/vitis/FullCar_AllFeatures_V0_1/zynq_fsbl/zynq_fsbl_bsp'

TRACE::2025-05-23.18:11:14::SCWBDomain::make --no-print-directory seq_libs

TRACE::2025-05-23.18:11:14::SCWBDomain::"Running Make include in ps7_cortexa9_0/libsrc/coresightps_dcc_v1_10/src"

TRACE::2025-05-23.18:11:14::SCWBDomain::make -C ps7_cortexa9_0/libsrc/coresightps_dcc_v1_10/src -s include  "SHELL=CMD" "COMPILER=arm-none-eabi-gcc" "ASSEMBLER=arm-non
TRACE::2025-05-23.18:11:14::SCWBDomain::e-eabi-as" "ARCHIVER=arm-none-eabi-ar" "COMPILER_FLAGS=  -O2 -c" "EXTRA_COMPILER_FLAGS=-mcpu=cortex-a9 -mfpu=vfpv3 -mfloat-abi=
TRACE::2025-05-23.18:11:14::SCWBDomain::hard -nostartfiles -g -Wall -Wextra -fno-tree-loop-distribute-patterns"

TRACE::2025-05-23.18:11:14::SCWBDomain::"Running Make include in ps7_cortexa9_0/libsrc/cpu_cortexa9_v2_12/src"

TRACE::2025-05-23.18:11:14::SCWBDomain::make -C ps7_cortexa9_0/libsrc/cpu_cortexa9_v2_12/src -s include  "SHELL=CMD" "COMPILER=arm-none-eabi-gcc" "ASSEMBLER=arm-none-e
TRACE::2025-05-23.18:11:14::SCWBDomain::abi-as" "ARCHIVER=arm-none-eabi-ar" "COMPILER_FLAGS=  -O2 -c" "EXTRA_COMPILER_FLAGS=-mcpu=cortex-a9 -mfpu=vfpv3 -mfloat-abi=har
TRACE::2025-05-23.18:11:14::SCWBDomain::d -nostartfiles -g -Wall -Wextra -fno-tree-loop-distribute-patterns"

TRACE::2025-05-23.18:11:14::SCWBDomain::"Running Make include in ps7_cortexa9_0/libsrc/ddrps_v1_2/src"

TRACE::2025-05-23.18:11:14::SCWBDomain::make -C ps7_cortexa9_0/libsrc/ddrps_v1_2/src -s include  "SHELL=CMD" "COMPILER=arm-none-eabi-gcc" "ASSEMBLER=arm-none-eabi-as" 
TRACE::2025-05-23.18:11:14::SCWBDomain::"ARCHIVER=arm-none-eabi-ar" "COMPILER_FLAGS=  -O2 -c" "EXTRA_COMPILER_FLAGS=-mcpu=cortex-a9 -mfpu=vfpv3 -mfloat-abi=hard -nosta
TRACE::2025-05-23.18:11:14::SCWBDomain::rtfiles -g -Wall -Wextra -fno-tree-loop-distribute-patterns"

TRACE::2025-05-23.18:11:14::SCWBDomain::"Running Make include in ps7_cortexa9_0/libsrc/devcfg_v3_8/src"

TRACE::2025-05-23.18:11:14::SCWBDomain::make -C ps7_cortexa9_0/libsrc/devcfg_v3_8/src -s include  "SHELL=CMD" "COMPILER=arm-none-eabi-gcc" "ASSEMBLER=arm-none-eabi-as"
TRACE::2025-05-23.18:11:14::SCWBDomain:: "ARCHIVER=arm-none-eabi-ar" "COMPILER_FLAGS=  -O2 -c" "EXTRA_COMPILER_FLAGS=-mcpu=cortex-a9 -mfpu=vfpv3 -mfloat-abi=hard -nost
TRACE::2025-05-23.18:11:14::SCWBDomain::artfiles -g -Wall -Wextra -fno-tree-loop-distribute-patterns"

TRACE::2025-05-23.18:11:14::SCWBDomain::"Running Make include in ps7_cortexa9_0/libsrc/dmaps_v2_10/src"

TRACE::2025-05-23.18:11:14::SCWBDomain::make -C ps7_cortexa9_0/libsrc/dmaps_v2_10/src -s include  "SHELL=CMD" "COMPILER=arm-none-eabi-gcc" "ASSEMBLER=arm-none-eabi-as"
TRACE::2025-05-23.18:11:14::SCWBDomain:: "ARCHIVER=arm-none-eabi-ar" "COMPILER_FLAGS=  -O2 -c" "EXTRA_COMPILER_FLAGS=-mcpu=cortex-a9 -mfpu=vfpv3 -mfloat-abi=hard -nost
TRACE::2025-05-23.18:11:14::SCWBDomain::artfiles -g -Wall -Wextra -fno-tree-loop-distribute-patterns"

TRACE::2025-05-23.18:11:14::SCWBDomain::"Running Make include in ps7_cortexa9_0/libsrc/emacps_v3_20/src"

TRACE::2025-05-23.18:11:14::SCWBDomain::make -C ps7_cortexa9_0/libsrc/emacps_v3_20/src -s include  "SHELL=CMD" "COMPILER=arm-none-eabi-gcc" "ASSEMBLER=arm-none-eabi-as
TRACE::2025-05-23.18:11:14::SCWBDomain::" "ARCHIVER=arm-none-eabi-ar" "COMPILER_FLAGS=  -O2 -c" "EXTRA_COMPILER_FLAGS=-mcpu=cortex-a9 -mfpu=vfpv3 -mfloat-abi=hard -nos
TRACE::2025-05-23.18:11:14::SCWBDomain::tartfiles -g -Wall -Wextra -fno-tree-loop-distribute-patterns"

TRACE::2025-05-23.18:11:14::SCWBDomain::"Running Make include in ps7_cortexa9_0/libsrc/gpiops_v3_13/src"

TRACE::2025-05-23.18:11:14::SCWBDomain::make -C ps7_cortexa9_0/libsrc/gpiops_v3_13/src -s include  "SHELL=CMD" "COMPILER=arm-none-eabi-gcc" "ASSEMBLER=arm-none-eabi-as
TRACE::2025-05-23.18:11:14::SCWBDomain::" "ARCHIVER=arm-none-eabi-ar" "COMPILER_FLAGS=  -O2 -c" "EXTRA_COMPILER_FLAGS=-mcpu=cortex-a9 -mfpu=vfpv3 -mfloat-abi=hard -nos
TRACE::2025-05-23.18:11:14::SCWBDomain::tartfiles -g -Wall -Wextra -fno-tree-loop-distribute-patterns"

TRACE::2025-05-23.18:11:14::SCWBDomain::"Running Make include in ps7_cortexa9_0/libsrc/gpio_v4_11/src"

TRACE::2025-05-23.18:11:14::SCWBDomain::make -C ps7_cortexa9_0/libsrc/gpio_v4_11/src -s include  "SHELL=CMD" "COMPILER=arm-none-eabi-gcc" "ASSEMBLER=arm-none-eabi-as" 
TRACE::2025-05-23.18:11:14::SCWBDomain::"ARCHIVER=arm-none-eabi-ar" "COMPILER_FLAGS=  -O2 -c" "EXTRA_COMPILER_FLAGS=-mcpu=cortex-a9 -mfpu=vfpv3 -mfloat-abi=hard -nosta
TRACE::2025-05-23.18:11:14::SCWBDomain::rtfiles -g -Wall -Wextra -fno-tree-loop-distribute-patterns"

TRACE::2025-05-23.18:11:14::SCWBDomain::"Running Make include in ps7_cortexa9_0/libsrc/iic_v3_11/src"

TRACE::2025-05-23.18:11:14::SCWBDomain::make -C ps7_cortexa9_0/libsrc/iic_v3_11/src -s include  "SHELL=CMD" "COMPILER=arm-none-eabi-gcc" "ASSEMBLER=arm-none-eabi-as" "
TRACE::2025-05-23.18:11:14::SCWBDomain::ARCHIVER=arm-none-eabi-ar" "COMPILER_FLAGS=  -O2 -c" "EXTRA_COMPILER_FLAGS=-mcpu=cortex-a9 -mfpu=vfpv3 -mfloat-abi=hard -nostar
TRACE::2025-05-23.18:11:14::SCWBDomain::tfiles -g -Wall -Wextra -fno-tree-loop-distribute-patterns"

TRACE::2025-05-23.18:11:14::SCWBDomain::"Running Make include in ps7_cortexa9_0/libsrc/Motor_DriverIP_v1_0/src"

TRACE::2025-05-23.18:11:14::SCWBDomain::make -C ps7_cortexa9_0/libsrc/Motor_DriverIP_v1_0/src -s include  "SHELL=CMD" "COMPILER=arm-none-eabi-gcc" "ASSEMBLER=arm-none-
TRACE::2025-05-23.18:11:14::SCWBDomain::eabi-as" "ARCHIVER=arm-none-eabi-ar" "COMPILER_FLAGS=  -O2 -c" "EXTRA_COMPILER_FLAGS=-mcpu=cortex-a9 -mfpu=vfpv3 -mfloat-abi=ha
TRACE::2025-05-23.18:11:14::SCWBDomain::rd -nostartfiles -g -Wall -Wextra -fno-tree-loop-distribute-patterns"

TRACE::2025-05-23.18:11:14::SCWBDomain::"Running Make include in ps7_cortexa9_0/libsrc/qspips_v3_12/src"

TRACE::2025-05-23.18:11:14::SCWBDomain::make -C ps7_cortexa9_0/libsrc/qspips_v3_12/src -s include  "SHELL=CMD" "COMPILER=arm-none-eabi-gcc" "ASSEMBLER=arm-none-eabi-as
TRACE::2025-05-23.18:11:14::SCWBDomain::" "ARCHIVER=arm-none-eabi-ar" "COMPILER_FLAGS=  -O2 -c" "EXTRA_COMPILER_FLAGS=-mcpu=cortex-a9 -mfpu=vfpv3 -mfloat-abi=hard -nos
TRACE::2025-05-23.18:11:14::SCWBDomain::tartfiles -g -Wall -Wextra -fno-tree-loop-distribute-patterns"

TRACE::2025-05-23.18:11:15::SCWBDomain::"Running Make include in ps7_cortexa9_0/libsrc/scugic_v5_3/src"

TRACE::2025-05-23.18:11:15::SCWBDomain::make -C ps7_cortexa9_0/libsrc/scugic_v5_3/src -s include  "SHELL=CMD" "COMPILER=arm-none-eabi-gcc" "ASSEMBLER=arm-none-eabi-as"
TRACE::2025-05-23.18:11:15::SCWBDomain:: "ARCHIVER=arm-none-eabi-ar" "COMPILER_FLAGS=  -O2 -c" "EXTRA_COMPILER_FLAGS=-mcpu=cortex-a9 -mfpu=vfpv3 -mfloat-abi=hard -nost
TRACE::2025-05-23.18:11:15::SCWBDomain::artfiles -g -Wall -Wextra -fno-tree-loop-distribute-patterns"

TRACE::2025-05-23.18:11:15::SCWBDomain::"Running Make include in ps7_cortexa9_0/libsrc/scutimer_v2_6/src"

TRACE::2025-05-23.18:11:15::SCWBDomain::make -C ps7_cortexa9_0/libsrc/scutimer_v2_6/src -s include  "SHELL=CMD" "COMPILER=arm-none-eabi-gcc" "ASSEMBLER=arm-none-eabi-a
TRACE::2025-05-23.18:11:15::SCWBDomain::s" "ARCHIVER=arm-none-eabi-ar" "COMPILER_FLAGS=  -O2 -c" "EXTRA_COMPILER_FLAGS=-mcpu=cortex-a9 -mfpu=vfpv3 -mfloat-abi=hard -no
TRACE::2025-05-23.18:11:15::SCWBDomain::startfiles -g -Wall -Wextra -fno-tree-loop-distribute-patterns"

TRACE::2025-05-23.18:11:15::SCWBDomain::"Running Make include in ps7_cortexa9_0/libsrc/scuwdt_v2_5/src"

TRACE::2025-05-23.18:11:15::SCWBDomain::make -C ps7_cortexa9_0/libsrc/scuwdt_v2_5/src -s include  "SHELL=CMD" "COMPILER=arm-none-eabi-gcc" "ASSEMBLER=arm-none-eabi-as"
TRACE::2025-05-23.18:11:15::SCWBDomain:: "ARCHIVER=arm-none-eabi-ar" "COMPILER_FLAGS=  -O2 -c" "EXTRA_COMPILER_FLAGS=-mcpu=cortex-a9 -mfpu=vfpv3 -mfloat-abi=hard -nost
TRACE::2025-05-23.18:11:15::SCWBDomain::artfiles -g -Wall -Wextra -fno-tree-loop-distribute-patterns"

TRACE::2025-05-23.18:11:15::SCWBDomain::"Running Make include in ps7_cortexa9_0/libsrc/sdps_v4_3/src"

TRACE::2025-05-23.18:11:15::SCWBDomain::make -C ps7_cortexa9_0/libsrc/sdps_v4_3/src -s include  "SHELL=CMD" "COMPILER=arm-none-eabi-gcc" "ASSEMBLER=arm-none-eabi-as" "
TRACE::2025-05-23.18:11:15::SCWBDomain::ARCHIVER=arm-none-eabi-ar" "COMPILER_FLAGS=  -O2 -c" "EXTRA_COMPILER_FLAGS=-mcpu=cortex-a9 -mfpu=vfpv3 -mfloat-abi=hard -nostar
TRACE::2025-05-23.18:11:15::SCWBDomain::tfiles -g -Wall -Wextra -fno-tree-loop-distribute-patterns"

TRACE::2025-05-23.18:11:15::SCWBDomain::"Running Make include in ps7_cortexa9_0/libsrc/SpeedSensor_Driver_IP_v1_0/src"

TRACE::2025-05-23.18:11:15::SCWBDomain::make -C ps7_cortexa9_0/libsrc/SpeedSensor_Driver_IP_v1_0/src -s include  "SHELL=CMD" "COMPILER=arm-none-eabi-gcc" "ASSEMBLER=ar
TRACE::2025-05-23.18:11:15::SCWBDomain::m-none-eabi-as" "ARCHIVER=arm-none-eabi-ar" "COMPILER_FLAGS=  -O2 -c" "EXTRA_COMPILER_FLAGS=-mcpu=cortex-a9 -mfpu=vfpv3 -mfloat
TRACE::2025-05-23.18:11:15::SCWBDomain::-abi=hard -nostartfiles -g -Wall -Wextra -fno-tree-loop-distribute-patterns"

TRACE::2025-05-23.18:11:15::SCWBDomain::"Running Make include in ps7_cortexa9_0/libsrc/standalone_v9_1/src"

TRACE::2025-05-23.18:11:15::SCWBDomain::make -C ps7_cortexa9_0/libsrc/standalone_v9_1/src -s include  "SHELL=CMD" "COMPILER=arm-none-eabi-gcc" "ASSEMBLER=arm-none-eabi
TRACE::2025-05-23.18:11:15::SCWBDomain::-as" "ARCHIVER=arm-none-eabi-ar" "COMPILER_FLAGS=  -O2 -c" "EXTRA_COMPILER_FLAGS=-mcpu=cortex-a9 -mfpu=vfpv3 -mfloat-abi=hard -
TRACE::2025-05-23.18:11:15::SCWBDomain::nostartfiles -g -Wall -Wextra -fno-tree-loop-distribute-patterns"

TRACE::2025-05-23.18:11:15::SCWBDomain::"Running Make include in ps7_cortexa9_0/libsrc/tmrctr_v4_12/src"

TRACE::2025-05-23.18:11:15::SCWBDomain::make -C ps7_cortexa9_0/libsrc/tmrctr_v4_12/src -s include  "SHELL=CMD" "COMPILER=arm-none-eabi-gcc" "ASSEMBLER=arm-none-eabi-as
TRACE::2025-05-23.18:11:15::SCWBDomain::" "ARCHIVER=arm-none-eabi-ar" "COMPILER_FLAGS=  -O2 -c" "EXTRA_COMPILER_FLAGS=-mcpu=cortex-a9 -mfpu=vfpv3 -mfloat-abi=hard -nos
TRACE::2025-05-23.18:11:15::SCWBDomain::tartfiles -g -Wall -Wextra -fno-tree-loop-distribute-patterns"

TRACE::2025-05-23.18:11:15::SCWBDomain::"Running Make include in ps7_cortexa9_0/libsrc/uartps_v3_14/src"

TRACE::2025-05-23.18:11:15::SCWBDomain::make -C ps7_cortexa9_0/libsrc/uartps_v3_14/src -s include  "SHELL=CMD" "COMPILER=arm-none-eabi-gcc" "ASSEMBLER=arm-none-eabi-as
TRACE::2025-05-23.18:11:15::SCWBDomain::" "ARCHIVER=arm-none-eabi-ar" "COMPILER_FLAGS=  -O2 -c" "EXTRA_COMPILER_FLAGS=-mcpu=cortex-a9 -mfpu=vfpv3 -mfloat-abi=hard -nos
TRACE::2025-05-23.18:11:15::SCWBDomain::tartfiles -g -Wall -Wextra -fno-tree-loop-distribute-patterns"

TRACE::2025-05-23.18:11:15::SCWBDomain::"Running Make include in ps7_cortexa9_0/libsrc/ultrasoneIP_v1_0/src"

TRACE::2025-05-23.18:11:15::SCWBDomain::make -C ps7_cortexa9_0/libsrc/ultrasoneIP_v1_0/src -s include  "SHELL=CMD" "COMPILER=arm-none-eabi-gcc" "ASSEMBLER=arm-none-eab
TRACE::2025-05-23.18:11:15::SCWBDomain::i-as" "ARCHIVER=arm-none-eabi-ar" "COMPILER_FLAGS=  -O2 -c" "EXTRA_COMPILER_FLAGS=-mcpu=cortex-a9 -mfpu=vfpv3 -mfloat-abi=hard 
TRACE::2025-05-23.18:11:15::SCWBDomain::-nostartfiles -g -Wall -Wextra -fno-tree-loop-distribute-patterns"

TRACE::2025-05-23.18:11:15::SCWBDomain::"Running Make include in ps7_cortexa9_0/libsrc/usbps_v2_9/src"

TRACE::2025-05-23.18:11:15::SCWBDomain::make -C ps7_cortexa9_0/libsrc/usbps_v2_9/src -s include  "SHELL=CMD" "COMPILER=arm-none-eabi-gcc" "ASSEMBLER=arm-none-eabi-as" 
TRACE::2025-05-23.18:11:15::SCWBDomain::"ARCHIVER=arm-none-eabi-ar" "COMPILER_FLAGS=  -O2 -c" "EXTRA_COMPILER_FLAGS=-mcpu=cortex-a9 -mfpu=vfpv3 -mfloat-abi=hard -nosta
TRACE::2025-05-23.18:11:15::SCWBDomain::rtfiles -g -Wall -Wextra -fno-tree-loop-distribute-patterns"

TRACE::2025-05-23.18:11:15::SCWBDomain::"Running Make include in ps7_cortexa9_0/libsrc/xadcps_v2_7/src"

TRACE::2025-05-23.18:11:15::SCWBDomain::make -C ps7_cortexa9_0/libsrc/xadcps_v2_7/src -s include  "SHELL=CMD" "COMPILER=arm-none-eabi-gcc" "ASSEMBLER=arm-none-eabi-as"
TRACE::2025-05-23.18:11:15::SCWBDomain:: "ARCHIVER=arm-none-eabi-ar" "COMPILER_FLAGS=  -O2 -c" "EXTRA_COMPILER_FLAGS=-mcpu=cortex-a9 -mfpu=vfpv3 -mfloat-abi=hard -nost
TRACE::2025-05-23.18:11:15::SCWBDomain::artfiles -g -Wall -Wextra -fno-tree-loop-distribute-patterns"

TRACE::2025-05-23.18:11:15::SCWBDomain::"Running Make include in ps7_cortexa9_0/libsrc/xilffs_v5_2/src"

TRACE::2025-05-23.18:11:15::SCWBDomain::make -C ps7_cortexa9_0/libsrc/xilffs_v5_2/src -s include  "SHELL=CMD" "COMPILER=arm-none-eabi-gcc" "ASSEMBLER=arm-none-eabi-as"
TRACE::2025-05-23.18:11:15::SCWBDomain:: "ARCHIVER=arm-none-eabi-ar" "COMPILER_FLAGS=  -O2 -c" "EXTRA_COMPILER_FLAGS=-mcpu=cortex-a9 -mfpu=vfpv3 -mfloat-abi=hard -nost
TRACE::2025-05-23.18:11:15::SCWBDomain::artfiles -g -Wall -Wextra -fno-tree-loop-distribute-patterns"

TRACE::2025-05-23.18:11:15::SCWBDomain::"Running Make include in ps7_cortexa9_0/libsrc/xilrsa_v1_8/src"

TRACE::2025-05-23.18:11:15::SCWBDomain::make -C ps7_cortexa9_0/libsrc/xilrsa_v1_8/src -s include  "SHELL=CMD" "COMPILER=arm-none-eabi-gcc" "ASSEMBLER=arm-none-eabi-as"
TRACE::2025-05-23.18:11:15::SCWBDomain:: "ARCHIVER=arm-none-eabi-ar" "COMPILER_FLAGS=  -O2 -c" "EXTRA_COMPILER_FLAGS=-mcpu=cortex-a9 -mfpu=vfpv3 -mfloat-abi=hard -nost
TRACE::2025-05-23.18:11:15::SCWBDomain::artfiles -g -Wall -Wextra -fno-tree-loop-distribute-patterns"

TRACE::2025-05-23.18:11:15::SCWBDomain::"Running Make libs in ps7_cortexa9_0/libsrc/Motor_DriverIP_v1_0/src"

TRACE::2025-05-23.18:11:15::SCWBDomain::make -C ps7_cortexa9_0/libsrc/Motor_DriverIP_v1_0/src -s libs  "SHELL=CMD" "COMPILER=arm-none-eabi-gcc" "ASSEMBLER=arm-none-eab
TRACE::2025-05-23.18:11:15::SCWBDomain::i-as" "ARCHIVER=arm-none-eabi-ar" "COMPILER_FLAGS=  -O2 -c" "EXTRA_COMPILER_FLAGS=-mcpu=cortex-a9 -mfpu=vfpv3 -mfloat-abi=hard 
TRACE::2025-05-23.18:11:15::SCWBDomain::-nostartfiles -g -Wall -Wextra -fno-tree-loop-distribute-patterns"

TRACE::2025-05-23.18:11:15::SCWBDomain::"Running Make libs in ps7_cortexa9_0/libsrc/SpeedSensor_Driver_IP_v1_0/src"

TRACE::2025-05-23.18:11:15::SCWBDomain::make -C ps7_cortexa9_0/libsrc/SpeedSensor_Driver_IP_v1_0/src -s libs  "SHELL=CMD" "COMPILER=arm-none-eabi-gcc" "ASSEMBLER=arm-n
TRACE::2025-05-23.18:11:15::SCWBDomain::one-eabi-as" "ARCHIVER=arm-none-eabi-ar" "COMPILER_FLAGS=  -O2 -c" "EXTRA_COMPILER_FLAGS=-mcpu=cortex-a9 -mfpu=vfpv3 -mfloat-ab
TRACE::2025-05-23.18:11:15::SCWBDomain::i=hard -nostartfiles -g -Wall -Wextra -fno-tree-loop-distribute-patterns"

TRACE::2025-05-23.18:11:15::SCWBDomain::"Running Make libs in ps7_cortexa9_0/libsrc/ultrasoneIP_v1_0/src"

TRACE::2025-05-23.18:11:15::SCWBDomain::make -C ps7_cortexa9_0/libsrc/ultrasoneIP_v1_0/src -s libs  "SHELL=CMD" "COMPILER=arm-none-eabi-gcc" "ASSEMBLER=arm-none-eabi-a
TRACE::2025-05-23.18:11:15::SCWBDomain::s" "ARCHIVER=arm-none-eabi-ar" "COMPILER_FLAGS=  -O2 -c" "EXTRA_COMPILER_FLAGS=-mcpu=cortex-a9 -mfpu=vfpv3 -mfloat-abi=hard -no
TRACE::2025-05-23.18:11:15::SCWBDomain::startfiles -g -Wall -Wextra -fno-tree-loop-distribute-patterns"

TRACE::2025-05-23.18:11:16::SCWBDomain::"Running Make libs in ps7_cortexa9_0/libsrc/xilrsa_v1_8/src"

TRACE::2025-05-23.18:11:16::SCWBDomain::make -C ps7_cortexa9_0/libsrc/xilrsa_v1_8/src -s libs  "SHELL=CMD" "COMPILER=arm-none-eabi-gcc" "ASSEMBLER=arm-none-eabi-as" "A
TRACE::2025-05-23.18:11:16::SCWBDomain::RCHIVER=arm-none-eabi-ar" "COMPILER_FLAGS=  -O2 -c" "EXTRA_COMPILER_FLAGS=-mcpu=cortex-a9 -mfpu=vfpv3 -mfloat-abi=hard -nostart
TRACE::2025-05-23.18:11:16::SCWBDomain::files -g -Wall -Wextra -fno-tree-loop-distribute-patterns"

TRACE::2025-05-23.18:11:16::SCWBDomain::'Finished building libraries sequentially.'

TRACE::2025-05-23.18:11:16::SCWBDomain::make -j 10 --no-print-directory par_libs

TRACE::2025-05-23.18:11:16::SCWBDomain::"Running Make include in ps7_cortexa9_0/libsrc/coresightps_dcc_v1_10/src"

TRACE::2025-05-23.18:11:16::SCWBDomain::make -C ps7_cortexa9_0/libsrc/coresightps_dcc_v1_10/src -s include  "SHELL=CMD" "COMPILER=arm-none-eabi-gcc" "ASSEMBLER=arm-non
TRACE::2025-05-23.18:11:16::SCWBDomain::e-eabi-as" "ARCHIVER=arm-none-eabi-ar" "COMPILER_FLAGS=  -O2 -c" "EXTRA_COMPILER_FLAGS=-mcpu=cortex-a9 -mfpu=vfpv3 -mfloat-abi=
TRACE::2025-05-23.18:11:16::SCWBDomain::hard -nostartfiles -g -Wall -Wextra -fno-tree-loop-distribute-patterns"

TRACE::2025-05-23.18:11:16::SCWBDomain::"Running Make include in ps7_cortexa9_0/libsrc/cpu_cortexa9_v2_12/src"

TRACE::2025-05-23.18:11:16::SCWBDomain::make -C ps7_cortexa9_0/libsrc/cpu_cortexa9_v2_12/src -s include  "SHELL=CMD" "COMPILER=arm-none-eabi-gcc" "ASSEMBLER=arm-none-e
TRACE::2025-05-23.18:11:16::SCWBDomain::abi-as" "ARCHIVER=arm-none-eabi-ar" "COMPILER_FLAGS=  -O2 -c" "EXTRA_COMPILER_FLAGS=-mcpu=cortex-a9 -mfpu=vfpv3 -mfloat-abi=har
TRACE::2025-05-23.18:11:16::SCWBDomain::d -nostartfiles -g -Wall -Wextra -fno-tree-loop-distribute-patterns"

TRACE::2025-05-23.18:11:16::SCWBDomain::"Running Make include in ps7_cortexa9_0/libsrc/ddrps_v1_2/src"

TRACE::2025-05-23.18:11:16::SCWBDomain::make -C ps7_cortexa9_0/libsrc/ddrps_v1_2/src -s include  "SHELL=CMD" "COMPILER=arm-none-eabi-gcc" "ASSEMBLER=arm-none-eabi-as" 
TRACE::2025-05-23.18:11:16::SCWBDomain::"ARCHIVER=arm-none-eabi-ar" "COMPILER_FLAGS=  -O2 -c" "EXTRA_COMPILER_FLAGS=-mcpu=cortex-a9 -mfpu=vfpv3 -mfloat-abi=hard -nosta
TRACE::2025-05-23.18:11:16::SCWBDomain::rtfiles -g -Wall -Wextra -fno-tree-loop-distribute-patterns"

TRACE::2025-05-23.18:11:16::SCWBDomain::"Running Make include in ps7_cortexa9_0/libsrc/devcfg_v3_8/src"

TRACE::2025-05-23.18:11:16::SCWBDomain::make -C ps7_cortexa9_0/libsrc/devcfg_v3_8/src -s include  "SHELL=CMD" "COMPILER=arm-none-eabi-gcc" "ASSEMBLER=arm-none-eabi-as"
TRACE::2025-05-23.18:11:16::SCWBDomain:: "ARCHIVER=arm-none-eabi-ar" "COMPILER_FLAGS=  -O2 -c" "EXTRA_COMPILER_FLAGS=-mcpu=cortex-a9 -mfpu=vfpv3 -mfloat-abi=hard -nost
TRACE::2025-05-23.18:11:16::SCWBDomain::artfiles -g -Wall -Wextra -fno-tree-loop-distribute-patterns"

TRACE::2025-05-23.18:11:16::SCWBDomain::"Running Make include in ps7_cortexa9_0/libsrc/dmaps_v2_10/src"

TRACE::2025-05-23.18:11:16::SCWBDomain::make -C ps7_cortexa9_0/libsrc/dmaps_v2_10/src -s include  "SHELL=CMD" "COMPILER=arm-none-eabi-gcc" "ASSEMBLER=arm-none-eabi-as"
TRACE::2025-05-23.18:11:16::SCWBDomain:: "ARCHIVER=arm-none-eabi-ar" "COMPILER_FLAGS=  -O2 -c" "EXTRA_COMPILER_FLAGS=-mcpu=cortex-a9 -mfpu=vfpv3 -mfloat-abi=hard -nost
TRACE::2025-05-23.18:11:16::SCWBDomain::artfiles -g -Wall -Wextra -fno-tree-loop-distribute-patterns"

TRACE::2025-05-23.18:11:16::SCWBDomain::"Running Make include in ps7_cortexa9_0/libsrc/emacps_v3_20/src"

TRACE::2025-05-23.18:11:16::SCWBDomain::make -C ps7_cortexa9_0/libsrc/emacps_v3_20/src -s include  "SHELL=CMD" "COMPILER=arm-none-eabi-gcc" "ASSEMBLER=arm-none-eabi-as
TRACE::2025-05-23.18:11:16::SCWBDomain::" "ARCHIVER=arm-none-eabi-ar" "COMPILER_FLAGS=  -O2 -c" "EXTRA_COMPILER_FLAGS=-mcpu=cortex-a9 -mfpu=vfpv3 -mfloat-abi=hard -nos
TRACE::2025-05-23.18:11:16::SCWBDomain::tartfiles -g -Wall -Wextra -fno-tree-loop-distribute-patterns"

TRACE::2025-05-23.18:11:16::SCWBDomain::"Running Make include in ps7_cortexa9_0/libsrc/gpiops_v3_13/src"

TRACE::2025-05-23.18:11:16::SCWBDomain::make -C ps7_cortexa9_0/libsrc/gpiops_v3_13/src -s include  "SHELL=CMD" "COMPILER=arm-none-eabi-gcc" "ASSEMBLER=arm-none-eabi-as
TRACE::2025-05-23.18:11:16::SCWBDomain::" "ARCHIVER=arm-none-eabi-ar" "COMPILER_FLAGS=  -O2 -c" "EXTRA_COMPILER_FLAGS=-mcpu=cortex-a9 -mfpu=vfpv3 -mfloat-abi=hard -nos
TRACE::2025-05-23.18:11:16::SCWBDomain::tartfiles -g -Wall -Wextra -fno-tree-loop-distribute-patterns"

TRACE::2025-05-23.18:11:16::SCWBDomain::"Running Make include in ps7_cortexa9_0/libsrc/gpio_v4_11/src"

TRACE::2025-05-23.18:11:16::SCWBDomain::make -C ps7_cortexa9_0/libsrc/gpio_v4_11/src -s include  "SHELL=CMD" "COMPILER=arm-none-eabi-gcc" "ASSEMBLER=arm-none-eabi-as" 
TRACE::2025-05-23.18:11:16::SCWBDomain::"ARCHIVER=arm-none-eabi-ar" "COMPILER_FLAGS=  -O2 -c" "EXTRA_COMPILER_FLAGS=-mcpu=cortex-a9 -mfpu=vfpv3 -mfloat-abi=hard -nosta
TRACE::2025-05-23.18:11:16::SCWBDomain::rtfiles -g -Wall -Wextra -fno-tree-loop-distribute-patterns"

TRACE::2025-05-23.18:11:16::SCWBDomain::"Running Make include in ps7_cortexa9_0/libsrc/iic_v3_11/src"

TRACE::2025-05-23.18:11:16::SCWBDomain::make -C ps7_cortexa9_0/libsrc/iic_v3_11/src -s include  "SHELL=CMD" "COMPILER=arm-none-eabi-gcc" "ASSEMBLER=arm-none-eabi-as" "
TRACE::2025-05-23.18:11:16::SCWBDomain::ARCHIVER=arm-none-eabi-ar" "COMPILER_FLAGS=  -O2 -c" "EXTRA_COMPILER_FLAGS=-mcpu=cortex-a9 -mfpu=vfpv3 -mfloat-abi=hard -nostar
TRACE::2025-05-23.18:11:16::SCWBDomain::tfiles -g -Wall -Wextra -fno-tree-loop-distribute-patterns"

TRACE::2025-05-23.18:11:16::SCWBDomain::"Running Make include in ps7_cortexa9_0/libsrc/Motor_DriverIP_v1_0/src"

TRACE::2025-05-23.18:11:16::SCWBDomain::make -C ps7_cortexa9_0/libsrc/Motor_DriverIP_v1_0/src -s include  "SHELL=CMD" "COMPILER=arm-none-eabi-gcc" "ASSEMBLER=arm-none-
TRACE::2025-05-23.18:11:16::SCWBDomain::eabi-as" "ARCHIVER=arm-none-eabi-ar" "COMPILER_FLAGS=  -O2 -c" "EXTRA_COMPILER_FLAGS=-mcpu=cortex-a9 -mfpu=vfpv3 -mfloat-abi=ha
TRACE::2025-05-23.18:11:16::SCWBDomain::rd -nostartfiles -g -Wall -Wextra -fno-tree-loop-distribute-patterns"

TRACE::2025-05-23.18:11:16::SCWBDomain::"Running Make include in ps7_cortexa9_0/libsrc/qspips_v3_12/src"

TRACE::2025-05-23.18:11:16::SCWBDomain::make -C ps7_cortexa9_0/libsrc/qspips_v3_12/src -s include  "SHELL=CMD" "COMPILER=arm-none-eabi-gcc" "ASSEMBLER=arm-none-eabi-as
TRACE::2025-05-23.18:11:16::SCWBDomain::" "ARCHIVER=arm-none-eabi-ar" "COMPILER_FLAGS=  -O2 -c" "EXTRA_COMPILER_FLAGS=-mcpu=cortex-a9 -mfpu=vfpv3 -mfloat-abi=hard -nos
TRACE::2025-05-23.18:11:16::SCWBDomain::tartfiles -g -Wall -Wextra -fno-tree-loop-distribute-patterns"

TRACE::2025-05-23.18:11:16::SCWBDomain::"Running Make include in ps7_cortexa9_0/libsrc/scugic_v5_3/src"

TRACE::2025-05-23.18:11:16::SCWBDomain::make -C ps7_cortexa9_0/libsrc/scugic_v5_3/src -s include  "SHELL=CMD" "COMPILER=arm-none-eabi-gcc" "ASSEMBLER=arm-none-eabi-as"
TRACE::2025-05-23.18:11:16::SCWBDomain:: "ARCHIVER=arm-none-eabi-ar" "COMPILER_FLAGS=  -O2 -c" "EXTRA_COMPILER_FLAGS=-mcpu=cortex-a9 -mfpu=vfpv3 -mfloat-abi=hard -nost
TRACE::2025-05-23.18:11:16::SCWBDomain::artfiles -g -Wall -Wextra -fno-tree-loop-distribute-patterns"

TRACE::2025-05-23.18:11:16::SCWBDomain::"Running Make include in ps7_cortexa9_0/libsrc/scutimer_v2_6/src"

TRACE::2025-05-23.18:11:16::SCWBDomain::make -C ps7_cortexa9_0/libsrc/scutimer_v2_6/src -s include  "SHELL=CMD" "COMPILER=arm-none-eabi-gcc" "ASSEMBLER=arm-none-eabi-a
TRACE::2025-05-23.18:11:16::SCWBDomain::s" "ARCHIVER=arm-none-eabi-ar" "COMPILER_FLAGS=  -O2 -c" "EXTRA_COMPILER_FLAGS=-mcpu=cortex-a9 -mfpu=vfpv3 -mfloat-abi=hard -no
TRACE::2025-05-23.18:11:16::SCWBDomain::startfiles -g -Wall -Wextra -fno-tree-loop-distribute-patterns"

TRACE::2025-05-23.18:11:16::SCWBDomain::"Running Make include in ps7_cortexa9_0/libsrc/scuwdt_v2_5/src"

TRACE::2025-05-23.18:11:16::SCWBDomain::make -C ps7_cortexa9_0/libsrc/scuwdt_v2_5/src -s include  "SHELL=CMD" "COMPILER=arm-none-eabi-gcc" "ASSEMBLER=arm-none-eabi-as"
TRACE::2025-05-23.18:11:16::SCWBDomain:: "ARCHIVER=arm-none-eabi-ar" "COMPILER_FLAGS=  -O2 -c" "EXTRA_COMPILER_FLAGS=-mcpu=cortex-a9 -mfpu=vfpv3 -mfloat-abi=hard -nost
TRACE::2025-05-23.18:11:16::SCWBDomain::artfiles -g -Wall -Wextra -fno-tree-loop-distribute-patterns"

TRACE::2025-05-23.18:11:16::SCWBDomain::"Running Make include in ps7_cortexa9_0/libsrc/sdps_v4_3/src"

TRACE::2025-05-23.18:11:16::SCWBDomain::make -C ps7_cortexa9_0/libsrc/sdps_v4_3/src -s include  "SHELL=CMD" "COMPILER=arm-none-eabi-gcc" "ASSEMBLER=arm-none-eabi-as" "
TRACE::2025-05-23.18:11:16::SCWBDomain::ARCHIVER=arm-none-eabi-ar" "COMPILER_FLAGS=  -O2 -c" "EXTRA_COMPILER_FLAGS=-mcpu=cortex-a9 -mfpu=vfpv3 -mfloat-abi=hard -nostar
TRACE::2025-05-23.18:11:16::SCWBDomain::tfiles -g -Wall -Wextra -fno-tree-loop-distribute-patterns"

TRACE::2025-05-23.18:11:16::SCWBDomain::"Running Make include in ps7_cortexa9_0/libsrc/SpeedSensor_Driver_IP_v1_0/src"

TRACE::2025-05-23.18:11:16::SCWBDomain::make -C ps7_cortexa9_0/libsrc/SpeedSensor_Driver_IP_v1_0/src -s include  "SHELL=CMD" "COMPILER=arm-none-eabi-gcc" "ASSEMBLER=ar
TRACE::2025-05-23.18:11:16::SCWBDomain::m-none-eabi-as" "ARCHIVER=arm-none-eabi-ar" "COMPILER_FLAGS=  -O2 -c" "EXTRA_COMPILER_FLAGS=-mcpu=cortex-a9 -mfpu=vfpv3 -mfloat
TRACE::2025-05-23.18:11:16::SCWBDomain::-abi=hard -nostartfiles -g -Wall -Wextra -fno-tree-loop-distribute-patterns"

TRACE::2025-05-23.18:11:16::SCWBDomain::"Running Make include in ps7_cortexa9_0/libsrc/standalone_v9_1/src"

TRACE::2025-05-23.18:11:16::SCWBDomain::make -C ps7_cortexa9_0/libsrc/standalone_v9_1/src -s include  "SHELL=CMD" "COMPILER=arm-none-eabi-gcc" "ASSEMBLER=arm-none-eabi
TRACE::2025-05-23.18:11:16::SCWBDomain::-as" "ARCHIVER=arm-none-eabi-ar" "COMPILER_FLAGS=  -O2 -c" "EXTRA_COMPILER_FLAGS=-mcpu=cortex-a9 -mfpu=vfpv3 -mfloat-abi=hard -
TRACE::2025-05-23.18:11:16::SCWBDomain::nostartfiles -g -Wall -Wextra -fno-tree-loop-distribute-patterns"

TRACE::2025-05-23.18:11:16::SCWBDomain::"Running Make include in ps7_cortexa9_0/libsrc/tmrctr_v4_12/src"

TRACE::2025-05-23.18:11:16::SCWBDomain::make -C ps7_cortexa9_0/libsrc/tmrctr_v4_12/src -s include  "SHELL=CMD" "COMPILER=arm-none-eabi-gcc" "ASSEMBLER=arm-none-eabi-as
TRACE::2025-05-23.18:11:16::SCWBDomain::" "ARCHIVER=arm-none-eabi-ar" "COMPILER_FLAGS=  -O2 -c" "EXTRA_COMPILER_FLAGS=-mcpu=cortex-a9 -mfpu=vfpv3 -mfloat-abi=hard -nos
TRACE::2025-05-23.18:11:16::SCWBDomain::tartfiles -g -Wall -Wextra -fno-tree-loop-distribute-patterns"

TRACE::2025-05-23.18:11:16::SCWBDomain::"Running Make include in ps7_cortexa9_0/libsrc/uartps_v3_14/src"

TRACE::2025-05-23.18:11:16::SCWBDomain::make -C ps7_cortexa9_0/libsrc/uartps_v3_14/src -s include  "SHELL=CMD" "COMPILER=arm-none-eabi-gcc" "ASSEMBLER=arm-none-eabi-as
TRACE::2025-05-23.18:11:16::SCWBDomain::" "ARCHIVER=arm-none-eabi-ar" "COMPILER_FLAGS=  -O2 -c" "EXTRA_COMPILER_FLAGS=-mcpu=cortex-a9 -mfpu=vfpv3 -mfloat-abi=hard -nos
TRACE::2025-05-23.18:11:16::SCWBDomain::tartfiles -g -Wall -Wextra -fno-tree-loop-distribute-patterns"

TRACE::2025-05-23.18:11:16::SCWBDomain::"Running Make include in ps7_cortexa9_0/libsrc/ultrasoneIP_v1_0/src"

TRACE::2025-05-23.18:11:16::SCWBDomain::make -C ps7_cortexa9_0/libsrc/ultrasoneIP_v1_0/src -s include  "SHELL=CMD" "COMPILER=arm-none-eabi-gcc" "ASSEMBLER=arm-none-eab
TRACE::2025-05-23.18:11:16::SCWBDomain::i-as" "ARCHIVER=arm-none-eabi-ar" "COMPILER_FLAGS=  -O2 -c" "EXTRA_COMPILER_FLAGS=-mcpu=cortex-a9 -mfpu=vfpv3 -mfloat-abi=hard 
TRACE::2025-05-23.18:11:16::SCWBDomain::-nostartfiles -g -Wall -Wextra -fno-tree-loop-distribute-patterns"

TRACE::2025-05-23.18:11:16::SCWBDomain::"Running Make include in ps7_cortexa9_0/libsrc/usbps_v2_9/src"

TRACE::2025-05-23.18:11:16::SCWBDomain::make -C ps7_cortexa9_0/libsrc/usbps_v2_9/src -s include  "SHELL=CMD" "COMPILER=arm-none-eabi-gcc" "ASSEMBLER=arm-none-eabi-as" 
TRACE::2025-05-23.18:11:16::SCWBDomain::"ARCHIVER=arm-none-eabi-ar" "COMPILER_FLAGS=  -O2 -c" "EXTRA_COMPILER_FLAGS=-mcpu=cortex-a9 -mfpu=vfpv3 -mfloat-abi=hard -nosta
TRACE::2025-05-23.18:11:16::SCWBDomain::rtfiles -g -Wall -Wextra -fno-tree-loop-distribute-patterns"

TRACE::2025-05-23.18:11:16::SCWBDomain::"Running Make include in ps7_cortexa9_0/libsrc/xadcps_v2_7/src"

TRACE::2025-05-23.18:11:16::SCWBDomain::make -C ps7_cortexa9_0/libsrc/xadcps_v2_7/src -s include  "SHELL=CMD" "COMPILER=arm-none-eabi-gcc" "ASSEMBLER=arm-none-eabi-as"
TRACE::2025-05-23.18:11:16::SCWBDomain:: "ARCHIVER=arm-none-eabi-ar" "COMPILER_FLAGS=  -O2 -c" "EXTRA_COMPILER_FLAGS=-mcpu=cortex-a9 -mfpu=vfpv3 -mfloat-abi=hard -nost
TRACE::2025-05-23.18:11:16::SCWBDomain::artfiles -g -Wall -Wextra -fno-tree-loop-distribute-patterns"

TRACE::2025-05-23.18:11:16::SCWBDomain::"Running Make include in ps7_cortexa9_0/libsrc/xilffs_v5_2/src"

TRACE::2025-05-23.18:11:16::SCWBDomain::make -C ps7_cortexa9_0/libsrc/xilffs_v5_2/src -s include  "SHELL=CMD" "COMPILER=arm-none-eabi-gcc" "ASSEMBLER=arm-none-eabi-as"
TRACE::2025-05-23.18:11:16::SCWBDomain:: "ARCHIVER=arm-none-eabi-ar" "COMPILER_FLAGS=  -O2 -c" "EXTRA_COMPILER_FLAGS=-mcpu=cortex-a9 -mfpu=vfpv3 -mfloat-abi=hard -nost
TRACE::2025-05-23.18:11:16::SCWBDomain::artfiles -g -Wall -Wextra -fno-tree-loop-distribute-patterns"

TRACE::2025-05-23.18:11:16::SCWBDomain::"Running Make include in ps7_cortexa9_0/libsrc/xilrsa_v1_8/src"

TRACE::2025-05-23.18:11:16::SCWBDomain::make -C ps7_cortexa9_0/libsrc/xilrsa_v1_8/src -s include  "SHELL=CMD" "COMPILER=arm-none-eabi-gcc" "ASSEMBLER=arm-none-eabi-as"
TRACE::2025-05-23.18:11:16::SCWBDomain:: "ARCHIVER=arm-none-eabi-ar" "COMPILER_FLAGS=  -O2 -c" "EXTRA_COMPILER_FLAGS=-mcpu=cortex-a9 -mfpu=vfpv3 -mfloat-abi=hard -nost
TRACE::2025-05-23.18:11:16::SCWBDomain::artfiles -g -Wall -Wextra -fno-tree-loop-distribute-patterns"

TRACE::2025-05-23.18:11:16::SCWBDomain::"Running Make libs in ps7_cortexa9_0/libsrc/coresightps_dcc_v1_10/src"

TRACE::2025-05-23.18:11:16::SCWBDomain::make -C ps7_cortexa9_0/libsrc/coresightps_dcc_v1_10/src -s libs  "SHELL=CMD" "COMPILER=arm-none-eabi-gcc" "ASSEMBLER=arm-none-e
TRACE::2025-05-23.18:11:16::SCWBDomain::abi-as" "ARCHIVER=arm-none-eabi-ar" "COMPILER_FLAGS=  -O2 -c" "EXTRA_COMPILER_FLAGS=-mcpu=cortex-a9 -mfpu=vfpv3 -mfloat-abi=har
TRACE::2025-05-23.18:11:16::SCWBDomain::d -nostartfiles -g -Wall -Wextra -fno-tree-loop-distribute-patterns"

TRACE::2025-05-23.18:11:16::SCWBDomain::"Running Make libs in ps7_cortexa9_0/libsrc/cpu_cortexa9_v2_12/src"

TRACE::2025-05-23.18:11:16::SCWBDomain::make -C ps7_cortexa9_0/libsrc/cpu_cortexa9_v2_12/src -s libs  "SHELL=CMD" "COMPILER=arm-none-eabi-gcc" "ASSEMBLER=arm-none-eabi
TRACE::2025-05-23.18:11:16::SCWBDomain::-as" "ARCHIVER=arm-none-eabi-ar" "COMPILER_FLAGS=  -O2 -c" "EXTRA_COMPILER_FLAGS=-mcpu=cortex-a9 -mfpu=vfpv3 -mfloat-abi=hard -
TRACE::2025-05-23.18:11:16::SCWBDomain::nostartfiles -g -Wall -Wextra -fno-tree-loop-distribute-patterns"

TRACE::2025-05-23.18:11:16::SCWBDomain::"Running Make libs in ps7_cortexa9_0/libsrc/ddrps_v1_2/src"

TRACE::2025-05-23.18:11:16::SCWBDomain::make -C ps7_cortexa9_0/libsrc/ddrps_v1_2/src -s libs  "SHELL=CMD" "COMPILER=arm-none-eabi-gcc" "ASSEMBLER=arm-none-eabi-as" "AR
TRACE::2025-05-23.18:11:16::SCWBDomain::CHIVER=arm-none-eabi-ar" "COMPILER_FLAGS=  -O2 -c" "EXTRA_COMPILER_FLAGS=-mcpu=cortex-a9 -mfpu=vfpv3 -mfloat-abi=hard -nostartf
TRACE::2025-05-23.18:11:16::SCWBDomain::iles -g -Wall -Wextra -fno-tree-loop-distribute-patterns"

TRACE::2025-05-23.18:11:16::SCWBDomain::"Running Make libs in ps7_cortexa9_0/libsrc/devcfg_v3_8/src"

TRACE::2025-05-23.18:11:16::SCWBDomain::make -C ps7_cortexa9_0/libsrc/devcfg_v3_8/src -s libs  "SHELL=CMD" "COMPILER=arm-none-eabi-gcc" "ASSEMBLER=arm-none-eabi-as" "A
TRACE::2025-05-23.18:11:16::SCWBDomain::RCHIVER=arm-none-eabi-ar" "COMPILER_FLAGS=  -O2 -c" "EXTRA_COMPILER_FLAGS=-mcpu=cortex-a9 -mfpu=vfpv3 -mfloat-abi=hard -nostart
TRACE::2025-05-23.18:11:16::SCWBDomain::files -g -Wall -Wextra -fno-tree-loop-distribute-patterns"

TRACE::2025-05-23.18:11:16::SCWBDomain::"Running Make libs in ps7_cortexa9_0/libsrc/dmaps_v2_10/src"

TRACE::2025-05-23.18:11:16::SCWBDomain::make -C ps7_cortexa9_0/libsrc/dmaps_v2_10/src -s libs  "SHELL=CMD" "COMPILER=arm-none-eabi-gcc" "ASSEMBLER=arm-none-eabi-as" "A
TRACE::2025-05-23.18:11:16::SCWBDomain::RCHIVER=arm-none-eabi-ar" "COMPILER_FLAGS=  -O2 -c" "EXTRA_COMPILER_FLAGS=-mcpu=cortex-a9 -mfpu=vfpv3 -mfloat-abi=hard -nostart
TRACE::2025-05-23.18:11:16::SCWBDomain::files -g -Wall -Wextra -fno-tree-loop-distribute-patterns"

TRACE::2025-05-23.18:11:16::SCWBDomain::"Running Make libs in ps7_cortexa9_0/libsrc/emacps_v3_20/src"

TRACE::2025-05-23.18:11:16::SCWBDomain::make -C ps7_cortexa9_0/libsrc/emacps_v3_20/src -s libs  "SHELL=CMD" "COMPILER=arm-none-eabi-gcc" "ASSEMBLER=arm-none-eabi-as" "
TRACE::2025-05-23.18:11:16::SCWBDomain::ARCHIVER=arm-none-eabi-ar" "COMPILER_FLAGS=  -O2 -c" "EXTRA_COMPILER_FLAGS=-mcpu=cortex-a9 -mfpu=vfpv3 -mfloat-abi=hard -nostar
TRACE::2025-05-23.18:11:16::SCWBDomain::tfiles -g -Wall -Wextra -fno-tree-loop-distribute-patterns"

TRACE::2025-05-23.18:11:16::SCWBDomain::"Running Make libs in ps7_cortexa9_0/libsrc/gpiops_v3_13/src"

TRACE::2025-05-23.18:11:16::SCWBDomain::make -C ps7_cortexa9_0/libsrc/gpiops_v3_13/src -s libs  "SHELL=CMD" "COMPILER=arm-none-eabi-gcc" "ASSEMBLER=arm-none-eabi-as" "
TRACE::2025-05-23.18:11:16::SCWBDomain::ARCHIVER=arm-none-eabi-ar" "COMPILER_FLAGS=  -O2 -c" "EXTRA_COMPILER_FLAGS=-mcpu=cortex-a9 -mfpu=vfpv3 -mfloat-abi=hard -nostar
TRACE::2025-05-23.18:11:16::SCWBDomain::tfiles -g -Wall -Wextra -fno-tree-loop-distribute-patterns"

TRACE::2025-05-23.18:11:16::SCWBDomain::"Running Make libs in ps7_cortexa9_0/libsrc/gpio_v4_11/src"

TRACE::2025-05-23.18:11:16::SCWBDomain::make -C ps7_cortexa9_0/libsrc/gpio_v4_11/src -s libs  "SHELL=CMD" "COMPILER=arm-none-eabi-gcc" "ASSEMBLER=arm-none-eabi-as" "AR
TRACE::2025-05-23.18:11:16::SCWBDomain::CHIVER=arm-none-eabi-ar" "COMPILER_FLAGS=  -O2 -c" "EXTRA_COMPILER_FLAGS=-mcpu=cortex-a9 -mfpu=vfpv3 -mfloat-abi=hard -nostartf
TRACE::2025-05-23.18:11:16::SCWBDomain::iles -g -Wall -Wextra -fno-tree-loop-distribute-patterns"

TRACE::2025-05-23.18:11:16::SCWBDomain::"Running Make libs in ps7_cortexa9_0/libsrc/iic_v3_11/src"

TRACE::2025-05-23.18:11:16::SCWBDomain::make -C ps7_cortexa9_0/libsrc/iic_v3_11/src -s libs  "SHELL=CMD" "COMPILER=arm-none-eabi-gcc" "ASSEMBLER=arm-none-eabi-as" "ARC
TRACE::2025-05-23.18:11:16::SCWBDomain::HIVER=arm-none-eabi-ar" "COMPILER_FLAGS=  -O2 -c" "EXTRA_COMPILER_FLAGS=-mcpu=cortex-a9 -mfpu=vfpv3 -mfloat-abi=hard -nostartfi
TRACE::2025-05-23.18:11:16::SCWBDomain::les -g -Wall -Wextra -fno-tree-loop-distribute-patterns"

TRACE::2025-05-23.18:11:16::SCWBDomain::"Running Make libs in ps7_cortexa9_0/libsrc/qspips_v3_12/src"

TRACE::2025-05-23.18:11:16::SCWBDomain::make -C ps7_cortexa9_0/libsrc/qspips_v3_12/src -s libs  "SHELL=CMD" "COMPILER=arm-none-eabi-gcc" "ASSEMBLER=arm-none-eabi-as" "
TRACE::2025-05-23.18:11:16::SCWBDomain::ARCHIVER=arm-none-eabi-ar" "COMPILER_FLAGS=  -O2 -c" "EXTRA_COMPILER_FLAGS=-mcpu=cortex-a9 -mfpu=vfpv3 -mfloat-abi=hard -nostar
TRACE::2025-05-23.18:11:16::SCWBDomain::tfiles -g -Wall -Wextra -fno-tree-loop-distribute-patterns"

TRACE::2025-05-23.18:11:17::SCWBDomain::"Running Make libs in ps7_cortexa9_0/libsrc/scugic_v5_3/src"

TRACE::2025-05-23.18:11:17::SCWBDomain::make -C ps7_cortexa9_0/libsrc/scugic_v5_3/src -s libs  "SHELL=CMD" "COMPILER=arm-none-eabi-gcc" "ASSEMBLER=arm-none-eabi-as" "A
TRACE::2025-05-23.18:11:17::SCWBDomain::RCHIVER=arm-none-eabi-ar" "COMPILER_FLAGS=  -O2 -c" "EXTRA_COMPILER_FLAGS=-mcpu=cortex-a9 -mfpu=vfpv3 -mfloat-abi=hard -nostart
TRACE::2025-05-23.18:11:17::SCWBDomain::files -g -Wall -Wextra -fno-tree-loop-distribute-patterns"

TRACE::2025-05-23.18:11:17::SCWBDomain::"Running Make libs in ps7_cortexa9_0/libsrc/scutimer_v2_6/src"

TRACE::2025-05-23.18:11:17::SCWBDomain::make -C ps7_cortexa9_0/libsrc/scutimer_v2_6/src -s libs  "SHELL=CMD" "COMPILER=arm-none-eabi-gcc" "ASSEMBLER=arm-none-eabi-as" 
TRACE::2025-05-23.18:11:17::SCWBDomain::"ARCHIVER=arm-none-eabi-ar" "COMPILER_FLAGS=  -O2 -c" "EXTRA_COMPILER_FLAGS=-mcpu=cortex-a9 -mfpu=vfpv3 -mfloat-abi=hard -nosta
TRACE::2025-05-23.18:11:17::SCWBDomain::rtfiles -g -Wall -Wextra -fno-tree-loop-distribute-patterns"

TRACE::2025-05-23.18:11:17::SCWBDomain::"Running Make libs in ps7_cortexa9_0/libsrc/scuwdt_v2_5/src"

TRACE::2025-05-23.18:11:17::SCWBDomain::make -C ps7_cortexa9_0/libsrc/scuwdt_v2_5/src -s libs  "SHELL=CMD" "COMPILER=arm-none-eabi-gcc" "ASSEMBLER=arm-none-eabi-as" "A
TRACE::2025-05-23.18:11:17::SCWBDomain::RCHIVER=arm-none-eabi-ar" "COMPILER_FLAGS=  -O2 -c" "EXTRA_COMPILER_FLAGS=-mcpu=cortex-a9 -mfpu=vfpv3 -mfloat-abi=hard -nostart
TRACE::2025-05-23.18:11:17::SCWBDomain::files -g -Wall -Wextra -fno-tree-loop-distribute-patterns"

TRACE::2025-05-23.18:11:17::SCWBDomain::"Running Make libs in ps7_cortexa9_0/libsrc/sdps_v4_3/src"

TRACE::2025-05-23.18:11:17::SCWBDomain::make -C ps7_cortexa9_0/libsrc/sdps_v4_3/src -s libs  "SHELL=CMD" "COMPILER=arm-none-eabi-gcc" "ASSEMBLER=arm-none-eabi-as" "ARC
TRACE::2025-05-23.18:11:17::SCWBDomain::HIVER=arm-none-eabi-ar" "COMPILER_FLAGS=  -O2 -c" "EXTRA_COMPILER_FLAGS=-mcpu=cortex-a9 -mfpu=vfpv3 -mfloat-abi=hard -nostartfi
TRACE::2025-05-23.18:11:17::SCWBDomain::les -g -Wall -Wextra -fno-tree-loop-distribute-patterns"

TRACE::2025-05-23.18:11:17::SCWBDomain::"Running Make libs in ps7_cortexa9_0/libsrc/standalone_v9_1/src"

TRACE::2025-05-23.18:11:17::SCWBDomain::make -C ps7_cortexa9_0/libsrc/standalone_v9_1/src -s libs  "SHELL=CMD" "COMPILER=arm-none-eabi-gcc" "ASSEMBLER=arm-none-eabi-as
TRACE::2025-05-23.18:11:17::SCWBDomain::" "ARCHIVER=arm-none-eabi-ar" "COMPILER_FLAGS=  -O2 -c" "EXTRA_COMPILER_FLAGS=-mcpu=cortex-a9 -mfpu=vfpv3 -mfloat-abi=hard -nos
TRACE::2025-05-23.18:11:17::SCWBDomain::tartfiles -g -Wall -Wextra -fno-tree-loop-distribute-patterns"

TRACE::2025-05-23.18:11:17::SCWBDomain::"Running Make libs in ps7_cortexa9_0/libsrc/tmrctr_v4_12/src"

TRACE::2025-05-23.18:11:17::SCWBDomain::make -C ps7_cortexa9_0/libsrc/tmrctr_v4_12/src -s libs  "SHELL=CMD" "COMPILER=arm-none-eabi-gcc" "ASSEMBLER=arm-none-eabi-as" "
TRACE::2025-05-23.18:11:17::SCWBDomain::ARCHIVER=arm-none-eabi-ar" "COMPILER_FLAGS=  -O2 -c" "EXTRA_COMPILER_FLAGS=-mcpu=cortex-a9 -mfpu=vfpv3 -mfloat-abi=hard -nostar
TRACE::2025-05-23.18:11:17::SCWBDomain::tfiles -g -Wall -Wextra -fno-tree-loop-distribute-patterns"

TRACE::2025-05-23.18:11:17::SCWBDomain::"Running Make libs in ps7_cortexa9_0/libsrc/uartps_v3_14/src"

TRACE::2025-05-23.18:11:17::SCWBDomain::make -C ps7_cortexa9_0/libsrc/uartps_v3_14/src -s libs  "SHELL=CMD" "COMPILER=arm-none-eabi-gcc" "ASSEMBLER=arm-none-eabi-as" "
TRACE::2025-05-23.18:11:17::SCWBDomain::ARCHIVER=arm-none-eabi-ar" "COMPILER_FLAGS=  -O2 -c" "EXTRA_COMPILER_FLAGS=-mcpu=cortex-a9 -mfpu=vfpv3 -mfloat-abi=hard -nostar
TRACE::2025-05-23.18:11:17::SCWBDomain::tfiles -g -Wall -Wextra -fno-tree-loop-distribute-patterns"

TRACE::2025-05-23.18:11:17::SCWBDomain::"Running Make libs in ps7_cortexa9_0/libsrc/usbps_v2_9/src"

TRACE::2025-05-23.18:11:17::SCWBDomain::make -C ps7_cortexa9_0/libsrc/usbps_v2_9/src -s libs  "SHELL=CMD" "COMPILER=arm-none-eabi-gcc" "ASSEMBLER=arm-none-eabi-as" "AR
TRACE::2025-05-23.18:11:17::SCWBDomain::CHIVER=arm-none-eabi-ar" "COMPILER_FLAGS=  -O2 -c" "EXTRA_COMPILER_FLAGS=-mcpu=cortex-a9 -mfpu=vfpv3 -mfloat-abi=hard -nostartf
TRACE::2025-05-23.18:11:17::SCWBDomain::iles -g -Wall -Wextra -fno-tree-loop-distribute-patterns"

TRACE::2025-05-23.18:11:18::SCWBDomain::"Running Make libs in ps7_cortexa9_0/libsrc/xadcps_v2_7/src"

TRACE::2025-05-23.18:11:18::SCWBDomain::make -C ps7_cortexa9_0/libsrc/xadcps_v2_7/src -s libs  "SHELL=CMD" "COMPILER=arm-none-eabi-gcc" "ASSEMBLER=arm-none-eabi-as" "A
TRACE::2025-05-23.18:11:18::SCWBDomain::RCHIVER=arm-none-eabi-ar" "COMPILER_FLAGS=  -O2 -c" "EXTRA_COMPILER_FLAGS=-mcpu=cortex-a9 -mfpu=vfpv3 -mfloat-abi=hard -nostart
TRACE::2025-05-23.18:11:18::SCWBDomain::files -g -Wall -Wextra -fno-tree-loop-distribute-patterns"

TRACE::2025-05-23.18:11:18::SCWBDomain::"Running Make libs in ps7_cortexa9_0/libsrc/xilffs_v5_2/src"

TRACE::2025-05-23.18:11:18::SCWBDomain::make -C ps7_cortexa9_0/libsrc/xilffs_v5_2/src -s libs  "SHELL=CMD" "COMPILER=arm-none-eabi-gcc" "ASSEMBLER=arm-none-eabi-as" "A
TRACE::2025-05-23.18:11:18::SCWBDomain::RCHIVER=arm-none-eabi-ar" "COMPILER_FLAGS=  -O2 -c" "EXTRA_COMPILER_FLAGS=-mcpu=cortex-a9 -mfpu=vfpv3 -mfloat-abi=hard -nostart
TRACE::2025-05-23.18:11:18::SCWBDomain::files -g -Wall -Wextra -fno-tree-loop-distribute-patterns"

TRACE::2025-05-23.18:11:19::SCWBDomain::'Finished building libraries parallelly.'

TRACE::2025-05-23.18:11:19::SCWBDomain::make --no-print-directory archive

TRACE::2025-05-23.18:11:19::SCWBDomain::arm-none-eabi-ar -r  ps7_cortexa9_0/lib/libxil.a ps7_cortexa9_0/lib/Motor_DriverIP.o ps7_cortexa9_0/lib/Motor_DriverIP_selftest
TRACE::2025-05-23.18:11:19::SCWBDomain::.o ps7_cortexa9_0/lib/SpeedSensor_Driver_IP.o ps7_cortexa9_0/lib/SpeedSensor_Driver_IP_selftest.o ps7_cortexa9_0/lib/_exit.o ps
TRACE::2025-05-23.18:11:19::SCWBDomain::7_cortexa9_0/lib/_open.o ps7_cortexa9_0/lib/_sbrk.o ps7_cortexa9_0/lib/abort.o ps7_cortexa9_0/lib/asm_vectors.o ps7_cortexa9_0/
TRACE::2025-05-23.18:11:19::SCWBDomain::lib/boot.o ps7_cortexa9_0/lib/close.o ps7_cortexa9_0/lib/cpputest_time.o ps7_cortexa9_0/lib/cpu_init.o ps7_cortexa9_0/lib/errno
TRACE::2025-05-23.18:11:19::SCWBDomain::.o ps7_cortexa9_0/lib/fcntl.o ps7_cortexa9_0/lib/fstat.o ps7_cortexa9_0/lib/getentropy.o ps7_cortexa9_0/lib/getpid.o ps7_cortex
TRACE::2025-05-23.18:11:19::SCWBDomain::a9_0/lib/inbyte.o ps7_cortexa9_0/lib/isatty.o ps7_cortexa9_0/lib/kill.o ps7_cortexa9_0/lib/lseek.o ps7_cortexa9_0/lib/open.o ps
TRACE::2025-05-23.18:11:19::SCWBDomain::7_cortexa9_0/lib/outbyte.o ps7_cortexa9_0/lib/print.o ps7_cortexa9_0/lib/putnum.o ps7_cortexa9_0/lib/read.o ps7_cortexa9_0/lib/
TRACE::2025-05-23.18:11:19::SCWBDomain::sbrk.o ps7_cortexa9_0/lib/sleep.o ps7_cortexa9_0/lib/time.o ps7_cortexa9_0/lib/translation_table.o ps7_cortexa9_0/lib/ultrasone
TRACE::2025-05-23.18:11:19::SCWBDomain::IP.o ps7_cortexa9_0/lib/ultrasoneIP_selftest.o ps7_cortexa9_0/lib/unlink.o ps7_cortexa9_0/lib/usleep.o ps7_cortexa9_0/lib/vecto
TRACE::2025-05-23.18:11:19::SCWBDomain::rs.o ps7_cortexa9_0/lib/write.o ps7_cortexa9_0/lib/xadcps.o ps7_cortexa9_0/lib/xadcps_g.o ps7_cortexa9_0/lib/xadcps_intr.o ps7_
TRACE::2025-05-23.18:11:19::SCWBDomain::cortexa9_0/lib/xadcps_selftest.o ps7_cortexa9_0/lib/xadcps_sinit.o ps7_cortexa9_0/lib/xcoresightpsdcc.o ps7_cortexa9_0/lib/xdev
TRACE::2025-05-23.18:11:19::SCWBDomain::cfg.o ps7_cortexa9_0/lib/xdevcfg_g.o ps7_cortexa9_0/lib/xdevcfg_hw.o ps7_cortexa9_0/lib/xdevcfg_intr.o ps7_cortexa9_0/lib/xdevc
TRACE::2025-05-23.18:11:19::SCWBDomain::fg_selftest.o ps7_cortexa9_0/lib/xdevcfg_sinit.o ps7_cortexa9_0/lib/xdmaps.o ps7_cortexa9_0/lib/xdmaps_g.o ps7_cortexa9_0/lib/x
TRACE::2025-05-23.18:11:19::SCWBDomain::dmaps_hw.o ps7_cortexa9_0/lib/xdmaps_selftest.o ps7_cortexa9_0/lib/xdmaps_sinit.o ps7_cortexa9_0/lib/xemacps.o ps7_cortexa9_0/l
TRACE::2025-05-23.18:11:19::SCWBDomain::ib/xemacps_bdring.o ps7_cortexa9_0/lib/xemacps_control.o ps7_cortexa9_0/lib/xemacps_g.o ps7_cortexa9_0/lib/xemacps_hw.o ps7_cor
TRACE::2025-05-23.18:11:19::SCWBDomain::texa9_0/lib/xemacps_intr.o ps7_cortexa9_0/lib/xemacps_sinit.o ps7_cortexa9_0/lib/xgpio.o ps7_cortexa9_0/lib/xgpio_extra.o ps7_c
TRACE::2025-05-23.18:11:19::SCWBDomain::ortexa9_0/lib/xgpio_g.o ps7_cortexa9_0/lib/xgpio_intr.o ps7_cortexa9_0/lib/xgpio_selftest.o ps7_cortexa9_0/lib/xgpio_sinit.o ps
TRACE::2025-05-23.18:11:19::SCWBDomain::7_cortexa9_0/lib/xgpiops.o ps7_cortexa9_0/lib/xgpiops_g.o ps7_cortexa9_0/lib/xgpiops_hw.o ps7_cortexa9_0/lib/xgpiops_intr.o ps7
TRACE::2025-05-23.18:11:19::SCWBDomain::_cortexa9_0/lib/xgpiops_selftest.o ps7_cortexa9_0/lib/xgpiops_sinit.o ps7_cortexa9_0/lib/xiic.o ps7_cortexa9_0/lib/xiic_dyn_mas
TRACE::2025-05-23.18:11:19::SCWBDomain::ter.o ps7_cortexa9_0/lib/xiic_g.o ps7_cortexa9_0/lib/xiic_intr.o ps7_cortexa9_0/lib/xiic_l.o ps7_cortexa9_0/lib/xiic_master.o p
TRACE::2025-05-23.18:11:19::SCWBDomain::s7_cortexa9_0/lib/xiic_multi_master.o ps7_cortexa9_0/lib/xiic_options.o ps7_cortexa9_0/lib/xiic_selftest.o ps7_cortexa9_0/lib/x
TRACE::2025-05-23.18:11:19::SCWBDomain::iic_sinit.o ps7_cortexa9_0/lib/xiic_slave.o ps7_cortexa9_0/lib/xiic_stats.o ps7_cortexa9_0/lib/xil-crt0.o ps7_cortexa9_0/lib/xi
TRACE::2025-05-23.18:11:19::SCWBDomain::l_assert.o ps7_cortexa9_0/lib/xil_cache.o ps7_cortexa9_0/lib/xil_clocking.o ps7_cortexa9_0/lib/xil_exception.o ps7_cortexa9_0/l
TRACE::2025-05-23.18:11:19::SCWBDomain::ib/xil_mem.o ps7_cortexa9_0/lib/xil_misc_psreset_api.o ps7_cortexa9_0/lib/xil_mmu.o ps7_cortexa9_0/lib/xil_printf.o ps7_cortexa
TRACE::2025-05-23.18:11:19::SCWBDomain::9_0/lib/xil_sleepcommon.o ps7_cortexa9_0/lib/xil_sleeptimer.o ps7_cortexa9_0/lib/xil_spinlock.o ps7_cortexa9_0/lib/xil_testcach
TRACE::2025-05-23.18:11:19::SCWBDomain::e.o ps7_cortexa9_0/lib/xil_testio.o ps7_cortexa9_0/lib/xil_testmem.o ps7_cortexa9_0/lib/xil_util.o ps7_cortexa9_0/lib/xinterrup
TRACE::2025-05-23.18:11:19::SCWBDomain::t_wrap.o ps7_cortexa9_0/lib/xl2cc_counter.o ps7_cortexa9_0/lib/xplatform_info.o ps7_cortexa9_0/lib/xpm_counter.o ps7_cortexa9_0
TRACE::2025-05-23.18:11:19::SCWBDomain::/lib/xpm_init.o ps7_cortexa9_0/lib/xqspips.o ps7_cortexa9_0/lib/xqspips_g.o ps7_cortexa9_0/lib/xqspips_hw.o ps7_cortexa9_0/lib/
TRACE::2025-05-23.18:11:19::SCWBDomain::xqspips_options.o ps7_cortexa9_0/lib/xqspips_selftest.o ps7_cortexa9_0/lib/xqspips_sinit.o ps7_cortexa9_0/lib/xscugic.o ps7_cor
TRACE::2025-05-23.18:11:19::SCWBDomain::texa9_0/lib/xscugic_g.o ps7_cortexa9_0/lib/xscugic_hw.o ps7_cortexa9_0/lib/xscugic_intr.o ps7_cortexa9_0/lib/xscugic_selftest.o
TRACE::2025-05-23.18:11:19::SCWBDomain:: ps7_cortexa9_0/lib/xscugic_sinit.o ps7_cortexa9_0/lib/xscutimer.o ps7_cortexa9_0/lib/xscutimer_g.o ps7_cortexa9_0/lib/xscutime
TRACE::2025-05-23.18:11:19::SCWBDomain::r_selftest.o ps7_cortexa9_0/lib/xscutimer_sinit.o ps7_cortexa9_0/lib/xscuwdt.o ps7_cortexa9_0/lib/xscuwdt_g.o ps7_cortexa9_0/li
TRACE::2025-05-23.18:11:19::SCWBDomain::b/xscuwdt_selftest.o ps7_cortexa9_0/lib/xscuwdt_sinit.o ps7_cortexa9_0/lib/xsdps.o ps7_cortexa9_0/lib/xsdps_card.o ps7_cortexa9
TRACE::2025-05-23.18:11:19::SCWBDomain::_0/lib/xsdps_g.o ps7_cortexa9_0/lib/xsdps_host.o ps7_cortexa9_0/lib/xsdps_options.o ps7_cortexa9_0/lib/xsdps_sinit.o ps7_cortex
TRACE::2025-05-23.18:11:19::SCWBDomain::a9_0/lib/xtime_l.o ps7_cortexa9_0/lib/xtmrctr.o ps7_cortexa9_0/lib/xtmrctr_g.o ps7_cortexa9_0/lib/xtmrctr_intr.o ps7_cortexa9_0
TRACE::2025-05-23.18:11:19::SCWBDomain::/lib/xtmrctr_l.o ps7_cortexa9_0/lib/xtmrctr_options.o ps7_cortexa9_0/lib/xtmrctr_selftest.o ps7_cortexa9_0/lib/xtmrctr_sinit.o 
TRACE::2025-05-23.18:11:19::SCWBDomain::ps7_cortexa9_0/lib/xtmrctr_stats.o ps7_cortexa9_0/lib/xuartps.o ps7_cortexa9_0/lib/xuartps_g.o ps7_cortexa9_0/lib/xuartps_hw.o 
TRACE::2025-05-23.18:11:19::SCWBDomain::ps7_cortexa9_0/lib/xuartps_intr.o ps7_cortexa9_0/lib/xuartps_options.o ps7_cortexa9_0/lib/xuartps_selftest.o ps7_cortexa9_0/lib
TRACE::2025-05-23.18:11:19::SCWBDomain::/xuartps_sinit.o ps7_cortexa9_0/lib/xusbps.o ps7_cortexa9_0/lib/xusbps_endpoint.o ps7_cortexa9_0/lib/xusbps_g.o ps7_cortexa9_0/
TRACE::2025-05-23.18:11:19::SCWBDomain::lib/xusbps_hw.o ps7_cortexa9_0/lib/xusbps_intr.o ps7_cortexa9_0/lib/xusbps_sinit.o

TRACE::2025-05-23.18:11:19::SCWBDomain::'Finished building libraries'

TRACE::2025-05-23.18:11:19::SCWBDomain::make: Leaving directory 'M:/projects/clones/SOC/Car_Project/vitis/FullCar_AllFeatures_V0_1/zynq_fsbl/zynq_fsbl_bsp'

TRACE::2025-05-23.18:11:19::SCWBDomain::arm-none-eabi-gcc  -O2 -c -MMD -MP       -mcpu=cortex-a9 -mfpu=vfpv3 -mfloat-abi=hard  -c sd.c -o sd.o -Izynq_fsbl_bsp/ps7_cort
TRACE::2025-05-23.18:11:19::SCWBDomain::exa9_0/include -I.

TRACE::2025-05-23.18:11:19::SCWBDomain::arm-none-eabi-gcc  -O2 -c -MMD -MP       -mcpu=cortex-a9 -mfpu=vfpv3 -mfloat-abi=hard  -c nand.c -o nand.o -Izynq_fsbl_bsp/ps7_
TRACE::2025-05-23.18:11:19::SCWBDomain::cortexa9_0/include -I.

TRACE::2025-05-23.18:11:19::SCWBDomain::arm-none-eabi-gcc  -O2 -c -MMD -MP       -mcpu=cortex-a9 -mfpu=vfpv3 -mfloat-abi=hard  -c nor.c -o nor.o -Izynq_fsbl_bsp/ps7_co
TRACE::2025-05-23.18:11:19::SCWBDomain::rtexa9_0/include -I.

TRACE::2025-05-23.18:11:19::SCWBDomain::arm-none-eabi-gcc  -O2 -c -MMD -MP       -mcpu=cortex-a9 -mfpu=vfpv3 -mfloat-abi=hard  -c image_mover.c -o image_mover.o -Izynq
TRACE::2025-05-23.18:11:19::SCWBDomain::_fsbl_bsp/ps7_cortexa9_0/include -I.

TRACE::2025-05-23.18:11:19::SCWBDomain::arm-none-eabi-gcc  -O2 -c -MMD -MP       -mcpu=cortex-a9 -mfpu=vfpv3 -mfloat-abi=hard  -c md5.c -o md5.o -Izynq_fsbl_bsp/ps7_co
TRACE::2025-05-23.18:11:19::SCWBDomain::rtexa9_0/include -I.

TRACE::2025-05-23.18:11:20::SCWBDomain::arm-none-eabi-gcc  -O2 -c -MMD -MP       -mcpu=cortex-a9 -mfpu=vfpv3 -mfloat-abi=hard  -c fsbl_hooks.c -o fsbl_hooks.o -Izynq_f
TRACE::2025-05-23.18:11:20::SCWBDomain::sbl_bsp/ps7_cortexa9_0/include -I.

TRACE::2025-05-23.18:11:20::SCWBDomain::arm-none-eabi-gcc  -O2 -c -MMD -MP       -mcpu=cortex-a9 -mfpu=vfpv3 -mfloat-abi=hard  -c main.c -o main.o -Izynq_fsbl_bsp/ps7_
TRACE::2025-05-23.18:11:20::SCWBDomain::cortexa9_0/include -I.

TRACE::2025-05-23.18:11:20::SCWBDomain::arm-none-eabi-gcc  -O2 -c -MMD -MP       -mcpu=cortex-a9 -mfpu=vfpv3 -mfloat-abi=hard  -c rsa.c -o rsa.o -Izynq_fsbl_bsp/ps7_co
TRACE::2025-05-23.18:11:20::SCWBDomain::rtexa9_0/include -I.

TRACE::2025-05-23.18:11:20::SCWBDomain::arm-none-eabi-gcc  -O2 -c -MMD -MP       -mcpu=cortex-a9 -mfpu=vfpv3 -mfloat-abi=hard  -c qspi.c -o qspi.o -Izynq_fsbl_bsp/ps7_
TRACE::2025-05-23.18:11:20::SCWBDomain::cortexa9_0/include -I.

TRACE::2025-05-23.18:11:20::SCWBDomain::arm-none-eabi-gcc  -O2 -c -MMD -MP       -mcpu=cortex-a9 -mfpu=vfpv3 -mfloat-abi=hard  -c ps7_init.c -o ps7_init.o -Izynq_fsbl_
TRACE::2025-05-23.18:11:20::SCWBDomain::bsp/ps7_cortexa9_0/include -I.

TRACE::2025-05-23.18:11:20::SCWBDomain::arm-none-eabi-gcc  -O2 -c -MMD -MP       -mcpu=cortex-a9 -mfpu=vfpv3 -mfloat-abi=hard  -c pcap.c -o pcap.o -Izynq_fsbl_bsp/ps7_
TRACE::2025-05-23.18:11:20::SCWBDomain::cortexa9_0/include -I.

TRACE::2025-05-23.18:11:20::SCWBDomain::arm-none-eabi-gcc  -O2 -c -MMD -MP       -mcpu=cortex-a9 -mfpu=vfpv3 -mfloat-abi=hard  -c fsbl_handoff.S -o fsbl_handoff.o -Izy
TRACE::2025-05-23.18:11:20::SCWBDomain::nq_fsbl_bsp/ps7_cortexa9_0/include -I.

TRACE::2025-05-23.18:11:20::SCWBDomain::arm-none-eabi-gcc -o fsbl.elf fsbl_handoff.o fsbl_hooks.o image_mover.o main.o md5.o nand.o nor.o pcap.o ps7_init.o qspi.o rsa.
TRACE::2025-05-23.18:11:20::SCWBDomain::o sd.o -MMD -MP       -mcpu=cortex-a9 -mfpu=vfpv3 -mfloat-abi=hard   -mcpu=cortex-a9 -mfpu=vfpv3 -mfloat-abi=hard -Wl,-build-id
TRACE::2025-05-23.18:11:20::SCWBDomain::=none -specs=Xilinx.spec  -lrsa -Wl,--start-group,-lxil,-lgcc,-lc,--end-group -Wl,--start-group,-lxilffs,-lxil,-lgcc,-lc,--end-
TRACE::2025-05-23.18:11:20::SCWBDomain::group -Wl,--start-group,-lrsa,-lxil,-lgcc,-lc,--end-group                                            -Wl,--gc-sections -Lzynq_f
TRACE::2025-05-23.18:11:20::SCWBDomain::sbl_bsp/ps7_cortexa9_0/lib -L./ -Tlscript.ld

LOG::2025-05-23.18:11:20::SCWSystem::Checking the domain standalone_ps7_cortexa9_0
LOG::2025-05-23.18:11:20::SCWSystem::Not a boot domain 
LOG::2025-05-23.18:11:20::SCWSystem::Started Processing the domain standalone_ps7_cortexa9_0
TRACE::2025-05-23.18:11:20::SCWDomain::Generating domain artifcats
TRACE::2025-05-23.18:11:20::SCWMssOS::Generating standalone artifcats
TRACE::2025-05-23.18:11:20::SCWMssOS::Copying the qemu file from  M:/projects/clones/SOC/Car_Project/vitis/FullCar_AllFeatures_V0_1/resources/FullCar_AllFeatures_V0_1/standalone_ps7_cortexa9_0/qemu_args.txt To M:/projects/clones/SOC/Car_Project/vitis/FullCar_AllFeatures_V0_1/export/FullCar_AllFeatures_V0_1/sw/FullCar_AllFeatures_V0_1/standalone_ps7_cortexa9_0/qemu/
TRACE::2025-05-23.18:11:20::SCWMssOS:: Copying the user libraries. 
TRACE::2025-05-23.18:11:20::SCWPlatform::Trying to open the hw design at M:/projects/clones/SOC/Car_Project/vitis/FullCar_AllFeatures_V0_1/hw/FullCar_AllFeatures_V0_1.xsa
TRACE::2025-05-23.18:11:20::SCWPlatform::DSA given M:/projects/clones/SOC/Car_Project/vitis/FullCar_AllFeatures_V0_1/hw/FullCar_AllFeatures_V0_1.xsa
TRACE::2025-05-23.18:11:20::SCWPlatform::DSA absoulate path M:/projects/clones/SOC/Car_Project/vitis/FullCar_AllFeatures_V0_1/hw/FullCar_AllFeatures_V0_1.xsa
TRACE::2025-05-23.18:11:20::SCWPlatform::DSA directory M:/projects/clones/SOC/Car_Project/vitis/FullCar_AllFeatures_V0_1/hw
TRACE::2025-05-23.18:11:20::SCWPlatform:: Platform Path M:/projects/clones/SOC/Car_Project/vitis/FullCar_AllFeatures_V0_1/hw/FullCar_AllFeatures_V0_1.xsa
TRACE::2025-05-23.18:11:20::SCWPlatform:: Unique name xilinx:pynq-z2::0.0
TRACE::2025-05-23.18:11:20::SCWPlatform::Trying to set the existing hwdb with name design_1_wrapper_0
TRACE::2025-05-23.18:11:20::SCWPlatform::Opened existing hwdb design_1_wrapper_0
TRACE::2025-05-23.18:11:20::SCWPlatform::Found the Hw Db part of the input DSA
TRACE::2025-05-23.18:11:20::SCWMssOS::Checking the sw design at  M:/projects/clones/SOC/Car_Project/vitis/FullCar_AllFeatures_V0_1/ps7_cortexa9_0/standalone_ps7_cortexa9_0/bsp/system.mss
TRACE::2025-05-23.18:11:20::SCWMssOS::DEBUG:  swdes dump  M:/projects/clones/SOC/Car_Project/vitis/FullCar_AllFeatures_V0_1/ps7_cortexa9_0/standalone_ps7_cortexa9_0/bsp/system.mss|system_0||
M:/projects/clones/SOC/Car_Project/vitis/FullCar_AllFeatures_V0_1/zynq_fsbl/zynq_fsbl_bsp/system.mss|system||

TRACE::2025-05-23.18:11:20::SCWMssOS::Sw design exists and opened at  M:/projects/clones/SOC/Car_Project/vitis/FullCar_AllFeatures_V0_1/ps7_cortexa9_0/standalone_ps7_cortexa9_0/bsp/system.mss
TRACE::2025-05-23.18:11:20::SCWMssOS::Completed writing the mss file at M:/projects/clones/SOC/Car_Project/vitis/FullCar_AllFeatures_V0_1/ps7_cortexa9_0/standalone_ps7_cortexa9_0/bsp
TRACE::2025-05-23.18:11:20::SCWMssOS::Mss edits present, copying mssfile into export location M:/projects/clones/SOC/Car_Project/vitis/FullCar_AllFeatures_V0_1/ps7_cortexa9_0/standalone_ps7_cortexa9_0/bsp/system.mss
TRACE::2025-05-23.18:11:20::SCWMssOS::bsp generated is upto date with the mss file. Skipping bsp generation.
TRACE::2025-05-23.18:11:20::SCWMssOS::BSP is already built. skipping the bsp build ... 
TRACE::2025-05-23.18:11:20::SCWDomain::Building the domain as part of full build :  standalone_ps7_cortexa9_0
TRACE::2025-05-23.18:11:20::SCWMssOS::doing bsp build ... 
TRACE::2025-05-23.18:11:20::SCWMssOS::System Command Ran  M: & cd  M:/projects/clones/SOC/Car_Project/vitis/FullCar_AllFeatures_V0_1/ps7_cortexa9_0/standalone_ps7_cortexa9_0/bsp & make 
TRACE::2025-05-23.18:11:20::SCWMssOS::make --no-print-directory seq_libs

TRACE::2025-05-23.18:11:20::SCWMssOS::"Running Make include in ps7_cortexa9_0/libsrc/coresightps_dcc_v1_10/src"

TRACE::2025-05-23.18:11:20::SCWMssOS::make -C ps7_cortexa9_0/libsrc/coresightps_dcc_v1_10/src -s include  "SHELL=CMD" "COMPILER=arm-none-eabi-gcc" "ASSEMBLER=arm-non
TRACE::2025-05-23.18:11:20::SCWMssOS::e-eabi-as" "ARCHIVER=arm-none-eabi-ar" "COMPILER_FLAGS=  -O2 -c" "EXTRA_COMPILER_FLAGS=-mcpu=cortex-a9 -mfpu=vfpv3 -mfloat-abi=
TRACE::2025-05-23.18:11:20::SCWMssOS::hard -nostartfiles -g -Wall -Wextra -fno-tree-loop-distribute-patterns"

TRACE::2025-05-23.18:11:20::SCWMssOS::"Running Make include in ps7_cortexa9_0/libsrc/cpu_cortexa9_v2_12/src"

TRACE::2025-05-23.18:11:20::SCWMssOS::make -C ps7_cortexa9_0/libsrc/cpu_cortexa9_v2_12/src -s include  "SHELL=CMD" "COMPILER=arm-none-eabi-gcc" "ASSEMBLER=arm-none-e
TRACE::2025-05-23.18:11:20::SCWMssOS::abi-as" "ARCHIVER=arm-none-eabi-ar" "COMPILER_FLAGS=  -O2 -c" "EXTRA_COMPILER_FLAGS=-mcpu=cortex-a9 -mfpu=vfpv3 -mfloat-abi=har
TRACE::2025-05-23.18:11:20::SCWMssOS::d -nostartfiles -g -Wall -Wextra -fno-tree-loop-distribute-patterns"

TRACE::2025-05-23.18:11:20::SCWMssOS::"Running Make include in ps7_cortexa9_0/libsrc/ddrps_v1_2/src"

TRACE::2025-05-23.18:11:20::SCWMssOS::make -C ps7_cortexa9_0/libsrc/ddrps_v1_2/src -s include  "SHELL=CMD" "COMPILER=arm-none-eabi-gcc" "ASSEMBLER=arm-none-eabi-as" 
TRACE::2025-05-23.18:11:20::SCWMssOS::"ARCHIVER=arm-none-eabi-ar" "COMPILER_FLAGS=  -O2 -c" "EXTRA_COMPILER_FLAGS=-mcpu=cortex-a9 -mfpu=vfpv3 -mfloat-abi=hard -nosta
TRACE::2025-05-23.18:11:20::SCWMssOS::rtfiles -g -Wall -Wextra -fno-tree-loop-distribute-patterns"

TRACE::2025-05-23.18:11:20::SCWMssOS::"Running Make include in ps7_cortexa9_0/libsrc/devcfg_v3_8/src"

TRACE::2025-05-23.18:11:20::SCWMssOS::make -C ps7_cortexa9_0/libsrc/devcfg_v3_8/src -s include  "SHELL=CMD" "COMPILER=arm-none-eabi-gcc" "ASSEMBLER=arm-none-eabi-as"
TRACE::2025-05-23.18:11:20::SCWMssOS:: "ARCHIVER=arm-none-eabi-ar" "COMPILER_FLAGS=  -O2 -c" "EXTRA_COMPILER_FLAGS=-mcpu=cortex-a9 -mfpu=vfpv3 -mfloat-abi=hard -nost
TRACE::2025-05-23.18:11:20::SCWMssOS::artfiles -g -Wall -Wextra -fno-tree-loop-distribute-patterns"

TRACE::2025-05-23.18:11:20::SCWMssOS::"Running Make include in ps7_cortexa9_0/libsrc/dmaps_v2_10/src"

TRACE::2025-05-23.18:11:20::SCWMssOS::make -C ps7_cortexa9_0/libsrc/dmaps_v2_10/src -s include  "SHELL=CMD" "COMPILER=arm-none-eabi-gcc" "ASSEMBLER=arm-none-eabi-as"
TRACE::2025-05-23.18:11:20::SCWMssOS:: "ARCHIVER=arm-none-eabi-ar" "COMPILER_FLAGS=  -O2 -c" "EXTRA_COMPILER_FLAGS=-mcpu=cortex-a9 -mfpu=vfpv3 -mfloat-abi=hard -nost
TRACE::2025-05-23.18:11:20::SCWMssOS::artfiles -g -Wall -Wextra -fno-tree-loop-distribute-patterns"

TRACE::2025-05-23.18:11:21::SCWMssOS::"Running Make include in ps7_cortexa9_0/libsrc/emacps_v3_20/src"

TRACE::2025-05-23.18:11:21::SCWMssOS::make -C ps7_cortexa9_0/libsrc/emacps_v3_20/src -s include  "SHELL=CMD" "COMPILER=arm-none-eabi-gcc" "ASSEMBLER=arm-none-eabi-as
TRACE::2025-05-23.18:11:21::SCWMssOS::" "ARCHIVER=arm-none-eabi-ar" "COMPILER_FLAGS=  -O2 -c" "EXTRA_COMPILER_FLAGS=-mcpu=cortex-a9 -mfpu=vfpv3 -mfloat-abi=hard -nos
TRACE::2025-05-23.18:11:21::SCWMssOS::tartfiles -g -Wall -Wextra -fno-tree-loop-distribute-patterns"

TRACE::2025-05-23.18:11:21::SCWMssOS::"Running Make include in ps7_cortexa9_0/libsrc/gpiops_v3_13/src"

TRACE::2025-05-23.18:11:21::SCWMssOS::make -C ps7_cortexa9_0/libsrc/gpiops_v3_13/src -s include  "SHELL=CMD" "COMPILER=arm-none-eabi-gcc" "ASSEMBLER=arm-none-eabi-as
TRACE::2025-05-23.18:11:21::SCWMssOS::" "ARCHIVER=arm-none-eabi-ar" "COMPILER_FLAGS=  -O2 -c" "EXTRA_COMPILER_FLAGS=-mcpu=cortex-a9 -mfpu=vfpv3 -mfloat-abi=hard -nos
TRACE::2025-05-23.18:11:21::SCWMssOS::tartfiles -g -Wall -Wextra -fno-tree-loop-distribute-patterns"

TRACE::2025-05-23.18:11:21::SCWMssOS::"Running Make include in ps7_cortexa9_0/libsrc/gpio_v4_11/src"

TRACE::2025-05-23.18:11:21::SCWMssOS::make -C ps7_cortexa9_0/libsrc/gpio_v4_11/src -s include  "SHELL=CMD" "COMPILER=arm-none-eabi-gcc" "ASSEMBLER=arm-none-eabi-as" 
TRACE::2025-05-23.18:11:21::SCWMssOS::"ARCHIVER=arm-none-eabi-ar" "COMPILER_FLAGS=  -O2 -c" "EXTRA_COMPILER_FLAGS=-mcpu=cortex-a9 -mfpu=vfpv3 -mfloat-abi=hard -nosta
TRACE::2025-05-23.18:11:21::SCWMssOS::rtfiles -g -Wall -Wextra -fno-tree-loop-distribute-patterns"

TRACE::2025-05-23.18:11:21::SCWMssOS::"Running Make include in ps7_cortexa9_0/libsrc/iic_v3_11/src"

TRACE::2025-05-23.18:11:21::SCWMssOS::make -C ps7_cortexa9_0/libsrc/iic_v3_11/src -s include  "SHELL=CMD" "COMPILER=arm-none-eabi-gcc" "ASSEMBLER=arm-none-eabi-as" "
TRACE::2025-05-23.18:11:21::SCWMssOS::ARCHIVER=arm-none-eabi-ar" "COMPILER_FLAGS=  -O2 -c" "EXTRA_COMPILER_FLAGS=-mcpu=cortex-a9 -mfpu=vfpv3 -mfloat-abi=hard -nostar
TRACE::2025-05-23.18:11:21::SCWMssOS::tfiles -g -Wall -Wextra -fno-tree-loop-distribute-patterns"

TRACE::2025-05-23.18:11:21::SCWMssOS::"Running Make include in ps7_cortexa9_0/libsrc/Motor_DriverIP_v1_0/src"

TRACE::2025-05-23.18:11:21::SCWMssOS::make -C ps7_cortexa9_0/libsrc/Motor_DriverIP_v1_0/src -s include  "SHELL=CMD" "COMPILER=arm-none-eabi-gcc" "ASSEMBLER=arm-none-
TRACE::2025-05-23.18:11:21::SCWMssOS::eabi-as" "ARCHIVER=arm-none-eabi-ar" "COMPILER_FLAGS=  -O2 -c" "EXTRA_COMPILER_FLAGS=-mcpu=cortex-a9 -mfpu=vfpv3 -mfloat-abi=ha
TRACE::2025-05-23.18:11:21::SCWMssOS::rd -nostartfiles -g -Wall -Wextra -fno-tree-loop-distribute-patterns"

TRACE::2025-05-23.18:11:21::SCWMssOS::"Running Make include in ps7_cortexa9_0/libsrc/qspips_v3_12/src"

TRACE::2025-05-23.18:11:21::SCWMssOS::make -C ps7_cortexa9_0/libsrc/qspips_v3_12/src -s include  "SHELL=CMD" "COMPILER=arm-none-eabi-gcc" "ASSEMBLER=arm-none-eabi-as
TRACE::2025-05-23.18:11:21::SCWMssOS::" "ARCHIVER=arm-none-eabi-ar" "COMPILER_FLAGS=  -O2 -c" "EXTRA_COMPILER_FLAGS=-mcpu=cortex-a9 -mfpu=vfpv3 -mfloat-abi=hard -nos
TRACE::2025-05-23.18:11:21::SCWMssOS::tartfiles -g -Wall -Wextra -fno-tree-loop-distribute-patterns"

TRACE::2025-05-23.18:11:21::SCWMssOS::"Running Make include in ps7_cortexa9_0/libsrc/scugic_v5_3/src"

TRACE::2025-05-23.18:11:21::SCWMssOS::make -C ps7_cortexa9_0/libsrc/scugic_v5_3/src -s include  "SHELL=CMD" "COMPILER=arm-none-eabi-gcc" "ASSEMBLER=arm-none-eabi-as"
TRACE::2025-05-23.18:11:21::SCWMssOS:: "ARCHIVER=arm-none-eabi-ar" "COMPILER_FLAGS=  -O2 -c" "EXTRA_COMPILER_FLAGS=-mcpu=cortex-a9 -mfpu=vfpv3 -mfloat-abi=hard -nost
TRACE::2025-05-23.18:11:21::SCWMssOS::artfiles -g -Wall -Wextra -fno-tree-loop-distribute-patterns"

TRACE::2025-05-23.18:11:21::SCWMssOS::"Running Make include in ps7_cortexa9_0/libsrc/scutimer_v2_6/src"

TRACE::2025-05-23.18:11:21::SCWMssOS::make -C ps7_cortexa9_0/libsrc/scutimer_v2_6/src -s include  "SHELL=CMD" "COMPILER=arm-none-eabi-gcc" "ASSEMBLER=arm-none-eabi-a
TRACE::2025-05-23.18:11:21::SCWMssOS::s" "ARCHIVER=arm-none-eabi-ar" "COMPILER_FLAGS=  -O2 -c" "EXTRA_COMPILER_FLAGS=-mcpu=cortex-a9 -mfpu=vfpv3 -mfloat-abi=hard -no
TRACE::2025-05-23.18:11:21::SCWMssOS::startfiles -g -Wall -Wextra -fno-tree-loop-distribute-patterns"

TRACE::2025-05-23.18:11:21::SCWMssOS::"Running Make include in ps7_cortexa9_0/libsrc/scuwdt_v2_5/src"

TRACE::2025-05-23.18:11:21::SCWMssOS::make -C ps7_cortexa9_0/libsrc/scuwdt_v2_5/src -s include  "SHELL=CMD" "COMPILER=arm-none-eabi-gcc" "ASSEMBLER=arm-none-eabi-as"
TRACE::2025-05-23.18:11:21::SCWMssOS:: "ARCHIVER=arm-none-eabi-ar" "COMPILER_FLAGS=  -O2 -c" "EXTRA_COMPILER_FLAGS=-mcpu=cortex-a9 -mfpu=vfpv3 -mfloat-abi=hard -nost
TRACE::2025-05-23.18:11:21::SCWMssOS::artfiles -g -Wall -Wextra -fno-tree-loop-distribute-patterns"

TRACE::2025-05-23.18:11:21::SCWMssOS::"Running Make include in ps7_cortexa9_0/libsrc/sdps_v4_3/src"

TRACE::2025-05-23.18:11:21::SCWMssOS::make -C ps7_cortexa9_0/libsrc/sdps_v4_3/src -s include  "SHELL=CMD" "COMPILER=arm-none-eabi-gcc" "ASSEMBLER=arm-none-eabi-as" "
TRACE::2025-05-23.18:11:21::SCWMssOS::ARCHIVER=arm-none-eabi-ar" "COMPILER_FLAGS=  -O2 -c" "EXTRA_COMPILER_FLAGS=-mcpu=cortex-a9 -mfpu=vfpv3 -mfloat-abi=hard -nostar
TRACE::2025-05-23.18:11:21::SCWMssOS::tfiles -g -Wall -Wextra -fno-tree-loop-distribute-patterns"

TRACE::2025-05-23.18:11:21::SCWMssOS::"Running Make include in ps7_cortexa9_0/libsrc/SpeedSensor_Driver_IP_v1_0/src"

TRACE::2025-05-23.18:11:21::SCWMssOS::make -C ps7_cortexa9_0/libsrc/SpeedSensor_Driver_IP_v1_0/src -s include  "SHELL=CMD" "COMPILER=arm-none-eabi-gcc" "ASSEMBLER=ar
TRACE::2025-05-23.18:11:21::SCWMssOS::m-none-eabi-as" "ARCHIVER=arm-none-eabi-ar" "COMPILER_FLAGS=  -O2 -c" "EXTRA_COMPILER_FLAGS=-mcpu=cortex-a9 -mfpu=vfpv3 -mfloat
TRACE::2025-05-23.18:11:21::SCWMssOS::-abi=hard -nostartfiles -g -Wall -Wextra -fno-tree-loop-distribute-patterns"

TRACE::2025-05-23.18:11:21::SCWMssOS::"Running Make include in ps7_cortexa9_0/libsrc/standalone_v9_1/src"

TRACE::2025-05-23.18:11:21::SCWMssOS::make -C ps7_cortexa9_0/libsrc/standalone_v9_1/src -s include  "SHELL=CMD" "COMPILER=arm-none-eabi-gcc" "ASSEMBLER=arm-none-eabi
TRACE::2025-05-23.18:11:21::SCWMssOS::-as" "ARCHIVER=arm-none-eabi-ar" "COMPILER_FLAGS=  -O2 -c" "EXTRA_COMPILER_FLAGS=-mcpu=cortex-a9 -mfpu=vfpv3 -mfloat-abi=hard -
TRACE::2025-05-23.18:11:21::SCWMssOS::nostartfiles -g -Wall -Wextra -fno-tree-loop-distribute-patterns"

TRACE::2025-05-23.18:11:21::SCWMssOS::"Running Make include in ps7_cortexa9_0/libsrc/tmrctr_v4_12/src"

TRACE::2025-05-23.18:11:21::SCWMssOS::make -C ps7_cortexa9_0/libsrc/tmrctr_v4_12/src -s include  "SHELL=CMD" "COMPILER=arm-none-eabi-gcc" "ASSEMBLER=arm-none-eabi-as
TRACE::2025-05-23.18:11:21::SCWMssOS::" "ARCHIVER=arm-none-eabi-ar" "COMPILER_FLAGS=  -O2 -c" "EXTRA_COMPILER_FLAGS=-mcpu=cortex-a9 -mfpu=vfpv3 -mfloat-abi=hard -nos
TRACE::2025-05-23.18:11:21::SCWMssOS::tartfiles -g -Wall -Wextra -fno-tree-loop-distribute-patterns"

TRACE::2025-05-23.18:11:21::SCWMssOS::"Running Make include in ps7_cortexa9_0/libsrc/uartps_v3_14/src"

TRACE::2025-05-23.18:11:21::SCWMssOS::make -C ps7_cortexa9_0/libsrc/uartps_v3_14/src -s include  "SHELL=CMD" "COMPILER=arm-none-eabi-gcc" "ASSEMBLER=arm-none-eabi-as
TRACE::2025-05-23.18:11:21::SCWMssOS::" "ARCHIVER=arm-none-eabi-ar" "COMPILER_FLAGS=  -O2 -c" "EXTRA_COMPILER_FLAGS=-mcpu=cortex-a9 -mfpu=vfpv3 -mfloat-abi=hard -nos
TRACE::2025-05-23.18:11:21::SCWMssOS::tartfiles -g -Wall -Wextra -fno-tree-loop-distribute-patterns"

TRACE::2025-05-23.18:11:21::SCWMssOS::"Running Make include in ps7_cortexa9_0/libsrc/ultrasoneIP_v1_0/src"

TRACE::2025-05-23.18:11:21::SCWMssOS::make -C ps7_cortexa9_0/libsrc/ultrasoneIP_v1_0/src -s include  "SHELL=CMD" "COMPILER=arm-none-eabi-gcc" "ASSEMBLER=arm-none-eab
TRACE::2025-05-23.18:11:21::SCWMssOS::i-as" "ARCHIVER=arm-none-eabi-ar" "COMPILER_FLAGS=  -O2 -c" "EXTRA_COMPILER_FLAGS=-mcpu=cortex-a9 -mfpu=vfpv3 -mfloat-abi=hard 
TRACE::2025-05-23.18:11:21::SCWMssOS::-nostartfiles -g -Wall -Wextra -fno-tree-loop-distribute-patterns"

TRACE::2025-05-23.18:11:21::SCWMssOS::"Running Make include in ps7_cortexa9_0/libsrc/usbps_v2_9/src"

TRACE::2025-05-23.18:11:21::SCWMssOS::make -C ps7_cortexa9_0/libsrc/usbps_v2_9/src -s include  "SHELL=CMD" "COMPILER=arm-none-eabi-gcc" "ASSEMBLER=arm-none-eabi-as" 
TRACE::2025-05-23.18:11:21::SCWMssOS::"ARCHIVER=arm-none-eabi-ar" "COMPILER_FLAGS=  -O2 -c" "EXTRA_COMPILER_FLAGS=-mcpu=cortex-a9 -mfpu=vfpv3 -mfloat-abi=hard -nosta
TRACE::2025-05-23.18:11:21::SCWMssOS::rtfiles -g -Wall -Wextra -fno-tree-loop-distribute-patterns"

TRACE::2025-05-23.18:11:21::SCWMssOS::"Running Make include in ps7_cortexa9_0/libsrc/xadcps_v2_7/src"

TRACE::2025-05-23.18:11:21::SCWMssOS::make -C ps7_cortexa9_0/libsrc/xadcps_v2_7/src -s include  "SHELL=CMD" "COMPILER=arm-none-eabi-gcc" "ASSEMBLER=arm-none-eabi-as"
TRACE::2025-05-23.18:11:21::SCWMssOS:: "ARCHIVER=arm-none-eabi-ar" "COMPILER_FLAGS=  -O2 -c" "EXTRA_COMPILER_FLAGS=-mcpu=cortex-a9 -mfpu=vfpv3 -mfloat-abi=hard -nost
TRACE::2025-05-23.18:11:21::SCWMssOS::artfiles -g -Wall -Wextra -fno-tree-loop-distribute-patterns"

TRACE::2025-05-23.18:11:21::SCWMssOS::"Running Make libs in ps7_cortexa9_0/libsrc/Motor_DriverIP_v1_0/src"

TRACE::2025-05-23.18:11:21::SCWMssOS::make -C ps7_cortexa9_0/libsrc/Motor_DriverIP_v1_0/src -s libs  "SHELL=CMD" "COMPILER=arm-none-eabi-gcc" "ASSEMBLER=arm-none-eab
TRACE::2025-05-23.18:11:21::SCWMssOS::i-as" "ARCHIVER=arm-none-eabi-ar" "COMPILER_FLAGS=  -O2 -c" "EXTRA_COMPILER_FLAGS=-mcpu=cortex-a9 -mfpu=vfpv3 -mfloat-abi=hard 
TRACE::2025-05-23.18:11:21::SCWMssOS::-nostartfiles -g -Wall -Wextra -fno-tree-loop-distribute-patterns"

TRACE::2025-05-23.18:11:21::SCWMssOS::"Running Make libs in ps7_cortexa9_0/libsrc/SpeedSensor_Driver_IP_v1_0/src"

TRACE::2025-05-23.18:11:21::SCWMssOS::make -C ps7_cortexa9_0/libsrc/SpeedSensor_Driver_IP_v1_0/src -s libs  "SHELL=CMD" "COMPILER=arm-none-eabi-gcc" "ASSEMBLER=arm-n
TRACE::2025-05-23.18:11:21::SCWMssOS::one-eabi-as" "ARCHIVER=arm-none-eabi-ar" "COMPILER_FLAGS=  -O2 -c" "EXTRA_COMPILER_FLAGS=-mcpu=cortex-a9 -mfpu=vfpv3 -mfloat-ab
TRACE::2025-05-23.18:11:21::SCWMssOS::i=hard -nostartfiles -g -Wall -Wextra -fno-tree-loop-distribute-patterns"

TRACE::2025-05-23.18:11:21::SCWMssOS::"Running Make libs in ps7_cortexa9_0/libsrc/ultrasoneIP_v1_0/src"

TRACE::2025-05-23.18:11:21::SCWMssOS::make -C ps7_cortexa9_0/libsrc/ultrasoneIP_v1_0/src -s libs  "SHELL=CMD" "COMPILER=arm-none-eabi-gcc" "ASSEMBLER=arm-none-eabi-a
TRACE::2025-05-23.18:11:21::SCWMssOS::s" "ARCHIVER=arm-none-eabi-ar" "COMPILER_FLAGS=  -O2 -c" "EXTRA_COMPILER_FLAGS=-mcpu=cortex-a9 -mfpu=vfpv3 -mfloat-abi=hard -no
TRACE::2025-05-23.18:11:21::SCWMssOS::startfiles -g -Wall -Wextra -fno-tree-loop-distribute-patterns"

TRACE::2025-05-23.18:11:21::SCWMssOS::'Finished building libraries sequentially.'

TRACE::2025-05-23.18:11:21::SCWMssOS::make -j 10 --no-print-directory par_libs

TRACE::2025-05-23.18:11:22::SCWMssOS::"Running Make include in ps7_cortexa9_0/libsrc/coresightps_dcc_v1_10/src"

TRACE::2025-05-23.18:11:22::SCWMssOS::make -C ps7_cortexa9_0/libsrc/coresightps_dcc_v1_10/src -s include  "SHELL=CMD" "COMPILER=arm-none-eabi-gcc" "ASSEMBLER=arm-non
TRACE::2025-05-23.18:11:22::SCWMssOS::e-eabi-as" "ARCHIVER=arm-none-eabi-ar" "COMPILER_FLAGS=  -O2 -c" "EXTRA_COMPILER_FLAGS=-mcpu=cortex-a9 -mfpu=vfpv3 -mfloat-abi=
TRACE::2025-05-23.18:11:22::SCWMssOS::hard -nostartfiles -g -Wall -Wextra -fno-tree-loop-distribute-patterns"

TRACE::2025-05-23.18:11:22::SCWMssOS::"Running Make include in ps7_cortexa9_0/libsrc/cpu_cortexa9_v2_12/src"

TRACE::2025-05-23.18:11:22::SCWMssOS::make -C ps7_cortexa9_0/libsrc/cpu_cortexa9_v2_12/src -s include  "SHELL=CMD" "COMPILER=arm-none-eabi-gcc" "ASSEMBLER=arm-none-e
TRACE::2025-05-23.18:11:22::SCWMssOS::abi-as" "ARCHIVER=arm-none-eabi-ar" "COMPILER_FLAGS=  -O2 -c" "EXTRA_COMPILER_FLAGS=-mcpu=cortex-a9 -mfpu=vfpv3 -mfloat-abi=har
TRACE::2025-05-23.18:11:22::SCWMssOS::d -nostartfiles -g -Wall -Wextra -fno-tree-loop-distribute-patterns"

TRACE::2025-05-23.18:11:22::SCWMssOS::"Running Make include in ps7_cortexa9_0/libsrc/ddrps_v1_2/src"

TRACE::2025-05-23.18:11:22::SCWMssOS::make -C ps7_cortexa9_0/libsrc/ddrps_v1_2/src -s include  "SHELL=CMD" "COMPILER=arm-none-eabi-gcc" "ASSEMBLER=arm-none-eabi-as" 
TRACE::2025-05-23.18:11:22::SCWMssOS::"ARCHIVER=arm-none-eabi-ar" "COMPILER_FLAGS=  -O2 -c" "EXTRA_COMPILER_FLAGS=-mcpu=cortex-a9 -mfpu=vfpv3 -mfloat-abi=hard -nosta
TRACE::2025-05-23.18:11:22::SCWMssOS::rtfiles -g -Wall -Wextra -fno-tree-loop-distribute-patterns"

TRACE::2025-05-23.18:11:22::SCWMssOS::"Running Make include in ps7_cortexa9_0/libsrc/devcfg_v3_8/src"

TRACE::2025-05-23.18:11:22::SCWMssOS::make -C ps7_cortexa9_0/libsrc/devcfg_v3_8/src -s include  "SHELL=CMD" "COMPILER=arm-none-eabi-gcc" "ASSEMBLER=arm-none-eabi-as"
TRACE::2025-05-23.18:11:22::SCWMssOS:: "ARCHIVER=arm-none-eabi-ar" "COMPILER_FLAGS=  -O2 -c" "EXTRA_COMPILER_FLAGS=-mcpu=cortex-a9 -mfpu=vfpv3 -mfloat-abi=hard -nost
TRACE::2025-05-23.18:11:22::SCWMssOS::artfiles -g -Wall -Wextra -fno-tree-loop-distribute-patterns"

TRACE::2025-05-23.18:11:22::SCWMssOS::"Running Make include in ps7_cortexa9_0/libsrc/dmaps_v2_10/src"

TRACE::2025-05-23.18:11:22::SCWMssOS::make -C ps7_cortexa9_0/libsrc/dmaps_v2_10/src -s include  "SHELL=CMD" "COMPILER=arm-none-eabi-gcc" "ASSEMBLER=arm-none-eabi-as"
TRACE::2025-05-23.18:11:22::SCWMssOS:: "ARCHIVER=arm-none-eabi-ar" "COMPILER_FLAGS=  -O2 -c" "EXTRA_COMPILER_FLAGS=-mcpu=cortex-a9 -mfpu=vfpv3 -mfloat-abi=hard -nost
TRACE::2025-05-23.18:11:22::SCWMssOS::artfiles -g -Wall -Wextra -fno-tree-loop-distribute-patterns"

TRACE::2025-05-23.18:11:22::SCWMssOS::"Running Make include in ps7_cortexa9_0/libsrc/emacps_v3_20/src"

TRACE::2025-05-23.18:11:22::SCWMssOS::make -C ps7_cortexa9_0/libsrc/emacps_v3_20/src -s include  "SHELL=CMD" "COMPILER=arm-none-eabi-gcc" "ASSEMBLER=arm-none-eabi-as
TRACE::2025-05-23.18:11:22::SCWMssOS::" "ARCHIVER=arm-none-eabi-ar" "COMPILER_FLAGS=  -O2 -c" "EXTRA_COMPILER_FLAGS=-mcpu=cortex-a9 -mfpu=vfpv3 -mfloat-abi=hard -nos
TRACE::2025-05-23.18:11:22::SCWMssOS::tartfiles -g -Wall -Wextra -fno-tree-loop-distribute-patterns"

TRACE::2025-05-23.18:11:22::SCWMssOS::"Running Make include in ps7_cortexa9_0/libsrc/gpiops_v3_13/src"

TRACE::2025-05-23.18:11:22::SCWMssOS::make -C ps7_cortexa9_0/libsrc/gpiops_v3_13/src -s include  "SHELL=CMD" "COMPILER=arm-none-eabi-gcc" "ASSEMBLER=arm-none-eabi-as
TRACE::2025-05-23.18:11:22::SCWMssOS::" "ARCHIVER=arm-none-eabi-ar" "COMPILER_FLAGS=  -O2 -c" "EXTRA_COMPILER_FLAGS=-mcpu=cortex-a9 -mfpu=vfpv3 -mfloat-abi=hard -nos
TRACE::2025-05-23.18:11:22::SCWMssOS::tartfiles -g -Wall -Wextra -fno-tree-loop-distribute-patterns"

TRACE::2025-05-23.18:11:22::SCWMssOS::"Running Make include in ps7_cortexa9_0/libsrc/gpio_v4_11/src"

TRACE::2025-05-23.18:11:22::SCWMssOS::make -C ps7_cortexa9_0/libsrc/gpio_v4_11/src -s include  "SHELL=CMD" "COMPILER=arm-none-eabi-gcc" "ASSEMBLER=arm-none-eabi-as" 
TRACE::2025-05-23.18:11:22::SCWMssOS::"ARCHIVER=arm-none-eabi-ar" "COMPILER_FLAGS=  -O2 -c" "EXTRA_COMPILER_FLAGS=-mcpu=cortex-a9 -mfpu=vfpv3 -mfloat-abi=hard -nosta
TRACE::2025-05-23.18:11:22::SCWMssOS::rtfiles -g -Wall -Wextra -fno-tree-loop-distribute-patterns"

TRACE::2025-05-23.18:11:22::SCWMssOS::"Running Make include in ps7_cortexa9_0/libsrc/iic_v3_11/src"

TRACE::2025-05-23.18:11:22::SCWMssOS::make -C ps7_cortexa9_0/libsrc/iic_v3_11/src -s include  "SHELL=CMD" "COMPILER=arm-none-eabi-gcc" "ASSEMBLER=arm-none-eabi-as" "
TRACE::2025-05-23.18:11:22::SCWMssOS::ARCHIVER=arm-none-eabi-ar" "COMPILER_FLAGS=  -O2 -c" "EXTRA_COMPILER_FLAGS=-mcpu=cortex-a9 -mfpu=vfpv3 -mfloat-abi=hard -nostar
TRACE::2025-05-23.18:11:22::SCWMssOS::tfiles -g -Wall -Wextra -fno-tree-loop-distribute-patterns"

TRACE::2025-05-23.18:11:22::SCWMssOS::"Running Make include in ps7_cortexa9_0/libsrc/Motor_DriverIP_v1_0/src"

TRACE::2025-05-23.18:11:22::SCWMssOS::make -C ps7_cortexa9_0/libsrc/Motor_DriverIP_v1_0/src -s include  "SHELL=CMD" "COMPILER=arm-none-eabi-gcc" "ASSEMBLER=arm-none-
TRACE::2025-05-23.18:11:22::SCWMssOS::eabi-as" "ARCHIVER=arm-none-eabi-ar" "COMPILER_FLAGS=  -O2 -c" "EXTRA_COMPILER_FLAGS=-mcpu=cortex-a9 -mfpu=vfpv3 -mfloat-abi=ha
TRACE::2025-05-23.18:11:22::SCWMssOS::rd -nostartfiles -g -Wall -Wextra -fno-tree-loop-distribute-patterns"

TRACE::2025-05-23.18:11:22::SCWMssOS::"Running Make include in ps7_cortexa9_0/libsrc/qspips_v3_12/src"

TRACE::2025-05-23.18:11:22::SCWMssOS::make -C ps7_cortexa9_0/libsrc/qspips_v3_12/src -s include  "SHELL=CMD" "COMPILER=arm-none-eabi-gcc" "ASSEMBLER=arm-none-eabi-as
TRACE::2025-05-23.18:11:22::SCWMssOS::" "ARCHIVER=arm-none-eabi-ar" "COMPILER_FLAGS=  -O2 -c" "EXTRA_COMPILER_FLAGS=-mcpu=cortex-a9 -mfpu=vfpv3 -mfloat-abi=hard -nos
TRACE::2025-05-23.18:11:22::SCWMssOS::tartfiles -g -Wall -Wextra -fno-tree-loop-distribute-patterns"

TRACE::2025-05-23.18:11:22::SCWMssOS::"Running Make include in ps7_cortexa9_0/libsrc/scugic_v5_3/src"

TRACE::2025-05-23.18:11:22::SCWMssOS::make -C ps7_cortexa9_0/libsrc/scugic_v5_3/src -s include  "SHELL=CMD" "COMPILER=arm-none-eabi-gcc" "ASSEMBLER=arm-none-eabi-as"
TRACE::2025-05-23.18:11:22::SCWMssOS:: "ARCHIVER=arm-none-eabi-ar" "COMPILER_FLAGS=  -O2 -c" "EXTRA_COMPILER_FLAGS=-mcpu=cortex-a9 -mfpu=vfpv3 -mfloat-abi=hard -nost
TRACE::2025-05-23.18:11:22::SCWMssOS::artfiles -g -Wall -Wextra -fno-tree-loop-distribute-patterns"

TRACE::2025-05-23.18:11:22::SCWMssOS::"Running Make include in ps7_cortexa9_0/libsrc/scutimer_v2_6/src"

TRACE::2025-05-23.18:11:22::SCWMssOS::make -C ps7_cortexa9_0/libsrc/scutimer_v2_6/src -s include  "SHELL=CMD" "COMPILER=arm-none-eabi-gcc" "ASSEMBLER=arm-none-eabi-a
TRACE::2025-05-23.18:11:22::SCWMssOS::s" "ARCHIVER=arm-none-eabi-ar" "COMPILER_FLAGS=  -O2 -c" "EXTRA_COMPILER_FLAGS=-mcpu=cortex-a9 -mfpu=vfpv3 -mfloat-abi=hard -no
TRACE::2025-05-23.18:11:22::SCWMssOS::startfiles -g -Wall -Wextra -fno-tree-loop-distribute-patterns"

TRACE::2025-05-23.18:11:22::SCWMssOS::"Running Make include in ps7_cortexa9_0/libsrc/scuwdt_v2_5/src"

TRACE::2025-05-23.18:11:22::SCWMssOS::make -C ps7_cortexa9_0/libsrc/scuwdt_v2_5/src -s include  "SHELL=CMD" "COMPILER=arm-none-eabi-gcc" "ASSEMBLER=arm-none-eabi-as"
TRACE::2025-05-23.18:11:22::SCWMssOS:: "ARCHIVER=arm-none-eabi-ar" "COMPILER_FLAGS=  -O2 -c" "EXTRA_COMPILER_FLAGS=-mcpu=cortex-a9 -mfpu=vfpv3 -mfloat-abi=hard -nost
TRACE::2025-05-23.18:11:22::SCWMssOS::artfiles -g -Wall -Wextra -fno-tree-loop-distribute-patterns"

TRACE::2025-05-23.18:11:22::SCWMssOS::"Running Make include in ps7_cortexa9_0/libsrc/sdps_v4_3/src"

TRACE::2025-05-23.18:11:22::SCWMssOS::make -C ps7_cortexa9_0/libsrc/sdps_v4_3/src -s include  "SHELL=CMD" "COMPILER=arm-none-eabi-gcc" "ASSEMBLER=arm-none-eabi-as" "
TRACE::2025-05-23.18:11:22::SCWMssOS::ARCHIVER=arm-none-eabi-ar" "COMPILER_FLAGS=  -O2 -c" "EXTRA_COMPILER_FLAGS=-mcpu=cortex-a9 -mfpu=vfpv3 -mfloat-abi=hard -nostar
TRACE::2025-05-23.18:11:22::SCWMssOS::tfiles -g -Wall -Wextra -fno-tree-loop-distribute-patterns"

TRACE::2025-05-23.18:11:22::SCWMssOS::"Running Make include in ps7_cortexa9_0/libsrc/SpeedSensor_Driver_IP_v1_0/src"

TRACE::2025-05-23.18:11:22::SCWMssOS::make -C ps7_cortexa9_0/libsrc/SpeedSensor_Driver_IP_v1_0/src -s include  "SHELL=CMD" "COMPILER=arm-none-eabi-gcc" "ASSEMBLER=ar
TRACE::2025-05-23.18:11:22::SCWMssOS::m-none-eabi-as" "ARCHIVER=arm-none-eabi-ar" "COMPILER_FLAGS=  -O2 -c" "EXTRA_COMPILER_FLAGS=-mcpu=cortex-a9 -mfpu=vfpv3 -mfloat
TRACE::2025-05-23.18:11:22::SCWMssOS::-abi=hard -nostartfiles -g -Wall -Wextra -fno-tree-loop-distribute-patterns"

TRACE::2025-05-23.18:11:22::SCWMssOS::"Running Make include in ps7_cortexa9_0/libsrc/standalone_v9_1/src"

TRACE::2025-05-23.18:11:22::SCWMssOS::make -C ps7_cortexa9_0/libsrc/standalone_v9_1/src -s include  "SHELL=CMD" "COMPILER=arm-none-eabi-gcc" "ASSEMBLER=arm-none-eabi
TRACE::2025-05-23.18:11:22::SCWMssOS::-as" "ARCHIVER=arm-none-eabi-ar" "COMPILER_FLAGS=  -O2 -c" "EXTRA_COMPILER_FLAGS=-mcpu=cortex-a9 -mfpu=vfpv3 -mfloat-abi=hard -
TRACE::2025-05-23.18:11:22::SCWMssOS::nostartfiles -g -Wall -Wextra -fno-tree-loop-distribute-patterns"

TRACE::2025-05-23.18:11:22::SCWMssOS::"Running Make include in ps7_cortexa9_0/libsrc/tmrctr_v4_12/src"

TRACE::2025-05-23.18:11:22::SCWMssOS::make -C ps7_cortexa9_0/libsrc/tmrctr_v4_12/src -s include  "SHELL=CMD" "COMPILER=arm-none-eabi-gcc" "ASSEMBLER=arm-none-eabi-as
TRACE::2025-05-23.18:11:22::SCWMssOS::" "ARCHIVER=arm-none-eabi-ar" "COMPILER_FLAGS=  -O2 -c" "EXTRA_COMPILER_FLAGS=-mcpu=cortex-a9 -mfpu=vfpv3 -mfloat-abi=hard -nos
TRACE::2025-05-23.18:11:22::SCWMssOS::tartfiles -g -Wall -Wextra -fno-tree-loop-distribute-patterns"

TRACE::2025-05-23.18:11:22::SCWMssOS::"Running Make include in ps7_cortexa9_0/libsrc/uartps_v3_14/src"

TRACE::2025-05-23.18:11:22::SCWMssOS::make -C ps7_cortexa9_0/libsrc/uartps_v3_14/src -s include  "SHELL=CMD" "COMPILER=arm-none-eabi-gcc" "ASSEMBLER=arm-none-eabi-as
TRACE::2025-05-23.18:11:22::SCWMssOS::" "ARCHIVER=arm-none-eabi-ar" "COMPILER_FLAGS=  -O2 -c" "EXTRA_COMPILER_FLAGS=-mcpu=cortex-a9 -mfpu=vfpv3 -mfloat-abi=hard -nos
TRACE::2025-05-23.18:11:22::SCWMssOS::tartfiles -g -Wall -Wextra -fno-tree-loop-distribute-patterns"

TRACE::2025-05-23.18:11:22::SCWMssOS::"Running Make include in ps7_cortexa9_0/libsrc/ultrasoneIP_v1_0/src"

TRACE::2025-05-23.18:11:22::SCWMssOS::make -C ps7_cortexa9_0/libsrc/ultrasoneIP_v1_0/src -s include  "SHELL=CMD" "COMPILER=arm-none-eabi-gcc" "ASSEMBLER=arm-none-eab
TRACE::2025-05-23.18:11:22::SCWMssOS::i-as" "ARCHIVER=arm-none-eabi-ar" "COMPILER_FLAGS=  -O2 -c" "EXTRA_COMPILER_FLAGS=-mcpu=cortex-a9 -mfpu=vfpv3 -mfloat-abi=hard 
TRACE::2025-05-23.18:11:22::SCWMssOS::-nostartfiles -g -Wall -Wextra -fno-tree-loop-distribute-patterns"

TRACE::2025-05-23.18:11:22::SCWMssOS::"Running Make include in ps7_cortexa9_0/libsrc/usbps_v2_9/src"

TRACE::2025-05-23.18:11:22::SCWMssOS::make -C ps7_cortexa9_0/libsrc/usbps_v2_9/src -s include  "SHELL=CMD" "COMPILER=arm-none-eabi-gcc" "ASSEMBLER=arm-none-eabi-as" 
TRACE::2025-05-23.18:11:22::SCWMssOS::"ARCHIVER=arm-none-eabi-ar" "COMPILER_FLAGS=  -O2 -c" "EXTRA_COMPILER_FLAGS=-mcpu=cortex-a9 -mfpu=vfpv3 -mfloat-abi=hard -nosta
TRACE::2025-05-23.18:11:22::SCWMssOS::rtfiles -g -Wall -Wextra -fno-tree-loop-distribute-patterns"

TRACE::2025-05-23.18:11:22::SCWMssOS::"Running Make include in ps7_cortexa9_0/libsrc/xadcps_v2_7/src"

TRACE::2025-05-23.18:11:22::SCWMssOS::make -C ps7_cortexa9_0/libsrc/xadcps_v2_7/src -s include  "SHELL=CMD" "COMPILER=arm-none-eabi-gcc" "ASSEMBLER=arm-none-eabi-as"
TRACE::2025-05-23.18:11:22::SCWMssOS:: "ARCHIVER=arm-none-eabi-ar" "COMPILER_FLAGS=  -O2 -c" "EXTRA_COMPILER_FLAGS=-mcpu=cortex-a9 -mfpu=vfpv3 -mfloat-abi=hard -nost
TRACE::2025-05-23.18:11:22::SCWMssOS::artfiles -g -Wall -Wextra -fno-tree-loop-distribute-patterns"

TRACE::2025-05-23.18:11:22::SCWMssOS::"Running Make libs in ps7_cortexa9_0/libsrc/coresightps_dcc_v1_10/src"

TRACE::2025-05-23.18:11:22::SCWMssOS::make -C ps7_cortexa9_0/libsrc/coresightps_dcc_v1_10/src -s libs  "SHELL=CMD" "COMPILER=arm-none-eabi-gcc" "ASSEMBLER=arm-none-e
TRACE::2025-05-23.18:11:22::SCWMssOS::abi-as" "ARCHIVER=arm-none-eabi-ar" "COMPILER_FLAGS=  -O2 -c" "EXTRA_COMPILER_FLAGS=-mcpu=cortex-a9 -mfpu=vfpv3 -mfloat-abi=har
TRACE::2025-05-23.18:11:22::SCWMssOS::d -nostartfiles -g -Wall -Wextra -fno-tree-loop-distribute-patterns"

TRACE::2025-05-23.18:11:22::SCWMssOS::"Running Make libs in ps7_cortexa9_0/libsrc/cpu_cortexa9_v2_12/src"

TRACE::2025-05-23.18:11:22::SCWMssOS::make -C ps7_cortexa9_0/libsrc/cpu_cortexa9_v2_12/src -s libs  "SHELL=CMD" "COMPILER=arm-none-eabi-gcc" "ASSEMBLER=arm-none-eabi
TRACE::2025-05-23.18:11:22::SCWMssOS::-as" "ARCHIVER=arm-none-eabi-ar" "COMPILER_FLAGS=  -O2 -c" "EXTRA_COMPILER_FLAGS=-mcpu=cortex-a9 -mfpu=vfpv3 -mfloat-abi=hard -
TRACE::2025-05-23.18:11:22::SCWMssOS::nostartfiles -g -Wall -Wextra -fno-tree-loop-distribute-patterns"

TRACE::2025-05-23.18:11:22::SCWMssOS::"Running Make libs in ps7_cortexa9_0/libsrc/ddrps_v1_2/src"

TRACE::2025-05-23.18:11:22::SCWMssOS::make -C ps7_cortexa9_0/libsrc/ddrps_v1_2/src -s libs  "SHELL=CMD" "COMPILER=arm-none-eabi-gcc" "ASSEMBLER=arm-none-eabi-as" "AR
TRACE::2025-05-23.18:11:22::SCWMssOS::CHIVER=arm-none-eabi-ar" "COMPILER_FLAGS=  -O2 -c" "EXTRA_COMPILER_FLAGS=-mcpu=cortex-a9 -mfpu=vfpv3 -mfloat-abi=hard -nostartf
TRACE::2025-05-23.18:11:22::SCWMssOS::iles -g -Wall -Wextra -fno-tree-loop-distribute-patterns"

TRACE::2025-05-23.18:11:22::SCWMssOS::"Running Make libs in ps7_cortexa9_0/libsrc/devcfg_v3_8/src"

TRACE::2025-05-23.18:11:22::SCWMssOS::make -C ps7_cortexa9_0/libsrc/devcfg_v3_8/src -s libs  "SHELL=CMD" "COMPILER=arm-none-eabi-gcc" "ASSEMBLER=arm-none-eabi-as" "A
TRACE::2025-05-23.18:11:22::SCWMssOS::RCHIVER=arm-none-eabi-ar" "COMPILER_FLAGS=  -O2 -c" "EXTRA_COMPILER_FLAGS=-mcpu=cortex-a9 -mfpu=vfpv3 -mfloat-abi=hard -nostart
TRACE::2025-05-23.18:11:22::SCWMssOS::files -g -Wall -Wextra -fno-tree-loop-distribute-patterns"

TRACE::2025-05-23.18:11:22::SCWMssOS::"Running Make libs in ps7_cortexa9_0/libsrc/dmaps_v2_10/src"

TRACE::2025-05-23.18:11:22::SCWMssOS::make -C ps7_cortexa9_0/libsrc/dmaps_v2_10/src -s libs  "SHELL=CMD" "COMPILER=arm-none-eabi-gcc" "ASSEMBLER=arm-none-eabi-as" "A
TRACE::2025-05-23.18:11:22::SCWMssOS::RCHIVER=arm-none-eabi-ar" "COMPILER_FLAGS=  -O2 -c" "EXTRA_COMPILER_FLAGS=-mcpu=cortex-a9 -mfpu=vfpv3 -mfloat-abi=hard -nostart
TRACE::2025-05-23.18:11:22::SCWMssOS::files -g -Wall -Wextra -fno-tree-loop-distribute-patterns"

TRACE::2025-05-23.18:11:22::SCWMssOS::"Running Make libs in ps7_cortexa9_0/libsrc/emacps_v3_20/src"

TRACE::2025-05-23.18:11:22::SCWMssOS::make -C ps7_cortexa9_0/libsrc/emacps_v3_20/src -s libs  "SHELL=CMD" "COMPILER=arm-none-eabi-gcc" "ASSEMBLER=arm-none-eabi-as" "
TRACE::2025-05-23.18:11:22::SCWMssOS::ARCHIVER=arm-none-eabi-ar" "COMPILER_FLAGS=  -O2 -c" "EXTRA_COMPILER_FLAGS=-mcpu=cortex-a9 -mfpu=vfpv3 -mfloat-abi=hard -nostar
TRACE::2025-05-23.18:11:22::SCWMssOS::tfiles -g -Wall -Wextra -fno-tree-loop-distribute-patterns"

TRACE::2025-05-23.18:11:22::SCWMssOS::"Running Make libs in ps7_cortexa9_0/libsrc/gpiops_v3_13/src"

TRACE::2025-05-23.18:11:22::SCWMssOS::make -C ps7_cortexa9_0/libsrc/gpiops_v3_13/src -s libs  "SHELL=CMD" "COMPILER=arm-none-eabi-gcc" "ASSEMBLER=arm-none-eabi-as" "
TRACE::2025-05-23.18:11:22::SCWMssOS::ARCHIVER=arm-none-eabi-ar" "COMPILER_FLAGS=  -O2 -c" "EXTRA_COMPILER_FLAGS=-mcpu=cortex-a9 -mfpu=vfpv3 -mfloat-abi=hard -nostar
TRACE::2025-05-23.18:11:22::SCWMssOS::tfiles -g -Wall -Wextra -fno-tree-loop-distribute-patterns"

TRACE::2025-05-23.18:11:22::SCWMssOS::"Running Make libs in ps7_cortexa9_0/libsrc/gpio_v4_11/src"

TRACE::2025-05-23.18:11:22::SCWMssOS::make -C ps7_cortexa9_0/libsrc/gpio_v4_11/src -s libs  "SHELL=CMD" "COMPILER=arm-none-eabi-gcc" "ASSEMBLER=arm-none-eabi-as" "AR
TRACE::2025-05-23.18:11:22::SCWMssOS::CHIVER=arm-none-eabi-ar" "COMPILER_FLAGS=  -O2 -c" "EXTRA_COMPILER_FLAGS=-mcpu=cortex-a9 -mfpu=vfpv3 -mfloat-abi=hard -nostartf
TRACE::2025-05-23.18:11:22::SCWMssOS::iles -g -Wall -Wextra -fno-tree-loop-distribute-patterns"

TRACE::2025-05-23.18:11:22::SCWMssOS::"Running Make libs in ps7_cortexa9_0/libsrc/iic_v3_11/src"

TRACE::2025-05-23.18:11:22::SCWMssOS::make -C ps7_cortexa9_0/libsrc/iic_v3_11/src -s libs  "SHELL=CMD" "COMPILER=arm-none-eabi-gcc" "ASSEMBLER=arm-none-eabi-as" "ARC
TRACE::2025-05-23.18:11:22::SCWMssOS::HIVER=arm-none-eabi-ar" "COMPILER_FLAGS=  -O2 -c" "EXTRA_COMPILER_FLAGS=-mcpu=cortex-a9 -mfpu=vfpv3 -mfloat-abi=hard -nostartfi
TRACE::2025-05-23.18:11:22::SCWMssOS::les -g -Wall -Wextra -fno-tree-loop-distribute-patterns"

TRACE::2025-05-23.18:11:22::SCWMssOS::"Running Make libs in ps7_cortexa9_0/libsrc/qspips_v3_12/src"

TRACE::2025-05-23.18:11:22::SCWMssOS::make -C ps7_cortexa9_0/libsrc/qspips_v3_12/src -s libs  "SHELL=CMD" "COMPILER=arm-none-eabi-gcc" "ASSEMBLER=arm-none-eabi-as" "
TRACE::2025-05-23.18:11:22::SCWMssOS::ARCHIVER=arm-none-eabi-ar" "COMPILER_FLAGS=  -O2 -c" "EXTRA_COMPILER_FLAGS=-mcpu=cortex-a9 -mfpu=vfpv3 -mfloat-abi=hard -nostar
TRACE::2025-05-23.18:11:22::SCWMssOS::tfiles -g -Wall -Wextra -fno-tree-loop-distribute-patterns"

TRACE::2025-05-23.18:11:22::SCWMssOS::"Running Make libs in ps7_cortexa9_0/libsrc/scugic_v5_3/src"

TRACE::2025-05-23.18:11:22::SCWMssOS::make -C ps7_cortexa9_0/libsrc/scugic_v5_3/src -s libs  "SHELL=CMD" "COMPILER=arm-none-eabi-gcc" "ASSEMBLER=arm-none-eabi-as" "A
TRACE::2025-05-23.18:11:22::SCWMssOS::RCHIVER=arm-none-eabi-ar" "COMPILER_FLAGS=  -O2 -c" "EXTRA_COMPILER_FLAGS=-mcpu=cortex-a9 -mfpu=vfpv3 -mfloat-abi=hard -nostart
TRACE::2025-05-23.18:11:22::SCWMssOS::files -g -Wall -Wextra -fno-tree-loop-distribute-patterns"

TRACE::2025-05-23.18:11:22::SCWMssOS::"Running Make libs in ps7_cortexa9_0/libsrc/scutimer_v2_6/src"

TRACE::2025-05-23.18:11:22::SCWMssOS::make -C ps7_cortexa9_0/libsrc/scutimer_v2_6/src -s libs  "SHELL=CMD" "COMPILER=arm-none-eabi-gcc" "ASSEMBLER=arm-none-eabi-as" 
TRACE::2025-05-23.18:11:22::SCWMssOS::"ARCHIVER=arm-none-eabi-ar" "COMPILER_FLAGS=  -O2 -c" "EXTRA_COMPILER_FLAGS=-mcpu=cortex-a9 -mfpu=vfpv3 -mfloat-abi=hard -nosta
TRACE::2025-05-23.18:11:22::SCWMssOS::rtfiles -g -Wall -Wextra -fno-tree-loop-distribute-patterns"

TRACE::2025-05-23.18:11:23::SCWMssOS::"Running Make libs in ps7_cortexa9_0/libsrc/scuwdt_v2_5/src"

TRACE::2025-05-23.18:11:23::SCWMssOS::make -C ps7_cortexa9_0/libsrc/scuwdt_v2_5/src -s libs  "SHELL=CMD" "COMPILER=arm-none-eabi-gcc" "ASSEMBLER=arm-none-eabi-as" "A
TRACE::2025-05-23.18:11:23::SCWMssOS::RCHIVER=arm-none-eabi-ar" "COMPILER_FLAGS=  -O2 -c" "EXTRA_COMPILER_FLAGS=-mcpu=cortex-a9 -mfpu=vfpv3 -mfloat-abi=hard -nostart
TRACE::2025-05-23.18:11:23::SCWMssOS::files -g -Wall -Wextra -fno-tree-loop-distribute-patterns"

TRACE::2025-05-23.18:11:23::SCWMssOS::"Running Make libs in ps7_cortexa9_0/libsrc/sdps_v4_3/src"

TRACE::2025-05-23.18:11:23::SCWMssOS::make -C ps7_cortexa9_0/libsrc/sdps_v4_3/src -s libs  "SHELL=CMD" "COMPILER=arm-none-eabi-gcc" "ASSEMBLER=arm-none-eabi-as" "ARC
TRACE::2025-05-23.18:11:23::SCWMssOS::HIVER=arm-none-eabi-ar" "COMPILER_FLAGS=  -O2 -c" "EXTRA_COMPILER_FLAGS=-mcpu=cortex-a9 -mfpu=vfpv3 -mfloat-abi=hard -nostartfi
TRACE::2025-05-23.18:11:23::SCWMssOS::les -g -Wall -Wextra -fno-tree-loop-distribute-patterns"

TRACE::2025-05-23.18:11:23::SCWMssOS::"Running Make libs in ps7_cortexa9_0/libsrc/standalone_v9_1/src"

TRACE::2025-05-23.18:11:23::SCWMssOS::make -C ps7_cortexa9_0/libsrc/standalone_v9_1/src -s libs  "SHELL=CMD" "COMPILER=arm-none-eabi-gcc" "ASSEMBLER=arm-none-eabi-as
TRACE::2025-05-23.18:11:23::SCWMssOS::" "ARCHIVER=arm-none-eabi-ar" "COMPILER_FLAGS=  -O2 -c" "EXTRA_COMPILER_FLAGS=-mcpu=cortex-a9 -mfpu=vfpv3 -mfloat-abi=hard -nos
TRACE::2025-05-23.18:11:23::SCWMssOS::tartfiles -g -Wall -Wextra -fno-tree-loop-distribute-patterns"

TRACE::2025-05-23.18:11:23::SCWMssOS::"Running Make libs in ps7_cortexa9_0/libsrc/tmrctr_v4_12/src"

TRACE::2025-05-23.18:11:23::SCWMssOS::make -C ps7_cortexa9_0/libsrc/tmrctr_v4_12/src -s libs  "SHELL=CMD" "COMPILER=arm-none-eabi-gcc" "ASSEMBLER=arm-none-eabi-as" "
TRACE::2025-05-23.18:11:23::SCWMssOS::ARCHIVER=arm-none-eabi-ar" "COMPILER_FLAGS=  -O2 -c" "EXTRA_COMPILER_FLAGS=-mcpu=cortex-a9 -mfpu=vfpv3 -mfloat-abi=hard -nostar
TRACE::2025-05-23.18:11:23::SCWMssOS::tfiles -g -Wall -Wextra -fno-tree-loop-distribute-patterns"

TRACE::2025-05-23.18:11:23::SCWMssOS::"Running Make libs in ps7_cortexa9_0/libsrc/uartps_v3_14/src"

TRACE::2025-05-23.18:11:23::SCWMssOS::make -C ps7_cortexa9_0/libsrc/uartps_v3_14/src -s libs  "SHELL=CMD" "COMPILER=arm-none-eabi-gcc" "ASSEMBLER=arm-none-eabi-as" "
TRACE::2025-05-23.18:11:23::SCWMssOS::ARCHIVER=arm-none-eabi-ar" "COMPILER_FLAGS=  -O2 -c" "EXTRA_COMPILER_FLAGS=-mcpu=cortex-a9 -mfpu=vfpv3 -mfloat-abi=hard -nostar
TRACE::2025-05-23.18:11:23::SCWMssOS::tfiles -g -Wall -Wextra -fno-tree-loop-distribute-patterns"

TRACE::2025-05-23.18:11:23::SCWMssOS::"Running Make libs in ps7_cortexa9_0/libsrc/usbps_v2_9/src"

TRACE::2025-05-23.18:11:23::SCWMssOS::make -C ps7_cortexa9_0/libsrc/usbps_v2_9/src -s libs  "SHELL=CMD" "COMPILER=arm-none-eabi-gcc" "ASSEMBLER=arm-none-eabi-as" "AR
TRACE::2025-05-23.18:11:23::SCWMssOS::CHIVER=arm-none-eabi-ar" "COMPILER_FLAGS=  -O2 -c" "EXTRA_COMPILER_FLAGS=-mcpu=cortex-a9 -mfpu=vfpv3 -mfloat-abi=hard -nostartf
TRACE::2025-05-23.18:11:23::SCWMssOS::iles -g -Wall -Wextra -fno-tree-loop-distribute-patterns"

TRACE::2025-05-23.18:11:23::SCWMssOS::"Running Make libs in ps7_cortexa9_0/libsrc/xadcps_v2_7/src"

TRACE::2025-05-23.18:11:23::SCWMssOS::make -C ps7_cortexa9_0/libsrc/xadcps_v2_7/src -s libs  "SHELL=CMD" "COMPILER=arm-none-eabi-gcc" "ASSEMBLER=arm-none-eabi-as" "A
TRACE::2025-05-23.18:11:23::SCWMssOS::RCHIVER=arm-none-eabi-ar" "COMPILER_FLAGS=  -O2 -c" "EXTRA_COMPILER_FLAGS=-mcpu=cortex-a9 -mfpu=vfpv3 -mfloat-abi=hard -nostart
TRACE::2025-05-23.18:11:23::SCWMssOS::files -g -Wall -Wextra -fno-tree-loop-distribute-patterns"

TRACE::2025-05-23.18:11:24::SCWMssOS::'Finished building libraries parallelly.'

TRACE::2025-05-23.18:11:24::SCWMssOS::make --no-print-directory archive

TRACE::2025-05-23.18:11:24::SCWMssOS::arm-none-eabi-ar -r  ps7_cortexa9_0/lib/libxil.a ps7_cortexa9_0/lib/Motor_DriverIP.o ps7_cortexa9_0/lib/Motor_DriverIP_selftest
TRACE::2025-05-23.18:11:24::SCWMssOS::.o ps7_cortexa9_0/lib/SpeedSensor_Driver_IP.o ps7_cortexa9_0/lib/SpeedSensor_Driver_IP_selftest.o ps7_cortexa9_0/lib/_exit.o ps
TRACE::2025-05-23.18:11:24::SCWMssOS::7_cortexa9_0/lib/_open.o ps7_cortexa9_0/lib/_sbrk.o ps7_cortexa9_0/lib/abort.o ps7_cortexa9_0/lib/asm_vectors.o ps7_cortexa9_0/
TRACE::2025-05-23.18:11:24::SCWMssOS::lib/boot.o ps7_cortexa9_0/lib/close.o ps7_cortexa9_0/lib/cpputest_time.o ps7_cortexa9_0/lib/cpu_init.o ps7_cortexa9_0/lib/errno
TRACE::2025-05-23.18:11:24::SCWMssOS::.o ps7_cortexa9_0/lib/fcntl.o ps7_cortexa9_0/lib/fstat.o ps7_cortexa9_0/lib/getentropy.o ps7_cortexa9_0/lib/getpid.o ps7_cortex
TRACE::2025-05-23.18:11:24::SCWMssOS::a9_0/lib/inbyte.o ps7_cortexa9_0/lib/isatty.o ps7_cortexa9_0/lib/kill.o ps7_cortexa9_0/lib/lseek.o ps7_cortexa9_0/lib/open.o ps
TRACE::2025-05-23.18:11:24::SCWMssOS::7_cortexa9_0/lib/outbyte.o ps7_cortexa9_0/lib/print.o ps7_cortexa9_0/lib/putnum.o ps7_cortexa9_0/lib/read.o ps7_cortexa9_0/lib/
TRACE::2025-05-23.18:11:24::SCWMssOS::sbrk.o ps7_cortexa9_0/lib/sleep.o ps7_cortexa9_0/lib/time.o ps7_cortexa9_0/lib/translation_table.o ps7_cortexa9_0/lib/ultrasone
TRACE::2025-05-23.18:11:24::SCWMssOS::IP.o ps7_cortexa9_0/lib/ultrasoneIP_selftest.o ps7_cortexa9_0/lib/unlink.o ps7_cortexa9_0/lib/usleep.o ps7_cortexa9_0/lib/vecto
TRACE::2025-05-23.18:11:24::SCWMssOS::rs.o ps7_cortexa9_0/lib/write.o ps7_cortexa9_0/lib/xadcps.o ps7_cortexa9_0/lib/xadcps_g.o ps7_cortexa9_0/lib/xadcps_intr.o ps7_
TRACE::2025-05-23.18:11:24::SCWMssOS::cortexa9_0/lib/xadcps_selftest.o ps7_cortexa9_0/lib/xadcps_sinit.o ps7_cortexa9_0/lib/xcoresightpsdcc.o ps7_cortexa9_0/lib/xdev
TRACE::2025-05-23.18:11:24::SCWMssOS::cfg.o ps7_cortexa9_0/lib/xdevcfg_g.o ps7_cortexa9_0/lib/xdevcfg_hw.o ps7_cortexa9_0/lib/xdevcfg_intr.o ps7_cortexa9_0/lib/xdevc
TRACE::2025-05-23.18:11:24::SCWMssOS::fg_selftest.o ps7_cortexa9_0/lib/xdevcfg_sinit.o ps7_cortexa9_0/lib/xdmaps.o ps7_cortexa9_0/lib/xdmaps_g.o ps7_cortexa9_0/lib/x
TRACE::2025-05-23.18:11:24::SCWMssOS::dmaps_hw.o ps7_cortexa9_0/lib/xdmaps_selftest.o ps7_cortexa9_0/lib/xdmaps_sinit.o ps7_cortexa9_0/lib/xemacps.o ps7_cortexa9_0/l
TRACE::2025-05-23.18:11:24::SCWMssOS::ib/xemacps_bdring.o ps7_cortexa9_0/lib/xemacps_control.o ps7_cortexa9_0/lib/xemacps_g.o ps7_cortexa9_0/lib/xemacps_hw.o ps7_cor
TRACE::2025-05-23.18:11:24::SCWMssOS::texa9_0/lib/xemacps_intr.o ps7_cortexa9_0/lib/xemacps_sinit.o ps7_cortexa9_0/lib/xgpio.o ps7_cortexa9_0/lib/xgpio_extra.o ps7_c
TRACE::2025-05-23.18:11:24::SCWMssOS::ortexa9_0/lib/xgpio_g.o ps7_cortexa9_0/lib/xgpio_intr.o ps7_cortexa9_0/lib/xgpio_selftest.o ps7_cortexa9_0/lib/xgpio_sinit.o ps
TRACE::2025-05-23.18:11:24::SCWMssOS::7_cortexa9_0/lib/xgpiops.o ps7_cortexa9_0/lib/xgpiops_g.o ps7_cortexa9_0/lib/xgpiops_hw.o ps7_cortexa9_0/lib/xgpiops_intr.o ps7
TRACE::2025-05-23.18:11:24::SCWMssOS::_cortexa9_0/lib/xgpiops_selftest.o ps7_cortexa9_0/lib/xgpiops_sinit.o ps7_cortexa9_0/lib/xiic.o ps7_cortexa9_0/lib/xiic_dyn_mas
TRACE::2025-05-23.18:11:24::SCWMssOS::ter.o ps7_cortexa9_0/lib/xiic_g.o ps7_cortexa9_0/lib/xiic_intr.o ps7_cortexa9_0/lib/xiic_l.o ps7_cortexa9_0/lib/xiic_master.o p
TRACE::2025-05-23.18:11:24::SCWMssOS::s7_cortexa9_0/lib/xiic_multi_master.o ps7_cortexa9_0/lib/xiic_options.o ps7_cortexa9_0/lib/xiic_selftest.o ps7_cortexa9_0/lib/x
TRACE::2025-05-23.18:11:24::SCWMssOS::iic_sinit.o ps7_cortexa9_0/lib/xiic_slave.o ps7_cortexa9_0/lib/xiic_stats.o ps7_cortexa9_0/lib/xil-crt0.o ps7_cortexa9_0/lib/xi
TRACE::2025-05-23.18:11:24::SCWMssOS::l_assert.o ps7_cortexa9_0/lib/xil_cache.o ps7_cortexa9_0/lib/xil_clocking.o ps7_cortexa9_0/lib/xil_exception.o ps7_cortexa9_0/l
TRACE::2025-05-23.18:11:24::SCWMssOS::ib/xil_mem.o ps7_cortexa9_0/lib/xil_misc_psreset_api.o ps7_cortexa9_0/lib/xil_mmu.o ps7_cortexa9_0/lib/xil_printf.o ps7_cortexa
TRACE::2025-05-23.18:11:24::SCWMssOS::9_0/lib/xil_sleepcommon.o ps7_cortexa9_0/lib/xil_sleeptimer.o ps7_cortexa9_0/lib/xil_spinlock.o ps7_cortexa9_0/lib/xil_testcach
TRACE::2025-05-23.18:11:24::SCWMssOS::e.o ps7_cortexa9_0/lib/xil_testio.o ps7_cortexa9_0/lib/xil_testmem.o ps7_cortexa9_0/lib/xil_util.o ps7_cortexa9_0/lib/xinterrup
TRACE::2025-05-23.18:11:24::SCWMssOS::t_wrap.o ps7_cortexa9_0/lib/xl2cc_counter.o ps7_cortexa9_0/lib/xplatform_info.o ps7_cortexa9_0/lib/xpm_counter.o ps7_cortexa9_0
TRACE::2025-05-23.18:11:24::SCWMssOS::/lib/xpm_init.o ps7_cortexa9_0/lib/xqspips.o ps7_cortexa9_0/lib/xqspips_g.o ps7_cortexa9_0/lib/xqspips_hw.o ps7_cortexa9_0/lib/
TRACE::2025-05-23.18:11:24::SCWMssOS::xqspips_options.o ps7_cortexa9_0/lib/xqspips_selftest.o ps7_cortexa9_0/lib/xqspips_sinit.o ps7_cortexa9_0/lib/xscugic.o ps7_cor
TRACE::2025-05-23.18:11:24::SCWMssOS::texa9_0/lib/xscugic_g.o ps7_cortexa9_0/lib/xscugic_hw.o ps7_cortexa9_0/lib/xscugic_intr.o ps7_cortexa9_0/lib/xscugic_selftest.o
TRACE::2025-05-23.18:11:24::SCWMssOS:: ps7_cortexa9_0/lib/xscugic_sinit.o ps7_cortexa9_0/lib/xscutimer.o ps7_cortexa9_0/lib/xscutimer_g.o ps7_cortexa9_0/lib/xscutime
TRACE::2025-05-23.18:11:24::SCWMssOS::r_selftest.o ps7_cortexa9_0/lib/xscutimer_sinit.o ps7_cortexa9_0/lib/xscuwdt.o ps7_cortexa9_0/lib/xscuwdt_g.o ps7_cortexa9_0/li
TRACE::2025-05-23.18:11:24::SCWMssOS::b/xscuwdt_selftest.o ps7_cortexa9_0/lib/xscuwdt_sinit.o ps7_cortexa9_0/lib/xsdps.o ps7_cortexa9_0/lib/xsdps_card.o ps7_cortexa9
TRACE::2025-05-23.18:11:24::SCWMssOS::_0/lib/xsdps_g.o ps7_cortexa9_0/lib/xsdps_host.o ps7_cortexa9_0/lib/xsdps_options.o ps7_cortexa9_0/lib/xsdps_sinit.o ps7_cortex
TRACE::2025-05-23.18:11:24::SCWMssOS::a9_0/lib/xtime_l.o ps7_cortexa9_0/lib/xtmrctr.o ps7_cortexa9_0/lib/xtmrctr_g.o ps7_cortexa9_0/lib/xtmrctr_intr.o ps7_cortexa9_0
TRACE::2025-05-23.18:11:24::SCWMssOS::/lib/xtmrctr_l.o ps7_cortexa9_0/lib/xtmrctr_options.o ps7_cortexa9_0/lib/xtmrctr_selftest.o ps7_cortexa9_0/lib/xtmrctr_sinit.o 
TRACE::2025-05-23.18:11:24::SCWMssOS::ps7_cortexa9_0/lib/xtmrctr_stats.o ps7_cortexa9_0/lib/xuartps.o ps7_cortexa9_0/lib/xuartps_g.o ps7_cortexa9_0/lib/xuartps_hw.o 
TRACE::2025-05-23.18:11:24::SCWMssOS::ps7_cortexa9_0/lib/xuartps_intr.o ps7_cortexa9_0/lib/xuartps_options.o ps7_cortexa9_0/lib/xuartps_selftest.o ps7_cortexa9_0/lib
TRACE::2025-05-23.18:11:24::SCWMssOS::/xuartps_sinit.o ps7_cortexa9_0/lib/xusbps.o ps7_cortexa9_0/lib/xusbps_endpoint.o ps7_cortexa9_0/lib/xusbps_g.o ps7_cortexa9_0/
TRACE::2025-05-23.18:11:24::SCWMssOS::lib/xusbps_hw.o ps7_cortexa9_0/lib/xusbps_intr.o ps7_cortexa9_0/lib/xusbps_sinit.o

TRACE::2025-05-23.18:11:24::SCWMssOS::'Finished building libraries'

TRACE::2025-05-23.18:11:25::SCWMssOS::Copying to export directory.
TRACE::2025-05-23.18:11:25::SCWMssOS:: Checking if to create the Supporting Applications
TRACE::2025-05-23.18:11:25::SCWMssOS:: No Linux domain exists, trying to generate FSBL 
LOG::2025-05-23.18:11:25::SCWSystem::Completed Processing the domain standalone_ps7_cortexa9_0
LOG::2025-05-23.18:11:25::SCWSystem::Completed Processing the sysconfig FullCar_AllFeatures_V0_1
LOG::2025-05-23.18:11:25::SCWPlatform::Completed generating the artifacts for system configuration FullCar_AllFeatures_V0_1
TRACE::2025-05-23.18:11:25::SCWPlatform::Started preparing the platform 
TRACE::2025-05-23.18:11:25::SCWSystem::Writing the bif file for system config FullCar_AllFeatures_V0_1
TRACE::2025-05-23.18:11:25::SCWSystem::dir created 
TRACE::2025-05-23.18:11:25::SCWSystem::Writing the bif 
TRACE::2025-05-23.18:11:25::SCWPlatform::Started writing the spfm file 
TRACE::2025-05-23.18:11:25::SCWPlatform::Started writing the xpfm file 
TRACE::2025-05-23.18:11:25::SCWPlatform::Completed generating the platform
TRACE::2025-05-23.18:11:25::SCWMssOS::Saving the mss changes M:/projects/clones/SOC/Car_Project/vitis/FullCar_AllFeatures_V0_1/zynq_fsbl/zynq_fsbl_bsp/system.mss
TRACE::2025-05-23.18:11:25::SCWMssOS::Found a swdesign opened with the mssfile.
TRACE::2025-05-23.18:11:25::SCWMssOS::Completed writemss as part of save.
TRACE::2025-05-23.18:11:25::SCWMssOS::Commit changes completed.
TRACE::2025-05-23.18:11:25::SCWMssOS::Saving the mss changes M:/projects/clones/SOC/Car_Project/vitis/FullCar_AllFeatures_V0_1/ps7_cortexa9_0/standalone_ps7_cortexa9_0/bsp/system.mss
TRACE::2025-05-23.18:11:25::SCWMssOS::Found a swdesign opened with the mssfile.
TRACE::2025-05-23.18:11:25::SCWMssOS::Completed writemss as part of save.
TRACE::2025-05-23.18:11:25::SCWMssOS::Commit changes completed.
TRACE::2025-05-23.18:11:25::SCWPlatform::Trying to open the hw design at M:/projects/clones/SOC/Car_Project/vitis/FullCar_AllFeatures_V0_1/hw/FullCar_AllFeatures_V0_1.xsa
TRACE::2025-05-23.18:11:25::SCWPlatform::DSA given M:/projects/clones/SOC/Car_Project/vitis/FullCar_AllFeatures_V0_1/hw/FullCar_AllFeatures_V0_1.xsa
TRACE::2025-05-23.18:11:25::SCWPlatform::DSA absoulate path M:/projects/clones/SOC/Car_Project/vitis/FullCar_AllFeatures_V0_1/hw/FullCar_AllFeatures_V0_1.xsa
TRACE::2025-05-23.18:11:25::SCWPlatform::DSA directory M:/projects/clones/SOC/Car_Project/vitis/FullCar_AllFeatures_V0_1/hw
TRACE::2025-05-23.18:11:25::SCWPlatform:: Platform Path M:/projects/clones/SOC/Car_Project/vitis/FullCar_AllFeatures_V0_1/hw/FullCar_AllFeatures_V0_1.xsa
TRACE::2025-05-23.18:11:25::SCWPlatform:: Unique name xilinx:pynq-z2::0.0
TRACE::2025-05-23.18:11:25::SCWPlatform::Trying to set the existing hwdb with name design_1_wrapper_0
TRACE::2025-05-23.18:11:25::SCWPlatform::Opened existing hwdb design_1_wrapper_0
TRACE::2025-05-23.18:11:25::SCWPlatform::Found the Hw Db part of the input DSA
TRACE::2025-05-23.18:11:25::SCWMssOS::Checking the sw design at  M:/projects/clones/SOC/Car_Project/vitis/FullCar_AllFeatures_V0_1/zynq_fsbl/zynq_fsbl_bsp/system.mss
TRACE::2025-05-23.18:11:25::SCWMssOS::DEBUG:  swdes dump  M:/projects/clones/SOC/Car_Project/vitis/FullCar_AllFeatures_V0_1/ps7_cortexa9_0/standalone_ps7_cortexa9_0/bsp/system.mss|system_0||
M:/projects/clones/SOC/Car_Project/vitis/FullCar_AllFeatures_V0_1/zynq_fsbl/zynq_fsbl_bsp/system.mss|system||

TRACE::2025-05-23.18:11:25::SCWMssOS::Sw design exists and opened at  M:/projects/clones/SOC/Car_Project/vitis/FullCar_AllFeatures_V0_1/zynq_fsbl/zynq_fsbl_bsp/system.mss
TRACE::2025-05-23.18:11:25::SCWPlatform::Trying to open the hw design at M:/projects/clones/SOC/Car_Project/vitis/FullCar_AllFeatures_V0_1/hw/FullCar_AllFeatures_V0_1.xsa
TRACE::2025-05-23.18:11:25::SCWPlatform::DSA given M:/projects/clones/SOC/Car_Project/vitis/FullCar_AllFeatures_V0_1/hw/FullCar_AllFeatures_V0_1.xsa
TRACE::2025-05-23.18:11:25::SCWPlatform::DSA absoulate path M:/projects/clones/SOC/Car_Project/vitis/FullCar_AllFeatures_V0_1/hw/FullCar_AllFeatures_V0_1.xsa
TRACE::2025-05-23.18:11:25::SCWPlatform::DSA directory M:/projects/clones/SOC/Car_Project/vitis/FullCar_AllFeatures_V0_1/hw
TRACE::2025-05-23.18:11:25::SCWPlatform:: Platform Path M:/projects/clones/SOC/Car_Project/vitis/FullCar_AllFeatures_V0_1/hw/FullCar_AllFeatures_V0_1.xsa
TRACE::2025-05-23.18:11:25::SCWPlatform:: Unique name xilinx:pynq-z2::0.0
TRACE::2025-05-23.18:11:25::SCWPlatform::Trying to set the existing hwdb with name design_1_wrapper_0
TRACE::2025-05-23.18:11:25::SCWPlatform::Opened existing hwdb design_1_wrapper_0
TRACE::2025-05-23.18:11:25::SCWPlatform::Found the Hw Db part of the input DSA
TRACE::2025-05-23.18:11:25::SCWMssOS::Checking the sw design at  M:/projects/clones/SOC/Car_Project/vitis/FullCar_AllFeatures_V0_1/zynq_fsbl/zynq_fsbl_bsp/system.mss
TRACE::2025-05-23.18:11:25::SCWMssOS::DEBUG:  swdes dump  M:/projects/clones/SOC/Car_Project/vitis/FullCar_AllFeatures_V0_1/ps7_cortexa9_0/standalone_ps7_cortexa9_0/bsp/system.mss|system_0||
M:/projects/clones/SOC/Car_Project/vitis/FullCar_AllFeatures_V0_1/zynq_fsbl/zynq_fsbl_bsp/system.mss|system||

TRACE::2025-05-23.18:11:25::SCWMssOS::Sw design exists and opened at  M:/projects/clones/SOC/Car_Project/vitis/FullCar_AllFeatures_V0_1/zynq_fsbl/zynq_fsbl_bsp/system.mss
TRACE::2025-05-23.18:11:25::SCWPlatform::Trying to open the hw design at M:/projects/clones/SOC/Car_Project/vitis/FullCar_AllFeatures_V0_1/hw/FullCar_AllFeatures_V0_1.xsa
TRACE::2025-05-23.18:11:25::SCWPlatform::DSA given M:/projects/clones/SOC/Car_Project/vitis/FullCar_AllFeatures_V0_1/hw/FullCar_AllFeatures_V0_1.xsa
TRACE::2025-05-23.18:11:25::SCWPlatform::DSA absoulate path M:/projects/clones/SOC/Car_Project/vitis/FullCar_AllFeatures_V0_1/hw/FullCar_AllFeatures_V0_1.xsa
TRACE::2025-05-23.18:11:25::SCWPlatform::DSA directory M:/projects/clones/SOC/Car_Project/vitis/FullCar_AllFeatures_V0_1/hw
TRACE::2025-05-23.18:11:25::SCWPlatform:: Platform Path M:/projects/clones/SOC/Car_Project/vitis/FullCar_AllFeatures_V0_1/hw/FullCar_AllFeatures_V0_1.xsa
TRACE::2025-05-23.18:11:25::SCWPlatform:: Unique name xilinx:pynq-z2::0.0
TRACE::2025-05-23.18:11:25::SCWPlatform::Trying to set the existing hwdb with name design_1_wrapper_0
TRACE::2025-05-23.18:11:25::SCWPlatform::Opened existing hwdb design_1_wrapper_0
TRACE::2025-05-23.18:11:25::SCWPlatform::Found the Hw Db part of the input DSA
TRACE::2025-05-23.18:11:25::SCWMssOS::Checking the sw design at  M:/projects/clones/SOC/Car_Project/vitis/FullCar_AllFeatures_V0_1/zynq_fsbl/zynq_fsbl_bsp/system.mss
TRACE::2025-05-23.18:11:25::SCWMssOS::DEBUG:  swdes dump  M:/projects/clones/SOC/Car_Project/vitis/FullCar_AllFeatures_V0_1/ps7_cortexa9_0/standalone_ps7_cortexa9_0/bsp/system.mss|system_0||
M:/projects/clones/SOC/Car_Project/vitis/FullCar_AllFeatures_V0_1/zynq_fsbl/zynq_fsbl_bsp/system.mss|system||

TRACE::2025-05-23.18:11:25::SCWMssOS::Sw design exists and opened at  M:/projects/clones/SOC/Car_Project/vitis/FullCar_AllFeatures_V0_1/zynq_fsbl/zynq_fsbl_bsp/system.mss
TRACE::2025-05-23.18:11:25::SCWPlatform::Trying to open the hw design at M:/projects/clones/SOC/Car_Project/vitis/FullCar_AllFeatures_V0_1/hw/FullCar_AllFeatures_V0_1.xsa
TRACE::2025-05-23.18:11:25::SCWPlatform::DSA given M:/projects/clones/SOC/Car_Project/vitis/FullCar_AllFeatures_V0_1/hw/FullCar_AllFeatures_V0_1.xsa
TRACE::2025-05-23.18:11:25::SCWPlatform::DSA absoulate path M:/projects/clones/SOC/Car_Project/vitis/FullCar_AllFeatures_V0_1/hw/FullCar_AllFeatures_V0_1.xsa
TRACE::2025-05-23.18:11:25::SCWPlatform::DSA directory M:/projects/clones/SOC/Car_Project/vitis/FullCar_AllFeatures_V0_1/hw
TRACE::2025-05-23.18:11:25::SCWPlatform:: Platform Path M:/projects/clones/SOC/Car_Project/vitis/FullCar_AllFeatures_V0_1/hw/FullCar_AllFeatures_V0_1.xsa
TRACE::2025-05-23.18:11:25::SCWPlatform:: Unique name xilinx:pynq-z2::0.0
TRACE::2025-05-23.18:11:25::SCWPlatform::Trying to set the existing hwdb with name design_1_wrapper_0
TRACE::2025-05-23.18:11:25::SCWPlatform::Opened existing hwdb design_1_wrapper_0
TRACE::2025-05-23.18:11:25::SCWPlatform::Found the Hw Db part of the input DSA
TRACE::2025-05-23.18:11:25::SCWMssOS::Checking the sw design at  M:/projects/clones/SOC/Car_Project/vitis/FullCar_AllFeatures_V0_1/ps7_cortexa9_0/standalone_ps7_cortexa9_0/bsp/system.mss
TRACE::2025-05-23.18:11:25::SCWMssOS::DEBUG:  swdes dump  M:/projects/clones/SOC/Car_Project/vitis/FullCar_AllFeatures_V0_1/ps7_cortexa9_0/standalone_ps7_cortexa9_0/bsp/system.mss|system_0||
M:/projects/clones/SOC/Car_Project/vitis/FullCar_AllFeatures_V0_1/zynq_fsbl/zynq_fsbl_bsp/system.mss|system||

TRACE::2025-05-23.18:11:25::SCWMssOS::Sw design exists and opened at  M:/projects/clones/SOC/Car_Project/vitis/FullCar_AllFeatures_V0_1/ps7_cortexa9_0/standalone_ps7_cortexa9_0/bsp/system.mss
TRACE::2025-05-23.18:11:25::SCWPlatform::Trying to open the hw design at M:/projects/clones/SOC/Car_Project/vitis/FullCar_AllFeatures_V0_1/hw/FullCar_AllFeatures_V0_1.xsa
TRACE::2025-05-23.18:11:25::SCWPlatform::DSA given M:/projects/clones/SOC/Car_Project/vitis/FullCar_AllFeatures_V0_1/hw/FullCar_AllFeatures_V0_1.xsa
TRACE::2025-05-23.18:11:25::SCWPlatform::DSA absoulate path M:/projects/clones/SOC/Car_Project/vitis/FullCar_AllFeatures_V0_1/hw/FullCar_AllFeatures_V0_1.xsa
TRACE::2025-05-23.18:11:25::SCWPlatform::DSA directory M:/projects/clones/SOC/Car_Project/vitis/FullCar_AllFeatures_V0_1/hw
TRACE::2025-05-23.18:11:25::SCWPlatform:: Platform Path M:/projects/clones/SOC/Car_Project/vitis/FullCar_AllFeatures_V0_1/hw/FullCar_AllFeatures_V0_1.xsa
TRACE::2025-05-23.18:11:25::SCWPlatform:: Unique name xilinx:pynq-z2::0.0
TRACE::2025-05-23.18:11:25::SCWPlatform::Trying to set the existing hwdb with name design_1_wrapper_0
TRACE::2025-05-23.18:11:25::SCWPlatform::Opened existing hwdb design_1_wrapper_0
TRACE::2025-05-23.18:11:25::SCWPlatform::Found the Hw Db part of the input DSA
TRACE::2025-05-23.18:11:25::SCWMssOS::Checking the sw design at  M:/projects/clones/SOC/Car_Project/vitis/FullCar_AllFeatures_V0_1/ps7_cortexa9_0/standalone_ps7_cortexa9_0/bsp/system.mss
TRACE::2025-05-23.18:11:25::SCWMssOS::DEBUG:  swdes dump  M:/projects/clones/SOC/Car_Project/vitis/FullCar_AllFeatures_V0_1/ps7_cortexa9_0/standalone_ps7_cortexa9_0/bsp/system.mss|system_0||
M:/projects/clones/SOC/Car_Project/vitis/FullCar_AllFeatures_V0_1/zynq_fsbl/zynq_fsbl_bsp/system.mss|system||

TRACE::2025-05-23.18:11:25::SCWMssOS::Sw design exists and opened at  M:/projects/clones/SOC/Car_Project/vitis/FullCar_AllFeatures_V0_1/ps7_cortexa9_0/standalone_ps7_cortexa9_0/bsp/system.mss
TRACE::2025-05-23.18:11:25::SCWPlatform::Trying to open the hw design at M:/projects/clones/SOC/Car_Project/vitis/FullCar_AllFeatures_V0_1/hw/FullCar_AllFeatures_V0_1.xsa
TRACE::2025-05-23.18:11:25::SCWPlatform::DSA given M:/projects/clones/SOC/Car_Project/vitis/FullCar_AllFeatures_V0_1/hw/FullCar_AllFeatures_V0_1.xsa
TRACE::2025-05-23.18:11:25::SCWPlatform::DSA absoulate path M:/projects/clones/SOC/Car_Project/vitis/FullCar_AllFeatures_V0_1/hw/FullCar_AllFeatures_V0_1.xsa
TRACE::2025-05-23.18:11:25::SCWPlatform::DSA directory M:/projects/clones/SOC/Car_Project/vitis/FullCar_AllFeatures_V0_1/hw
TRACE::2025-05-23.18:11:25::SCWPlatform:: Platform Path M:/projects/clones/SOC/Car_Project/vitis/FullCar_AllFeatures_V0_1/hw/FullCar_AllFeatures_V0_1.xsa
TRACE::2025-05-23.18:11:25::SCWPlatform:: Unique name xilinx:pynq-z2::0.0
TRACE::2025-05-23.18:11:25::SCWPlatform::Trying to set the existing hwdb with name design_1_wrapper_0
TRACE::2025-05-23.18:11:25::SCWPlatform::Opened existing hwdb design_1_wrapper_0
TRACE::2025-05-23.18:11:25::SCWPlatform::Found the Hw Db part of the input DSA
TRACE::2025-05-23.18:11:25::SCWMssOS::Checking the sw design at  M:/projects/clones/SOC/Car_Project/vitis/FullCar_AllFeatures_V0_1/ps7_cortexa9_0/standalone_ps7_cortexa9_0/bsp/system.mss
TRACE::2025-05-23.18:11:25::SCWMssOS::DEBUG:  swdes dump  M:/projects/clones/SOC/Car_Project/vitis/FullCar_AllFeatures_V0_1/ps7_cortexa9_0/standalone_ps7_cortexa9_0/bsp/system.mss|system_0||
M:/projects/clones/SOC/Car_Project/vitis/FullCar_AllFeatures_V0_1/zynq_fsbl/zynq_fsbl_bsp/system.mss|system||

TRACE::2025-05-23.18:11:25::SCWMssOS::Sw design exists and opened at  M:/projects/clones/SOC/Car_Project/vitis/FullCar_AllFeatures_V0_1/ps7_cortexa9_0/standalone_ps7_cortexa9_0/bsp/system.mss
TRACE::2025-05-23.18:11:25::SCWWriter::formatted JSON is {
	"platformName":	"FullCar_AllFeatures_V0_1",
	"sprVersion":	"2.0",
	"mode":	"gui",
	"dsaType":	"Fixed",
	"platformDesc":	"FullCar_AllFeatures_V0_1",
	"platHandOff":	"M:/projects/clones/SOC/Car_Project/vivado/XSA/FullCar_AllFeatures_V0_1.xsa",
	"platIntHandOff":	"<platformDir>/hw/FullCar_AllFeatures_V0_1.xsa",
	"deviceType":	"zynq",
	"platIsPrebuiltAutogen":	"false",
	"platIsNoBootBsp":	"false",
	"platFsblTarget":	"ps7_cortexa9_0",
	"hasFsblMakeHasChanges":	"false",
	"hasPmufwMakeHasChanges":	"false",
	"fsblExtraCompilerFlags":	"-MMD -MP       -mcpu=cortex-a9 -mfpu=vfpv3 -mfloat-abi=hard ",
	"platPreBuiltFlag":	false,
	"platformSamplesDir":	"",
	"platActiveSys":	"FullCar_AllFeatures_V0_1",
	"systems":	[{
			"systemName":	"FullCar_AllFeatures_V0_1",
			"systemDesc":	"FullCar_AllFeatures_V0_1",
			"sysIsBootAutoGen":	"true",
			"systemDispName":	"FullCar_AllFeatures_V0_1",
			"sysActiveDom":	"standalone_ps7_cortexa9_0",
			"sysDefaultDom":	"standalone_ps7_cortexa9_0",
			"domains":	[{
					"domainName":	"zynq_fsbl",
					"domainDispName":	"zynq_fsbl",
					"domainDesc":	"FSBL Application BSP - Auto Generated.",
					"processors":	"ps7_cortexa9_0",
					"os":	"standalone",
					"sdxOs":	"standalone",
					"debugEnable":	"",
					"domRuntimes":	["cpp"],
					"swRepo":	"",
					"mssOsVer":	"9.1",
					"mssFile":	"",
					"md5Digest":	"64fce8e86c92608d547c70ee7285b026",
					"compatibleApp":	"zynq_fsbl",
					"domType":	"bootDomain",
					"arch":	"32-bit",
					"appSettings":	{
						"appCompilerFlags":	"",
						"appLinkerFlags":	""
					},
					"addedLibs":	["xilffs:5.2", "xilrsa:1.8"],
					"libOptions":	{
						"libsContainingOptions":	[]
					},
					"prebuiltLibs":	{
						"prebuiltIncPath":	[],
						"prebuiltLibPath":	[]
					},
					"isolation":	{
					}
				}, {
					"domainName":	"standalone_ps7_cortexa9_0",
					"domainDispName":	"standalone_ps7_cortexa9_0",
					"domainDesc":	"standalone_ps7_cortexa9_0",
					"processors":	"ps7_cortexa9_0",
					"os":	"standalone",
					"sdxOs":	"standalone",
					"qemuArgs":	"<platformDir>/resources/FullCar_AllFeatures_V0_1/standalone_ps7_cortexa9_0/qemu_args.txt",
					"qemuData":	"<platformDir>/resources/FullCar_AllFeatures_V0_1/standalone_ps7_cortexa9_0/qemu",
					"debugEnable":	"False",
					"domRuntimes":	["cpp"],
					"swRepo":	"",
					"mssOsVer":	"9.1",
					"mssFile":	"",
					"md5Digest":	"9b96d52dca00ece5ea6af278cd8f10e1",
					"compatibleApp":	"hello_world",
					"domType":	"mssDomain",
					"arch":	"32-bit",
					"appSettings":	{
						"appCompilerFlags":	"",
						"appLinkerFlags":	""
					},
					"addedLibs":	[],
					"libOptions":	{
						"libsContainingOptions":	[]
					},
					"prebuiltLibs":	{
						"prebuiltIncPath":	[],
						"prebuiltLibPath":	[]
					},
					"isolation":	{
					}
				}]
		}]
}
KEYINFO::2025-05-23.18:11:25::SCWPlatform::updated the xpfm file.
TRACE::2025-05-23.18:11:25::SCWPlatform::Trying to open the hw design at M:/projects/clones/SOC/Car_Project/vitis/FullCar_AllFeatures_V0_1/hw/FullCar_AllFeatures_V0_1.xsa
TRACE::2025-05-23.18:11:25::SCWPlatform::DSA given M:/projects/clones/SOC/Car_Project/vitis/FullCar_AllFeatures_V0_1/hw/FullCar_AllFeatures_V0_1.xsa
TRACE::2025-05-23.18:11:25::SCWPlatform::DSA absoulate path M:/projects/clones/SOC/Car_Project/vitis/FullCar_AllFeatures_V0_1/hw/FullCar_AllFeatures_V0_1.xsa
TRACE::2025-05-23.18:11:25::SCWPlatform::DSA directory M:/projects/clones/SOC/Car_Project/vitis/FullCar_AllFeatures_V0_1/hw
TRACE::2025-05-23.18:11:25::SCWPlatform:: Platform Path M:/projects/clones/SOC/Car_Project/vitis/FullCar_AllFeatures_V0_1/hw/FullCar_AllFeatures_V0_1.xsa
TRACE::2025-05-23.18:11:25::SCWPlatform:: Unique name xilinx:pynq-z2::0.0
TRACE::2025-05-23.18:11:25::SCWPlatform::Trying to set the existing hwdb with name design_1_wrapper_0
TRACE::2025-05-23.18:11:25::SCWPlatform::Opened existing hwdb design_1_wrapper_0
TRACE::2025-05-23.18:11:25::SCWPlatform::Found the Hw Db part of the input DSA
TRACE::2025-05-23.18:11:25::SCWMssOS::Checking the sw design at  M:/projects/clones/SOC/Car_Project/vitis/FullCar_AllFeatures_V0_1/ps7_cortexa9_0/standalone_ps7_cortexa9_0/bsp/system.mss
TRACE::2025-05-23.18:11:25::SCWMssOS::DEBUG:  swdes dump  M:/projects/clones/SOC/Car_Project/vitis/FullCar_AllFeatures_V0_1/ps7_cortexa9_0/standalone_ps7_cortexa9_0/bsp/system.mss|system_0||
M:/projects/clones/SOC/Car_Project/vitis/FullCar_AllFeatures_V0_1/zynq_fsbl/zynq_fsbl_bsp/system.mss|system||

TRACE::2025-05-23.18:11:25::SCWMssOS::Sw design exists and opened at  M:/projects/clones/SOC/Car_Project/vitis/FullCar_AllFeatures_V0_1/ps7_cortexa9_0/standalone_ps7_cortexa9_0/bsp/system.mss
LOG::2025-05-23.19:04:30::SCWPlatform::Started generating the artifacts platform FullCar_AllFeatures_V0_1
TRACE::2025-05-23.19:04:30::SCWPlatform::Sanity checking of platform is completed
LOG::2025-05-23.19:04:30::SCWPlatform::Started generating the artifacts for system configuration FullCar_AllFeatures_V0_1
LOG::2025-05-23.19:04:30::SCWSystem::Checking the domain zynq_fsbl
LOG::2025-05-23.19:04:30::SCWSystem::Doing application build for :  zynq_fsbl
TRACE::2025-05-23.19:04:30::SCWBDomain::Not a forced makefile updation, No changes are present. 
TRACE::2025-05-23.19:04:30::SCWDomain::Building the domain :  zynq_fsbl
TRACE::2025-05-23.19:04:30::SCWPlatform::Trying to open the hw design at M:/projects/clones/SOC/Car_Project/vitis/FullCar_AllFeatures_V0_1/hw/FullCar_AllFeatures_V0_1.xsa
TRACE::2025-05-23.19:04:30::SCWPlatform::DSA given M:/projects/clones/SOC/Car_Project/vitis/FullCar_AllFeatures_V0_1/hw/FullCar_AllFeatures_V0_1.xsa
TRACE::2025-05-23.19:04:30::SCWPlatform::DSA absoulate path M:/projects/clones/SOC/Car_Project/vitis/FullCar_AllFeatures_V0_1/hw/FullCar_AllFeatures_V0_1.xsa
TRACE::2025-05-23.19:04:30::SCWPlatform::DSA directory M:/projects/clones/SOC/Car_Project/vitis/FullCar_AllFeatures_V0_1/hw
TRACE::2025-05-23.19:04:30::SCWPlatform:: Platform Path M:/projects/clones/SOC/Car_Project/vitis/FullCar_AllFeatures_V0_1/hw/FullCar_AllFeatures_V0_1.xsa
TRACE::2025-05-23.19:04:30::SCWPlatform:: Unique name xilinx:pynq-z2::0.0
TRACE::2025-05-23.19:04:30::SCWPlatform::Trying to set the existing hwdb with name design_1_wrapper_0
TRACE::2025-05-23.19:04:30::SCWPlatform::Opened existing hwdb design_1_wrapper_0
TRACE::2025-05-23.19:04:30::SCWPlatform::Found the Hw Db part of the input DSA
TRACE::2025-05-23.19:04:30::SCWMssOS::Checking the sw design at  M:/projects/clones/SOC/Car_Project/vitis/FullCar_AllFeatures_V0_1/zynq_fsbl/zynq_fsbl_bsp/system.mss
TRACE::2025-05-23.19:04:30::SCWMssOS::DEBUG:  swdes dump  M:/projects/clones/SOC/Car_Project/vitis/FullCar_AllFeatures_V0_1/ps7_cortexa9_0/standalone_ps7_cortexa9_0/bsp/system.mss|system_0||
M:/projects/clones/SOC/Car_Project/vitis/FullCar_AllFeatures_V0_1/zynq_fsbl/zynq_fsbl_bsp/system.mss|system||

TRACE::2025-05-23.19:04:30::SCWMssOS::Sw design exists and opened at  M:/projects/clones/SOC/Car_Project/vitis/FullCar_AllFeatures_V0_1/zynq_fsbl/zynq_fsbl_bsp/system.mss
TRACE::2025-05-23.19:04:30::SCWBDomain::Completed writing the mss file at M:/projects/clones/SOC/Car_Project/vitis/FullCar_AllFeatures_V0_1/zynq_fsbl/zynq_fsbl_bsp
TRACE::2025-05-23.19:04:30::SCWBDomain::bsp generated is upto date with the mss file. Skipping bsp generation.
TRACE::2025-05-23.19:04:30::SCWBDomain::Not a forced makefile updation, No changes are present. 
TRACE::2025-05-23.19:04:30::SCWBDomain::System Command Ran  M:&  cd  M:/projects/clones/SOC/Car_Project/vitis/FullCar_AllFeatures_V0_1/zynq_fsbl& make -C  zynq_fsbl_bsp & make 
TRACE::2025-05-23.19:04:30::SCWBDomain::make: Entering directory 'M:/projects/clones/SOC/Car_Project/vitis/FullCar_AllFeatures_V0_1/zynq_fsbl/zynq_fsbl_bsp'

TRACE::2025-05-23.19:04:30::SCWBDomain::make --no-print-directory seq_libs

TRACE::2025-05-23.19:04:30::SCWBDomain::"Running Make include in ps7_cortexa9_0/libsrc/coresightps_dcc_v1_10/src"

TRACE::2025-05-23.19:04:30::SCWBDomain::make -C ps7_cortexa9_0/libsrc/coresightps_dcc_v1_10/src -s include  "SHELL=CMD" "COMPILER=arm-none-eabi-gcc" "ASSEMBLER=arm-non
TRACE::2025-05-23.19:04:30::SCWBDomain::e-eabi-as" "ARCHIVER=arm-none-eabi-ar" "COMPILER_FLAGS=  -O2 -c" "EXTRA_COMPILER_FLAGS=-mcpu=cortex-a9 -mfpu=vfpv3 -mfloat-abi=
TRACE::2025-05-23.19:04:30::SCWBDomain::hard -nostartfiles -g -Wall -Wextra -fno-tree-loop-distribute-patterns"

TRACE::2025-05-23.19:04:31::SCWBDomain::"Running Make include in ps7_cortexa9_0/libsrc/cpu_cortexa9_v2_12/src"

TRACE::2025-05-23.19:04:31::SCWBDomain::make -C ps7_cortexa9_0/libsrc/cpu_cortexa9_v2_12/src -s include  "SHELL=CMD" "COMPILER=arm-none-eabi-gcc" "ASSEMBLER=arm-none-e
TRACE::2025-05-23.19:04:31::SCWBDomain::abi-as" "ARCHIVER=arm-none-eabi-ar" "COMPILER_FLAGS=  -O2 -c" "EXTRA_COMPILER_FLAGS=-mcpu=cortex-a9 -mfpu=vfpv3 -mfloat-abi=har
TRACE::2025-05-23.19:04:31::SCWBDomain::d -nostartfiles -g -Wall -Wextra -fno-tree-loop-distribute-patterns"

TRACE::2025-05-23.19:04:31::SCWBDomain::"Running Make include in ps7_cortexa9_0/libsrc/ddrps_v1_2/src"

TRACE::2025-05-23.19:04:31::SCWBDomain::make -C ps7_cortexa9_0/libsrc/ddrps_v1_2/src -s include  "SHELL=CMD" "COMPILER=arm-none-eabi-gcc" "ASSEMBLER=arm-none-eabi-as" 
TRACE::2025-05-23.19:04:31::SCWBDomain::"ARCHIVER=arm-none-eabi-ar" "COMPILER_FLAGS=  -O2 -c" "EXTRA_COMPILER_FLAGS=-mcpu=cortex-a9 -mfpu=vfpv3 -mfloat-abi=hard -nosta
TRACE::2025-05-23.19:04:31::SCWBDomain::rtfiles -g -Wall -Wextra -fno-tree-loop-distribute-patterns"

TRACE::2025-05-23.19:04:31::SCWBDomain::"Running Make include in ps7_cortexa9_0/libsrc/devcfg_v3_8/src"

TRACE::2025-05-23.19:04:31::SCWBDomain::make -C ps7_cortexa9_0/libsrc/devcfg_v3_8/src -s include  "SHELL=CMD" "COMPILER=arm-none-eabi-gcc" "ASSEMBLER=arm-none-eabi-as"
TRACE::2025-05-23.19:04:31::SCWBDomain:: "ARCHIVER=arm-none-eabi-ar" "COMPILER_FLAGS=  -O2 -c" "EXTRA_COMPILER_FLAGS=-mcpu=cortex-a9 -mfpu=vfpv3 -mfloat-abi=hard -nost
TRACE::2025-05-23.19:04:31::SCWBDomain::artfiles -g -Wall -Wextra -fno-tree-loop-distribute-patterns"

TRACE::2025-05-23.19:04:31::SCWBDomain::"Running Make include in ps7_cortexa9_0/libsrc/dmaps_v2_10/src"

TRACE::2025-05-23.19:04:31::SCWBDomain::make -C ps7_cortexa9_0/libsrc/dmaps_v2_10/src -s include  "SHELL=CMD" "COMPILER=arm-none-eabi-gcc" "ASSEMBLER=arm-none-eabi-as"
TRACE::2025-05-23.19:04:31::SCWBDomain:: "ARCHIVER=arm-none-eabi-ar" "COMPILER_FLAGS=  -O2 -c" "EXTRA_COMPILER_FLAGS=-mcpu=cortex-a9 -mfpu=vfpv3 -mfloat-abi=hard -nost
TRACE::2025-05-23.19:04:31::SCWBDomain::artfiles -g -Wall -Wextra -fno-tree-loop-distribute-patterns"

TRACE::2025-05-23.19:04:31::SCWBDomain::"Running Make include in ps7_cortexa9_0/libsrc/emacps_v3_20/src"

TRACE::2025-05-23.19:04:31::SCWBDomain::make -C ps7_cortexa9_0/libsrc/emacps_v3_20/src -s include  "SHELL=CMD" "COMPILER=arm-none-eabi-gcc" "ASSEMBLER=arm-none-eabi-as
TRACE::2025-05-23.19:04:31::SCWBDomain::" "ARCHIVER=arm-none-eabi-ar" "COMPILER_FLAGS=  -O2 -c" "EXTRA_COMPILER_FLAGS=-mcpu=cortex-a9 -mfpu=vfpv3 -mfloat-abi=hard -nos
TRACE::2025-05-23.19:04:31::SCWBDomain::tartfiles -g -Wall -Wextra -fno-tree-loop-distribute-patterns"

TRACE::2025-05-23.19:04:31::SCWBDomain::"Running Make include in ps7_cortexa9_0/libsrc/gpiops_v3_13/src"

TRACE::2025-05-23.19:04:31::SCWBDomain::make -C ps7_cortexa9_0/libsrc/gpiops_v3_13/src -s include  "SHELL=CMD" "COMPILER=arm-none-eabi-gcc" "ASSEMBLER=arm-none-eabi-as
TRACE::2025-05-23.19:04:31::SCWBDomain::" "ARCHIVER=arm-none-eabi-ar" "COMPILER_FLAGS=  -O2 -c" "EXTRA_COMPILER_FLAGS=-mcpu=cortex-a9 -mfpu=vfpv3 -mfloat-abi=hard -nos
TRACE::2025-05-23.19:04:31::SCWBDomain::tartfiles -g -Wall -Wextra -fno-tree-loop-distribute-patterns"

TRACE::2025-05-23.19:04:31::SCWBDomain::"Running Make include in ps7_cortexa9_0/libsrc/gpio_v4_11/src"

TRACE::2025-05-23.19:04:31::SCWBDomain::make -C ps7_cortexa9_0/libsrc/gpio_v4_11/src -s include  "SHELL=CMD" "COMPILER=arm-none-eabi-gcc" "ASSEMBLER=arm-none-eabi-as" 
TRACE::2025-05-23.19:04:31::SCWBDomain::"ARCHIVER=arm-none-eabi-ar" "COMPILER_FLAGS=  -O2 -c" "EXTRA_COMPILER_FLAGS=-mcpu=cortex-a9 -mfpu=vfpv3 -mfloat-abi=hard -nosta
TRACE::2025-05-23.19:04:31::SCWBDomain::rtfiles -g -Wall -Wextra -fno-tree-loop-distribute-patterns"

TRACE::2025-05-23.19:04:31::SCWBDomain::"Running Make include in ps7_cortexa9_0/libsrc/iic_v3_11/src"

TRACE::2025-05-23.19:04:31::SCWBDomain::make -C ps7_cortexa9_0/libsrc/iic_v3_11/src -s include  "SHELL=CMD" "COMPILER=arm-none-eabi-gcc" "ASSEMBLER=arm-none-eabi-as" "
TRACE::2025-05-23.19:04:31::SCWBDomain::ARCHIVER=arm-none-eabi-ar" "COMPILER_FLAGS=  -O2 -c" "EXTRA_COMPILER_FLAGS=-mcpu=cortex-a9 -mfpu=vfpv3 -mfloat-abi=hard -nostar
TRACE::2025-05-23.19:04:31::SCWBDomain::tfiles -g -Wall -Wextra -fno-tree-loop-distribute-patterns"

TRACE::2025-05-23.19:04:31::SCWBDomain::"Running Make include in ps7_cortexa9_0/libsrc/Motor_DriverIP_v1_0/src"

TRACE::2025-05-23.19:04:31::SCWBDomain::make -C ps7_cortexa9_0/libsrc/Motor_DriverIP_v1_0/src -s include  "SHELL=CMD" "COMPILER=arm-none-eabi-gcc" "ASSEMBLER=arm-none-
TRACE::2025-05-23.19:04:31::SCWBDomain::eabi-as" "ARCHIVER=arm-none-eabi-ar" "COMPILER_FLAGS=  -O2 -c" "EXTRA_COMPILER_FLAGS=-mcpu=cortex-a9 -mfpu=vfpv3 -mfloat-abi=ha
TRACE::2025-05-23.19:04:31::SCWBDomain::rd -nostartfiles -g -Wall -Wextra -fno-tree-loop-distribute-patterns"

TRACE::2025-05-23.19:04:31::SCWBDomain::"Running Make include in ps7_cortexa9_0/libsrc/qspips_v3_12/src"

TRACE::2025-05-23.19:04:31::SCWBDomain::make -C ps7_cortexa9_0/libsrc/qspips_v3_12/src -s include  "SHELL=CMD" "COMPILER=arm-none-eabi-gcc" "ASSEMBLER=arm-none-eabi-as
TRACE::2025-05-23.19:04:31::SCWBDomain::" "ARCHIVER=arm-none-eabi-ar" "COMPILER_FLAGS=  -O2 -c" "EXTRA_COMPILER_FLAGS=-mcpu=cortex-a9 -mfpu=vfpv3 -mfloat-abi=hard -nos
TRACE::2025-05-23.19:04:31::SCWBDomain::tartfiles -g -Wall -Wextra -fno-tree-loop-distribute-patterns"

TRACE::2025-05-23.19:04:31::SCWBDomain::"Running Make include in ps7_cortexa9_0/libsrc/scugic_v5_3/src"

TRACE::2025-05-23.19:04:31::SCWBDomain::make -C ps7_cortexa9_0/libsrc/scugic_v5_3/src -s include  "SHELL=CMD" "COMPILER=arm-none-eabi-gcc" "ASSEMBLER=arm-none-eabi-as"
TRACE::2025-05-23.19:04:31::SCWBDomain:: "ARCHIVER=arm-none-eabi-ar" "COMPILER_FLAGS=  -O2 -c" "EXTRA_COMPILER_FLAGS=-mcpu=cortex-a9 -mfpu=vfpv3 -mfloat-abi=hard -nost
TRACE::2025-05-23.19:04:31::SCWBDomain::artfiles -g -Wall -Wextra -fno-tree-loop-distribute-patterns"

TRACE::2025-05-23.19:04:31::SCWBDomain::"Running Make include in ps7_cortexa9_0/libsrc/scutimer_v2_6/src"

TRACE::2025-05-23.19:04:31::SCWBDomain::make -C ps7_cortexa9_0/libsrc/scutimer_v2_6/src -s include  "SHELL=CMD" "COMPILER=arm-none-eabi-gcc" "ASSEMBLER=arm-none-eabi-a
TRACE::2025-05-23.19:04:31::SCWBDomain::s" "ARCHIVER=arm-none-eabi-ar" "COMPILER_FLAGS=  -O2 -c" "EXTRA_COMPILER_FLAGS=-mcpu=cortex-a9 -mfpu=vfpv3 -mfloat-abi=hard -no
TRACE::2025-05-23.19:04:31::SCWBDomain::startfiles -g -Wall -Wextra -fno-tree-loop-distribute-patterns"

TRACE::2025-05-23.19:04:31::SCWBDomain::"Running Make include in ps7_cortexa9_0/libsrc/scuwdt_v2_5/src"

TRACE::2025-05-23.19:04:31::SCWBDomain::make -C ps7_cortexa9_0/libsrc/scuwdt_v2_5/src -s include  "SHELL=CMD" "COMPILER=arm-none-eabi-gcc" "ASSEMBLER=arm-none-eabi-as"
TRACE::2025-05-23.19:04:31::SCWBDomain:: "ARCHIVER=arm-none-eabi-ar" "COMPILER_FLAGS=  -O2 -c" "EXTRA_COMPILER_FLAGS=-mcpu=cortex-a9 -mfpu=vfpv3 -mfloat-abi=hard -nost
TRACE::2025-05-23.19:04:31::SCWBDomain::artfiles -g -Wall -Wextra -fno-tree-loop-distribute-patterns"

TRACE::2025-05-23.19:04:31::SCWBDomain::"Running Make include in ps7_cortexa9_0/libsrc/sdps_v4_3/src"

TRACE::2025-05-23.19:04:31::SCWBDomain::make -C ps7_cortexa9_0/libsrc/sdps_v4_3/src -s include  "SHELL=CMD" "COMPILER=arm-none-eabi-gcc" "ASSEMBLER=arm-none-eabi-as" "
TRACE::2025-05-23.19:04:31::SCWBDomain::ARCHIVER=arm-none-eabi-ar" "COMPILER_FLAGS=  -O2 -c" "EXTRA_COMPILER_FLAGS=-mcpu=cortex-a9 -mfpu=vfpv3 -mfloat-abi=hard -nostar
TRACE::2025-05-23.19:04:31::SCWBDomain::tfiles -g -Wall -Wextra -fno-tree-loop-distribute-patterns"

TRACE::2025-05-23.19:04:31::SCWBDomain::"Running Make include in ps7_cortexa9_0/libsrc/SpeedSensor_Driver_IP_v1_0/src"

TRACE::2025-05-23.19:04:31::SCWBDomain::make -C ps7_cortexa9_0/libsrc/SpeedSensor_Driver_IP_v1_0/src -s include  "SHELL=CMD" "COMPILER=arm-none-eabi-gcc" "ASSEMBLER=ar
TRACE::2025-05-23.19:04:31::SCWBDomain::m-none-eabi-as" "ARCHIVER=arm-none-eabi-ar" "COMPILER_FLAGS=  -O2 -c" "EXTRA_COMPILER_FLAGS=-mcpu=cortex-a9 -mfpu=vfpv3 -mfloat
TRACE::2025-05-23.19:04:31::SCWBDomain::-abi=hard -nostartfiles -g -Wall -Wextra -fno-tree-loop-distribute-patterns"

TRACE::2025-05-23.19:04:31::SCWBDomain::"Running Make include in ps7_cortexa9_0/libsrc/standalone_v9_1/src"

TRACE::2025-05-23.19:04:31::SCWBDomain::make -C ps7_cortexa9_0/libsrc/standalone_v9_1/src -s include  "SHELL=CMD" "COMPILER=arm-none-eabi-gcc" "ASSEMBLER=arm-none-eabi
TRACE::2025-05-23.19:04:31::SCWBDomain::-as" "ARCHIVER=arm-none-eabi-ar" "COMPILER_FLAGS=  -O2 -c" "EXTRA_COMPILER_FLAGS=-mcpu=cortex-a9 -mfpu=vfpv3 -mfloat-abi=hard -
TRACE::2025-05-23.19:04:31::SCWBDomain::nostartfiles -g -Wall -Wextra -fno-tree-loop-distribute-patterns"

TRACE::2025-05-23.19:04:32::SCWBDomain::"Running Make include in ps7_cortexa9_0/libsrc/tmrctr_v4_12/src"

TRACE::2025-05-23.19:04:32::SCWBDomain::make -C ps7_cortexa9_0/libsrc/tmrctr_v4_12/src -s include  "SHELL=CMD" "COMPILER=arm-none-eabi-gcc" "ASSEMBLER=arm-none-eabi-as
TRACE::2025-05-23.19:04:32::SCWBDomain::" "ARCHIVER=arm-none-eabi-ar" "COMPILER_FLAGS=  -O2 -c" "EXTRA_COMPILER_FLAGS=-mcpu=cortex-a9 -mfpu=vfpv3 -mfloat-abi=hard -nos
TRACE::2025-05-23.19:04:32::SCWBDomain::tartfiles -g -Wall -Wextra -fno-tree-loop-distribute-patterns"

TRACE::2025-05-23.19:04:32::SCWBDomain::"Running Make include in ps7_cortexa9_0/libsrc/uartps_v3_14/src"

TRACE::2025-05-23.19:04:32::SCWBDomain::make -C ps7_cortexa9_0/libsrc/uartps_v3_14/src -s include  "SHELL=CMD" "COMPILER=arm-none-eabi-gcc" "ASSEMBLER=arm-none-eabi-as
TRACE::2025-05-23.19:04:32::SCWBDomain::" "ARCHIVER=arm-none-eabi-ar" "COMPILER_FLAGS=  -O2 -c" "EXTRA_COMPILER_FLAGS=-mcpu=cortex-a9 -mfpu=vfpv3 -mfloat-abi=hard -nos
TRACE::2025-05-23.19:04:32::SCWBDomain::tartfiles -g -Wall -Wextra -fno-tree-loop-distribute-patterns"

TRACE::2025-05-23.19:04:32::SCWBDomain::"Running Make include in ps7_cortexa9_0/libsrc/ultrasoneIP_v1_0/src"

TRACE::2025-05-23.19:04:32::SCWBDomain::make -C ps7_cortexa9_0/libsrc/ultrasoneIP_v1_0/src -s include  "SHELL=CMD" "COMPILER=arm-none-eabi-gcc" "ASSEMBLER=arm-none-eab
TRACE::2025-05-23.19:04:32::SCWBDomain::i-as" "ARCHIVER=arm-none-eabi-ar" "COMPILER_FLAGS=  -O2 -c" "EXTRA_COMPILER_FLAGS=-mcpu=cortex-a9 -mfpu=vfpv3 -mfloat-abi=hard 
TRACE::2025-05-23.19:04:32::SCWBDomain::-nostartfiles -g -Wall -Wextra -fno-tree-loop-distribute-patterns"

TRACE::2025-05-23.19:04:32::SCWBDomain::"Running Make include in ps7_cortexa9_0/libsrc/usbps_v2_9/src"

TRACE::2025-05-23.19:04:32::SCWBDomain::make -C ps7_cortexa9_0/libsrc/usbps_v2_9/src -s include  "SHELL=CMD" "COMPILER=arm-none-eabi-gcc" "ASSEMBLER=arm-none-eabi-as" 
TRACE::2025-05-23.19:04:32::SCWBDomain::"ARCHIVER=arm-none-eabi-ar" "COMPILER_FLAGS=  -O2 -c" "EXTRA_COMPILER_FLAGS=-mcpu=cortex-a9 -mfpu=vfpv3 -mfloat-abi=hard -nosta
TRACE::2025-05-23.19:04:32::SCWBDomain::rtfiles -g -Wall -Wextra -fno-tree-loop-distribute-patterns"

TRACE::2025-05-23.19:04:32::SCWBDomain::"Running Make include in ps7_cortexa9_0/libsrc/xadcps_v2_7/src"

TRACE::2025-05-23.19:04:32::SCWBDomain::make -C ps7_cortexa9_0/libsrc/xadcps_v2_7/src -s include  "SHELL=CMD" "COMPILER=arm-none-eabi-gcc" "ASSEMBLER=arm-none-eabi-as"
TRACE::2025-05-23.19:04:32::SCWBDomain:: "ARCHIVER=arm-none-eabi-ar" "COMPILER_FLAGS=  -O2 -c" "EXTRA_COMPILER_FLAGS=-mcpu=cortex-a9 -mfpu=vfpv3 -mfloat-abi=hard -nost
TRACE::2025-05-23.19:04:32::SCWBDomain::artfiles -g -Wall -Wextra -fno-tree-loop-distribute-patterns"

TRACE::2025-05-23.19:04:32::SCWBDomain::"Running Make include in ps7_cortexa9_0/libsrc/xilffs_v5_2/src"

TRACE::2025-05-23.19:04:32::SCWBDomain::make -C ps7_cortexa9_0/libsrc/xilffs_v5_2/src -s include  "SHELL=CMD" "COMPILER=arm-none-eabi-gcc" "ASSEMBLER=arm-none-eabi-as"
TRACE::2025-05-23.19:04:32::SCWBDomain:: "ARCHIVER=arm-none-eabi-ar" "COMPILER_FLAGS=  -O2 -c" "EXTRA_COMPILER_FLAGS=-mcpu=cortex-a9 -mfpu=vfpv3 -mfloat-abi=hard -nost
TRACE::2025-05-23.19:04:32::SCWBDomain::artfiles -g -Wall -Wextra -fno-tree-loop-distribute-patterns"

TRACE::2025-05-23.19:04:32::SCWBDomain::"Running Make include in ps7_cortexa9_0/libsrc/xilrsa_v1_8/src"

TRACE::2025-05-23.19:04:32::SCWBDomain::make -C ps7_cortexa9_0/libsrc/xilrsa_v1_8/src -s include  "SHELL=CMD" "COMPILER=arm-none-eabi-gcc" "ASSEMBLER=arm-none-eabi-as"
TRACE::2025-05-23.19:04:32::SCWBDomain:: "ARCHIVER=arm-none-eabi-ar" "COMPILER_FLAGS=  -O2 -c" "EXTRA_COMPILER_FLAGS=-mcpu=cortex-a9 -mfpu=vfpv3 -mfloat-abi=hard -nost
TRACE::2025-05-23.19:04:32::SCWBDomain::artfiles -g -Wall -Wextra -fno-tree-loop-distribute-patterns"

TRACE::2025-05-23.19:04:32::SCWBDomain::"Running Make libs in ps7_cortexa9_0/libsrc/Motor_DriverIP_v1_0/src"

TRACE::2025-05-23.19:04:32::SCWBDomain::make -C ps7_cortexa9_0/libsrc/Motor_DriverIP_v1_0/src -s libs  "SHELL=CMD" "COMPILER=arm-none-eabi-gcc" "ASSEMBLER=arm-none-eab
TRACE::2025-05-23.19:04:32::SCWBDomain::i-as" "ARCHIVER=arm-none-eabi-ar" "COMPILER_FLAGS=  -O2 -c" "EXTRA_COMPILER_FLAGS=-mcpu=cortex-a9 -mfpu=vfpv3 -mfloat-abi=hard 
TRACE::2025-05-23.19:04:32::SCWBDomain::-nostartfiles -g -Wall -Wextra -fno-tree-loop-distribute-patterns"

TRACE::2025-05-23.19:04:32::SCWBDomain::"Running Make libs in ps7_cortexa9_0/libsrc/SpeedSensor_Driver_IP_v1_0/src"

TRACE::2025-05-23.19:04:32::SCWBDomain::make -C ps7_cortexa9_0/libsrc/SpeedSensor_Driver_IP_v1_0/src -s libs  "SHELL=CMD" "COMPILER=arm-none-eabi-gcc" "ASSEMBLER=arm-n
TRACE::2025-05-23.19:04:32::SCWBDomain::one-eabi-as" "ARCHIVER=arm-none-eabi-ar" "COMPILER_FLAGS=  -O2 -c" "EXTRA_COMPILER_FLAGS=-mcpu=cortex-a9 -mfpu=vfpv3 -mfloat-ab
TRACE::2025-05-23.19:04:32::SCWBDomain::i=hard -nostartfiles -g -Wall -Wextra -fno-tree-loop-distribute-patterns"

TRACE::2025-05-23.19:04:32::SCWBDomain::"Running Make libs in ps7_cortexa9_0/libsrc/ultrasoneIP_v1_0/src"

TRACE::2025-05-23.19:04:32::SCWBDomain::make -C ps7_cortexa9_0/libsrc/ultrasoneIP_v1_0/src -s libs  "SHELL=CMD" "COMPILER=arm-none-eabi-gcc" "ASSEMBLER=arm-none-eabi-a
TRACE::2025-05-23.19:04:32::SCWBDomain::s" "ARCHIVER=arm-none-eabi-ar" "COMPILER_FLAGS=  -O2 -c" "EXTRA_COMPILER_FLAGS=-mcpu=cortex-a9 -mfpu=vfpv3 -mfloat-abi=hard -no
TRACE::2025-05-23.19:04:32::SCWBDomain::startfiles -g -Wall -Wextra -fno-tree-loop-distribute-patterns"

TRACE::2025-05-23.19:04:32::SCWBDomain::"Running Make libs in ps7_cortexa9_0/libsrc/xilrsa_v1_8/src"

TRACE::2025-05-23.19:04:32::SCWBDomain::make -C ps7_cortexa9_0/libsrc/xilrsa_v1_8/src -s libs  "SHELL=CMD" "COMPILER=arm-none-eabi-gcc" "ASSEMBLER=arm-none-eabi-as" "A
TRACE::2025-05-23.19:04:32::SCWBDomain::RCHIVER=arm-none-eabi-ar" "COMPILER_FLAGS=  -O2 -c" "EXTRA_COMPILER_FLAGS=-mcpu=cortex-a9 -mfpu=vfpv3 -mfloat-abi=hard -nostart
TRACE::2025-05-23.19:04:32::SCWBDomain::files -g -Wall -Wextra -fno-tree-loop-distribute-patterns"

TRACE::2025-05-23.19:04:33::SCWBDomain::'Finished building libraries sequentially.'

TRACE::2025-05-23.19:04:33::SCWBDomain::make -j 10 --no-print-directory par_libs

TRACE::2025-05-23.19:04:33::SCWBDomain::"Running Make include in ps7_cortexa9_0/libsrc/coresightps_dcc_v1_10/src"

TRACE::2025-05-23.19:04:33::SCWBDomain::make -C ps7_cortexa9_0/libsrc/coresightps_dcc_v1_10/src -s include  "SHELL=CMD" "COMPILER=arm-none-eabi-gcc" "ASSEMBLER=arm-non
TRACE::2025-05-23.19:04:33::SCWBDomain::e-eabi-as" "ARCHIVER=arm-none-eabi-ar" "COMPILER_FLAGS=  -O2 -c" "EXTRA_COMPILER_FLAGS=-mcpu=cortex-a9 -mfpu=vfpv3 -mfloat-abi=
TRACE::2025-05-23.19:04:33::SCWBDomain::hard -nostartfiles -g -Wall -Wextra -fno-tree-loop-distribute-patterns"

TRACE::2025-05-23.19:04:33::SCWBDomain::"Running Make include in ps7_cortexa9_0/libsrc/cpu_cortexa9_v2_12/src"

TRACE::2025-05-23.19:04:33::SCWBDomain::make -C ps7_cortexa9_0/libsrc/cpu_cortexa9_v2_12/src -s include  "SHELL=CMD" "COMPILER=arm-none-eabi-gcc" "ASSEMBLER=arm-none-e
TRACE::2025-05-23.19:04:33::SCWBDomain::abi-as" "ARCHIVER=arm-none-eabi-ar" "COMPILER_FLAGS=  -O2 -c" "EXTRA_COMPILER_FLAGS=-mcpu=cortex-a9 -mfpu=vfpv3 -mfloat-abi=har
TRACE::2025-05-23.19:04:33::SCWBDomain::d -nostartfiles -g -Wall -Wextra -fno-tree-loop-distribute-patterns"

TRACE::2025-05-23.19:04:33::SCWBDomain::"Running Make include in ps7_cortexa9_0/libsrc/ddrps_v1_2/src"

TRACE::2025-05-23.19:04:33::SCWBDomain::make -C ps7_cortexa9_0/libsrc/ddrps_v1_2/src -s include  "SHELL=CMD" "COMPILER=arm-none-eabi-gcc" "ASSEMBLER=arm-none-eabi-as" 
TRACE::2025-05-23.19:04:33::SCWBDomain::"ARCHIVER=arm-none-eabi-ar" "COMPILER_FLAGS=  -O2 -c" "EXTRA_COMPILER_FLAGS=-mcpu=cortex-a9 -mfpu=vfpv3 -mfloat-abi=hard -nosta
TRACE::2025-05-23.19:04:33::SCWBDomain::rtfiles -g -Wall -Wextra -fno-tree-loop-distribute-patterns"

TRACE::2025-05-23.19:04:33::SCWBDomain::"Running Make include in ps7_cortexa9_0/libsrc/devcfg_v3_8/src"

TRACE::2025-05-23.19:04:33::SCWBDomain::make -C ps7_cortexa9_0/libsrc/devcfg_v3_8/src -s include  "SHELL=CMD" "COMPILER=arm-none-eabi-gcc" "ASSEMBLER=arm-none-eabi-as"
TRACE::2025-05-23.19:04:33::SCWBDomain:: "ARCHIVER=arm-none-eabi-ar" "COMPILER_FLAGS=  -O2 -c" "EXTRA_COMPILER_FLAGS=-mcpu=cortex-a9 -mfpu=vfpv3 -mfloat-abi=hard -nost
TRACE::2025-05-23.19:04:33::SCWBDomain::artfiles -g -Wall -Wextra -fno-tree-loop-distribute-patterns"

TRACE::2025-05-23.19:04:33::SCWBDomain::"Running Make include in ps7_cortexa9_0/libsrc/dmaps_v2_10/src"

TRACE::2025-05-23.19:04:33::SCWBDomain::make -C ps7_cortexa9_0/libsrc/dmaps_v2_10/src -s include  "SHELL=CMD" "COMPILER=arm-none-eabi-gcc" "ASSEMBLER=arm-none-eabi-as"
TRACE::2025-05-23.19:04:33::SCWBDomain:: "ARCHIVER=arm-none-eabi-ar" "COMPILER_FLAGS=  -O2 -c" "EXTRA_COMPILER_FLAGS=-mcpu=cortex-a9 -mfpu=vfpv3 -mfloat-abi=hard -nost
TRACE::2025-05-23.19:04:33::SCWBDomain::artfiles -g -Wall -Wextra -fno-tree-loop-distribute-patterns"

TRACE::2025-05-23.19:04:33::SCWBDomain::"Running Make include in ps7_cortexa9_0/libsrc/emacps_v3_20/src"

TRACE::2025-05-23.19:04:33::SCWBDomain::make -C ps7_cortexa9_0/libsrc/emacps_v3_20/src -s include  "SHELL=CMD" "COMPILER=arm-none-eabi-gcc" "ASSEMBLER=arm-none-eabi-as
TRACE::2025-05-23.19:04:33::SCWBDomain::" "ARCHIVER=arm-none-eabi-ar" "COMPILER_FLAGS=  -O2 -c" "EXTRA_COMPILER_FLAGS=-mcpu=cortex-a9 -mfpu=vfpv3 -mfloat-abi=hard -nos
TRACE::2025-05-23.19:04:33::SCWBDomain::tartfiles -g -Wall -Wextra -fno-tree-loop-distribute-patterns"

TRACE::2025-05-23.19:04:33::SCWBDomain::"Running Make include in ps7_cortexa9_0/libsrc/gpiops_v3_13/src"

TRACE::2025-05-23.19:04:33::SCWBDomain::make -C ps7_cortexa9_0/libsrc/gpiops_v3_13/src -s include  "SHELL=CMD" "COMPILER=arm-none-eabi-gcc" "ASSEMBLER=arm-none-eabi-as
TRACE::2025-05-23.19:04:33::SCWBDomain::" "ARCHIVER=arm-none-eabi-ar" "COMPILER_FLAGS=  -O2 -c" "EXTRA_COMPILER_FLAGS=-mcpu=cortex-a9 -mfpu=vfpv3 -mfloat-abi=hard -nos
TRACE::2025-05-23.19:04:33::SCWBDomain::tartfiles -g -Wall -Wextra -fno-tree-loop-distribute-patterns"

TRACE::2025-05-23.19:04:33::SCWBDomain::"Running Make include in ps7_cortexa9_0/libsrc/gpio_v4_11/src"

TRACE::2025-05-23.19:04:33::SCWBDomain::make -C ps7_cortexa9_0/libsrc/gpio_v4_11/src -s include  "SHELL=CMD" "COMPILER=arm-none-eabi-gcc" "ASSEMBLER=arm-none-eabi-as" 
TRACE::2025-05-23.19:04:33::SCWBDomain::"ARCHIVER=arm-none-eabi-ar" "COMPILER_FLAGS=  -O2 -c" "EXTRA_COMPILER_FLAGS=-mcpu=cortex-a9 -mfpu=vfpv3 -mfloat-abi=hard -nosta
TRACE::2025-05-23.19:04:33::SCWBDomain::rtfiles -g -Wall -Wextra -fno-tree-loop-distribute-patterns"

TRACE::2025-05-23.19:04:33::SCWBDomain::"Running Make include in ps7_cortexa9_0/libsrc/iic_v3_11/src"

TRACE::2025-05-23.19:04:33::SCWBDomain::make -C ps7_cortexa9_0/libsrc/iic_v3_11/src -s include  "SHELL=CMD" "COMPILER=arm-none-eabi-gcc" "ASSEMBLER=arm-none-eabi-as" "
TRACE::2025-05-23.19:04:33::SCWBDomain::ARCHIVER=arm-none-eabi-ar" "COMPILER_FLAGS=  -O2 -c" "EXTRA_COMPILER_FLAGS=-mcpu=cortex-a9 -mfpu=vfpv3 -mfloat-abi=hard -nostar
TRACE::2025-05-23.19:04:33::SCWBDomain::tfiles -g -Wall -Wextra -fno-tree-loop-distribute-patterns"

TRACE::2025-05-23.19:04:33::SCWBDomain::"Running Make include in ps7_cortexa9_0/libsrc/Motor_DriverIP_v1_0/src"

TRACE::2025-05-23.19:04:33::SCWBDomain::make -C ps7_cortexa9_0/libsrc/Motor_DriverIP_v1_0/src -s include  "SHELL=CMD" "COMPILER=arm-none-eabi-gcc" "ASSEMBLER=arm-none-
TRACE::2025-05-23.19:04:33::SCWBDomain::eabi-as" "ARCHIVER=arm-none-eabi-ar" "COMPILER_FLAGS=  -O2 -c" "EXTRA_COMPILER_FLAGS=-mcpu=cortex-a9 -mfpu=vfpv3 -mfloat-abi=ha
TRACE::2025-05-23.19:04:33::SCWBDomain::rd -nostartfiles -g -Wall -Wextra -fno-tree-loop-distribute-patterns"

TRACE::2025-05-23.19:04:33::SCWBDomain::"Running Make include in ps7_cortexa9_0/libsrc/qspips_v3_12/src"

TRACE::2025-05-23.19:04:33::SCWBDomain::make -C ps7_cortexa9_0/libsrc/qspips_v3_12/src -s include  "SHELL=CMD" "COMPILER=arm-none-eabi-gcc" "ASSEMBLER=arm-none-eabi-as
TRACE::2025-05-23.19:04:33::SCWBDomain::" "ARCHIVER=arm-none-eabi-ar" "COMPILER_FLAGS=  -O2 -c" "EXTRA_COMPILER_FLAGS=-mcpu=cortex-a9 -mfpu=vfpv3 -mfloat-abi=hard -nos
TRACE::2025-05-23.19:04:33::SCWBDomain::tartfiles -g -Wall -Wextra -fno-tree-loop-distribute-patterns"

TRACE::2025-05-23.19:04:33::SCWBDomain::"Running Make include in ps7_cortexa9_0/libsrc/scugic_v5_3/src"

TRACE::2025-05-23.19:04:33::SCWBDomain::make -C ps7_cortexa9_0/libsrc/scugic_v5_3/src -s include  "SHELL=CMD" "COMPILER=arm-none-eabi-gcc" "ASSEMBLER=arm-none-eabi-as"
TRACE::2025-05-23.19:04:33::SCWBDomain:: "ARCHIVER=arm-none-eabi-ar" "COMPILER_FLAGS=  -O2 -c" "EXTRA_COMPILER_FLAGS=-mcpu=cortex-a9 -mfpu=vfpv3 -mfloat-abi=hard -nost
TRACE::2025-05-23.19:04:33::SCWBDomain::artfiles -g -Wall -Wextra -fno-tree-loop-distribute-patterns"

TRACE::2025-05-23.19:04:33::SCWBDomain::"Running Make include in ps7_cortexa9_0/libsrc/scutimer_v2_6/src"

TRACE::2025-05-23.19:04:33::SCWBDomain::make -C ps7_cortexa9_0/libsrc/scutimer_v2_6/src -s include  "SHELL=CMD" "COMPILER=arm-none-eabi-gcc" "ASSEMBLER=arm-none-eabi-a
TRACE::2025-05-23.19:04:33::SCWBDomain::s" "ARCHIVER=arm-none-eabi-ar" "COMPILER_FLAGS=  -O2 -c" "EXTRA_COMPILER_FLAGS=-mcpu=cortex-a9 -mfpu=vfpv3 -mfloat-abi=hard -no
TRACE::2025-05-23.19:04:33::SCWBDomain::startfiles -g -Wall -Wextra -fno-tree-loop-distribute-patterns"

TRACE::2025-05-23.19:04:33::SCWBDomain::"Running Make include in ps7_cortexa9_0/libsrc/scuwdt_v2_5/src"

TRACE::2025-05-23.19:04:33::SCWBDomain::make -C ps7_cortexa9_0/libsrc/scuwdt_v2_5/src -s include  "SHELL=CMD" "COMPILER=arm-none-eabi-gcc" "ASSEMBLER=arm-none-eabi-as"
TRACE::2025-05-23.19:04:33::SCWBDomain:: "ARCHIVER=arm-none-eabi-ar" "COMPILER_FLAGS=  -O2 -c" "EXTRA_COMPILER_FLAGS=-mcpu=cortex-a9 -mfpu=vfpv3 -mfloat-abi=hard -nost
TRACE::2025-05-23.19:04:33::SCWBDomain::artfiles -g -Wall -Wextra -fno-tree-loop-distribute-patterns"

TRACE::2025-05-23.19:04:33::SCWBDomain::"Running Make include in ps7_cortexa9_0/libsrc/sdps_v4_3/src"

TRACE::2025-05-23.19:04:33::SCWBDomain::make -C ps7_cortexa9_0/libsrc/sdps_v4_3/src -s include  "SHELL=CMD" "COMPILER=arm-none-eabi-gcc" "ASSEMBLER=arm-none-eabi-as" "
TRACE::2025-05-23.19:04:33::SCWBDomain::ARCHIVER=arm-none-eabi-ar" "COMPILER_FLAGS=  -O2 -c" "EXTRA_COMPILER_FLAGS=-mcpu=cortex-a9 -mfpu=vfpv3 -mfloat-abi=hard -nostar
TRACE::2025-05-23.19:04:33::SCWBDomain::tfiles -g -Wall -Wextra -fno-tree-loop-distribute-patterns"

TRACE::2025-05-23.19:04:33::SCWBDomain::"Running Make include in ps7_cortexa9_0/libsrc/SpeedSensor_Driver_IP_v1_0/src"

TRACE::2025-05-23.19:04:33::SCWBDomain::make -C ps7_cortexa9_0/libsrc/SpeedSensor_Driver_IP_v1_0/src -s include  "SHELL=CMD" "COMPILER=arm-none-eabi-gcc" "ASSEMBLER=ar
TRACE::2025-05-23.19:04:33::SCWBDomain::m-none-eabi-as" "ARCHIVER=arm-none-eabi-ar" "COMPILER_FLAGS=  -O2 -c" "EXTRA_COMPILER_FLAGS=-mcpu=cortex-a9 -mfpu=vfpv3 -mfloat
TRACE::2025-05-23.19:04:33::SCWBDomain::-abi=hard -nostartfiles -g -Wall -Wextra -fno-tree-loop-distribute-patterns"

TRACE::2025-05-23.19:04:33::SCWBDomain::"Running Make include in ps7_cortexa9_0/libsrc/standalone_v9_1/src"

TRACE::2025-05-23.19:04:33::SCWBDomain::make -C ps7_cortexa9_0/libsrc/standalone_v9_1/src -s include  "SHELL=CMD" "COMPILER=arm-none-eabi-gcc" "ASSEMBLER=arm-none-eabi
TRACE::2025-05-23.19:04:33::SCWBDomain::-as" "ARCHIVER=arm-none-eabi-ar" "COMPILER_FLAGS=  -O2 -c" "EXTRA_COMPILER_FLAGS=-mcpu=cortex-a9 -mfpu=vfpv3 -mfloat-abi=hard -
TRACE::2025-05-23.19:04:33::SCWBDomain::nostartfiles -g -Wall -Wextra -fno-tree-loop-distribute-patterns"

TRACE::2025-05-23.19:04:33::SCWBDomain::"Running Make include in ps7_cortexa9_0/libsrc/tmrctr_v4_12/src"

TRACE::2025-05-23.19:04:33::SCWBDomain::make -C ps7_cortexa9_0/libsrc/tmrctr_v4_12/src -s include  "SHELL=CMD" "COMPILER=arm-none-eabi-gcc" "ASSEMBLER=arm-none-eabi-as
TRACE::2025-05-23.19:04:33::SCWBDomain::" "ARCHIVER=arm-none-eabi-ar" "COMPILER_FLAGS=  -O2 -c" "EXTRA_COMPILER_FLAGS=-mcpu=cortex-a9 -mfpu=vfpv3 -mfloat-abi=hard -nos
TRACE::2025-05-23.19:04:33::SCWBDomain::tartfiles -g -Wall -Wextra -fno-tree-loop-distribute-patterns"

TRACE::2025-05-23.19:04:33::SCWBDomain::"Running Make include in ps7_cortexa9_0/libsrc/uartps_v3_14/src"

TRACE::2025-05-23.19:04:33::SCWBDomain::make -C ps7_cortexa9_0/libsrc/uartps_v3_14/src -s include  "SHELL=CMD" "COMPILER=arm-none-eabi-gcc" "ASSEMBLER=arm-none-eabi-as
TRACE::2025-05-23.19:04:33::SCWBDomain::" "ARCHIVER=arm-none-eabi-ar" "COMPILER_FLAGS=  -O2 -c" "EXTRA_COMPILER_FLAGS=-mcpu=cortex-a9 -mfpu=vfpv3 -mfloat-abi=hard -nos
TRACE::2025-05-23.19:04:33::SCWBDomain::tartfiles -g -Wall -Wextra -fno-tree-loop-distribute-patterns"

TRACE::2025-05-23.19:04:33::SCWBDomain::"Running Make include in ps7_cortexa9_0/libsrc/ultrasoneIP_v1_0/src"

TRACE::2025-05-23.19:04:33::SCWBDomain::make -C ps7_cortexa9_0/libsrc/ultrasoneIP_v1_0/src -s include  "SHELL=CMD" "COMPILER=arm-none-eabi-gcc" "ASSEMBLER=arm-none-eab
TRACE::2025-05-23.19:04:33::SCWBDomain::i-as" "ARCHIVER=arm-none-eabi-ar" "COMPILER_FLAGS=  -O2 -c" "EXTRA_COMPILER_FLAGS=-mcpu=cortex-a9 -mfpu=vfpv3 -mfloat-abi=hard 
TRACE::2025-05-23.19:04:33::SCWBDomain::-nostartfiles -g -Wall -Wextra -fno-tree-loop-distribute-patterns"

TRACE::2025-05-23.19:04:33::SCWBDomain::"Running Make include in ps7_cortexa9_0/libsrc/usbps_v2_9/src"

TRACE::2025-05-23.19:04:33::SCWBDomain::make -C ps7_cortexa9_0/libsrc/usbps_v2_9/src -s include  "SHELL=CMD" "COMPILER=arm-none-eabi-gcc" "ASSEMBLER=arm-none-eabi-as" 
TRACE::2025-05-23.19:04:33::SCWBDomain::"ARCHIVER=arm-none-eabi-ar" "COMPILER_FLAGS=  -O2 -c" "EXTRA_COMPILER_FLAGS=-mcpu=cortex-a9 -mfpu=vfpv3 -mfloat-abi=hard -nosta
TRACE::2025-05-23.19:04:33::SCWBDomain::rtfiles -g -Wall -Wextra -fno-tree-loop-distribute-patterns"

TRACE::2025-05-23.19:04:33::SCWBDomain::"Running Make include in ps7_cortexa9_0/libsrc/xadcps_v2_7/src"

TRACE::2025-05-23.19:04:33::SCWBDomain::make -C ps7_cortexa9_0/libsrc/xadcps_v2_7/src -s include  "SHELL=CMD" "COMPILER=arm-none-eabi-gcc" "ASSEMBLER=arm-none-eabi-as"
TRACE::2025-05-23.19:04:33::SCWBDomain:: "ARCHIVER=arm-none-eabi-ar" "COMPILER_FLAGS=  -O2 -c" "EXTRA_COMPILER_FLAGS=-mcpu=cortex-a9 -mfpu=vfpv3 -mfloat-abi=hard -nost
TRACE::2025-05-23.19:04:33::SCWBDomain::artfiles -g -Wall -Wextra -fno-tree-loop-distribute-patterns"

TRACE::2025-05-23.19:04:33::SCWBDomain::"Running Make include in ps7_cortexa9_0/libsrc/xilffs_v5_2/src"

TRACE::2025-05-23.19:04:33::SCWBDomain::make -C ps7_cortexa9_0/libsrc/xilffs_v5_2/src -s include  "SHELL=CMD" "COMPILER=arm-none-eabi-gcc" "ASSEMBLER=arm-none-eabi-as"
TRACE::2025-05-23.19:04:33::SCWBDomain:: "ARCHIVER=arm-none-eabi-ar" "COMPILER_FLAGS=  -O2 -c" "EXTRA_COMPILER_FLAGS=-mcpu=cortex-a9 -mfpu=vfpv3 -mfloat-abi=hard -nost
TRACE::2025-05-23.19:04:33::SCWBDomain::artfiles -g -Wall -Wextra -fno-tree-loop-distribute-patterns"

TRACE::2025-05-23.19:04:33::SCWBDomain::"Running Make include in ps7_cortexa9_0/libsrc/xilrsa_v1_8/src"

TRACE::2025-05-23.19:04:33::SCWBDomain::make -C ps7_cortexa9_0/libsrc/xilrsa_v1_8/src -s include  "SHELL=CMD" "COMPILER=arm-none-eabi-gcc" "ASSEMBLER=arm-none-eabi-as"
TRACE::2025-05-23.19:04:33::SCWBDomain:: "ARCHIVER=arm-none-eabi-ar" "COMPILER_FLAGS=  -O2 -c" "EXTRA_COMPILER_FLAGS=-mcpu=cortex-a9 -mfpu=vfpv3 -mfloat-abi=hard -nost
TRACE::2025-05-23.19:04:33::SCWBDomain::artfiles -g -Wall -Wextra -fno-tree-loop-distribute-patterns"

TRACE::2025-05-23.19:04:33::SCWBDomain::"Running Make libs in ps7_cortexa9_0/libsrc/coresightps_dcc_v1_10/src"

TRACE::2025-05-23.19:04:33::SCWBDomain::make -C ps7_cortexa9_0/libsrc/coresightps_dcc_v1_10/src -s libs  "SHELL=CMD" "COMPILER=arm-none-eabi-gcc" "ASSEMBLER=arm-none-e
TRACE::2025-05-23.19:04:33::SCWBDomain::abi-as" "ARCHIVER=arm-none-eabi-ar" "COMPILER_FLAGS=  -O2 -c" "EXTRA_COMPILER_FLAGS=-mcpu=cortex-a9 -mfpu=vfpv3 -mfloat-abi=har
TRACE::2025-05-23.19:04:33::SCWBDomain::d -nostartfiles -g -Wall -Wextra -fno-tree-loop-distribute-patterns"

TRACE::2025-05-23.19:04:33::SCWBDomain::"Running Make libs in ps7_cortexa9_0/libsrc/cpu_cortexa9_v2_12/src"

TRACE::2025-05-23.19:04:33::SCWBDomain::make -C ps7_cortexa9_0/libsrc/cpu_cortexa9_v2_12/src -s libs  "SHELL=CMD" "COMPILER=arm-none-eabi-gcc" "ASSEMBLER=arm-none-eabi
TRACE::2025-05-23.19:04:33::SCWBDomain::-as" "ARCHIVER=arm-none-eabi-ar" "COMPILER_FLAGS=  -O2 -c" "EXTRA_COMPILER_FLAGS=-mcpu=cortex-a9 -mfpu=vfpv3 -mfloat-abi=hard -
TRACE::2025-05-23.19:04:33::SCWBDomain::nostartfiles -g -Wall -Wextra -fno-tree-loop-distribute-patterns"

TRACE::2025-05-23.19:04:33::SCWBDomain::"Running Make libs in ps7_cortexa9_0/libsrc/ddrps_v1_2/src"

TRACE::2025-05-23.19:04:33::SCWBDomain::make -C ps7_cortexa9_0/libsrc/ddrps_v1_2/src -s libs  "SHELL=CMD" "COMPILER=arm-none-eabi-gcc" "ASSEMBLER=arm-none-eabi-as" "AR
TRACE::2025-05-23.19:04:33::SCWBDomain::CHIVER=arm-none-eabi-ar" "COMPILER_FLAGS=  -O2 -c" "EXTRA_COMPILER_FLAGS=-mcpu=cortex-a9 -mfpu=vfpv3 -mfloat-abi=hard -nostartf
TRACE::2025-05-23.19:04:33::SCWBDomain::iles -g -Wall -Wextra -fno-tree-loop-distribute-patterns"

TRACE::2025-05-23.19:04:33::SCWBDomain::"Running Make libs in ps7_cortexa9_0/libsrc/devcfg_v3_8/src"

TRACE::2025-05-23.19:04:33::SCWBDomain::make -C ps7_cortexa9_0/libsrc/devcfg_v3_8/src -s libs  "SHELL=CMD" "COMPILER=arm-none-eabi-gcc" "ASSEMBLER=arm-none-eabi-as" "A
TRACE::2025-05-23.19:04:33::SCWBDomain::RCHIVER=arm-none-eabi-ar" "COMPILER_FLAGS=  -O2 -c" "EXTRA_COMPILER_FLAGS=-mcpu=cortex-a9 -mfpu=vfpv3 -mfloat-abi=hard -nostart
TRACE::2025-05-23.19:04:33::SCWBDomain::files -g -Wall -Wextra -fno-tree-loop-distribute-patterns"

TRACE::2025-05-23.19:04:33::SCWBDomain::"Running Make libs in ps7_cortexa9_0/libsrc/dmaps_v2_10/src"

TRACE::2025-05-23.19:04:33::SCWBDomain::make -C ps7_cortexa9_0/libsrc/dmaps_v2_10/src -s libs  "SHELL=CMD" "COMPILER=arm-none-eabi-gcc" "ASSEMBLER=arm-none-eabi-as" "A
TRACE::2025-05-23.19:04:33::SCWBDomain::RCHIVER=arm-none-eabi-ar" "COMPILER_FLAGS=  -O2 -c" "EXTRA_COMPILER_FLAGS=-mcpu=cortex-a9 -mfpu=vfpv3 -mfloat-abi=hard -nostart
TRACE::2025-05-23.19:04:33::SCWBDomain::files -g -Wall -Wextra -fno-tree-loop-distribute-patterns"

TRACE::2025-05-23.19:04:33::SCWBDomain::"Running Make libs in ps7_cortexa9_0/libsrc/emacps_v3_20/src"

TRACE::2025-05-23.19:04:33::SCWBDomain::make -C ps7_cortexa9_0/libsrc/emacps_v3_20/src -s libs  "SHELL=CMD" "COMPILER=arm-none-eabi-gcc" "ASSEMBLER=arm-none-eabi-as" "
TRACE::2025-05-23.19:04:33::SCWBDomain::ARCHIVER=arm-none-eabi-ar" "COMPILER_FLAGS=  -O2 -c" "EXTRA_COMPILER_FLAGS=-mcpu=cortex-a9 -mfpu=vfpv3 -mfloat-abi=hard -nostar
TRACE::2025-05-23.19:04:33::SCWBDomain::tfiles -g -Wall -Wextra -fno-tree-loop-distribute-patterns"

TRACE::2025-05-23.19:04:33::SCWBDomain::"Running Make libs in ps7_cortexa9_0/libsrc/gpiops_v3_13/src"

TRACE::2025-05-23.19:04:33::SCWBDomain::make -C ps7_cortexa9_0/libsrc/gpiops_v3_13/src -s libs  "SHELL=CMD" "COMPILER=arm-none-eabi-gcc" "ASSEMBLER=arm-none-eabi-as" "
TRACE::2025-05-23.19:04:33::SCWBDomain::ARCHIVER=arm-none-eabi-ar" "COMPILER_FLAGS=  -O2 -c" "EXTRA_COMPILER_FLAGS=-mcpu=cortex-a9 -mfpu=vfpv3 -mfloat-abi=hard -nostar
TRACE::2025-05-23.19:04:33::SCWBDomain::tfiles -g -Wall -Wextra -fno-tree-loop-distribute-patterns"

TRACE::2025-05-23.19:04:33::SCWBDomain::"Running Make libs in ps7_cortexa9_0/libsrc/gpio_v4_11/src"

TRACE::2025-05-23.19:04:33::SCWBDomain::make -C ps7_cortexa9_0/libsrc/gpio_v4_11/src -s libs  "SHELL=CMD" "COMPILER=arm-none-eabi-gcc" "ASSEMBLER=arm-none-eabi-as" "AR
TRACE::2025-05-23.19:04:33::SCWBDomain::CHIVER=arm-none-eabi-ar" "COMPILER_FLAGS=  -O2 -c" "EXTRA_COMPILER_FLAGS=-mcpu=cortex-a9 -mfpu=vfpv3 -mfloat-abi=hard -nostartf
TRACE::2025-05-23.19:04:33::SCWBDomain::iles -g -Wall -Wextra -fno-tree-loop-distribute-patterns"

TRACE::2025-05-23.19:04:33::SCWBDomain::"Running Make libs in ps7_cortexa9_0/libsrc/iic_v3_11/src"

TRACE::2025-05-23.19:04:33::SCWBDomain::make -C ps7_cortexa9_0/libsrc/iic_v3_11/src -s libs  "SHELL=CMD" "COMPILER=arm-none-eabi-gcc" "ASSEMBLER=arm-none-eabi-as" "ARC
TRACE::2025-05-23.19:04:33::SCWBDomain::HIVER=arm-none-eabi-ar" "COMPILER_FLAGS=  -O2 -c" "EXTRA_COMPILER_FLAGS=-mcpu=cortex-a9 -mfpu=vfpv3 -mfloat-abi=hard -nostartfi
TRACE::2025-05-23.19:04:33::SCWBDomain::les -g -Wall -Wextra -fno-tree-loop-distribute-patterns"

TRACE::2025-05-23.19:04:33::SCWBDomain::"Running Make libs in ps7_cortexa9_0/libsrc/qspips_v3_12/src"

TRACE::2025-05-23.19:04:33::SCWBDomain::make -C ps7_cortexa9_0/libsrc/qspips_v3_12/src -s libs  "SHELL=CMD" "COMPILER=arm-none-eabi-gcc" "ASSEMBLER=arm-none-eabi-as" "
TRACE::2025-05-23.19:04:33::SCWBDomain::ARCHIVER=arm-none-eabi-ar" "COMPILER_FLAGS=  -O2 -c" "EXTRA_COMPILER_FLAGS=-mcpu=cortex-a9 -mfpu=vfpv3 -mfloat-abi=hard -nostar
TRACE::2025-05-23.19:04:33::SCWBDomain::tfiles -g -Wall -Wextra -fno-tree-loop-distribute-patterns"

TRACE::2025-05-23.19:04:33::SCWBDomain::"Running Make libs in ps7_cortexa9_0/libsrc/scugic_v5_3/src"

TRACE::2025-05-23.19:04:33::SCWBDomain::make -C ps7_cortexa9_0/libsrc/scugic_v5_3/src -s libs  "SHELL=CMD" "COMPILER=arm-none-eabi-gcc" "ASSEMBLER=arm-none-eabi-as" "A
TRACE::2025-05-23.19:04:33::SCWBDomain::RCHIVER=arm-none-eabi-ar" "COMPILER_FLAGS=  -O2 -c" "EXTRA_COMPILER_FLAGS=-mcpu=cortex-a9 -mfpu=vfpv3 -mfloat-abi=hard -nostart
TRACE::2025-05-23.19:04:33::SCWBDomain::files -g -Wall -Wextra -fno-tree-loop-distribute-patterns"

TRACE::2025-05-23.19:04:33::SCWBDomain::"Running Make libs in ps7_cortexa9_0/libsrc/scutimer_v2_6/src"

TRACE::2025-05-23.19:04:33::SCWBDomain::make -C ps7_cortexa9_0/libsrc/scutimer_v2_6/src -s libs  "SHELL=CMD" "COMPILER=arm-none-eabi-gcc" "ASSEMBLER=arm-none-eabi-as" 
TRACE::2025-05-23.19:04:33::SCWBDomain::"ARCHIVER=arm-none-eabi-ar" "COMPILER_FLAGS=  -O2 -c" "EXTRA_COMPILER_FLAGS=-mcpu=cortex-a9 -mfpu=vfpv3 -mfloat-abi=hard -nosta
TRACE::2025-05-23.19:04:33::SCWBDomain::rtfiles -g -Wall -Wextra -fno-tree-loop-distribute-patterns"

TRACE::2025-05-23.19:04:33::SCWBDomain::"Running Make libs in ps7_cortexa9_0/libsrc/scuwdt_v2_5/src"

TRACE::2025-05-23.19:04:33::SCWBDomain::make -C ps7_cortexa9_0/libsrc/scuwdt_v2_5/src -s libs  "SHELL=CMD" "COMPILER=arm-none-eabi-gcc" "ASSEMBLER=arm-none-eabi-as" "A
TRACE::2025-05-23.19:04:33::SCWBDomain::RCHIVER=arm-none-eabi-ar" "COMPILER_FLAGS=  -O2 -c" "EXTRA_COMPILER_FLAGS=-mcpu=cortex-a9 -mfpu=vfpv3 -mfloat-abi=hard -nostart
TRACE::2025-05-23.19:04:33::SCWBDomain::files -g -Wall -Wextra -fno-tree-loop-distribute-patterns"

TRACE::2025-05-23.19:04:33::SCWBDomain::"Running Make libs in ps7_cortexa9_0/libsrc/sdps_v4_3/src"

TRACE::2025-05-23.19:04:33::SCWBDomain::make -C ps7_cortexa9_0/libsrc/sdps_v4_3/src -s libs  "SHELL=CMD" "COMPILER=arm-none-eabi-gcc" "ASSEMBLER=arm-none-eabi-as" "ARC
TRACE::2025-05-23.19:04:33::SCWBDomain::HIVER=arm-none-eabi-ar" "COMPILER_FLAGS=  -O2 -c" "EXTRA_COMPILER_FLAGS=-mcpu=cortex-a9 -mfpu=vfpv3 -mfloat-abi=hard -nostartfi
TRACE::2025-05-23.19:04:33::SCWBDomain::les -g -Wall -Wextra -fno-tree-loop-distribute-patterns"

TRACE::2025-05-23.19:04:33::SCWBDomain::"Running Make libs in ps7_cortexa9_0/libsrc/standalone_v9_1/src"

TRACE::2025-05-23.19:04:33::SCWBDomain::make -C ps7_cortexa9_0/libsrc/standalone_v9_1/src -s libs  "SHELL=CMD" "COMPILER=arm-none-eabi-gcc" "ASSEMBLER=arm-none-eabi-as
TRACE::2025-05-23.19:04:33::SCWBDomain::" "ARCHIVER=arm-none-eabi-ar" "COMPILER_FLAGS=  -O2 -c" "EXTRA_COMPILER_FLAGS=-mcpu=cortex-a9 -mfpu=vfpv3 -mfloat-abi=hard -nos
TRACE::2025-05-23.19:04:33::SCWBDomain::tartfiles -g -Wall -Wextra -fno-tree-loop-distribute-patterns"

TRACE::2025-05-23.19:04:33::SCWBDomain::"Running Make libs in ps7_cortexa9_0/libsrc/tmrctr_v4_12/src"

TRACE::2025-05-23.19:04:33::SCWBDomain::make -C ps7_cortexa9_0/libsrc/tmrctr_v4_12/src -s libs  "SHELL=CMD" "COMPILER=arm-none-eabi-gcc" "ASSEMBLER=arm-none-eabi-as" "
TRACE::2025-05-23.19:04:33::SCWBDomain::ARCHIVER=arm-none-eabi-ar" "COMPILER_FLAGS=  -O2 -c" "EXTRA_COMPILER_FLAGS=-mcpu=cortex-a9 -mfpu=vfpv3 -mfloat-abi=hard -nostar
TRACE::2025-05-23.19:04:33::SCWBDomain::tfiles -g -Wall -Wextra -fno-tree-loop-distribute-patterns"

TRACE::2025-05-23.19:04:33::SCWBDomain::"Running Make libs in ps7_cortexa9_0/libsrc/uartps_v3_14/src"

TRACE::2025-05-23.19:04:33::SCWBDomain::make -C ps7_cortexa9_0/libsrc/uartps_v3_14/src -s libs  "SHELL=CMD" "COMPILER=arm-none-eabi-gcc" "ASSEMBLER=arm-none-eabi-as" "
TRACE::2025-05-23.19:04:33::SCWBDomain::ARCHIVER=arm-none-eabi-ar" "COMPILER_FLAGS=  -O2 -c" "EXTRA_COMPILER_FLAGS=-mcpu=cortex-a9 -mfpu=vfpv3 -mfloat-abi=hard -nostar
TRACE::2025-05-23.19:04:33::SCWBDomain::tfiles -g -Wall -Wextra -fno-tree-loop-distribute-patterns"

TRACE::2025-05-23.19:04:33::SCWBDomain::"Running Make libs in ps7_cortexa9_0/libsrc/usbps_v2_9/src"

TRACE::2025-05-23.19:04:33::SCWBDomain::make -C ps7_cortexa9_0/libsrc/usbps_v2_9/src -s libs  "SHELL=CMD" "COMPILER=arm-none-eabi-gcc" "ASSEMBLER=arm-none-eabi-as" "AR
TRACE::2025-05-23.19:04:33::SCWBDomain::CHIVER=arm-none-eabi-ar" "COMPILER_FLAGS=  -O2 -c" "EXTRA_COMPILER_FLAGS=-mcpu=cortex-a9 -mfpu=vfpv3 -mfloat-abi=hard -nostartf
TRACE::2025-05-23.19:04:33::SCWBDomain::iles -g -Wall -Wextra -fno-tree-loop-distribute-patterns"

TRACE::2025-05-23.19:04:33::SCWBDomain::"Running Make libs in ps7_cortexa9_0/libsrc/xadcps_v2_7/src"

TRACE::2025-05-23.19:04:33::SCWBDomain::make -C ps7_cortexa9_0/libsrc/xadcps_v2_7/src -s libs  "SHELL=CMD" "COMPILER=arm-none-eabi-gcc" "ASSEMBLER=arm-none-eabi-as" "A
TRACE::2025-05-23.19:04:33::SCWBDomain::RCHIVER=arm-none-eabi-ar" "COMPILER_FLAGS=  -O2 -c" "EXTRA_COMPILER_FLAGS=-mcpu=cortex-a9 -mfpu=vfpv3 -mfloat-abi=hard -nostart
TRACE::2025-05-23.19:04:33::SCWBDomain::files -g -Wall -Wextra -fno-tree-loop-distribute-patterns"

TRACE::2025-05-23.19:04:33::SCWBDomain::"Running Make libs in ps7_cortexa9_0/libsrc/xilffs_v5_2/src"

TRACE::2025-05-23.19:04:33::SCWBDomain::make -C ps7_cortexa9_0/libsrc/xilffs_v5_2/src -s libs  "SHELL=CMD" "COMPILER=arm-none-eabi-gcc" "ASSEMBLER=arm-none-eabi-as" "A
TRACE::2025-05-23.19:04:33::SCWBDomain::RCHIVER=arm-none-eabi-ar" "COMPILER_FLAGS=  -O2 -c" "EXTRA_COMPILER_FLAGS=-mcpu=cortex-a9 -mfpu=vfpv3 -mfloat-abi=hard -nostart
TRACE::2025-05-23.19:04:33::SCWBDomain::files -g -Wall -Wextra -fno-tree-loop-distribute-patterns"

TRACE::2025-05-23.19:04:34::SCWBDomain::'Finished building libraries parallelly.'

TRACE::2025-05-23.19:04:34::SCWBDomain::make --no-print-directory archive

TRACE::2025-05-23.19:04:34::SCWBDomain::arm-none-eabi-ar -r  ps7_cortexa9_0/lib/libxil.a ps7_cortexa9_0/lib/Motor_DriverIP.o ps7_cortexa9_0/lib/Motor_DriverIP_selftest
TRACE::2025-05-23.19:04:34::SCWBDomain::.o ps7_cortexa9_0/lib/SpeedSensor_Driver_IP.o ps7_cortexa9_0/lib/SpeedSensor_Driver_IP_selftest.o ps7_cortexa9_0/lib/_exit.o ps
TRACE::2025-05-23.19:04:34::SCWBDomain::7_cortexa9_0/lib/_open.o ps7_cortexa9_0/lib/_sbrk.o ps7_cortexa9_0/lib/abort.o ps7_cortexa9_0/lib/asm_vectors.o ps7_cortexa9_0/
TRACE::2025-05-23.19:04:34::SCWBDomain::lib/boot.o ps7_cortexa9_0/lib/close.o ps7_cortexa9_0/lib/cpputest_time.o ps7_cortexa9_0/lib/cpu_init.o ps7_cortexa9_0/lib/errno
TRACE::2025-05-23.19:04:34::SCWBDomain::.o ps7_cortexa9_0/lib/fcntl.o ps7_cortexa9_0/lib/fstat.o ps7_cortexa9_0/lib/getentropy.o ps7_cortexa9_0/lib/getpid.o ps7_cortex
TRACE::2025-05-23.19:04:34::SCWBDomain::a9_0/lib/inbyte.o ps7_cortexa9_0/lib/isatty.o ps7_cortexa9_0/lib/kill.o ps7_cortexa9_0/lib/lseek.o ps7_cortexa9_0/lib/open.o ps
TRACE::2025-05-23.19:04:34::SCWBDomain::7_cortexa9_0/lib/outbyte.o ps7_cortexa9_0/lib/print.o ps7_cortexa9_0/lib/putnum.o ps7_cortexa9_0/lib/read.o ps7_cortexa9_0/lib/
TRACE::2025-05-23.19:04:34::SCWBDomain::sbrk.o ps7_cortexa9_0/lib/sleep.o ps7_cortexa9_0/lib/time.o ps7_cortexa9_0/lib/translation_table.o ps7_cortexa9_0/lib/ultrasone
TRACE::2025-05-23.19:04:34::SCWBDomain::IP.o ps7_cortexa9_0/lib/ultrasoneIP_selftest.o ps7_cortexa9_0/lib/unlink.o ps7_cortexa9_0/lib/usleep.o ps7_cortexa9_0/lib/vecto
TRACE::2025-05-23.19:04:34::SCWBDomain::rs.o ps7_cortexa9_0/lib/write.o ps7_cortexa9_0/lib/xadcps.o ps7_cortexa9_0/lib/xadcps_g.o ps7_cortexa9_0/lib/xadcps_intr.o ps7_
TRACE::2025-05-23.19:04:34::SCWBDomain::cortexa9_0/lib/xadcps_selftest.o ps7_cortexa9_0/lib/xadcps_sinit.o ps7_cortexa9_0/lib/xcoresightpsdcc.o ps7_cortexa9_0/lib/xdev
TRACE::2025-05-23.19:04:34::SCWBDomain::cfg.o ps7_cortexa9_0/lib/xdevcfg_g.o ps7_cortexa9_0/lib/xdevcfg_hw.o ps7_cortexa9_0/lib/xdevcfg_intr.o ps7_cortexa9_0/lib/xdevc
TRACE::2025-05-23.19:04:34::SCWBDomain::fg_selftest.o ps7_cortexa9_0/lib/xdevcfg_sinit.o ps7_cortexa9_0/lib/xdmaps.o ps7_cortexa9_0/lib/xdmaps_g.o ps7_cortexa9_0/lib/x
TRACE::2025-05-23.19:04:34::SCWBDomain::dmaps_hw.o ps7_cortexa9_0/lib/xdmaps_selftest.o ps7_cortexa9_0/lib/xdmaps_sinit.o ps7_cortexa9_0/lib/xemacps.o ps7_cortexa9_0/l
TRACE::2025-05-23.19:04:34::SCWBDomain::ib/xemacps_bdring.o ps7_cortexa9_0/lib/xemacps_control.o ps7_cortexa9_0/lib/xemacps_g.o ps7_cortexa9_0/lib/xemacps_hw.o ps7_cor
TRACE::2025-05-23.19:04:34::SCWBDomain::texa9_0/lib/xemacps_intr.o ps7_cortexa9_0/lib/xemacps_sinit.o ps7_cortexa9_0/lib/xgpio.o ps7_cortexa9_0/lib/xgpio_extra.o ps7_c
TRACE::2025-05-23.19:04:34::SCWBDomain::ortexa9_0/lib/xgpio_g.o ps7_cortexa9_0/lib/xgpio_intr.o ps7_cortexa9_0/lib/xgpio_selftest.o ps7_cortexa9_0/lib/xgpio_sinit.o ps
TRACE::2025-05-23.19:04:34::SCWBDomain::7_cortexa9_0/lib/xgpiops.o ps7_cortexa9_0/lib/xgpiops_g.o ps7_cortexa9_0/lib/xgpiops_hw.o ps7_cortexa9_0/lib/xgpiops_intr.o ps7
TRACE::2025-05-23.19:04:34::SCWBDomain::_cortexa9_0/lib/xgpiops_selftest.o ps7_cortexa9_0/lib/xgpiops_sinit.o ps7_cortexa9_0/lib/xiic.o ps7_cortexa9_0/lib/xiic_dyn_mas
TRACE::2025-05-23.19:04:34::SCWBDomain::ter.o ps7_cortexa9_0/lib/xiic_g.o ps7_cortexa9_0/lib/xiic_intr.o ps7_cortexa9_0/lib/xiic_l.o ps7_cortexa9_0/lib/xiic_master.o p
TRACE::2025-05-23.19:04:34::SCWBDomain::s7_cortexa9_0/lib/xiic_multi_master.o ps7_cortexa9_0/lib/xiic_options.o ps7_cortexa9_0/lib/xiic_selftest.o ps7_cortexa9_0/lib/x
TRACE::2025-05-23.19:04:34::SCWBDomain::iic_sinit.o ps7_cortexa9_0/lib/xiic_slave.o ps7_cortexa9_0/lib/xiic_stats.o ps7_cortexa9_0/lib/xil-crt0.o ps7_cortexa9_0/lib/xi
TRACE::2025-05-23.19:04:34::SCWBDomain::l_assert.o ps7_cortexa9_0/lib/xil_cache.o ps7_cortexa9_0/lib/xil_clocking.o ps7_cortexa9_0/lib/xil_exception.o ps7_cortexa9_0/l
TRACE::2025-05-23.19:04:34::SCWBDomain::ib/xil_mem.o ps7_cortexa9_0/lib/xil_misc_psreset_api.o ps7_cortexa9_0/lib/xil_mmu.o ps7_cortexa9_0/lib/xil_printf.o ps7_cortexa
TRACE::2025-05-23.19:04:34::SCWBDomain::9_0/lib/xil_sleepcommon.o ps7_cortexa9_0/lib/xil_sleeptimer.o ps7_cortexa9_0/lib/xil_spinlock.o ps7_cortexa9_0/lib/xil_testcach
TRACE::2025-05-23.19:04:34::SCWBDomain::e.o ps7_cortexa9_0/lib/xil_testio.o ps7_cortexa9_0/lib/xil_testmem.o ps7_cortexa9_0/lib/xil_util.o ps7_cortexa9_0/lib/xinterrup
TRACE::2025-05-23.19:04:34::SCWBDomain::t_wrap.o ps7_cortexa9_0/lib/xl2cc_counter.o ps7_cortexa9_0/lib/xplatform_info.o ps7_cortexa9_0/lib/xpm_counter.o ps7_cortexa9_0
TRACE::2025-05-23.19:04:34::SCWBDomain::/lib/xpm_init.o ps7_cortexa9_0/lib/xqspips.o ps7_cortexa9_0/lib/xqspips_g.o ps7_cortexa9_0/lib/xqspips_hw.o ps7_cortexa9_0/lib/
TRACE::2025-05-23.19:04:34::SCWBDomain::xqspips_options.o ps7_cortexa9_0/lib/xqspips_selftest.o ps7_cortexa9_0/lib/xqspips_sinit.o ps7_cortexa9_0/lib/xscugic.o ps7_cor
TRACE::2025-05-23.19:04:34::SCWBDomain::texa9_0/lib/xscugic_g.o ps7_cortexa9_0/lib/xscugic_hw.o ps7_cortexa9_0/lib/xscugic_intr.o ps7_cortexa9_0/lib/xscugic_selftest.o
TRACE::2025-05-23.19:04:34::SCWBDomain:: ps7_cortexa9_0/lib/xscugic_sinit.o ps7_cortexa9_0/lib/xscutimer.o ps7_cortexa9_0/lib/xscutimer_g.o ps7_cortexa9_0/lib/xscutime
TRACE::2025-05-23.19:04:34::SCWBDomain::r_selftest.o ps7_cortexa9_0/lib/xscutimer_sinit.o ps7_cortexa9_0/lib/xscuwdt.o ps7_cortexa9_0/lib/xscuwdt_g.o ps7_cortexa9_0/li
TRACE::2025-05-23.19:04:34::SCWBDomain::b/xscuwdt_selftest.o ps7_cortexa9_0/lib/xscuwdt_sinit.o ps7_cortexa9_0/lib/xsdps.o ps7_cortexa9_0/lib/xsdps_card.o ps7_cortexa9
TRACE::2025-05-23.19:04:34::SCWBDomain::_0/lib/xsdps_g.o ps7_cortexa9_0/lib/xsdps_host.o ps7_cortexa9_0/lib/xsdps_options.o ps7_cortexa9_0/lib/xsdps_sinit.o ps7_cortex
TRACE::2025-05-23.19:04:34::SCWBDomain::a9_0/lib/xtime_l.o ps7_cortexa9_0/lib/xtmrctr.o ps7_cortexa9_0/lib/xtmrctr_g.o ps7_cortexa9_0/lib/xtmrctr_intr.o ps7_cortexa9_0
TRACE::2025-05-23.19:04:34::SCWBDomain::/lib/xtmrctr_l.o ps7_cortexa9_0/lib/xtmrctr_options.o ps7_cortexa9_0/lib/xtmrctr_selftest.o ps7_cortexa9_0/lib/xtmrctr_sinit.o 
TRACE::2025-05-23.19:04:34::SCWBDomain::ps7_cortexa9_0/lib/xtmrctr_stats.o ps7_cortexa9_0/lib/xuartps.o ps7_cortexa9_0/lib/xuartps_g.o ps7_cortexa9_0/lib/xuartps_hw.o 
TRACE::2025-05-23.19:04:34::SCWBDomain::ps7_cortexa9_0/lib/xuartps_intr.o ps7_cortexa9_0/lib/xuartps_options.o ps7_cortexa9_0/lib/xuartps_selftest.o ps7_cortexa9_0/lib
TRACE::2025-05-23.19:04:34::SCWBDomain::/xuartps_sinit.o ps7_cortexa9_0/lib/xusbps.o ps7_cortexa9_0/lib/xusbps_endpoint.o ps7_cortexa9_0/lib/xusbps_g.o ps7_cortexa9_0/
TRACE::2025-05-23.19:04:34::SCWBDomain::lib/xusbps_hw.o ps7_cortexa9_0/lib/xusbps_intr.o ps7_cortexa9_0/lib/xusbps_sinit.o

TRACE::2025-05-23.19:04:34::SCWBDomain::'Finished building libraries'

TRACE::2025-05-23.19:04:34::SCWBDomain::make: Leaving directory 'M:/projects/clones/SOC/Car_Project/vitis/FullCar_AllFeatures_V0_1/zynq_fsbl/zynq_fsbl_bsp'

TRACE::2025-05-23.19:04:34::SCWBDomain::arm-none-eabi-gcc -o fsbl.elf fsbl_handoff.o fsbl_hooks.o image_mover.o main.o md5.o nand.o nor.o pcap.o ps7_init.o qspi.o rsa.
TRACE::2025-05-23.19:04:34::SCWBDomain::o sd.o -MMD -MP       -mcpu=cortex-a9 -mfpu=vfpv3 -mfloat-abi=hard   -mcpu=cortex-a9 -mfpu=vfpv3 -mfloat-abi=hard -Wl,-build-id
TRACE::2025-05-23.19:04:34::SCWBDomain::=none -specs=Xilinx.spec  -lrsa -Wl,--start-group,-lxil,-lgcc,-lc,--end-group -Wl,--start-group,-lxilffs,-lxil,-lgcc,-lc,--end-
TRACE::2025-05-23.19:04:34::SCWBDomain::group -Wl,--start-group,-lrsa,-lxil,-lgcc,-lc,--end-group                                            -Wl,--gc-sections -Lzynq_f
TRACE::2025-05-23.19:04:34::SCWBDomain::sbl_bsp/ps7_cortexa9_0/lib -L./ -Tlscript.ld

LOG::2025-05-23.19:04:34::SCWSystem::Checking the domain standalone_ps7_cortexa9_0
LOG::2025-05-23.19:04:34::SCWSystem::Not a boot domain 
LOG::2025-05-23.19:04:34::SCWSystem::Started Processing the domain standalone_ps7_cortexa9_0
TRACE::2025-05-23.19:04:34::SCWDomain::Generating domain artifcats
TRACE::2025-05-23.19:04:34::SCWMssOS::Generating standalone artifcats
TRACE::2025-05-23.19:04:34::SCWMssOS::Copying the qemu file from  M:/projects/clones/SOC/Car_Project/vitis/FullCar_AllFeatures_V0_1/resources/FullCar_AllFeatures_V0_1/standalone_ps7_cortexa9_0/qemu_args.txt To M:/projects/clones/SOC/Car_Project/vitis/FullCar_AllFeatures_V0_1/export/FullCar_AllFeatures_V0_1/sw/FullCar_AllFeatures_V0_1/qemu/
TRACE::2025-05-23.19:04:34::SCWMssOS::Copying the qemu file from  M:/projects/clones/SOC/Car_Project/vitis/FullCar_AllFeatures_V0_1/resources/FullCar_AllFeatures_V0_1/standalone_ps7_cortexa9_0/qemu_args.txt To M:/projects/clones/SOC/Car_Project/vitis/FullCar_AllFeatures_V0_1/export/FullCar_AllFeatures_V0_1/sw/FullCar_AllFeatures_V0_1/standalone_ps7_cortexa9_0/qemu/
TRACE::2025-05-23.19:04:34::SCWMssOS:: Copying the user libraries. 
TRACE::2025-05-23.19:04:34::SCWPlatform::Trying to open the hw design at M:/projects/clones/SOC/Car_Project/vitis/FullCar_AllFeatures_V0_1/hw/FullCar_AllFeatures_V0_1.xsa
TRACE::2025-05-23.19:04:34::SCWPlatform::DSA given M:/projects/clones/SOC/Car_Project/vitis/FullCar_AllFeatures_V0_1/hw/FullCar_AllFeatures_V0_1.xsa
TRACE::2025-05-23.19:04:34::SCWPlatform::DSA absoulate path M:/projects/clones/SOC/Car_Project/vitis/FullCar_AllFeatures_V0_1/hw/FullCar_AllFeatures_V0_1.xsa
TRACE::2025-05-23.19:04:34::SCWPlatform::DSA directory M:/projects/clones/SOC/Car_Project/vitis/FullCar_AllFeatures_V0_1/hw
TRACE::2025-05-23.19:04:34::SCWPlatform:: Platform Path M:/projects/clones/SOC/Car_Project/vitis/FullCar_AllFeatures_V0_1/hw/FullCar_AllFeatures_V0_1.xsa
TRACE::2025-05-23.19:04:34::SCWPlatform:: Unique name xilinx:pynq-z2::0.0
TRACE::2025-05-23.19:04:34::SCWPlatform::Trying to set the existing hwdb with name design_1_wrapper_0
TRACE::2025-05-23.19:04:34::SCWPlatform::Opened existing hwdb design_1_wrapper_0
TRACE::2025-05-23.19:04:34::SCWPlatform::Found the Hw Db part of the input DSA
TRACE::2025-05-23.19:04:34::SCWMssOS::Checking the sw design at  M:/projects/clones/SOC/Car_Project/vitis/FullCar_AllFeatures_V0_1/ps7_cortexa9_0/standalone_ps7_cortexa9_0/bsp/system.mss
TRACE::2025-05-23.19:04:34::SCWMssOS::DEBUG:  swdes dump  M:/projects/clones/SOC/Car_Project/vitis/FullCar_AllFeatures_V0_1/ps7_cortexa9_0/standalone_ps7_cortexa9_0/bsp/system.mss|system_0||
M:/projects/clones/SOC/Car_Project/vitis/FullCar_AllFeatures_V0_1/zynq_fsbl/zynq_fsbl_bsp/system.mss|system||

TRACE::2025-05-23.19:04:34::SCWMssOS::Sw design exists and opened at  M:/projects/clones/SOC/Car_Project/vitis/FullCar_AllFeatures_V0_1/ps7_cortexa9_0/standalone_ps7_cortexa9_0/bsp/system.mss
TRACE::2025-05-23.19:04:34::SCWMssOS::Completed writing the mss file at M:/projects/clones/SOC/Car_Project/vitis/FullCar_AllFeatures_V0_1/ps7_cortexa9_0/standalone_ps7_cortexa9_0/bsp
TRACE::2025-05-23.19:04:34::SCWMssOS::Mss edits present, copying mssfile into export location M:/projects/clones/SOC/Car_Project/vitis/FullCar_AllFeatures_V0_1/ps7_cortexa9_0/standalone_ps7_cortexa9_0/bsp/system.mss
TRACE::2025-05-23.19:04:34::SCWMssOS::bsp generated is upto date with the mss file. Skipping bsp generation.
TRACE::2025-05-23.19:04:34::SCWMssOS::BSP is already built. skipping the bsp build ... 
TRACE::2025-05-23.19:04:34::SCWDomain::Building the domain :  standalone_ps7_cortexa9_0
TRACE::2025-05-23.19:04:34::SCWMssOS::doing bsp build ... 
TRACE::2025-05-23.19:04:34::SCWMssOS::System Command Ran  M: & cd  M:/projects/clones/SOC/Car_Project/vitis/FullCar_AllFeatures_V0_1/ps7_cortexa9_0/standalone_ps7_cortexa9_0/bsp & make 
TRACE::2025-05-23.19:04:34::SCWMssOS::make --no-print-directory seq_libs

TRACE::2025-05-23.19:04:34::SCWMssOS::"Running Make include in ps7_cortexa9_0/libsrc/coresightps_dcc_v1_10/src"

TRACE::2025-05-23.19:04:34::SCWMssOS::make -C ps7_cortexa9_0/libsrc/coresightps_dcc_v1_10/src -s include  "SHELL=CMD" "COMPILER=arm-none-eabi-gcc" "ASSEMBLER=arm-non
TRACE::2025-05-23.19:04:34::SCWMssOS::e-eabi-as" "ARCHIVER=arm-none-eabi-ar" "COMPILER_FLAGS=  -O2 -c" "EXTRA_COMPILER_FLAGS=-mcpu=cortex-a9 -mfpu=vfpv3 -mfloat-abi=
TRACE::2025-05-23.19:04:34::SCWMssOS::hard -nostartfiles -g -Wall -Wextra -fno-tree-loop-distribute-patterns"

TRACE::2025-05-23.19:04:35::SCWMssOS::"Running Make include in ps7_cortexa9_0/libsrc/cpu_cortexa9_v2_12/src"

TRACE::2025-05-23.19:04:35::SCWMssOS::make -C ps7_cortexa9_0/libsrc/cpu_cortexa9_v2_12/src -s include  "SHELL=CMD" "COMPILER=arm-none-eabi-gcc" "ASSEMBLER=arm-none-e
TRACE::2025-05-23.19:04:35::SCWMssOS::abi-as" "ARCHIVER=arm-none-eabi-ar" "COMPILER_FLAGS=  -O2 -c" "EXTRA_COMPILER_FLAGS=-mcpu=cortex-a9 -mfpu=vfpv3 -mfloat-abi=har
TRACE::2025-05-23.19:04:35::SCWMssOS::d -nostartfiles -g -Wall -Wextra -fno-tree-loop-distribute-patterns"

TRACE::2025-05-23.19:04:35::SCWMssOS::"Running Make include in ps7_cortexa9_0/libsrc/ddrps_v1_2/src"

TRACE::2025-05-23.19:04:35::SCWMssOS::make -C ps7_cortexa9_0/libsrc/ddrps_v1_2/src -s include  "SHELL=CMD" "COMPILER=arm-none-eabi-gcc" "ASSEMBLER=arm-none-eabi-as" 
TRACE::2025-05-23.19:04:35::SCWMssOS::"ARCHIVER=arm-none-eabi-ar" "COMPILER_FLAGS=  -O2 -c" "EXTRA_COMPILER_FLAGS=-mcpu=cortex-a9 -mfpu=vfpv3 -mfloat-abi=hard -nosta
TRACE::2025-05-23.19:04:35::SCWMssOS::rtfiles -g -Wall -Wextra -fno-tree-loop-distribute-patterns"

TRACE::2025-05-23.19:04:35::SCWMssOS::"Running Make include in ps7_cortexa9_0/libsrc/devcfg_v3_8/src"

TRACE::2025-05-23.19:04:35::SCWMssOS::make -C ps7_cortexa9_0/libsrc/devcfg_v3_8/src -s include  "SHELL=CMD" "COMPILER=arm-none-eabi-gcc" "ASSEMBLER=arm-none-eabi-as"
TRACE::2025-05-23.19:04:35::SCWMssOS:: "ARCHIVER=arm-none-eabi-ar" "COMPILER_FLAGS=  -O2 -c" "EXTRA_COMPILER_FLAGS=-mcpu=cortex-a9 -mfpu=vfpv3 -mfloat-abi=hard -nost
TRACE::2025-05-23.19:04:35::SCWMssOS::artfiles -g -Wall -Wextra -fno-tree-loop-distribute-patterns"

TRACE::2025-05-23.19:04:35::SCWMssOS::"Running Make include in ps7_cortexa9_0/libsrc/dmaps_v2_10/src"

TRACE::2025-05-23.19:04:35::SCWMssOS::make -C ps7_cortexa9_0/libsrc/dmaps_v2_10/src -s include  "SHELL=CMD" "COMPILER=arm-none-eabi-gcc" "ASSEMBLER=arm-none-eabi-as"
TRACE::2025-05-23.19:04:35::SCWMssOS:: "ARCHIVER=arm-none-eabi-ar" "COMPILER_FLAGS=  -O2 -c" "EXTRA_COMPILER_FLAGS=-mcpu=cortex-a9 -mfpu=vfpv3 -mfloat-abi=hard -nost
TRACE::2025-05-23.19:04:35::SCWMssOS::artfiles -g -Wall -Wextra -fno-tree-loop-distribute-patterns"

TRACE::2025-05-23.19:04:35::SCWMssOS::"Running Make include in ps7_cortexa9_0/libsrc/emacps_v3_20/src"

TRACE::2025-05-23.19:04:35::SCWMssOS::make -C ps7_cortexa9_0/libsrc/emacps_v3_20/src -s include  "SHELL=CMD" "COMPILER=arm-none-eabi-gcc" "ASSEMBLER=arm-none-eabi-as
TRACE::2025-05-23.19:04:35::SCWMssOS::" "ARCHIVER=arm-none-eabi-ar" "COMPILER_FLAGS=  -O2 -c" "EXTRA_COMPILER_FLAGS=-mcpu=cortex-a9 -mfpu=vfpv3 -mfloat-abi=hard -nos
TRACE::2025-05-23.19:04:35::SCWMssOS::tartfiles -g -Wall -Wextra -fno-tree-loop-distribute-patterns"

TRACE::2025-05-23.19:04:35::SCWMssOS::"Running Make include in ps7_cortexa9_0/libsrc/gpiops_v3_13/src"

TRACE::2025-05-23.19:04:35::SCWMssOS::make -C ps7_cortexa9_0/libsrc/gpiops_v3_13/src -s include  "SHELL=CMD" "COMPILER=arm-none-eabi-gcc" "ASSEMBLER=arm-none-eabi-as
TRACE::2025-05-23.19:04:35::SCWMssOS::" "ARCHIVER=arm-none-eabi-ar" "COMPILER_FLAGS=  -O2 -c" "EXTRA_COMPILER_FLAGS=-mcpu=cortex-a9 -mfpu=vfpv3 -mfloat-abi=hard -nos
TRACE::2025-05-23.19:04:35::SCWMssOS::tartfiles -g -Wall -Wextra -fno-tree-loop-distribute-patterns"

TRACE::2025-05-23.19:04:35::SCWMssOS::"Running Make include in ps7_cortexa9_0/libsrc/gpio_v4_11/src"

TRACE::2025-05-23.19:04:35::SCWMssOS::make -C ps7_cortexa9_0/libsrc/gpio_v4_11/src -s include  "SHELL=CMD" "COMPILER=arm-none-eabi-gcc" "ASSEMBLER=arm-none-eabi-as" 
TRACE::2025-05-23.19:04:35::SCWMssOS::"ARCHIVER=arm-none-eabi-ar" "COMPILER_FLAGS=  -O2 -c" "EXTRA_COMPILER_FLAGS=-mcpu=cortex-a9 -mfpu=vfpv3 -mfloat-abi=hard -nosta
TRACE::2025-05-23.19:04:35::SCWMssOS::rtfiles -g -Wall -Wextra -fno-tree-loop-distribute-patterns"

TRACE::2025-05-23.19:04:35::SCWMssOS::"Running Make include in ps7_cortexa9_0/libsrc/iic_v3_11/src"

TRACE::2025-05-23.19:04:35::SCWMssOS::make -C ps7_cortexa9_0/libsrc/iic_v3_11/src -s include  "SHELL=CMD" "COMPILER=arm-none-eabi-gcc" "ASSEMBLER=arm-none-eabi-as" "
TRACE::2025-05-23.19:04:35::SCWMssOS::ARCHIVER=arm-none-eabi-ar" "COMPILER_FLAGS=  -O2 -c" "EXTRA_COMPILER_FLAGS=-mcpu=cortex-a9 -mfpu=vfpv3 -mfloat-abi=hard -nostar
TRACE::2025-05-23.19:04:35::SCWMssOS::tfiles -g -Wall -Wextra -fno-tree-loop-distribute-patterns"

TRACE::2025-05-23.19:04:35::SCWMssOS::"Running Make include in ps7_cortexa9_0/libsrc/Motor_DriverIP_v1_0/src"

TRACE::2025-05-23.19:04:35::SCWMssOS::make -C ps7_cortexa9_0/libsrc/Motor_DriverIP_v1_0/src -s include  "SHELL=CMD" "COMPILER=arm-none-eabi-gcc" "ASSEMBLER=arm-none-
TRACE::2025-05-23.19:04:35::SCWMssOS::eabi-as" "ARCHIVER=arm-none-eabi-ar" "COMPILER_FLAGS=  -O2 -c" "EXTRA_COMPILER_FLAGS=-mcpu=cortex-a9 -mfpu=vfpv3 -mfloat-abi=ha
TRACE::2025-05-23.19:04:35::SCWMssOS::rd -nostartfiles -g -Wall -Wextra -fno-tree-loop-distribute-patterns"

TRACE::2025-05-23.19:04:35::SCWMssOS::"Running Make include in ps7_cortexa9_0/libsrc/qspips_v3_12/src"

TRACE::2025-05-23.19:04:35::SCWMssOS::make -C ps7_cortexa9_0/libsrc/qspips_v3_12/src -s include  "SHELL=CMD" "COMPILER=arm-none-eabi-gcc" "ASSEMBLER=arm-none-eabi-as
TRACE::2025-05-23.19:04:35::SCWMssOS::" "ARCHIVER=arm-none-eabi-ar" "COMPILER_FLAGS=  -O2 -c" "EXTRA_COMPILER_FLAGS=-mcpu=cortex-a9 -mfpu=vfpv3 -mfloat-abi=hard -nos
TRACE::2025-05-23.19:04:35::SCWMssOS::tartfiles -g -Wall -Wextra -fno-tree-loop-distribute-patterns"

TRACE::2025-05-23.19:04:35::SCWMssOS::"Running Make include in ps7_cortexa9_0/libsrc/scugic_v5_3/src"

TRACE::2025-05-23.19:04:35::SCWMssOS::make -C ps7_cortexa9_0/libsrc/scugic_v5_3/src -s include  "SHELL=CMD" "COMPILER=arm-none-eabi-gcc" "ASSEMBLER=arm-none-eabi-as"
TRACE::2025-05-23.19:04:35::SCWMssOS:: "ARCHIVER=arm-none-eabi-ar" "COMPILER_FLAGS=  -O2 -c" "EXTRA_COMPILER_FLAGS=-mcpu=cortex-a9 -mfpu=vfpv3 -mfloat-abi=hard -nost
TRACE::2025-05-23.19:04:35::SCWMssOS::artfiles -g -Wall -Wextra -fno-tree-loop-distribute-patterns"

TRACE::2025-05-23.19:04:35::SCWMssOS::"Running Make include in ps7_cortexa9_0/libsrc/scutimer_v2_6/src"

TRACE::2025-05-23.19:04:35::SCWMssOS::make -C ps7_cortexa9_0/libsrc/scutimer_v2_6/src -s include  "SHELL=CMD" "COMPILER=arm-none-eabi-gcc" "ASSEMBLER=arm-none-eabi-a
TRACE::2025-05-23.19:04:35::SCWMssOS::s" "ARCHIVER=arm-none-eabi-ar" "COMPILER_FLAGS=  -O2 -c" "EXTRA_COMPILER_FLAGS=-mcpu=cortex-a9 -mfpu=vfpv3 -mfloat-abi=hard -no
TRACE::2025-05-23.19:04:35::SCWMssOS::startfiles -g -Wall -Wextra -fno-tree-loop-distribute-patterns"

TRACE::2025-05-23.19:04:35::SCWMssOS::"Running Make include in ps7_cortexa9_0/libsrc/scuwdt_v2_5/src"

TRACE::2025-05-23.19:04:35::SCWMssOS::make -C ps7_cortexa9_0/libsrc/scuwdt_v2_5/src -s include  "SHELL=CMD" "COMPILER=arm-none-eabi-gcc" "ASSEMBLER=arm-none-eabi-as"
TRACE::2025-05-23.19:04:35::SCWMssOS:: "ARCHIVER=arm-none-eabi-ar" "COMPILER_FLAGS=  -O2 -c" "EXTRA_COMPILER_FLAGS=-mcpu=cortex-a9 -mfpu=vfpv3 -mfloat-abi=hard -nost
TRACE::2025-05-23.19:04:35::SCWMssOS::artfiles -g -Wall -Wextra -fno-tree-loop-distribute-patterns"

TRACE::2025-05-23.19:04:35::SCWMssOS::"Running Make include in ps7_cortexa9_0/libsrc/sdps_v4_3/src"

TRACE::2025-05-23.19:04:35::SCWMssOS::make -C ps7_cortexa9_0/libsrc/sdps_v4_3/src -s include  "SHELL=CMD" "COMPILER=arm-none-eabi-gcc" "ASSEMBLER=arm-none-eabi-as" "
TRACE::2025-05-23.19:04:35::SCWMssOS::ARCHIVER=arm-none-eabi-ar" "COMPILER_FLAGS=  -O2 -c" "EXTRA_COMPILER_FLAGS=-mcpu=cortex-a9 -mfpu=vfpv3 -mfloat-abi=hard -nostar
TRACE::2025-05-23.19:04:35::SCWMssOS::tfiles -g -Wall -Wextra -fno-tree-loop-distribute-patterns"

TRACE::2025-05-23.19:04:35::SCWMssOS::"Running Make include in ps7_cortexa9_0/libsrc/SpeedSensor_Driver_IP_v1_0/src"

TRACE::2025-05-23.19:04:35::SCWMssOS::make -C ps7_cortexa9_0/libsrc/SpeedSensor_Driver_IP_v1_0/src -s include  "SHELL=CMD" "COMPILER=arm-none-eabi-gcc" "ASSEMBLER=ar
TRACE::2025-05-23.19:04:35::SCWMssOS::m-none-eabi-as" "ARCHIVER=arm-none-eabi-ar" "COMPILER_FLAGS=  -O2 -c" "EXTRA_COMPILER_FLAGS=-mcpu=cortex-a9 -mfpu=vfpv3 -mfloat
TRACE::2025-05-23.19:04:35::SCWMssOS::-abi=hard -nostartfiles -g -Wall -Wextra -fno-tree-loop-distribute-patterns"

TRACE::2025-05-23.19:04:35::SCWMssOS::"Running Make include in ps7_cortexa9_0/libsrc/standalone_v9_1/src"

TRACE::2025-05-23.19:04:35::SCWMssOS::make -C ps7_cortexa9_0/libsrc/standalone_v9_1/src -s include  "SHELL=CMD" "COMPILER=arm-none-eabi-gcc" "ASSEMBLER=arm-none-eabi
TRACE::2025-05-23.19:04:35::SCWMssOS::-as" "ARCHIVER=arm-none-eabi-ar" "COMPILER_FLAGS=  -O2 -c" "EXTRA_COMPILER_FLAGS=-mcpu=cortex-a9 -mfpu=vfpv3 -mfloat-abi=hard -
TRACE::2025-05-23.19:04:35::SCWMssOS::nostartfiles -g -Wall -Wextra -fno-tree-loop-distribute-patterns"

TRACE::2025-05-23.19:04:35::SCWMssOS::"Running Make include in ps7_cortexa9_0/libsrc/tmrctr_v4_12/src"

TRACE::2025-05-23.19:04:35::SCWMssOS::make -C ps7_cortexa9_0/libsrc/tmrctr_v4_12/src -s include  "SHELL=CMD" "COMPILER=arm-none-eabi-gcc" "ASSEMBLER=arm-none-eabi-as
TRACE::2025-05-23.19:04:35::SCWMssOS::" "ARCHIVER=arm-none-eabi-ar" "COMPILER_FLAGS=  -O2 -c" "EXTRA_COMPILER_FLAGS=-mcpu=cortex-a9 -mfpu=vfpv3 -mfloat-abi=hard -nos
TRACE::2025-05-23.19:04:35::SCWMssOS::tartfiles -g -Wall -Wextra -fno-tree-loop-distribute-patterns"

TRACE::2025-05-23.19:04:36::SCWMssOS::"Running Make include in ps7_cortexa9_0/libsrc/uartps_v3_14/src"

TRACE::2025-05-23.19:04:36::SCWMssOS::make -C ps7_cortexa9_0/libsrc/uartps_v3_14/src -s include  "SHELL=CMD" "COMPILER=arm-none-eabi-gcc" "ASSEMBLER=arm-none-eabi-as
TRACE::2025-05-23.19:04:36::SCWMssOS::" "ARCHIVER=arm-none-eabi-ar" "COMPILER_FLAGS=  -O2 -c" "EXTRA_COMPILER_FLAGS=-mcpu=cortex-a9 -mfpu=vfpv3 -mfloat-abi=hard -nos
TRACE::2025-05-23.19:04:36::SCWMssOS::tartfiles -g -Wall -Wextra -fno-tree-loop-distribute-patterns"

TRACE::2025-05-23.19:04:36::SCWMssOS::"Running Make include in ps7_cortexa9_0/libsrc/ultrasoneIP_v1_0/src"

TRACE::2025-05-23.19:04:36::SCWMssOS::make -C ps7_cortexa9_0/libsrc/ultrasoneIP_v1_0/src -s include  "SHELL=CMD" "COMPILER=arm-none-eabi-gcc" "ASSEMBLER=arm-none-eab
TRACE::2025-05-23.19:04:36::SCWMssOS::i-as" "ARCHIVER=arm-none-eabi-ar" "COMPILER_FLAGS=  -O2 -c" "EXTRA_COMPILER_FLAGS=-mcpu=cortex-a9 -mfpu=vfpv3 -mfloat-abi=hard 
TRACE::2025-05-23.19:04:36::SCWMssOS::-nostartfiles -g -Wall -Wextra -fno-tree-loop-distribute-patterns"

TRACE::2025-05-23.19:04:36::SCWMssOS::"Running Make include in ps7_cortexa9_0/libsrc/usbps_v2_9/src"

TRACE::2025-05-23.19:04:36::SCWMssOS::make -C ps7_cortexa9_0/libsrc/usbps_v2_9/src -s include  "SHELL=CMD" "COMPILER=arm-none-eabi-gcc" "ASSEMBLER=arm-none-eabi-as" 
TRACE::2025-05-23.19:04:36::SCWMssOS::"ARCHIVER=arm-none-eabi-ar" "COMPILER_FLAGS=  -O2 -c" "EXTRA_COMPILER_FLAGS=-mcpu=cortex-a9 -mfpu=vfpv3 -mfloat-abi=hard -nosta
TRACE::2025-05-23.19:04:36::SCWMssOS::rtfiles -g -Wall -Wextra -fno-tree-loop-distribute-patterns"

TRACE::2025-05-23.19:04:36::SCWMssOS::"Running Make include in ps7_cortexa9_0/libsrc/xadcps_v2_7/src"

TRACE::2025-05-23.19:04:36::SCWMssOS::make -C ps7_cortexa9_0/libsrc/xadcps_v2_7/src -s include  "SHELL=CMD" "COMPILER=arm-none-eabi-gcc" "ASSEMBLER=arm-none-eabi-as"
TRACE::2025-05-23.19:04:36::SCWMssOS:: "ARCHIVER=arm-none-eabi-ar" "COMPILER_FLAGS=  -O2 -c" "EXTRA_COMPILER_FLAGS=-mcpu=cortex-a9 -mfpu=vfpv3 -mfloat-abi=hard -nost
TRACE::2025-05-23.19:04:36::SCWMssOS::artfiles -g -Wall -Wextra -fno-tree-loop-distribute-patterns"

TRACE::2025-05-23.19:04:36::SCWMssOS::"Running Make libs in ps7_cortexa9_0/libsrc/Motor_DriverIP_v1_0/src"

TRACE::2025-05-23.19:04:36::SCWMssOS::make -C ps7_cortexa9_0/libsrc/Motor_DriverIP_v1_0/src -s libs  "SHELL=CMD" "COMPILER=arm-none-eabi-gcc" "ASSEMBLER=arm-none-eab
TRACE::2025-05-23.19:04:36::SCWMssOS::i-as" "ARCHIVER=arm-none-eabi-ar" "COMPILER_FLAGS=  -O2 -c" "EXTRA_COMPILER_FLAGS=-mcpu=cortex-a9 -mfpu=vfpv3 -mfloat-abi=hard 
TRACE::2025-05-23.19:04:36::SCWMssOS::-nostartfiles -g -Wall -Wextra -fno-tree-loop-distribute-patterns"

TRACE::2025-05-23.19:04:36::SCWMssOS::"Running Make libs in ps7_cortexa9_0/libsrc/SpeedSensor_Driver_IP_v1_0/src"

TRACE::2025-05-23.19:04:36::SCWMssOS::make -C ps7_cortexa9_0/libsrc/SpeedSensor_Driver_IP_v1_0/src -s libs  "SHELL=CMD" "COMPILER=arm-none-eabi-gcc" "ASSEMBLER=arm-n
TRACE::2025-05-23.19:04:36::SCWMssOS::one-eabi-as" "ARCHIVER=arm-none-eabi-ar" "COMPILER_FLAGS=  -O2 -c" "EXTRA_COMPILER_FLAGS=-mcpu=cortex-a9 -mfpu=vfpv3 -mfloat-ab
TRACE::2025-05-23.19:04:36::SCWMssOS::i=hard -nostartfiles -g -Wall -Wextra -fno-tree-loop-distribute-patterns"

TRACE::2025-05-23.19:04:36::SCWMssOS::"Running Make libs in ps7_cortexa9_0/libsrc/ultrasoneIP_v1_0/src"

TRACE::2025-05-23.19:04:36::SCWMssOS::make -C ps7_cortexa9_0/libsrc/ultrasoneIP_v1_0/src -s libs  "SHELL=CMD" "COMPILER=arm-none-eabi-gcc" "ASSEMBLER=arm-none-eabi-a
TRACE::2025-05-23.19:04:36::SCWMssOS::s" "ARCHIVER=arm-none-eabi-ar" "COMPILER_FLAGS=  -O2 -c" "EXTRA_COMPILER_FLAGS=-mcpu=cortex-a9 -mfpu=vfpv3 -mfloat-abi=hard -no
TRACE::2025-05-23.19:04:36::SCWMssOS::startfiles -g -Wall -Wextra -fno-tree-loop-distribute-patterns"

TRACE::2025-05-23.19:04:36::SCWMssOS::'Finished building libraries sequentially.'

TRACE::2025-05-23.19:04:36::SCWMssOS::make -j 10 --no-print-directory par_libs

TRACE::2025-05-23.19:04:36::SCWMssOS::"Running Make include in ps7_cortexa9_0/libsrc/coresightps_dcc_v1_10/src"

TRACE::2025-05-23.19:04:36::SCWMssOS::make -C ps7_cortexa9_0/libsrc/coresightps_dcc_v1_10/src -s include  "SHELL=CMD" "COMPILER=arm-none-eabi-gcc" "ASSEMBLER=arm-non
TRACE::2025-05-23.19:04:36::SCWMssOS::e-eabi-as" "ARCHIVER=arm-none-eabi-ar" "COMPILER_FLAGS=  -O2 -c" "EXTRA_COMPILER_FLAGS=-mcpu=cortex-a9 -mfpu=vfpv3 -mfloat-abi=
TRACE::2025-05-23.19:04:36::SCWMssOS::hard -nostartfiles -g -Wall -Wextra -fno-tree-loop-distribute-patterns"

TRACE::2025-05-23.19:04:36::SCWMssOS::"Running Make include in ps7_cortexa9_0/libsrc/cpu_cortexa9_v2_12/src"

TRACE::2025-05-23.19:04:36::SCWMssOS::make -C ps7_cortexa9_0/libsrc/cpu_cortexa9_v2_12/src -s include  "SHELL=CMD" "COMPILER=arm-none-eabi-gcc" "ASSEMBLER=arm-none-e
TRACE::2025-05-23.19:04:36::SCWMssOS::abi-as" "ARCHIVER=arm-none-eabi-ar" "COMPILER_FLAGS=  -O2 -c" "EXTRA_COMPILER_FLAGS=-mcpu=cortex-a9 -mfpu=vfpv3 -mfloat-abi=har
TRACE::2025-05-23.19:04:36::SCWMssOS::d -nostartfiles -g -Wall -Wextra -fno-tree-loop-distribute-patterns"

TRACE::2025-05-23.19:04:36::SCWMssOS::"Running Make include in ps7_cortexa9_0/libsrc/ddrps_v1_2/src"

TRACE::2025-05-23.19:04:36::SCWMssOS::make -C ps7_cortexa9_0/libsrc/ddrps_v1_2/src -s include  "SHELL=CMD" "COMPILER=arm-none-eabi-gcc" "ASSEMBLER=arm-none-eabi-as" 
TRACE::2025-05-23.19:04:36::SCWMssOS::"ARCHIVER=arm-none-eabi-ar" "COMPILER_FLAGS=  -O2 -c" "EXTRA_COMPILER_FLAGS=-mcpu=cortex-a9 -mfpu=vfpv3 -mfloat-abi=hard -nosta
TRACE::2025-05-23.19:04:36::SCWMssOS::rtfiles -g -Wall -Wextra -fno-tree-loop-distribute-patterns"

TRACE::2025-05-23.19:04:36::SCWMssOS::"Running Make include in ps7_cortexa9_0/libsrc/devcfg_v3_8/src"

TRACE::2025-05-23.19:04:36::SCWMssOS::make -C ps7_cortexa9_0/libsrc/devcfg_v3_8/src -s include  "SHELL=CMD" "COMPILER=arm-none-eabi-gcc" "ASSEMBLER=arm-none-eabi-as"
TRACE::2025-05-23.19:04:36::SCWMssOS:: "ARCHIVER=arm-none-eabi-ar" "COMPILER_FLAGS=  -O2 -c" "EXTRA_COMPILER_FLAGS=-mcpu=cortex-a9 -mfpu=vfpv3 -mfloat-abi=hard -nost
TRACE::2025-05-23.19:04:36::SCWMssOS::artfiles -g -Wall -Wextra -fno-tree-loop-distribute-patterns"

TRACE::2025-05-23.19:04:36::SCWMssOS::"Running Make include in ps7_cortexa9_0/libsrc/dmaps_v2_10/src"

TRACE::2025-05-23.19:04:36::SCWMssOS::make -C ps7_cortexa9_0/libsrc/dmaps_v2_10/src -s include  "SHELL=CMD" "COMPILER=arm-none-eabi-gcc" "ASSEMBLER=arm-none-eabi-as"
TRACE::2025-05-23.19:04:36::SCWMssOS:: "ARCHIVER=arm-none-eabi-ar" "COMPILER_FLAGS=  -O2 -c" "EXTRA_COMPILER_FLAGS=-mcpu=cortex-a9 -mfpu=vfpv3 -mfloat-abi=hard -nost
TRACE::2025-05-23.19:04:36::SCWMssOS::artfiles -g -Wall -Wextra -fno-tree-loop-distribute-patterns"

TRACE::2025-05-23.19:04:36::SCWMssOS::"Running Make include in ps7_cortexa9_0/libsrc/emacps_v3_20/src"

TRACE::2025-05-23.19:04:36::SCWMssOS::make -C ps7_cortexa9_0/libsrc/emacps_v3_20/src -s include  "SHELL=CMD" "COMPILER=arm-none-eabi-gcc" "ASSEMBLER=arm-none-eabi-as
TRACE::2025-05-23.19:04:36::SCWMssOS::" "ARCHIVER=arm-none-eabi-ar" "COMPILER_FLAGS=  -O2 -c" "EXTRA_COMPILER_FLAGS=-mcpu=cortex-a9 -mfpu=vfpv3 -mfloat-abi=hard -nos
TRACE::2025-05-23.19:04:36::SCWMssOS::tartfiles -g -Wall -Wextra -fno-tree-loop-distribute-patterns"

TRACE::2025-05-23.19:04:36::SCWMssOS::"Running Make include in ps7_cortexa9_0/libsrc/gpiops_v3_13/src"

TRACE::2025-05-23.19:04:36::SCWMssOS::make -C ps7_cortexa9_0/libsrc/gpiops_v3_13/src -s include  "SHELL=CMD" "COMPILER=arm-none-eabi-gcc" "ASSEMBLER=arm-none-eabi-as
TRACE::2025-05-23.19:04:36::SCWMssOS::" "ARCHIVER=arm-none-eabi-ar" "COMPILER_FLAGS=  -O2 -c" "EXTRA_COMPILER_FLAGS=-mcpu=cortex-a9 -mfpu=vfpv3 -mfloat-abi=hard -nos
TRACE::2025-05-23.19:04:36::SCWMssOS::tartfiles -g -Wall -Wextra -fno-tree-loop-distribute-patterns"

TRACE::2025-05-23.19:04:36::SCWMssOS::"Running Make include in ps7_cortexa9_0/libsrc/gpio_v4_11/src"

TRACE::2025-05-23.19:04:36::SCWMssOS::make -C ps7_cortexa9_0/libsrc/gpio_v4_11/src -s include  "SHELL=CMD" "COMPILER=arm-none-eabi-gcc" "ASSEMBLER=arm-none-eabi-as" 
TRACE::2025-05-23.19:04:36::SCWMssOS::"ARCHIVER=arm-none-eabi-ar" "COMPILER_FLAGS=  -O2 -c" "EXTRA_COMPILER_FLAGS=-mcpu=cortex-a9 -mfpu=vfpv3 -mfloat-abi=hard -nosta
TRACE::2025-05-23.19:04:36::SCWMssOS::rtfiles -g -Wall -Wextra -fno-tree-loop-distribute-patterns"

TRACE::2025-05-23.19:04:36::SCWMssOS::"Running Make include in ps7_cortexa9_0/libsrc/iic_v3_11/src"

TRACE::2025-05-23.19:04:36::SCWMssOS::make -C ps7_cortexa9_0/libsrc/iic_v3_11/src -s include  "SHELL=CMD" "COMPILER=arm-none-eabi-gcc" "ASSEMBLER=arm-none-eabi-as" "
TRACE::2025-05-23.19:04:36::SCWMssOS::ARCHIVER=arm-none-eabi-ar" "COMPILER_FLAGS=  -O2 -c" "EXTRA_COMPILER_FLAGS=-mcpu=cortex-a9 -mfpu=vfpv3 -mfloat-abi=hard -nostar
TRACE::2025-05-23.19:04:36::SCWMssOS::tfiles -g -Wall -Wextra -fno-tree-loop-distribute-patterns"

TRACE::2025-05-23.19:04:36::SCWMssOS::"Running Make include in ps7_cortexa9_0/libsrc/Motor_DriverIP_v1_0/src"

TRACE::2025-05-23.19:04:36::SCWMssOS::make -C ps7_cortexa9_0/libsrc/Motor_DriverIP_v1_0/src -s include  "SHELL=CMD" "COMPILER=arm-none-eabi-gcc" "ASSEMBLER=arm-none-
TRACE::2025-05-23.19:04:36::SCWMssOS::eabi-as" "ARCHIVER=arm-none-eabi-ar" "COMPILER_FLAGS=  -O2 -c" "EXTRA_COMPILER_FLAGS=-mcpu=cortex-a9 -mfpu=vfpv3 -mfloat-abi=ha
TRACE::2025-05-23.19:04:36::SCWMssOS::rd -nostartfiles -g -Wall -Wextra -fno-tree-loop-distribute-patterns"

TRACE::2025-05-23.19:04:36::SCWMssOS::"Running Make include in ps7_cortexa9_0/libsrc/qspips_v3_12/src"

TRACE::2025-05-23.19:04:36::SCWMssOS::make -C ps7_cortexa9_0/libsrc/qspips_v3_12/src -s include  "SHELL=CMD" "COMPILER=arm-none-eabi-gcc" "ASSEMBLER=arm-none-eabi-as
TRACE::2025-05-23.19:04:36::SCWMssOS::" "ARCHIVER=arm-none-eabi-ar" "COMPILER_FLAGS=  -O2 -c" "EXTRA_COMPILER_FLAGS=-mcpu=cortex-a9 -mfpu=vfpv3 -mfloat-abi=hard -nos
TRACE::2025-05-23.19:04:36::SCWMssOS::tartfiles -g -Wall -Wextra -fno-tree-loop-distribute-patterns"

TRACE::2025-05-23.19:04:36::SCWMssOS::"Running Make include in ps7_cortexa9_0/libsrc/scugic_v5_3/src"

TRACE::2025-05-23.19:04:36::SCWMssOS::make -C ps7_cortexa9_0/libsrc/scugic_v5_3/src -s include  "SHELL=CMD" "COMPILER=arm-none-eabi-gcc" "ASSEMBLER=arm-none-eabi-as"
TRACE::2025-05-23.19:04:36::SCWMssOS:: "ARCHIVER=arm-none-eabi-ar" "COMPILER_FLAGS=  -O2 -c" "EXTRA_COMPILER_FLAGS=-mcpu=cortex-a9 -mfpu=vfpv3 -mfloat-abi=hard -nost
TRACE::2025-05-23.19:04:36::SCWMssOS::artfiles -g -Wall -Wextra -fno-tree-loop-distribute-patterns"

TRACE::2025-05-23.19:04:36::SCWMssOS::"Running Make include in ps7_cortexa9_0/libsrc/scutimer_v2_6/src"

TRACE::2025-05-23.19:04:36::SCWMssOS::make -C ps7_cortexa9_0/libsrc/scutimer_v2_6/src -s include  "SHELL=CMD" "COMPILER=arm-none-eabi-gcc" "ASSEMBLER=arm-none-eabi-a
TRACE::2025-05-23.19:04:36::SCWMssOS::s" "ARCHIVER=arm-none-eabi-ar" "COMPILER_FLAGS=  -O2 -c" "EXTRA_COMPILER_FLAGS=-mcpu=cortex-a9 -mfpu=vfpv3 -mfloat-abi=hard -no
TRACE::2025-05-23.19:04:36::SCWMssOS::startfiles -g -Wall -Wextra -fno-tree-loop-distribute-patterns"

TRACE::2025-05-23.19:04:36::SCWMssOS::"Running Make include in ps7_cortexa9_0/libsrc/scuwdt_v2_5/src"

TRACE::2025-05-23.19:04:36::SCWMssOS::make -C ps7_cortexa9_0/libsrc/scuwdt_v2_5/src -s include  "SHELL=CMD" "COMPILER=arm-none-eabi-gcc" "ASSEMBLER=arm-none-eabi-as"
TRACE::2025-05-23.19:04:36::SCWMssOS:: "ARCHIVER=arm-none-eabi-ar" "COMPILER_FLAGS=  -O2 -c" "EXTRA_COMPILER_FLAGS=-mcpu=cortex-a9 -mfpu=vfpv3 -mfloat-abi=hard -nost
TRACE::2025-05-23.19:04:36::SCWMssOS::artfiles -g -Wall -Wextra -fno-tree-loop-distribute-patterns"

TRACE::2025-05-23.19:04:36::SCWMssOS::"Running Make include in ps7_cortexa9_0/libsrc/sdps_v4_3/src"

TRACE::2025-05-23.19:04:36::SCWMssOS::make -C ps7_cortexa9_0/libsrc/sdps_v4_3/src -s include  "SHELL=CMD" "COMPILER=arm-none-eabi-gcc" "ASSEMBLER=arm-none-eabi-as" "
TRACE::2025-05-23.19:04:36::SCWMssOS::ARCHIVER=arm-none-eabi-ar" "COMPILER_FLAGS=  -O2 -c" "EXTRA_COMPILER_FLAGS=-mcpu=cortex-a9 -mfpu=vfpv3 -mfloat-abi=hard -nostar
TRACE::2025-05-23.19:04:36::SCWMssOS::tfiles -g -Wall -Wextra -fno-tree-loop-distribute-patterns"

TRACE::2025-05-23.19:04:36::SCWMssOS::"Running Make include in ps7_cortexa9_0/libsrc/SpeedSensor_Driver_IP_v1_0/src"

TRACE::2025-05-23.19:04:36::SCWMssOS::make -C ps7_cortexa9_0/libsrc/SpeedSensor_Driver_IP_v1_0/src -s include  "SHELL=CMD" "COMPILER=arm-none-eabi-gcc" "ASSEMBLER=ar
TRACE::2025-05-23.19:04:36::SCWMssOS::m-none-eabi-as" "ARCHIVER=arm-none-eabi-ar" "COMPILER_FLAGS=  -O2 -c" "EXTRA_COMPILER_FLAGS=-mcpu=cortex-a9 -mfpu=vfpv3 -mfloat
TRACE::2025-05-23.19:04:36::SCWMssOS::-abi=hard -nostartfiles -g -Wall -Wextra -fno-tree-loop-distribute-patterns"

TRACE::2025-05-23.19:04:36::SCWMssOS::"Running Make include in ps7_cortexa9_0/libsrc/standalone_v9_1/src"

TRACE::2025-05-23.19:04:36::SCWMssOS::make -C ps7_cortexa9_0/libsrc/standalone_v9_1/src -s include  "SHELL=CMD" "COMPILER=arm-none-eabi-gcc" "ASSEMBLER=arm-none-eabi
TRACE::2025-05-23.19:04:36::SCWMssOS::-as" "ARCHIVER=arm-none-eabi-ar" "COMPILER_FLAGS=  -O2 -c" "EXTRA_COMPILER_FLAGS=-mcpu=cortex-a9 -mfpu=vfpv3 -mfloat-abi=hard -
TRACE::2025-05-23.19:04:36::SCWMssOS::nostartfiles -g -Wall -Wextra -fno-tree-loop-distribute-patterns"

TRACE::2025-05-23.19:04:36::SCWMssOS::"Running Make include in ps7_cortexa9_0/libsrc/tmrctr_v4_12/src"

TRACE::2025-05-23.19:04:36::SCWMssOS::make -C ps7_cortexa9_0/libsrc/tmrctr_v4_12/src -s include  "SHELL=CMD" "COMPILER=arm-none-eabi-gcc" "ASSEMBLER=arm-none-eabi-as
TRACE::2025-05-23.19:04:36::SCWMssOS::" "ARCHIVER=arm-none-eabi-ar" "COMPILER_FLAGS=  -O2 -c" "EXTRA_COMPILER_FLAGS=-mcpu=cortex-a9 -mfpu=vfpv3 -mfloat-abi=hard -nos
TRACE::2025-05-23.19:04:36::SCWMssOS::tartfiles -g -Wall -Wextra -fno-tree-loop-distribute-patterns"

TRACE::2025-05-23.19:04:36::SCWMssOS::"Running Make include in ps7_cortexa9_0/libsrc/uartps_v3_14/src"

TRACE::2025-05-23.19:04:36::SCWMssOS::make -C ps7_cortexa9_0/libsrc/uartps_v3_14/src -s include  "SHELL=CMD" "COMPILER=arm-none-eabi-gcc" "ASSEMBLER=arm-none-eabi-as
TRACE::2025-05-23.19:04:36::SCWMssOS::" "ARCHIVER=arm-none-eabi-ar" "COMPILER_FLAGS=  -O2 -c" "EXTRA_COMPILER_FLAGS=-mcpu=cortex-a9 -mfpu=vfpv3 -mfloat-abi=hard -nos
TRACE::2025-05-23.19:04:36::SCWMssOS::tartfiles -g -Wall -Wextra -fno-tree-loop-distribute-patterns"

TRACE::2025-05-23.19:04:36::SCWMssOS::"Running Make include in ps7_cortexa9_0/libsrc/ultrasoneIP_v1_0/src"

TRACE::2025-05-23.19:04:36::SCWMssOS::make -C ps7_cortexa9_0/libsrc/ultrasoneIP_v1_0/src -s include  "SHELL=CMD" "COMPILER=arm-none-eabi-gcc" "ASSEMBLER=arm-none-eab
TRACE::2025-05-23.19:04:36::SCWMssOS::i-as" "ARCHIVER=arm-none-eabi-ar" "COMPILER_FLAGS=  -O2 -c" "EXTRA_COMPILER_FLAGS=-mcpu=cortex-a9 -mfpu=vfpv3 -mfloat-abi=hard 
TRACE::2025-05-23.19:04:36::SCWMssOS::-nostartfiles -g -Wall -Wextra -fno-tree-loop-distribute-patterns"

TRACE::2025-05-23.19:04:36::SCWMssOS::"Running Make include in ps7_cortexa9_0/libsrc/usbps_v2_9/src"

TRACE::2025-05-23.19:04:36::SCWMssOS::make -C ps7_cortexa9_0/libsrc/usbps_v2_9/src -s include  "SHELL=CMD" "COMPILER=arm-none-eabi-gcc" "ASSEMBLER=arm-none-eabi-as" 
TRACE::2025-05-23.19:04:36::SCWMssOS::"ARCHIVER=arm-none-eabi-ar" "COMPILER_FLAGS=  -O2 -c" "EXTRA_COMPILER_FLAGS=-mcpu=cortex-a9 -mfpu=vfpv3 -mfloat-abi=hard -nosta
TRACE::2025-05-23.19:04:36::SCWMssOS::rtfiles -g -Wall -Wextra -fno-tree-loop-distribute-patterns"

TRACE::2025-05-23.19:04:36::SCWMssOS::"Running Make include in ps7_cortexa9_0/libsrc/xadcps_v2_7/src"

TRACE::2025-05-23.19:04:36::SCWMssOS::make -C ps7_cortexa9_0/libsrc/xadcps_v2_7/src -s include  "SHELL=CMD" "COMPILER=arm-none-eabi-gcc" "ASSEMBLER=arm-none-eabi-as"
TRACE::2025-05-23.19:04:36::SCWMssOS:: "ARCHIVER=arm-none-eabi-ar" "COMPILER_FLAGS=  -O2 -c" "EXTRA_COMPILER_FLAGS=-mcpu=cortex-a9 -mfpu=vfpv3 -mfloat-abi=hard -nost
TRACE::2025-05-23.19:04:36::SCWMssOS::artfiles -g -Wall -Wextra -fno-tree-loop-distribute-patterns"

TRACE::2025-05-23.19:04:36::SCWMssOS::"Running Make libs in ps7_cortexa9_0/libsrc/coresightps_dcc_v1_10/src"

TRACE::2025-05-23.19:04:36::SCWMssOS::make -C ps7_cortexa9_0/libsrc/coresightps_dcc_v1_10/src -s libs  "SHELL=CMD" "COMPILER=arm-none-eabi-gcc" "ASSEMBLER=arm-none-e
TRACE::2025-05-23.19:04:36::SCWMssOS::abi-as" "ARCHIVER=arm-none-eabi-ar" "COMPILER_FLAGS=  -O2 -c" "EXTRA_COMPILER_FLAGS=-mcpu=cortex-a9 -mfpu=vfpv3 -mfloat-abi=har
TRACE::2025-05-23.19:04:36::SCWMssOS::d -nostartfiles -g -Wall -Wextra -fno-tree-loop-distribute-patterns"

TRACE::2025-05-23.19:04:36::SCWMssOS::"Running Make libs in ps7_cortexa9_0/libsrc/cpu_cortexa9_v2_12/src"

TRACE::2025-05-23.19:04:36::SCWMssOS::make -C ps7_cortexa9_0/libsrc/cpu_cortexa9_v2_12/src -s libs  "SHELL=CMD" "COMPILER=arm-none-eabi-gcc" "ASSEMBLER=arm-none-eabi
TRACE::2025-05-23.19:04:36::SCWMssOS::-as" "ARCHIVER=arm-none-eabi-ar" "COMPILER_FLAGS=  -O2 -c" "EXTRA_COMPILER_FLAGS=-mcpu=cortex-a9 -mfpu=vfpv3 -mfloat-abi=hard -
TRACE::2025-05-23.19:04:36::SCWMssOS::nostartfiles -g -Wall -Wextra -fno-tree-loop-distribute-patterns"

TRACE::2025-05-23.19:04:36::SCWMssOS::"Running Make libs in ps7_cortexa9_0/libsrc/ddrps_v1_2/src"

TRACE::2025-05-23.19:04:36::SCWMssOS::make -C ps7_cortexa9_0/libsrc/ddrps_v1_2/src -s libs  "SHELL=CMD" "COMPILER=arm-none-eabi-gcc" "ASSEMBLER=arm-none-eabi-as" "AR
TRACE::2025-05-23.19:04:36::SCWMssOS::CHIVER=arm-none-eabi-ar" "COMPILER_FLAGS=  -O2 -c" "EXTRA_COMPILER_FLAGS=-mcpu=cortex-a9 -mfpu=vfpv3 -mfloat-abi=hard -nostartf
TRACE::2025-05-23.19:04:36::SCWMssOS::iles -g -Wall -Wextra -fno-tree-loop-distribute-patterns"

TRACE::2025-05-23.19:04:36::SCWMssOS::"Running Make libs in ps7_cortexa9_0/libsrc/devcfg_v3_8/src"

TRACE::2025-05-23.19:04:36::SCWMssOS::make -C ps7_cortexa9_0/libsrc/devcfg_v3_8/src -s libs  "SHELL=CMD" "COMPILER=arm-none-eabi-gcc" "ASSEMBLER=arm-none-eabi-as" "A
TRACE::2025-05-23.19:04:36::SCWMssOS::RCHIVER=arm-none-eabi-ar" "COMPILER_FLAGS=  -O2 -c" "EXTRA_COMPILER_FLAGS=-mcpu=cortex-a9 -mfpu=vfpv3 -mfloat-abi=hard -nostart
TRACE::2025-05-23.19:04:36::SCWMssOS::files -g -Wall -Wextra -fno-tree-loop-distribute-patterns"

TRACE::2025-05-23.19:04:36::SCWMssOS::"Running Make libs in ps7_cortexa9_0/libsrc/dmaps_v2_10/src"

TRACE::2025-05-23.19:04:36::SCWMssOS::make -C ps7_cortexa9_0/libsrc/dmaps_v2_10/src -s libs  "SHELL=CMD" "COMPILER=arm-none-eabi-gcc" "ASSEMBLER=arm-none-eabi-as" "A
TRACE::2025-05-23.19:04:36::SCWMssOS::RCHIVER=arm-none-eabi-ar" "COMPILER_FLAGS=  -O2 -c" "EXTRA_COMPILER_FLAGS=-mcpu=cortex-a9 -mfpu=vfpv3 -mfloat-abi=hard -nostart
TRACE::2025-05-23.19:04:36::SCWMssOS::files -g -Wall -Wextra -fno-tree-loop-distribute-patterns"

TRACE::2025-05-23.19:04:36::SCWMssOS::"Running Make libs in ps7_cortexa9_0/libsrc/emacps_v3_20/src"

TRACE::2025-05-23.19:04:36::SCWMssOS::make -C ps7_cortexa9_0/libsrc/emacps_v3_20/src -s libs  "SHELL=CMD" "COMPILER=arm-none-eabi-gcc" "ASSEMBLER=arm-none-eabi-as" "
TRACE::2025-05-23.19:04:36::SCWMssOS::ARCHIVER=arm-none-eabi-ar" "COMPILER_FLAGS=  -O2 -c" "EXTRA_COMPILER_FLAGS=-mcpu=cortex-a9 -mfpu=vfpv3 -mfloat-abi=hard -nostar
TRACE::2025-05-23.19:04:36::SCWMssOS::tfiles -g -Wall -Wextra -fno-tree-loop-distribute-patterns"

TRACE::2025-05-23.19:04:36::SCWMssOS::"Running Make libs in ps7_cortexa9_0/libsrc/gpiops_v3_13/src"

TRACE::2025-05-23.19:04:36::SCWMssOS::make -C ps7_cortexa9_0/libsrc/gpiops_v3_13/src -s libs  "SHELL=CMD" "COMPILER=arm-none-eabi-gcc" "ASSEMBLER=arm-none-eabi-as" "
TRACE::2025-05-23.19:04:36::SCWMssOS::ARCHIVER=arm-none-eabi-ar" "COMPILER_FLAGS=  -O2 -c" "EXTRA_COMPILER_FLAGS=-mcpu=cortex-a9 -mfpu=vfpv3 -mfloat-abi=hard -nostar
TRACE::2025-05-23.19:04:36::SCWMssOS::tfiles -g -Wall -Wextra -fno-tree-loop-distribute-patterns"

TRACE::2025-05-23.19:04:37::SCWMssOS::"Running Make libs in ps7_cortexa9_0/libsrc/gpio_v4_11/src"

TRACE::2025-05-23.19:04:37::SCWMssOS::make -C ps7_cortexa9_0/libsrc/gpio_v4_11/src -s libs  "SHELL=CMD" "COMPILER=arm-none-eabi-gcc" "ASSEMBLER=arm-none-eabi-as" "AR
TRACE::2025-05-23.19:04:37::SCWMssOS::CHIVER=arm-none-eabi-ar" "COMPILER_FLAGS=  -O2 -c" "EXTRA_COMPILER_FLAGS=-mcpu=cortex-a9 -mfpu=vfpv3 -mfloat-abi=hard -nostartf
TRACE::2025-05-23.19:04:37::SCWMssOS::iles -g -Wall -Wextra -fno-tree-loop-distribute-patterns"

TRACE::2025-05-23.19:04:37::SCWMssOS::"Running Make libs in ps7_cortexa9_0/libsrc/iic_v3_11/src"

TRACE::2025-05-23.19:04:37::SCWMssOS::make -C ps7_cortexa9_0/libsrc/iic_v3_11/src -s libs  "SHELL=CMD" "COMPILER=arm-none-eabi-gcc" "ASSEMBLER=arm-none-eabi-as" "ARC
TRACE::2025-05-23.19:04:37::SCWMssOS::HIVER=arm-none-eabi-ar" "COMPILER_FLAGS=  -O2 -c" "EXTRA_COMPILER_FLAGS=-mcpu=cortex-a9 -mfpu=vfpv3 -mfloat-abi=hard -nostartfi
TRACE::2025-05-23.19:04:37::SCWMssOS::les -g -Wall -Wextra -fno-tree-loop-distribute-patterns"

TRACE::2025-05-23.19:04:37::SCWMssOS::"Running Make libs in ps7_cortexa9_0/libsrc/qspips_v3_12/src"

TRACE::2025-05-23.19:04:37::SCWMssOS::make -C ps7_cortexa9_0/libsrc/qspips_v3_12/src -s libs  "SHELL=CMD" "COMPILER=arm-none-eabi-gcc" "ASSEMBLER=arm-none-eabi-as" "
TRACE::2025-05-23.19:04:37::SCWMssOS::ARCHIVER=arm-none-eabi-ar" "COMPILER_FLAGS=  -O2 -c" "EXTRA_COMPILER_FLAGS=-mcpu=cortex-a9 -mfpu=vfpv3 -mfloat-abi=hard -nostar
TRACE::2025-05-23.19:04:37::SCWMssOS::tfiles -g -Wall -Wextra -fno-tree-loop-distribute-patterns"

TRACE::2025-05-23.19:04:37::SCWMssOS::"Running Make libs in ps7_cortexa9_0/libsrc/scugic_v5_3/src"

TRACE::2025-05-23.19:04:37::SCWMssOS::make -C ps7_cortexa9_0/libsrc/scugic_v5_3/src -s libs  "SHELL=CMD" "COMPILER=arm-none-eabi-gcc" "ASSEMBLER=arm-none-eabi-as" "A
TRACE::2025-05-23.19:04:37::SCWMssOS::RCHIVER=arm-none-eabi-ar" "COMPILER_FLAGS=  -O2 -c" "EXTRA_COMPILER_FLAGS=-mcpu=cortex-a9 -mfpu=vfpv3 -mfloat-abi=hard -nostart
TRACE::2025-05-23.19:04:37::SCWMssOS::files -g -Wall -Wextra -fno-tree-loop-distribute-patterns"

TRACE::2025-05-23.19:04:37::SCWMssOS::"Running Make libs in ps7_cortexa9_0/libsrc/scutimer_v2_6/src"

TRACE::2025-05-23.19:04:37::SCWMssOS::make -C ps7_cortexa9_0/libsrc/scutimer_v2_6/src -s libs  "SHELL=CMD" "COMPILER=arm-none-eabi-gcc" "ASSEMBLER=arm-none-eabi-as" 
TRACE::2025-05-23.19:04:37::SCWMssOS::"ARCHIVER=arm-none-eabi-ar" "COMPILER_FLAGS=  -O2 -c" "EXTRA_COMPILER_FLAGS=-mcpu=cortex-a9 -mfpu=vfpv3 -mfloat-abi=hard -nosta
TRACE::2025-05-23.19:04:37::SCWMssOS::rtfiles -g -Wall -Wextra -fno-tree-loop-distribute-patterns"

TRACE::2025-05-23.19:04:37::SCWMssOS::"Running Make libs in ps7_cortexa9_0/libsrc/scuwdt_v2_5/src"

TRACE::2025-05-23.19:04:37::SCWMssOS::make -C ps7_cortexa9_0/libsrc/scuwdt_v2_5/src -s libs  "SHELL=CMD" "COMPILER=arm-none-eabi-gcc" "ASSEMBLER=arm-none-eabi-as" "A
TRACE::2025-05-23.19:04:37::SCWMssOS::RCHIVER=arm-none-eabi-ar" "COMPILER_FLAGS=  -O2 -c" "EXTRA_COMPILER_FLAGS=-mcpu=cortex-a9 -mfpu=vfpv3 -mfloat-abi=hard -nostart
TRACE::2025-05-23.19:04:37::SCWMssOS::files -g -Wall -Wextra -fno-tree-loop-distribute-patterns"

TRACE::2025-05-23.19:04:37::SCWMssOS::"Running Make libs in ps7_cortexa9_0/libsrc/sdps_v4_3/src"

TRACE::2025-05-23.19:04:37::SCWMssOS::make -C ps7_cortexa9_0/libsrc/sdps_v4_3/src -s libs  "SHELL=CMD" "COMPILER=arm-none-eabi-gcc" "ASSEMBLER=arm-none-eabi-as" "ARC
TRACE::2025-05-23.19:04:37::SCWMssOS::HIVER=arm-none-eabi-ar" "COMPILER_FLAGS=  -O2 -c" "EXTRA_COMPILER_FLAGS=-mcpu=cortex-a9 -mfpu=vfpv3 -mfloat-abi=hard -nostartfi
TRACE::2025-05-23.19:04:37::SCWMssOS::les -g -Wall -Wextra -fno-tree-loop-distribute-patterns"

TRACE::2025-05-23.19:04:37::SCWMssOS::"Running Make libs in ps7_cortexa9_0/libsrc/standalone_v9_1/src"

TRACE::2025-05-23.19:04:37::SCWMssOS::make -C ps7_cortexa9_0/libsrc/standalone_v9_1/src -s libs  "SHELL=CMD" "COMPILER=arm-none-eabi-gcc" "ASSEMBLER=arm-none-eabi-as
TRACE::2025-05-23.19:04:37::SCWMssOS::" "ARCHIVER=arm-none-eabi-ar" "COMPILER_FLAGS=  -O2 -c" "EXTRA_COMPILER_FLAGS=-mcpu=cortex-a9 -mfpu=vfpv3 -mfloat-abi=hard -nos
TRACE::2025-05-23.19:04:37::SCWMssOS::tartfiles -g -Wall -Wextra -fno-tree-loop-distribute-patterns"

TRACE::2025-05-23.19:04:37::SCWMssOS::"Running Make libs in ps7_cortexa9_0/libsrc/tmrctr_v4_12/src"

TRACE::2025-05-23.19:04:37::SCWMssOS::make -C ps7_cortexa9_0/libsrc/tmrctr_v4_12/src -s libs  "SHELL=CMD" "COMPILER=arm-none-eabi-gcc" "ASSEMBLER=arm-none-eabi-as" "
TRACE::2025-05-23.19:04:37::SCWMssOS::ARCHIVER=arm-none-eabi-ar" "COMPILER_FLAGS=  -O2 -c" "EXTRA_COMPILER_FLAGS=-mcpu=cortex-a9 -mfpu=vfpv3 -mfloat-abi=hard -nostar
TRACE::2025-05-23.19:04:37::SCWMssOS::tfiles -g -Wall -Wextra -fno-tree-loop-distribute-patterns"

TRACE::2025-05-23.19:04:37::SCWMssOS::"Running Make libs in ps7_cortexa9_0/libsrc/uartps_v3_14/src"

TRACE::2025-05-23.19:04:37::SCWMssOS::make -C ps7_cortexa9_0/libsrc/uartps_v3_14/src -s libs  "SHELL=CMD" "COMPILER=arm-none-eabi-gcc" "ASSEMBLER=arm-none-eabi-as" "
TRACE::2025-05-23.19:04:37::SCWMssOS::ARCHIVER=arm-none-eabi-ar" "COMPILER_FLAGS=  -O2 -c" "EXTRA_COMPILER_FLAGS=-mcpu=cortex-a9 -mfpu=vfpv3 -mfloat-abi=hard -nostar
TRACE::2025-05-23.19:04:37::SCWMssOS::tfiles -g -Wall -Wextra -fno-tree-loop-distribute-patterns"

TRACE::2025-05-23.19:04:37::SCWMssOS::"Running Make libs in ps7_cortexa9_0/libsrc/usbps_v2_9/src"

TRACE::2025-05-23.19:04:37::SCWMssOS::make -C ps7_cortexa9_0/libsrc/usbps_v2_9/src -s libs  "SHELL=CMD" "COMPILER=arm-none-eabi-gcc" "ASSEMBLER=arm-none-eabi-as" "AR
TRACE::2025-05-23.19:04:37::SCWMssOS::CHIVER=arm-none-eabi-ar" "COMPILER_FLAGS=  -O2 -c" "EXTRA_COMPILER_FLAGS=-mcpu=cortex-a9 -mfpu=vfpv3 -mfloat-abi=hard -nostartf
TRACE::2025-05-23.19:04:37::SCWMssOS::iles -g -Wall -Wextra -fno-tree-loop-distribute-patterns"

TRACE::2025-05-23.19:04:37::SCWMssOS::"Running Make libs in ps7_cortexa9_0/libsrc/xadcps_v2_7/src"

TRACE::2025-05-23.19:04:37::SCWMssOS::make -C ps7_cortexa9_0/libsrc/xadcps_v2_7/src -s libs  "SHELL=CMD" "COMPILER=arm-none-eabi-gcc" "ASSEMBLER=arm-none-eabi-as" "A
TRACE::2025-05-23.19:04:37::SCWMssOS::RCHIVER=arm-none-eabi-ar" "COMPILER_FLAGS=  -O2 -c" "EXTRA_COMPILER_FLAGS=-mcpu=cortex-a9 -mfpu=vfpv3 -mfloat-abi=hard -nostart
TRACE::2025-05-23.19:04:37::SCWMssOS::files -g -Wall -Wextra -fno-tree-loop-distribute-patterns"

TRACE::2025-05-23.19:04:37::SCWMssOS::'Finished building libraries parallelly.'

TRACE::2025-05-23.19:04:37::SCWMssOS::make --no-print-directory archive

TRACE::2025-05-23.19:04:37::SCWMssOS::arm-none-eabi-ar -r  ps7_cortexa9_0/lib/libxil.a ps7_cortexa9_0/lib/Motor_DriverIP.o ps7_cortexa9_0/lib/Motor_DriverIP_selftest
TRACE::2025-05-23.19:04:37::SCWMssOS::.o ps7_cortexa9_0/lib/SpeedSensor_Driver_IP.o ps7_cortexa9_0/lib/SpeedSensor_Driver_IP_selftest.o ps7_cortexa9_0/lib/_exit.o ps
TRACE::2025-05-23.19:04:37::SCWMssOS::7_cortexa9_0/lib/_open.o ps7_cortexa9_0/lib/_sbrk.o ps7_cortexa9_0/lib/abort.o ps7_cortexa9_0/lib/asm_vectors.o ps7_cortexa9_0/
TRACE::2025-05-23.19:04:37::SCWMssOS::lib/boot.o ps7_cortexa9_0/lib/close.o ps7_cortexa9_0/lib/cpputest_time.o ps7_cortexa9_0/lib/cpu_init.o ps7_cortexa9_0/lib/errno
TRACE::2025-05-23.19:04:37::SCWMssOS::.o ps7_cortexa9_0/lib/fcntl.o ps7_cortexa9_0/lib/fstat.o ps7_cortexa9_0/lib/getentropy.o ps7_cortexa9_0/lib/getpid.o ps7_cortex
TRACE::2025-05-23.19:04:37::SCWMssOS::a9_0/lib/inbyte.o ps7_cortexa9_0/lib/isatty.o ps7_cortexa9_0/lib/kill.o ps7_cortexa9_0/lib/lseek.o ps7_cortexa9_0/lib/open.o ps
TRACE::2025-05-23.19:04:37::SCWMssOS::7_cortexa9_0/lib/outbyte.o ps7_cortexa9_0/lib/print.o ps7_cortexa9_0/lib/putnum.o ps7_cortexa9_0/lib/read.o ps7_cortexa9_0/lib/
TRACE::2025-05-23.19:04:37::SCWMssOS::sbrk.o ps7_cortexa9_0/lib/sleep.o ps7_cortexa9_0/lib/time.o ps7_cortexa9_0/lib/translation_table.o ps7_cortexa9_0/lib/ultrasone
TRACE::2025-05-23.19:04:37::SCWMssOS::IP.o ps7_cortexa9_0/lib/ultrasoneIP_selftest.o ps7_cortexa9_0/lib/unlink.o ps7_cortexa9_0/lib/usleep.o ps7_cortexa9_0/lib/vecto
TRACE::2025-05-23.19:04:37::SCWMssOS::rs.o ps7_cortexa9_0/lib/write.o ps7_cortexa9_0/lib/xadcps.o ps7_cortexa9_0/lib/xadcps_g.o ps7_cortexa9_0/lib/xadcps_intr.o ps7_
TRACE::2025-05-23.19:04:37::SCWMssOS::cortexa9_0/lib/xadcps_selftest.o ps7_cortexa9_0/lib/xadcps_sinit.o ps7_cortexa9_0/lib/xcoresightpsdcc.o ps7_cortexa9_0/lib/xdev
TRACE::2025-05-23.19:04:37::SCWMssOS::cfg.o ps7_cortexa9_0/lib/xdevcfg_g.o ps7_cortexa9_0/lib/xdevcfg_hw.o ps7_cortexa9_0/lib/xdevcfg_intr.o ps7_cortexa9_0/lib/xdevc
TRACE::2025-05-23.19:04:37::SCWMssOS::fg_selftest.o ps7_cortexa9_0/lib/xdevcfg_sinit.o ps7_cortexa9_0/lib/xdmaps.o ps7_cortexa9_0/lib/xdmaps_g.o ps7_cortexa9_0/lib/x
TRACE::2025-05-23.19:04:37::SCWMssOS::dmaps_hw.o ps7_cortexa9_0/lib/xdmaps_selftest.o ps7_cortexa9_0/lib/xdmaps_sinit.o ps7_cortexa9_0/lib/xemacps.o ps7_cortexa9_0/l
TRACE::2025-05-23.19:04:37::SCWMssOS::ib/xemacps_bdring.o ps7_cortexa9_0/lib/xemacps_control.o ps7_cortexa9_0/lib/xemacps_g.o ps7_cortexa9_0/lib/xemacps_hw.o ps7_cor
TRACE::2025-05-23.19:04:37::SCWMssOS::texa9_0/lib/xemacps_intr.o ps7_cortexa9_0/lib/xemacps_sinit.o ps7_cortexa9_0/lib/xgpio.o ps7_cortexa9_0/lib/xgpio_extra.o ps7_c
TRACE::2025-05-23.19:04:37::SCWMssOS::ortexa9_0/lib/xgpio_g.o ps7_cortexa9_0/lib/xgpio_intr.o ps7_cortexa9_0/lib/xgpio_selftest.o ps7_cortexa9_0/lib/xgpio_sinit.o ps
TRACE::2025-05-23.19:04:37::SCWMssOS::7_cortexa9_0/lib/xgpiops.o ps7_cortexa9_0/lib/xgpiops_g.o ps7_cortexa9_0/lib/xgpiops_hw.o ps7_cortexa9_0/lib/xgpiops_intr.o ps7
TRACE::2025-05-23.19:04:37::SCWMssOS::_cortexa9_0/lib/xgpiops_selftest.o ps7_cortexa9_0/lib/xgpiops_sinit.o ps7_cortexa9_0/lib/xiic.o ps7_cortexa9_0/lib/xiic_dyn_mas
TRACE::2025-05-23.19:04:37::SCWMssOS::ter.o ps7_cortexa9_0/lib/xiic_g.o ps7_cortexa9_0/lib/xiic_intr.o ps7_cortexa9_0/lib/xiic_l.o ps7_cortexa9_0/lib/xiic_master.o p
TRACE::2025-05-23.19:04:37::SCWMssOS::s7_cortexa9_0/lib/xiic_multi_master.o ps7_cortexa9_0/lib/xiic_options.o ps7_cortexa9_0/lib/xiic_selftest.o ps7_cortexa9_0/lib/x
TRACE::2025-05-23.19:04:37::SCWMssOS::iic_sinit.o ps7_cortexa9_0/lib/xiic_slave.o ps7_cortexa9_0/lib/xiic_stats.o ps7_cortexa9_0/lib/xil-crt0.o ps7_cortexa9_0/lib/xi
TRACE::2025-05-23.19:04:37::SCWMssOS::l_assert.o ps7_cortexa9_0/lib/xil_cache.o ps7_cortexa9_0/lib/xil_clocking.o ps7_cortexa9_0/lib/xil_exception.o ps7_cortexa9_0/l
TRACE::2025-05-23.19:04:37::SCWMssOS::ib/xil_mem.o ps7_cortexa9_0/lib/xil_misc_psreset_api.o ps7_cortexa9_0/lib/xil_mmu.o ps7_cortexa9_0/lib/xil_printf.o ps7_cortexa
TRACE::2025-05-23.19:04:37::SCWMssOS::9_0/lib/xil_sleepcommon.o ps7_cortexa9_0/lib/xil_sleeptimer.o ps7_cortexa9_0/lib/xil_spinlock.o ps7_cortexa9_0/lib/xil_testcach
TRACE::2025-05-23.19:04:37::SCWMssOS::e.o ps7_cortexa9_0/lib/xil_testio.o ps7_cortexa9_0/lib/xil_testmem.o ps7_cortexa9_0/lib/xil_util.o ps7_cortexa9_0/lib/xinterrup
TRACE::2025-05-23.19:04:37::SCWMssOS::t_wrap.o ps7_cortexa9_0/lib/xl2cc_counter.o ps7_cortexa9_0/lib/xplatform_info.o ps7_cortexa9_0/lib/xpm_counter.o ps7_cortexa9_0
TRACE::2025-05-23.19:04:37::SCWMssOS::/lib/xpm_init.o ps7_cortexa9_0/lib/xqspips.o ps7_cortexa9_0/lib/xqspips_g.o ps7_cortexa9_0/lib/xqspips_hw.o ps7_cortexa9_0/lib/
TRACE::2025-05-23.19:04:37::SCWMssOS::xqspips_options.o ps7_cortexa9_0/lib/xqspips_selftest.o ps7_cortexa9_0/lib/xqspips_sinit.o ps7_cortexa9_0/lib/xscugic.o ps7_cor
TRACE::2025-05-23.19:04:37::SCWMssOS::texa9_0/lib/xscugic_g.o ps7_cortexa9_0/lib/xscugic_hw.o ps7_cortexa9_0/lib/xscugic_intr.o ps7_cortexa9_0/lib/xscugic_selftest.o
TRACE::2025-05-23.19:04:37::SCWMssOS:: ps7_cortexa9_0/lib/xscugic_sinit.o ps7_cortexa9_0/lib/xscutimer.o ps7_cortexa9_0/lib/xscutimer_g.o ps7_cortexa9_0/lib/xscutime
TRACE::2025-05-23.19:04:37::SCWMssOS::r_selftest.o ps7_cortexa9_0/lib/xscutimer_sinit.o ps7_cortexa9_0/lib/xscuwdt.o ps7_cortexa9_0/lib/xscuwdt_g.o ps7_cortexa9_0/li
TRACE::2025-05-23.19:04:37::SCWMssOS::b/xscuwdt_selftest.o ps7_cortexa9_0/lib/xscuwdt_sinit.o ps7_cortexa9_0/lib/xsdps.o ps7_cortexa9_0/lib/xsdps_card.o ps7_cortexa9
TRACE::2025-05-23.19:04:37::SCWMssOS::_0/lib/xsdps_g.o ps7_cortexa9_0/lib/xsdps_host.o ps7_cortexa9_0/lib/xsdps_options.o ps7_cortexa9_0/lib/xsdps_sinit.o ps7_cortex
TRACE::2025-05-23.19:04:37::SCWMssOS::a9_0/lib/xtime_l.o ps7_cortexa9_0/lib/xtmrctr.o ps7_cortexa9_0/lib/xtmrctr_g.o ps7_cortexa9_0/lib/xtmrctr_intr.o ps7_cortexa9_0
TRACE::2025-05-23.19:04:37::SCWMssOS::/lib/xtmrctr_l.o ps7_cortexa9_0/lib/xtmrctr_options.o ps7_cortexa9_0/lib/xtmrctr_selftest.o ps7_cortexa9_0/lib/xtmrctr_sinit.o 
TRACE::2025-05-23.19:04:37::SCWMssOS::ps7_cortexa9_0/lib/xtmrctr_stats.o ps7_cortexa9_0/lib/xuartps.o ps7_cortexa9_0/lib/xuartps_g.o ps7_cortexa9_0/lib/xuartps_hw.o 
TRACE::2025-05-23.19:04:37::SCWMssOS::ps7_cortexa9_0/lib/xuartps_intr.o ps7_cortexa9_0/lib/xuartps_options.o ps7_cortexa9_0/lib/xuartps_selftest.o ps7_cortexa9_0/lib
TRACE::2025-05-23.19:04:37::SCWMssOS::/xuartps_sinit.o ps7_cortexa9_0/lib/xusbps.o ps7_cortexa9_0/lib/xusbps_endpoint.o ps7_cortexa9_0/lib/xusbps_g.o ps7_cortexa9_0/
TRACE::2025-05-23.19:04:37::SCWMssOS::lib/xusbps_hw.o ps7_cortexa9_0/lib/xusbps_intr.o ps7_cortexa9_0/lib/xusbps_sinit.o

TRACE::2025-05-23.19:04:37::SCWMssOS::'Finished building libraries'

TRACE::2025-05-23.19:04:38::SCWMssOS::Copying to export directory.
TRACE::2025-05-23.19:04:38::SCWMssOS:: Checking if to create the Supporting Applications
TRACE::2025-05-23.19:04:38::SCWMssOS:: No Linux domain exists, trying to generate FSBL 
LOG::2025-05-23.19:04:38::SCWSystem::Completed Processing the domain standalone_ps7_cortexa9_0
LOG::2025-05-23.19:04:38::SCWSystem::Completed Processing the sysconfig FullCar_AllFeatures_V0_1
LOG::2025-05-23.19:04:38::SCWPlatform::Completed generating the artifacts for system configuration FullCar_AllFeatures_V0_1
TRACE::2025-05-23.19:04:38::SCWPlatform::Started preparing the platform 
TRACE::2025-05-23.19:04:38::SCWSystem::Writing the bif file for system config FullCar_AllFeatures_V0_1
TRACE::2025-05-23.19:04:38::SCWSystem::dir created 
TRACE::2025-05-23.19:04:38::SCWSystem::Writing the bif 
TRACE::2025-05-23.19:04:38::SCWPlatform::Started writing the spfm file 
TRACE::2025-05-23.19:04:38::SCWPlatform::Started writing the xpfm file 
TRACE::2025-05-23.19:04:38::SCWPlatform::Completed generating the platform
TRACE::2025-05-23.19:04:38::SCWMssOS::Saving the mss changes M:/projects/clones/SOC/Car_Project/vitis/FullCar_AllFeatures_V0_1/zynq_fsbl/zynq_fsbl_bsp/system.mss
TRACE::2025-05-23.19:04:38::SCWMssOS::Found a swdesign opened with the mssfile.
TRACE::2025-05-23.19:04:38::SCWMssOS::Completed writemss as part of save.
TRACE::2025-05-23.19:04:38::SCWMssOS::Commit changes completed.
TRACE::2025-05-23.19:04:38::SCWMssOS::Saving the mss changes M:/projects/clones/SOC/Car_Project/vitis/FullCar_AllFeatures_V0_1/ps7_cortexa9_0/standalone_ps7_cortexa9_0/bsp/system.mss
TRACE::2025-05-23.19:04:38::SCWMssOS::Found a swdesign opened with the mssfile.
TRACE::2025-05-23.19:04:38::SCWMssOS::Completed writemss as part of save.
TRACE::2025-05-23.19:04:38::SCWMssOS::Commit changes completed.
TRACE::2025-05-23.19:04:38::SCWPlatform::Trying to open the hw design at M:/projects/clones/SOC/Car_Project/vitis/FullCar_AllFeatures_V0_1/hw/FullCar_AllFeatures_V0_1.xsa
TRACE::2025-05-23.19:04:38::SCWPlatform::DSA given M:/projects/clones/SOC/Car_Project/vitis/FullCar_AllFeatures_V0_1/hw/FullCar_AllFeatures_V0_1.xsa
TRACE::2025-05-23.19:04:38::SCWPlatform::DSA absoulate path M:/projects/clones/SOC/Car_Project/vitis/FullCar_AllFeatures_V0_1/hw/FullCar_AllFeatures_V0_1.xsa
TRACE::2025-05-23.19:04:38::SCWPlatform::DSA directory M:/projects/clones/SOC/Car_Project/vitis/FullCar_AllFeatures_V0_1/hw
TRACE::2025-05-23.19:04:38::SCWPlatform:: Platform Path M:/projects/clones/SOC/Car_Project/vitis/FullCar_AllFeatures_V0_1/hw/FullCar_AllFeatures_V0_1.xsa
TRACE::2025-05-23.19:04:38::SCWPlatform:: Unique name xilinx:pynq-z2::0.0
TRACE::2025-05-23.19:04:38::SCWPlatform::Trying to set the existing hwdb with name design_1_wrapper_0
TRACE::2025-05-23.19:04:38::SCWPlatform::Opened existing hwdb design_1_wrapper_0
TRACE::2025-05-23.19:04:38::SCWPlatform::Found the Hw Db part of the input DSA
TRACE::2025-05-23.19:04:38::SCWMssOS::Checking the sw design at  M:/projects/clones/SOC/Car_Project/vitis/FullCar_AllFeatures_V0_1/zynq_fsbl/zynq_fsbl_bsp/system.mss
TRACE::2025-05-23.19:04:38::SCWMssOS::DEBUG:  swdes dump  M:/projects/clones/SOC/Car_Project/vitis/FullCar_AllFeatures_V0_1/ps7_cortexa9_0/standalone_ps7_cortexa9_0/bsp/system.mss|system_0||
M:/projects/clones/SOC/Car_Project/vitis/FullCar_AllFeatures_V0_1/zynq_fsbl/zynq_fsbl_bsp/system.mss|system||

TRACE::2025-05-23.19:04:38::SCWMssOS::Sw design exists and opened at  M:/projects/clones/SOC/Car_Project/vitis/FullCar_AllFeatures_V0_1/zynq_fsbl/zynq_fsbl_bsp/system.mss
TRACE::2025-05-23.19:04:38::SCWPlatform::Trying to open the hw design at M:/projects/clones/SOC/Car_Project/vitis/FullCar_AllFeatures_V0_1/hw/FullCar_AllFeatures_V0_1.xsa
TRACE::2025-05-23.19:04:38::SCWPlatform::DSA given M:/projects/clones/SOC/Car_Project/vitis/FullCar_AllFeatures_V0_1/hw/FullCar_AllFeatures_V0_1.xsa
TRACE::2025-05-23.19:04:38::SCWPlatform::DSA absoulate path M:/projects/clones/SOC/Car_Project/vitis/FullCar_AllFeatures_V0_1/hw/FullCar_AllFeatures_V0_1.xsa
TRACE::2025-05-23.19:04:38::SCWPlatform::DSA directory M:/projects/clones/SOC/Car_Project/vitis/FullCar_AllFeatures_V0_1/hw
TRACE::2025-05-23.19:04:38::SCWPlatform:: Platform Path M:/projects/clones/SOC/Car_Project/vitis/FullCar_AllFeatures_V0_1/hw/FullCar_AllFeatures_V0_1.xsa
TRACE::2025-05-23.19:04:38::SCWPlatform:: Unique name xilinx:pynq-z2::0.0
TRACE::2025-05-23.19:04:38::SCWPlatform::Trying to set the existing hwdb with name design_1_wrapper_0
TRACE::2025-05-23.19:04:38::SCWPlatform::Opened existing hwdb design_1_wrapper_0
TRACE::2025-05-23.19:04:38::SCWPlatform::Found the Hw Db part of the input DSA
TRACE::2025-05-23.19:04:38::SCWMssOS::Checking the sw design at  M:/projects/clones/SOC/Car_Project/vitis/FullCar_AllFeatures_V0_1/zynq_fsbl/zynq_fsbl_bsp/system.mss
TRACE::2025-05-23.19:04:38::SCWMssOS::DEBUG:  swdes dump  M:/projects/clones/SOC/Car_Project/vitis/FullCar_AllFeatures_V0_1/ps7_cortexa9_0/standalone_ps7_cortexa9_0/bsp/system.mss|system_0||
M:/projects/clones/SOC/Car_Project/vitis/FullCar_AllFeatures_V0_1/zynq_fsbl/zynq_fsbl_bsp/system.mss|system||

TRACE::2025-05-23.19:04:38::SCWMssOS::Sw design exists and opened at  M:/projects/clones/SOC/Car_Project/vitis/FullCar_AllFeatures_V0_1/zynq_fsbl/zynq_fsbl_bsp/system.mss
TRACE::2025-05-23.19:04:38::SCWPlatform::Trying to open the hw design at M:/projects/clones/SOC/Car_Project/vitis/FullCar_AllFeatures_V0_1/hw/FullCar_AllFeatures_V0_1.xsa
TRACE::2025-05-23.19:04:38::SCWPlatform::DSA given M:/projects/clones/SOC/Car_Project/vitis/FullCar_AllFeatures_V0_1/hw/FullCar_AllFeatures_V0_1.xsa
TRACE::2025-05-23.19:04:38::SCWPlatform::DSA absoulate path M:/projects/clones/SOC/Car_Project/vitis/FullCar_AllFeatures_V0_1/hw/FullCar_AllFeatures_V0_1.xsa
TRACE::2025-05-23.19:04:38::SCWPlatform::DSA directory M:/projects/clones/SOC/Car_Project/vitis/FullCar_AllFeatures_V0_1/hw
TRACE::2025-05-23.19:04:38::SCWPlatform:: Platform Path M:/projects/clones/SOC/Car_Project/vitis/FullCar_AllFeatures_V0_1/hw/FullCar_AllFeatures_V0_1.xsa
TRACE::2025-05-23.19:04:38::SCWPlatform:: Unique name xilinx:pynq-z2::0.0
TRACE::2025-05-23.19:04:38::SCWPlatform::Trying to set the existing hwdb with name design_1_wrapper_0
TRACE::2025-05-23.19:04:38::SCWPlatform::Opened existing hwdb design_1_wrapper_0
TRACE::2025-05-23.19:04:38::SCWPlatform::Found the Hw Db part of the input DSA
TRACE::2025-05-23.19:04:38::SCWMssOS::Checking the sw design at  M:/projects/clones/SOC/Car_Project/vitis/FullCar_AllFeatures_V0_1/zynq_fsbl/zynq_fsbl_bsp/system.mss
TRACE::2025-05-23.19:04:38::SCWMssOS::DEBUG:  swdes dump  M:/projects/clones/SOC/Car_Project/vitis/FullCar_AllFeatures_V0_1/ps7_cortexa9_0/standalone_ps7_cortexa9_0/bsp/system.mss|system_0||
M:/projects/clones/SOC/Car_Project/vitis/FullCar_AllFeatures_V0_1/zynq_fsbl/zynq_fsbl_bsp/system.mss|system||

TRACE::2025-05-23.19:04:38::SCWMssOS::Sw design exists and opened at  M:/projects/clones/SOC/Car_Project/vitis/FullCar_AllFeatures_V0_1/zynq_fsbl/zynq_fsbl_bsp/system.mss
TRACE::2025-05-23.19:04:38::SCWPlatform::Trying to open the hw design at M:/projects/clones/SOC/Car_Project/vitis/FullCar_AllFeatures_V0_1/hw/FullCar_AllFeatures_V0_1.xsa
TRACE::2025-05-23.19:04:38::SCWPlatform::DSA given M:/projects/clones/SOC/Car_Project/vitis/FullCar_AllFeatures_V0_1/hw/FullCar_AllFeatures_V0_1.xsa
TRACE::2025-05-23.19:04:38::SCWPlatform::DSA absoulate path M:/projects/clones/SOC/Car_Project/vitis/FullCar_AllFeatures_V0_1/hw/FullCar_AllFeatures_V0_1.xsa
TRACE::2025-05-23.19:04:38::SCWPlatform::DSA directory M:/projects/clones/SOC/Car_Project/vitis/FullCar_AllFeatures_V0_1/hw
TRACE::2025-05-23.19:04:38::SCWPlatform:: Platform Path M:/projects/clones/SOC/Car_Project/vitis/FullCar_AllFeatures_V0_1/hw/FullCar_AllFeatures_V0_1.xsa
TRACE::2025-05-23.19:04:38::SCWPlatform:: Unique name xilinx:pynq-z2::0.0
TRACE::2025-05-23.19:04:38::SCWPlatform::Trying to set the existing hwdb with name design_1_wrapper_0
TRACE::2025-05-23.19:04:38::SCWPlatform::Opened existing hwdb design_1_wrapper_0
TRACE::2025-05-23.19:04:38::SCWPlatform::Found the Hw Db part of the input DSA
TRACE::2025-05-23.19:04:38::SCWMssOS::Checking the sw design at  M:/projects/clones/SOC/Car_Project/vitis/FullCar_AllFeatures_V0_1/ps7_cortexa9_0/standalone_ps7_cortexa9_0/bsp/system.mss
TRACE::2025-05-23.19:04:38::SCWMssOS::DEBUG:  swdes dump  M:/projects/clones/SOC/Car_Project/vitis/FullCar_AllFeatures_V0_1/ps7_cortexa9_0/standalone_ps7_cortexa9_0/bsp/system.mss|system_0||
M:/projects/clones/SOC/Car_Project/vitis/FullCar_AllFeatures_V0_1/zynq_fsbl/zynq_fsbl_bsp/system.mss|system||

TRACE::2025-05-23.19:04:38::SCWMssOS::Sw design exists and opened at  M:/projects/clones/SOC/Car_Project/vitis/FullCar_AllFeatures_V0_1/ps7_cortexa9_0/standalone_ps7_cortexa9_0/bsp/system.mss
TRACE::2025-05-23.19:04:38::SCWPlatform::Trying to open the hw design at M:/projects/clones/SOC/Car_Project/vitis/FullCar_AllFeatures_V0_1/hw/FullCar_AllFeatures_V0_1.xsa
TRACE::2025-05-23.19:04:38::SCWPlatform::DSA given M:/projects/clones/SOC/Car_Project/vitis/FullCar_AllFeatures_V0_1/hw/FullCar_AllFeatures_V0_1.xsa
TRACE::2025-05-23.19:04:38::SCWPlatform::DSA absoulate path M:/projects/clones/SOC/Car_Project/vitis/FullCar_AllFeatures_V0_1/hw/FullCar_AllFeatures_V0_1.xsa
TRACE::2025-05-23.19:04:38::SCWPlatform::DSA directory M:/projects/clones/SOC/Car_Project/vitis/FullCar_AllFeatures_V0_1/hw
TRACE::2025-05-23.19:04:38::SCWPlatform:: Platform Path M:/projects/clones/SOC/Car_Project/vitis/FullCar_AllFeatures_V0_1/hw/FullCar_AllFeatures_V0_1.xsa
TRACE::2025-05-23.19:04:38::SCWPlatform:: Unique name xilinx:pynq-z2::0.0
TRACE::2025-05-23.19:04:38::SCWPlatform::Trying to set the existing hwdb with name design_1_wrapper_0
TRACE::2025-05-23.19:04:38::SCWPlatform::Opened existing hwdb design_1_wrapper_0
TRACE::2025-05-23.19:04:38::SCWPlatform::Found the Hw Db part of the input DSA
TRACE::2025-05-23.19:04:38::SCWMssOS::Checking the sw design at  M:/projects/clones/SOC/Car_Project/vitis/FullCar_AllFeatures_V0_1/ps7_cortexa9_0/standalone_ps7_cortexa9_0/bsp/system.mss
TRACE::2025-05-23.19:04:38::SCWMssOS::DEBUG:  swdes dump  M:/projects/clones/SOC/Car_Project/vitis/FullCar_AllFeatures_V0_1/ps7_cortexa9_0/standalone_ps7_cortexa9_0/bsp/system.mss|system_0||
M:/projects/clones/SOC/Car_Project/vitis/FullCar_AllFeatures_V0_1/zynq_fsbl/zynq_fsbl_bsp/system.mss|system||

TRACE::2025-05-23.19:04:38::SCWMssOS::Sw design exists and opened at  M:/projects/clones/SOC/Car_Project/vitis/FullCar_AllFeatures_V0_1/ps7_cortexa9_0/standalone_ps7_cortexa9_0/bsp/system.mss
TRACE::2025-05-23.19:04:38::SCWPlatform::Trying to open the hw design at M:/projects/clones/SOC/Car_Project/vitis/FullCar_AllFeatures_V0_1/hw/FullCar_AllFeatures_V0_1.xsa
TRACE::2025-05-23.19:04:38::SCWPlatform::DSA given M:/projects/clones/SOC/Car_Project/vitis/FullCar_AllFeatures_V0_1/hw/FullCar_AllFeatures_V0_1.xsa
TRACE::2025-05-23.19:04:38::SCWPlatform::DSA absoulate path M:/projects/clones/SOC/Car_Project/vitis/FullCar_AllFeatures_V0_1/hw/FullCar_AllFeatures_V0_1.xsa
TRACE::2025-05-23.19:04:38::SCWPlatform::DSA directory M:/projects/clones/SOC/Car_Project/vitis/FullCar_AllFeatures_V0_1/hw
TRACE::2025-05-23.19:04:38::SCWPlatform:: Platform Path M:/projects/clones/SOC/Car_Project/vitis/FullCar_AllFeatures_V0_1/hw/FullCar_AllFeatures_V0_1.xsa
TRACE::2025-05-23.19:04:38::SCWPlatform:: Unique name xilinx:pynq-z2::0.0
TRACE::2025-05-23.19:04:38::SCWPlatform::Trying to set the existing hwdb with name design_1_wrapper_0
TRACE::2025-05-23.19:04:38::SCWPlatform::Opened existing hwdb design_1_wrapper_0
TRACE::2025-05-23.19:04:38::SCWPlatform::Found the Hw Db part of the input DSA
TRACE::2025-05-23.19:04:38::SCWMssOS::Checking the sw design at  M:/projects/clones/SOC/Car_Project/vitis/FullCar_AllFeatures_V0_1/ps7_cortexa9_0/standalone_ps7_cortexa9_0/bsp/system.mss
TRACE::2025-05-23.19:04:38::SCWMssOS::DEBUG:  swdes dump  M:/projects/clones/SOC/Car_Project/vitis/FullCar_AllFeatures_V0_1/ps7_cortexa9_0/standalone_ps7_cortexa9_0/bsp/system.mss|system_0||
M:/projects/clones/SOC/Car_Project/vitis/FullCar_AllFeatures_V0_1/zynq_fsbl/zynq_fsbl_bsp/system.mss|system||

TRACE::2025-05-23.19:04:38::SCWMssOS::Sw design exists and opened at  M:/projects/clones/SOC/Car_Project/vitis/FullCar_AllFeatures_V0_1/ps7_cortexa9_0/standalone_ps7_cortexa9_0/bsp/system.mss
TRACE::2025-05-23.19:04:38::SCWWriter::formatted JSON is {
	"platformName":	"FullCar_AllFeatures_V0_1",
	"sprVersion":	"2.0",
	"mode":	"gui",
	"dsaType":	"Fixed",
	"platformDesc":	"FullCar_AllFeatures_V0_1",
	"platHandOff":	"M:/projects/clones/SOC/Car_Project/vivado/XSA/FullCar_AllFeatures_V0_1.xsa",
	"platIntHandOff":	"<platformDir>/hw/FullCar_AllFeatures_V0_1.xsa",
	"deviceType":	"zynq",
	"platIsPrebuiltAutogen":	"false",
	"platIsNoBootBsp":	"false",
	"platFsblTarget":	"ps7_cortexa9_0",
	"hasFsblMakeHasChanges":	"false",
	"hasPmufwMakeHasChanges":	"false",
	"fsblExtraCompilerFlags":	"-MMD -MP       -mcpu=cortex-a9 -mfpu=vfpv3 -mfloat-abi=hard ",
	"platPreBuiltFlag":	false,
	"platformSamplesDir":	"",
	"platActiveSys":	"FullCar_AllFeatures_V0_1",
	"systems":	[{
			"systemName":	"FullCar_AllFeatures_V0_1",
			"systemDesc":	"FullCar_AllFeatures_V0_1",
			"sysIsBootAutoGen":	"true",
			"systemDispName":	"FullCar_AllFeatures_V0_1",
			"sysActiveDom":	"standalone_ps7_cortexa9_0",
			"sysDefaultDom":	"standalone_ps7_cortexa9_0",
			"domains":	[{
					"domainName":	"zynq_fsbl",
					"domainDispName":	"zynq_fsbl",
					"domainDesc":	"FSBL Application BSP - Auto Generated.",
					"processors":	"ps7_cortexa9_0",
					"os":	"standalone",
					"sdxOs":	"standalone",
					"debugEnable":	"",
					"domRuntimes":	["cpp"],
					"swRepo":	"",
					"mssOsVer":	"9.1",
					"mssFile":	"",
					"md5Digest":	"64fce8e86c92608d547c70ee7285b026",
					"compatibleApp":	"zynq_fsbl",
					"domType":	"bootDomain",
					"arch":	"32-bit",
					"appSettings":	{
						"appCompilerFlags":	"",
						"appLinkerFlags":	""
					},
					"addedLibs":	["xilffs:5.2", "xilrsa:1.8"],
					"libOptions":	{
						"libsContainingOptions":	[]
					},
					"prebuiltLibs":	{
						"prebuiltIncPath":	[],
						"prebuiltLibPath":	[]
					},
					"isolation":	{
					}
				}, {
					"domainName":	"standalone_ps7_cortexa9_0",
					"domainDispName":	"standalone_ps7_cortexa9_0",
					"domainDesc":	"standalone_ps7_cortexa9_0",
					"processors":	"ps7_cortexa9_0",
					"os":	"standalone",
					"sdxOs":	"standalone",
					"qemuArgs":	"<platformDir>/resources/FullCar_AllFeatures_V0_1/standalone_ps7_cortexa9_0/qemu_args.txt",
					"qemuData":	"<platformDir>/resources/FullCar_AllFeatures_V0_1/standalone_ps7_cortexa9_0/qemu",
					"debugEnable":	"False",
					"domRuntimes":	["cpp"],
					"swRepo":	"",
					"mssOsVer":	"9.1",
					"mssFile":	"",
					"md5Digest":	"9b96d52dca00ece5ea6af278cd8f10e1",
					"compatibleApp":	"hello_world",
					"domType":	"mssDomain",
					"arch":	"32-bit",
					"appSettings":	{
						"appCompilerFlags":	"",
						"appLinkerFlags":	""
					},
					"addedLibs":	[],
					"libOptions":	{
						"libsContainingOptions":	[]
					},
					"prebuiltLibs":	{
						"prebuiltIncPath":	[],
						"prebuiltLibPath":	[]
					},
					"isolation":	{
					}
				}]
		}]
}
KEYINFO::2025-05-23.19:04:38::SCWPlatform::updated the xpfm file.
TRACE::2025-05-23.19:04:38::SCWPlatform::Trying to open the hw design at M:/projects/clones/SOC/Car_Project/vitis/FullCar_AllFeatures_V0_1/hw/FullCar_AllFeatures_V0_1.xsa
TRACE::2025-05-23.19:04:38::SCWPlatform::DSA given M:/projects/clones/SOC/Car_Project/vitis/FullCar_AllFeatures_V0_1/hw/FullCar_AllFeatures_V0_1.xsa
TRACE::2025-05-23.19:04:38::SCWPlatform::DSA absoulate path M:/projects/clones/SOC/Car_Project/vitis/FullCar_AllFeatures_V0_1/hw/FullCar_AllFeatures_V0_1.xsa
TRACE::2025-05-23.19:04:38::SCWPlatform::DSA directory M:/projects/clones/SOC/Car_Project/vitis/FullCar_AllFeatures_V0_1/hw
TRACE::2025-05-23.19:04:38::SCWPlatform:: Platform Path M:/projects/clones/SOC/Car_Project/vitis/FullCar_AllFeatures_V0_1/hw/FullCar_AllFeatures_V0_1.xsa
TRACE::2025-05-23.19:04:38::SCWPlatform:: Unique name xilinx:pynq-z2::0.0
TRACE::2025-05-23.19:04:38::SCWPlatform::Trying to set the existing hwdb with name design_1_wrapper_0
TRACE::2025-05-23.19:04:38::SCWPlatform::Opened existing hwdb design_1_wrapper_0
TRACE::2025-05-23.19:04:38::SCWPlatform::Found the Hw Db part of the input DSA
TRACE::2025-05-23.19:04:38::SCWMssOS::Checking the sw design at  M:/projects/clones/SOC/Car_Project/vitis/FullCar_AllFeatures_V0_1/ps7_cortexa9_0/standalone_ps7_cortexa9_0/bsp/system.mss
TRACE::2025-05-23.19:04:38::SCWMssOS::DEBUG:  swdes dump  M:/projects/clones/SOC/Car_Project/vitis/FullCar_AllFeatures_V0_1/ps7_cortexa9_0/standalone_ps7_cortexa9_0/bsp/system.mss|system_0||
M:/projects/clones/SOC/Car_Project/vitis/FullCar_AllFeatures_V0_1/zynq_fsbl/zynq_fsbl_bsp/system.mss|system||

TRACE::2025-05-23.19:04:38::SCWMssOS::Sw design exists and opened at  M:/projects/clones/SOC/Car_Project/vitis/FullCar_AllFeatures_V0_1/ps7_cortexa9_0/standalone_ps7_cortexa9_0/bsp/system.mss
TRACE::2025-05-23.19:11:54::SCWBDomain::System Command Ran  M:&  cd  M:/projects/clones/SOC/Car_Project/vitis/FullCar_AllFeatures_V0_1/zynq_fsbl & make clean
TRACE::2025-05-23.19:11:54::SCWBDomain::rm -rf  sd.o  nand.o  image_mover.o  md5.o  fsbl_hooks.o  main.o  nor.o  qspi.o  rsa.o  ps7_init.o  pcap.o  fsbl_handoff.o zynq
TRACE::2025-05-23.19:11:54::SCWBDomain::_fsbl_bsp/ps7_cortexa9_0/lib/libxil.a fsbl.elf *.o

TRACE::2025-05-23.19:11:54::SCWBDomain::System Command Ran  M:&  cd  M:/projects/clones/SOC/Car_Project/vitis/FullCar_AllFeatures_V0_1/zynq_fsbl/zynq_fsbl_bsp & make clean
TRACE::2025-05-23.19:11:54::SCWBDomain::make -C ps7_cortexa9_0/libsrc/coresightps_dcc_v1_10/src -s clean 

TRACE::2025-05-23.19:11:54::SCWBDomain::make -C ps7_cortexa9_0/libsrc/cpu_cortexa9_v2_12/src -s clean 

TRACE::2025-05-23.19:11:54::SCWBDomain::make -C ps7_cortexa9_0/libsrc/ddrps_v1_2/src -s clean 

TRACE::2025-05-23.19:11:54::SCWBDomain::make -C ps7_cortexa9_0/libsrc/devcfg_v3_8/src -s clean 

TRACE::2025-05-23.19:11:54::SCWBDomain::make -C ps7_cortexa9_0/libsrc/dmaps_v2_10/src -s clean 

TRACE::2025-05-23.19:11:54::SCWBDomain::make -C ps7_cortexa9_0/libsrc/emacps_v3_20/src -s clean 

TRACE::2025-05-23.19:11:54::SCWBDomain::make -C ps7_cortexa9_0/libsrc/gpiops_v3_13/src -s clean 

TRACE::2025-05-23.19:11:55::SCWBDomain::make -C ps7_cortexa9_0/libsrc/gpio_v4_11/src -s clean 

TRACE::2025-05-23.19:11:55::SCWBDomain::make -C ps7_cortexa9_0/libsrc/iic_v3_11/src -s clean 

TRACE::2025-05-23.19:11:55::SCWBDomain::make -C ps7_cortexa9_0/libsrc/Motor_DriverIP_v1_0/src -s clean 

TRACE::2025-05-23.19:11:55::SCWBDomain::make -C ps7_cortexa9_0/libsrc/qspips_v3_12/src -s clean 

TRACE::2025-05-23.19:11:55::SCWBDomain::make -C ps7_cortexa9_0/libsrc/scugic_v5_3/src -s clean 

TRACE::2025-05-23.19:11:55::SCWBDomain::make -C ps7_cortexa9_0/libsrc/scutimer_v2_6/src -s clean 

TRACE::2025-05-23.19:11:55::SCWBDomain::make -C ps7_cortexa9_0/libsrc/scuwdt_v2_5/src -s clean 

TRACE::2025-05-23.19:11:55::SCWBDomain::make -C ps7_cortexa9_0/libsrc/sdps_v4_3/src -s clean 

TRACE::2025-05-23.19:11:55::SCWBDomain::make -C ps7_cortexa9_0/libsrc/SpeedSensor_Driver_IP_v1_0/src -s clean 

TRACE::2025-05-23.19:11:55::SCWBDomain::make -C ps7_cortexa9_0/libsrc/standalone_v9_1/src -s clean 

TRACE::2025-05-23.19:11:55::SCWBDomain::make -C ps7_cortexa9_0/libsrc/tmrctr_v4_12/src -s clean 

TRACE::2025-05-23.19:11:55::SCWBDomain::make -C ps7_cortexa9_0/libsrc/uartps_v3_14/src -s clean 

TRACE::2025-05-23.19:11:55::SCWBDomain::make -C ps7_cortexa9_0/libsrc/ultrasoneIP_v1_0/src -s clean 

TRACE::2025-05-23.19:11:55::SCWBDomain::make -C ps7_cortexa9_0/libsrc/usbps_v2_9/src -s clean 

TRACE::2025-05-23.19:11:55::SCWBDomain::make -C ps7_cortexa9_0/libsrc/xadcps_v2_7/src -s clean 

TRACE::2025-05-23.19:11:55::SCWBDomain::make -C ps7_cortexa9_0/libsrc/xilffs_v5_2/src -s clean 

TRACE::2025-05-23.19:11:55::SCWBDomain::make -C ps7_cortexa9_0/libsrc/xilrsa_v1_8/src -s clean 

TRACE::2025-05-23.19:11:55::SCWBDomain::rm -f ps7_cortexa9_0/lib/libxil.a

TRACE::2025-05-23.19:11:56::SCWMssOS::cleaning the bsp 
TRACE::2025-05-23.19:11:56::SCWMssOS::System Command Ran  M: & cd  M:/projects/clones/SOC/Car_Project/vitis/FullCar_AllFeatures_V0_1/ps7_cortexa9_0/standalone_ps7_cortexa9_0/bsp & make clean 
TRACE::2025-05-23.19:11:56::SCWMssOS::make -C ps7_cortexa9_0/libsrc/coresightps_dcc_v1_10/src -s clean 

TRACE::2025-05-23.19:11:56::SCWMssOS::make -C ps7_cortexa9_0/libsrc/cpu_cortexa9_v2_12/src -s clean 

TRACE::2025-05-23.19:11:56::SCWMssOS::make -C ps7_cortexa9_0/libsrc/ddrps_v1_2/src -s clean 

TRACE::2025-05-23.19:11:56::SCWMssOS::make -C ps7_cortexa9_0/libsrc/devcfg_v3_8/src -s clean 

TRACE::2025-05-23.19:11:56::SCWMssOS::make -C ps7_cortexa9_0/libsrc/dmaps_v2_10/src -s clean 

TRACE::2025-05-23.19:11:56::SCWMssOS::make -C ps7_cortexa9_0/libsrc/emacps_v3_20/src -s clean 

TRACE::2025-05-23.19:11:56::SCWMssOS::make -C ps7_cortexa9_0/libsrc/gpiops_v3_13/src -s clean 

TRACE::2025-05-23.19:11:56::SCWMssOS::make -C ps7_cortexa9_0/libsrc/gpio_v4_11/src -s clean 

TRACE::2025-05-23.19:11:56::SCWMssOS::make -C ps7_cortexa9_0/libsrc/iic_v3_11/src -s clean 

TRACE::2025-05-23.19:11:56::SCWMssOS::make -C ps7_cortexa9_0/libsrc/Motor_DriverIP_v1_0/src -s clean 

TRACE::2025-05-23.19:11:56::SCWMssOS::make -C ps7_cortexa9_0/libsrc/qspips_v3_12/src -s clean 

TRACE::2025-05-23.19:11:56::SCWMssOS::make -C ps7_cortexa9_0/libsrc/scugic_v5_3/src -s clean 

TRACE::2025-05-23.19:11:56::SCWMssOS::make -C ps7_cortexa9_0/libsrc/scutimer_v2_6/src -s clean 

TRACE::2025-05-23.19:11:56::SCWMssOS::make -C ps7_cortexa9_0/libsrc/scuwdt_v2_5/src -s clean 

TRACE::2025-05-23.19:11:56::SCWMssOS::make -C ps7_cortexa9_0/libsrc/sdps_v4_3/src -s clean 

TRACE::2025-05-23.19:11:56::SCWMssOS::make -C ps7_cortexa9_0/libsrc/SpeedSensor_Driver_IP_v1_0/src -s clean 

TRACE::2025-05-23.19:11:56::SCWMssOS::make -C ps7_cortexa9_0/libsrc/standalone_v9_1/src -s clean 

TRACE::2025-05-23.19:11:56::SCWMssOS::make -C ps7_cortexa9_0/libsrc/tmrctr_v4_12/src -s clean 

TRACE::2025-05-23.19:11:57::SCWMssOS::make -C ps7_cortexa9_0/libsrc/uartps_v3_14/src -s clean 

TRACE::2025-05-23.19:11:57::SCWMssOS::make -C ps7_cortexa9_0/libsrc/ultrasoneIP_v1_0/src -s clean 

TRACE::2025-05-23.19:11:57::SCWMssOS::make -C ps7_cortexa9_0/libsrc/usbps_v2_9/src -s clean 

TRACE::2025-05-23.19:11:57::SCWMssOS::make -C ps7_cortexa9_0/libsrc/xadcps_v2_7/src -s clean 

TRACE::2025-05-23.19:11:57::SCWMssOS::rm -f ps7_cortexa9_0/lib/libxil.a

LOG::2025-05-23.19:12:01::SCWPlatform::Started generating the artifacts platform FullCar_AllFeatures_V0_1
TRACE::2025-05-23.19:12:01::SCWPlatform::Sanity checking of platform is completed
LOG::2025-05-23.19:12:01::SCWPlatform::Started generating the artifacts for system configuration FullCar_AllFeatures_V0_1
LOG::2025-05-23.19:12:01::SCWSystem::Checking the domain zynq_fsbl
LOG::2025-05-23.19:12:01::SCWSystem::Doing application build for :  zynq_fsbl
TRACE::2025-05-23.19:12:01::SCWBDomain::Not a forced makefile updation, No changes are present. 
TRACE::2025-05-23.19:12:01::SCWDomain::Building the domain as part of full build :  zynq_fsbl
TRACE::2025-05-23.19:12:01::SCWPlatform::Trying to open the hw design at M:/projects/clones/SOC/Car_Project/vitis/FullCar_AllFeatures_V0_1/hw/FullCar_AllFeatures_V0_1.xsa
TRACE::2025-05-23.19:12:01::SCWPlatform::DSA given M:/projects/clones/SOC/Car_Project/vitis/FullCar_AllFeatures_V0_1/hw/FullCar_AllFeatures_V0_1.xsa
TRACE::2025-05-23.19:12:01::SCWPlatform::DSA absoulate path M:/projects/clones/SOC/Car_Project/vitis/FullCar_AllFeatures_V0_1/hw/FullCar_AllFeatures_V0_1.xsa
TRACE::2025-05-23.19:12:01::SCWPlatform::DSA directory M:/projects/clones/SOC/Car_Project/vitis/FullCar_AllFeatures_V0_1/hw
TRACE::2025-05-23.19:12:01::SCWPlatform:: Platform Path M:/projects/clones/SOC/Car_Project/vitis/FullCar_AllFeatures_V0_1/hw/FullCar_AllFeatures_V0_1.xsa
TRACE::2025-05-23.19:12:01::SCWPlatform:: Unique name xilinx:pynq-z2::0.0
TRACE::2025-05-23.19:12:01::SCWPlatform::Trying to set the existing hwdb with name design_1_wrapper_0
TRACE::2025-05-23.19:12:01::SCWPlatform::Opened existing hwdb design_1_wrapper_0
TRACE::2025-05-23.19:12:01::SCWPlatform::Found the Hw Db part of the input DSA
TRACE::2025-05-23.19:12:01::SCWMssOS::Checking the sw design at  M:/projects/clones/SOC/Car_Project/vitis/FullCar_AllFeatures_V0_1/zynq_fsbl/zynq_fsbl_bsp/system.mss
TRACE::2025-05-23.19:12:01::SCWMssOS::DEBUG:  swdes dump  M:/projects/clones/SOC/Car_Project/vitis/FullCar_AllFeatures_V0_1/ps7_cortexa9_0/standalone_ps7_cortexa9_0/bsp/system.mss|system_0||
M:/projects/clones/SOC/Car_Project/vitis/FullCar_AllFeatures_V0_1/zynq_fsbl/zynq_fsbl_bsp/system.mss|system||

TRACE::2025-05-23.19:12:01::SCWMssOS::Sw design exists and opened at  M:/projects/clones/SOC/Car_Project/vitis/FullCar_AllFeatures_V0_1/zynq_fsbl/zynq_fsbl_bsp/system.mss
TRACE::2025-05-23.19:12:01::SCWBDomain::Completed writing the mss file at M:/projects/clones/SOC/Car_Project/vitis/FullCar_AllFeatures_V0_1/zynq_fsbl/zynq_fsbl_bsp
TRACE::2025-05-23.19:12:01::SCWBDomain::bsp generated is upto date with the mss file. Skipping bsp generation.
TRACE::2025-05-23.19:12:01::SCWBDomain::Not a forced makefile updation, No changes are present. 
TRACE::2025-05-23.19:12:01::SCWBDomain::System Command Ran  M:&  cd  M:/projects/clones/SOC/Car_Project/vitis/FullCar_AllFeatures_V0_1/zynq_fsbl& make -C  zynq_fsbl_bsp & make 
TRACE::2025-05-23.19:12:01::SCWBDomain::make: Entering directory 'M:/projects/clones/SOC/Car_Project/vitis/FullCar_AllFeatures_V0_1/zynq_fsbl/zynq_fsbl_bsp'

TRACE::2025-05-23.19:12:01::SCWBDomain::make --no-print-directory seq_libs

TRACE::2025-05-23.19:12:01::SCWBDomain::"Running Make include in ps7_cortexa9_0/libsrc/coresightps_dcc_v1_10/src"

TRACE::2025-05-23.19:12:01::SCWBDomain::make -C ps7_cortexa9_0/libsrc/coresightps_dcc_v1_10/src -s include  "SHELL=CMD" "COMPILER=arm-none-eabi-gcc" "ASSEMBLER=arm-non
TRACE::2025-05-23.19:12:01::SCWBDomain::e-eabi-as" "ARCHIVER=arm-none-eabi-ar" "COMPILER_FLAGS=  -O2 -c" "EXTRA_COMPILER_FLAGS=-mcpu=cortex-a9 -mfpu=vfpv3 -mfloat-abi=
TRACE::2025-05-23.19:12:01::SCWBDomain::hard -nostartfiles -g -Wall -Wextra -fno-tree-loop-distribute-patterns"

TRACE::2025-05-23.19:12:01::SCWBDomain::"Running Make include in ps7_cortexa9_0/libsrc/cpu_cortexa9_v2_12/src"

TRACE::2025-05-23.19:12:01::SCWBDomain::make -C ps7_cortexa9_0/libsrc/cpu_cortexa9_v2_12/src -s include  "SHELL=CMD" "COMPILER=arm-none-eabi-gcc" "ASSEMBLER=arm-none-e
TRACE::2025-05-23.19:12:01::SCWBDomain::abi-as" "ARCHIVER=arm-none-eabi-ar" "COMPILER_FLAGS=  -O2 -c" "EXTRA_COMPILER_FLAGS=-mcpu=cortex-a9 -mfpu=vfpv3 -mfloat-abi=har
TRACE::2025-05-23.19:12:01::SCWBDomain::d -nostartfiles -g -Wall -Wextra -fno-tree-loop-distribute-patterns"

TRACE::2025-05-23.19:12:01::SCWBDomain::"Running Make include in ps7_cortexa9_0/libsrc/ddrps_v1_2/src"

TRACE::2025-05-23.19:12:01::SCWBDomain::make -C ps7_cortexa9_0/libsrc/ddrps_v1_2/src -s include  "SHELL=CMD" "COMPILER=arm-none-eabi-gcc" "ASSEMBLER=arm-none-eabi-as" 
TRACE::2025-05-23.19:12:01::SCWBDomain::"ARCHIVER=arm-none-eabi-ar" "COMPILER_FLAGS=  -O2 -c" "EXTRA_COMPILER_FLAGS=-mcpu=cortex-a9 -mfpu=vfpv3 -mfloat-abi=hard -nosta
TRACE::2025-05-23.19:12:01::SCWBDomain::rtfiles -g -Wall -Wextra -fno-tree-loop-distribute-patterns"

TRACE::2025-05-23.19:12:01::SCWBDomain::"Running Make include in ps7_cortexa9_0/libsrc/devcfg_v3_8/src"

TRACE::2025-05-23.19:12:01::SCWBDomain::make -C ps7_cortexa9_0/libsrc/devcfg_v3_8/src -s include  "SHELL=CMD" "COMPILER=arm-none-eabi-gcc" "ASSEMBLER=arm-none-eabi-as"
TRACE::2025-05-23.19:12:01::SCWBDomain:: "ARCHIVER=arm-none-eabi-ar" "COMPILER_FLAGS=  -O2 -c" "EXTRA_COMPILER_FLAGS=-mcpu=cortex-a9 -mfpu=vfpv3 -mfloat-abi=hard -nost
TRACE::2025-05-23.19:12:01::SCWBDomain::artfiles -g -Wall -Wextra -fno-tree-loop-distribute-patterns"

TRACE::2025-05-23.19:12:01::SCWBDomain::"Running Make include in ps7_cortexa9_0/libsrc/dmaps_v2_10/src"

TRACE::2025-05-23.19:12:01::SCWBDomain::make -C ps7_cortexa9_0/libsrc/dmaps_v2_10/src -s include  "SHELL=CMD" "COMPILER=arm-none-eabi-gcc" "ASSEMBLER=arm-none-eabi-as"
TRACE::2025-05-23.19:12:01::SCWBDomain:: "ARCHIVER=arm-none-eabi-ar" "COMPILER_FLAGS=  -O2 -c" "EXTRA_COMPILER_FLAGS=-mcpu=cortex-a9 -mfpu=vfpv3 -mfloat-abi=hard -nost
TRACE::2025-05-23.19:12:01::SCWBDomain::artfiles -g -Wall -Wextra -fno-tree-loop-distribute-patterns"

TRACE::2025-05-23.19:12:01::SCWBDomain::"Running Make include in ps7_cortexa9_0/libsrc/emacps_v3_20/src"

TRACE::2025-05-23.19:12:01::SCWBDomain::make -C ps7_cortexa9_0/libsrc/emacps_v3_20/src -s include  "SHELL=CMD" "COMPILER=arm-none-eabi-gcc" "ASSEMBLER=arm-none-eabi-as
TRACE::2025-05-23.19:12:01::SCWBDomain::" "ARCHIVER=arm-none-eabi-ar" "COMPILER_FLAGS=  -O2 -c" "EXTRA_COMPILER_FLAGS=-mcpu=cortex-a9 -mfpu=vfpv3 -mfloat-abi=hard -nos
TRACE::2025-05-23.19:12:01::SCWBDomain::tartfiles -g -Wall -Wextra -fno-tree-loop-distribute-patterns"

TRACE::2025-05-23.19:12:01::SCWBDomain::"Running Make include in ps7_cortexa9_0/libsrc/gpiops_v3_13/src"

TRACE::2025-05-23.19:12:01::SCWBDomain::make -C ps7_cortexa9_0/libsrc/gpiops_v3_13/src -s include  "SHELL=CMD" "COMPILER=arm-none-eabi-gcc" "ASSEMBLER=arm-none-eabi-as
TRACE::2025-05-23.19:12:01::SCWBDomain::" "ARCHIVER=arm-none-eabi-ar" "COMPILER_FLAGS=  -O2 -c" "EXTRA_COMPILER_FLAGS=-mcpu=cortex-a9 -mfpu=vfpv3 -mfloat-abi=hard -nos
TRACE::2025-05-23.19:12:01::SCWBDomain::tartfiles -g -Wall -Wextra -fno-tree-loop-distribute-patterns"

TRACE::2025-05-23.19:12:01::SCWBDomain::"Running Make include in ps7_cortexa9_0/libsrc/gpio_v4_11/src"

TRACE::2025-05-23.19:12:01::SCWBDomain::make -C ps7_cortexa9_0/libsrc/gpio_v4_11/src -s include  "SHELL=CMD" "COMPILER=arm-none-eabi-gcc" "ASSEMBLER=arm-none-eabi-as" 
TRACE::2025-05-23.19:12:01::SCWBDomain::"ARCHIVER=arm-none-eabi-ar" "COMPILER_FLAGS=  -O2 -c" "EXTRA_COMPILER_FLAGS=-mcpu=cortex-a9 -mfpu=vfpv3 -mfloat-abi=hard -nosta
TRACE::2025-05-23.19:12:01::SCWBDomain::rtfiles -g -Wall -Wextra -fno-tree-loop-distribute-patterns"

TRACE::2025-05-23.19:12:01::SCWBDomain::"Running Make include in ps7_cortexa9_0/libsrc/iic_v3_11/src"

TRACE::2025-05-23.19:12:01::SCWBDomain::make -C ps7_cortexa9_0/libsrc/iic_v3_11/src -s include  "SHELL=CMD" "COMPILER=arm-none-eabi-gcc" "ASSEMBLER=arm-none-eabi-as" "
TRACE::2025-05-23.19:12:01::SCWBDomain::ARCHIVER=arm-none-eabi-ar" "COMPILER_FLAGS=  -O2 -c" "EXTRA_COMPILER_FLAGS=-mcpu=cortex-a9 -mfpu=vfpv3 -mfloat-abi=hard -nostar
TRACE::2025-05-23.19:12:01::SCWBDomain::tfiles -g -Wall -Wextra -fno-tree-loop-distribute-patterns"

TRACE::2025-05-23.19:12:01::SCWBDomain::"Running Make include in ps7_cortexa9_0/libsrc/Motor_DriverIP_v1_0/src"

TRACE::2025-05-23.19:12:01::SCWBDomain::make -C ps7_cortexa9_0/libsrc/Motor_DriverIP_v1_0/src -s include  "SHELL=CMD" "COMPILER=arm-none-eabi-gcc" "ASSEMBLER=arm-none-
TRACE::2025-05-23.19:12:01::SCWBDomain::eabi-as" "ARCHIVER=arm-none-eabi-ar" "COMPILER_FLAGS=  -O2 -c" "EXTRA_COMPILER_FLAGS=-mcpu=cortex-a9 -mfpu=vfpv3 -mfloat-abi=ha
TRACE::2025-05-23.19:12:01::SCWBDomain::rd -nostartfiles -g -Wall -Wextra -fno-tree-loop-distribute-patterns"

TRACE::2025-05-23.19:12:01::SCWBDomain::"Running Make include in ps7_cortexa9_0/libsrc/qspips_v3_12/src"

TRACE::2025-05-23.19:12:01::SCWBDomain::make -C ps7_cortexa9_0/libsrc/qspips_v3_12/src -s include  "SHELL=CMD" "COMPILER=arm-none-eabi-gcc" "ASSEMBLER=arm-none-eabi-as
TRACE::2025-05-23.19:12:01::SCWBDomain::" "ARCHIVER=arm-none-eabi-ar" "COMPILER_FLAGS=  -O2 -c" "EXTRA_COMPILER_FLAGS=-mcpu=cortex-a9 -mfpu=vfpv3 -mfloat-abi=hard -nos
TRACE::2025-05-23.19:12:01::SCWBDomain::tartfiles -g -Wall -Wextra -fno-tree-loop-distribute-patterns"

TRACE::2025-05-23.19:12:01::SCWBDomain::"Running Make include in ps7_cortexa9_0/libsrc/scugic_v5_3/src"

TRACE::2025-05-23.19:12:01::SCWBDomain::make -C ps7_cortexa9_0/libsrc/scugic_v5_3/src -s include  "SHELL=CMD" "COMPILER=arm-none-eabi-gcc" "ASSEMBLER=arm-none-eabi-as"
TRACE::2025-05-23.19:12:01::SCWBDomain:: "ARCHIVER=arm-none-eabi-ar" "COMPILER_FLAGS=  -O2 -c" "EXTRA_COMPILER_FLAGS=-mcpu=cortex-a9 -mfpu=vfpv3 -mfloat-abi=hard -nost
TRACE::2025-05-23.19:12:01::SCWBDomain::artfiles -g -Wall -Wextra -fno-tree-loop-distribute-patterns"

TRACE::2025-05-23.19:12:01::SCWBDomain::"Running Make include in ps7_cortexa9_0/libsrc/scutimer_v2_6/src"

TRACE::2025-05-23.19:12:01::SCWBDomain::make -C ps7_cortexa9_0/libsrc/scutimer_v2_6/src -s include  "SHELL=CMD" "COMPILER=arm-none-eabi-gcc" "ASSEMBLER=arm-none-eabi-a
TRACE::2025-05-23.19:12:01::SCWBDomain::s" "ARCHIVER=arm-none-eabi-ar" "COMPILER_FLAGS=  -O2 -c" "EXTRA_COMPILER_FLAGS=-mcpu=cortex-a9 -mfpu=vfpv3 -mfloat-abi=hard -no
TRACE::2025-05-23.19:12:01::SCWBDomain::startfiles -g -Wall -Wextra -fno-tree-loop-distribute-patterns"

TRACE::2025-05-23.19:12:01::SCWBDomain::"Running Make include in ps7_cortexa9_0/libsrc/scuwdt_v2_5/src"

TRACE::2025-05-23.19:12:01::SCWBDomain::make -C ps7_cortexa9_0/libsrc/scuwdt_v2_5/src -s include  "SHELL=CMD" "COMPILER=arm-none-eabi-gcc" "ASSEMBLER=arm-none-eabi-as"
TRACE::2025-05-23.19:12:01::SCWBDomain:: "ARCHIVER=arm-none-eabi-ar" "COMPILER_FLAGS=  -O2 -c" "EXTRA_COMPILER_FLAGS=-mcpu=cortex-a9 -mfpu=vfpv3 -mfloat-abi=hard -nost
TRACE::2025-05-23.19:12:01::SCWBDomain::artfiles -g -Wall -Wextra -fno-tree-loop-distribute-patterns"

TRACE::2025-05-23.19:12:01::SCWBDomain::"Running Make include in ps7_cortexa9_0/libsrc/sdps_v4_3/src"

TRACE::2025-05-23.19:12:01::SCWBDomain::make -C ps7_cortexa9_0/libsrc/sdps_v4_3/src -s include  "SHELL=CMD" "COMPILER=arm-none-eabi-gcc" "ASSEMBLER=arm-none-eabi-as" "
TRACE::2025-05-23.19:12:01::SCWBDomain::ARCHIVER=arm-none-eabi-ar" "COMPILER_FLAGS=  -O2 -c" "EXTRA_COMPILER_FLAGS=-mcpu=cortex-a9 -mfpu=vfpv3 -mfloat-abi=hard -nostar
TRACE::2025-05-23.19:12:01::SCWBDomain::tfiles -g -Wall -Wextra -fno-tree-loop-distribute-patterns"

TRACE::2025-05-23.19:12:02::SCWBDomain::"Running Make include in ps7_cortexa9_0/libsrc/SpeedSensor_Driver_IP_v1_0/src"

TRACE::2025-05-23.19:12:02::SCWBDomain::make -C ps7_cortexa9_0/libsrc/SpeedSensor_Driver_IP_v1_0/src -s include  "SHELL=CMD" "COMPILER=arm-none-eabi-gcc" "ASSEMBLER=ar
TRACE::2025-05-23.19:12:02::SCWBDomain::m-none-eabi-as" "ARCHIVER=arm-none-eabi-ar" "COMPILER_FLAGS=  -O2 -c" "EXTRA_COMPILER_FLAGS=-mcpu=cortex-a9 -mfpu=vfpv3 -mfloat
TRACE::2025-05-23.19:12:02::SCWBDomain::-abi=hard -nostartfiles -g -Wall -Wextra -fno-tree-loop-distribute-patterns"

TRACE::2025-05-23.19:12:02::SCWBDomain::"Running Make include in ps7_cortexa9_0/libsrc/standalone_v9_1/src"

TRACE::2025-05-23.19:12:02::SCWBDomain::make -C ps7_cortexa9_0/libsrc/standalone_v9_1/src -s include  "SHELL=CMD" "COMPILER=arm-none-eabi-gcc" "ASSEMBLER=arm-none-eabi
TRACE::2025-05-23.19:12:02::SCWBDomain::-as" "ARCHIVER=arm-none-eabi-ar" "COMPILER_FLAGS=  -O2 -c" "EXTRA_COMPILER_FLAGS=-mcpu=cortex-a9 -mfpu=vfpv3 -mfloat-abi=hard -
TRACE::2025-05-23.19:12:02::SCWBDomain::nostartfiles -g -Wall -Wextra -fno-tree-loop-distribute-patterns"

TRACE::2025-05-23.19:12:02::SCWBDomain::"Running Make include in ps7_cortexa9_0/libsrc/tmrctr_v4_12/src"

TRACE::2025-05-23.19:12:02::SCWBDomain::make -C ps7_cortexa9_0/libsrc/tmrctr_v4_12/src -s include  "SHELL=CMD" "COMPILER=arm-none-eabi-gcc" "ASSEMBLER=arm-none-eabi-as
TRACE::2025-05-23.19:12:02::SCWBDomain::" "ARCHIVER=arm-none-eabi-ar" "COMPILER_FLAGS=  -O2 -c" "EXTRA_COMPILER_FLAGS=-mcpu=cortex-a9 -mfpu=vfpv3 -mfloat-abi=hard -nos
TRACE::2025-05-23.19:12:02::SCWBDomain::tartfiles -g -Wall -Wextra -fno-tree-loop-distribute-patterns"

TRACE::2025-05-23.19:12:02::SCWBDomain::"Running Make include in ps7_cortexa9_0/libsrc/uartps_v3_14/src"

TRACE::2025-05-23.19:12:02::SCWBDomain::make -C ps7_cortexa9_0/libsrc/uartps_v3_14/src -s include  "SHELL=CMD" "COMPILER=arm-none-eabi-gcc" "ASSEMBLER=arm-none-eabi-as
TRACE::2025-05-23.19:12:02::SCWBDomain::" "ARCHIVER=arm-none-eabi-ar" "COMPILER_FLAGS=  -O2 -c" "EXTRA_COMPILER_FLAGS=-mcpu=cortex-a9 -mfpu=vfpv3 -mfloat-abi=hard -nos
TRACE::2025-05-23.19:12:02::SCWBDomain::tartfiles -g -Wall -Wextra -fno-tree-loop-distribute-patterns"

TRACE::2025-05-23.19:12:02::SCWBDomain::"Running Make include in ps7_cortexa9_0/libsrc/ultrasoneIP_v1_0/src"

TRACE::2025-05-23.19:12:02::SCWBDomain::make -C ps7_cortexa9_0/libsrc/ultrasoneIP_v1_0/src -s include  "SHELL=CMD" "COMPILER=arm-none-eabi-gcc" "ASSEMBLER=arm-none-eab
TRACE::2025-05-23.19:12:02::SCWBDomain::i-as" "ARCHIVER=arm-none-eabi-ar" "COMPILER_FLAGS=  -O2 -c" "EXTRA_COMPILER_FLAGS=-mcpu=cortex-a9 -mfpu=vfpv3 -mfloat-abi=hard 
TRACE::2025-05-23.19:12:02::SCWBDomain::-nostartfiles -g -Wall -Wextra -fno-tree-loop-distribute-patterns"

TRACE::2025-05-23.19:12:02::SCWBDomain::"Running Make include in ps7_cortexa9_0/libsrc/usbps_v2_9/src"

TRACE::2025-05-23.19:12:02::SCWBDomain::make -C ps7_cortexa9_0/libsrc/usbps_v2_9/src -s include  "SHELL=CMD" "COMPILER=arm-none-eabi-gcc" "ASSEMBLER=arm-none-eabi-as" 
TRACE::2025-05-23.19:12:02::SCWBDomain::"ARCHIVER=arm-none-eabi-ar" "COMPILER_FLAGS=  -O2 -c" "EXTRA_COMPILER_FLAGS=-mcpu=cortex-a9 -mfpu=vfpv3 -mfloat-abi=hard -nosta
TRACE::2025-05-23.19:12:02::SCWBDomain::rtfiles -g -Wall -Wextra -fno-tree-loop-distribute-patterns"

TRACE::2025-05-23.19:12:02::SCWBDomain::"Running Make include in ps7_cortexa9_0/libsrc/xadcps_v2_7/src"

TRACE::2025-05-23.19:12:02::SCWBDomain::make -C ps7_cortexa9_0/libsrc/xadcps_v2_7/src -s include  "SHELL=CMD" "COMPILER=arm-none-eabi-gcc" "ASSEMBLER=arm-none-eabi-as"
TRACE::2025-05-23.19:12:02::SCWBDomain:: "ARCHIVER=arm-none-eabi-ar" "COMPILER_FLAGS=  -O2 -c" "EXTRA_COMPILER_FLAGS=-mcpu=cortex-a9 -mfpu=vfpv3 -mfloat-abi=hard -nost
TRACE::2025-05-23.19:12:02::SCWBDomain::artfiles -g -Wall -Wextra -fno-tree-loop-distribute-patterns"

TRACE::2025-05-23.19:12:02::SCWBDomain::"Running Make include in ps7_cortexa9_0/libsrc/xilffs_v5_2/src"

TRACE::2025-05-23.19:12:02::SCWBDomain::make -C ps7_cortexa9_0/libsrc/xilffs_v5_2/src -s include  "SHELL=CMD" "COMPILER=arm-none-eabi-gcc" "ASSEMBLER=arm-none-eabi-as"
TRACE::2025-05-23.19:12:02::SCWBDomain:: "ARCHIVER=arm-none-eabi-ar" "COMPILER_FLAGS=  -O2 -c" "EXTRA_COMPILER_FLAGS=-mcpu=cortex-a9 -mfpu=vfpv3 -mfloat-abi=hard -nost
TRACE::2025-05-23.19:12:02::SCWBDomain::artfiles -g -Wall -Wextra -fno-tree-loop-distribute-patterns"

TRACE::2025-05-23.19:12:02::SCWBDomain::"Running Make include in ps7_cortexa9_0/libsrc/xilrsa_v1_8/src"

TRACE::2025-05-23.19:12:02::SCWBDomain::make -C ps7_cortexa9_0/libsrc/xilrsa_v1_8/src -s include  "SHELL=CMD" "COMPILER=arm-none-eabi-gcc" "ASSEMBLER=arm-none-eabi-as"
TRACE::2025-05-23.19:12:02::SCWBDomain:: "ARCHIVER=arm-none-eabi-ar" "COMPILER_FLAGS=  -O2 -c" "EXTRA_COMPILER_FLAGS=-mcpu=cortex-a9 -mfpu=vfpv3 -mfloat-abi=hard -nost
TRACE::2025-05-23.19:12:02::SCWBDomain::artfiles -g -Wall -Wextra -fno-tree-loop-distribute-patterns"

TRACE::2025-05-23.19:12:02::SCWBDomain::"Running Make libs in ps7_cortexa9_0/libsrc/Motor_DriverIP_v1_0/src"

TRACE::2025-05-23.19:12:02::SCWBDomain::make -C ps7_cortexa9_0/libsrc/Motor_DriverIP_v1_0/src -s libs  "SHELL=CMD" "COMPILER=arm-none-eabi-gcc" "ASSEMBLER=arm-none-eab
TRACE::2025-05-23.19:12:02::SCWBDomain::i-as" "ARCHIVER=arm-none-eabi-ar" "COMPILER_FLAGS=  -O2 -c" "EXTRA_COMPILER_FLAGS=-mcpu=cortex-a9 -mfpu=vfpv3 -mfloat-abi=hard 
TRACE::2025-05-23.19:12:02::SCWBDomain::-nostartfiles -g -Wall -Wextra -fno-tree-loop-distribute-patterns"

TRACE::2025-05-23.19:12:02::SCWBDomain::"Running Make libs in ps7_cortexa9_0/libsrc/SpeedSensor_Driver_IP_v1_0/src"

TRACE::2025-05-23.19:12:02::SCWBDomain::make -C ps7_cortexa9_0/libsrc/SpeedSensor_Driver_IP_v1_0/src -s libs  "SHELL=CMD" "COMPILER=arm-none-eabi-gcc" "ASSEMBLER=arm-n
TRACE::2025-05-23.19:12:02::SCWBDomain::one-eabi-as" "ARCHIVER=arm-none-eabi-ar" "COMPILER_FLAGS=  -O2 -c" "EXTRA_COMPILER_FLAGS=-mcpu=cortex-a9 -mfpu=vfpv3 -mfloat-ab
TRACE::2025-05-23.19:12:02::SCWBDomain::i=hard -nostartfiles -g -Wall -Wextra -fno-tree-loop-distribute-patterns"

TRACE::2025-05-23.19:12:02::SCWBDomain::"Running Make libs in ps7_cortexa9_0/libsrc/ultrasoneIP_v1_0/src"

TRACE::2025-05-23.19:12:02::SCWBDomain::make -C ps7_cortexa9_0/libsrc/ultrasoneIP_v1_0/src -s libs  "SHELL=CMD" "COMPILER=arm-none-eabi-gcc" "ASSEMBLER=arm-none-eabi-a
TRACE::2025-05-23.19:12:02::SCWBDomain::s" "ARCHIVER=arm-none-eabi-ar" "COMPILER_FLAGS=  -O2 -c" "EXTRA_COMPILER_FLAGS=-mcpu=cortex-a9 -mfpu=vfpv3 -mfloat-abi=hard -no
TRACE::2025-05-23.19:12:02::SCWBDomain::startfiles -g -Wall -Wextra -fno-tree-loop-distribute-patterns"

TRACE::2025-05-23.19:12:02::SCWBDomain::"Running Make libs in ps7_cortexa9_0/libsrc/xilrsa_v1_8/src"

TRACE::2025-05-23.19:12:02::SCWBDomain::make -C ps7_cortexa9_0/libsrc/xilrsa_v1_8/src -s libs  "SHELL=CMD" "COMPILER=arm-none-eabi-gcc" "ASSEMBLER=arm-none-eabi-as" "A
TRACE::2025-05-23.19:12:02::SCWBDomain::RCHIVER=arm-none-eabi-ar" "COMPILER_FLAGS=  -O2 -c" "EXTRA_COMPILER_FLAGS=-mcpu=cortex-a9 -mfpu=vfpv3 -mfloat-abi=hard -nostart
TRACE::2025-05-23.19:12:02::SCWBDomain::files -g -Wall -Wextra -fno-tree-loop-distribute-patterns"

TRACE::2025-05-23.19:12:02::SCWBDomain::'Finished building libraries sequentially.'

TRACE::2025-05-23.19:12:02::SCWBDomain::make -j 10 --no-print-directory par_libs

TRACE::2025-05-23.19:12:02::SCWBDomain::"Running Make include in ps7_cortexa9_0/libsrc/coresightps_dcc_v1_10/src"

TRACE::2025-05-23.19:12:02::SCWBDomain::make -C ps7_cortexa9_0/libsrc/coresightps_dcc_v1_10/src -s include  "SHELL=CMD" "COMPILER=arm-none-eabi-gcc" "ASSEMBLER=arm-non
TRACE::2025-05-23.19:12:02::SCWBDomain::e-eabi-as" "ARCHIVER=arm-none-eabi-ar" "COMPILER_FLAGS=  -O2 -c" "EXTRA_COMPILER_FLAGS=-mcpu=cortex-a9 -mfpu=vfpv3 -mfloat-abi=
TRACE::2025-05-23.19:12:02::SCWBDomain::hard -nostartfiles -g -Wall -Wextra -fno-tree-loop-distribute-patterns"

TRACE::2025-05-23.19:12:02::SCWBDomain::"Running Make include in ps7_cortexa9_0/libsrc/cpu_cortexa9_v2_12/src"

TRACE::2025-05-23.19:12:02::SCWBDomain::make -C ps7_cortexa9_0/libsrc/cpu_cortexa9_v2_12/src -s include  "SHELL=CMD" "COMPILER=arm-none-eabi-gcc" "ASSEMBLER=arm-none-e
TRACE::2025-05-23.19:12:02::SCWBDomain::abi-as" "ARCHIVER=arm-none-eabi-ar" "COMPILER_FLAGS=  -O2 -c" "EXTRA_COMPILER_FLAGS=-mcpu=cortex-a9 -mfpu=vfpv3 -mfloat-abi=har
TRACE::2025-05-23.19:12:02::SCWBDomain::d -nostartfiles -g -Wall -Wextra -fno-tree-loop-distribute-patterns"

TRACE::2025-05-23.19:12:02::SCWBDomain::"Running Make include in ps7_cortexa9_0/libsrc/ddrps_v1_2/src"

TRACE::2025-05-23.19:12:02::SCWBDomain::make -C ps7_cortexa9_0/libsrc/ddrps_v1_2/src -s include  "SHELL=CMD" "COMPILER=arm-none-eabi-gcc" "ASSEMBLER=arm-none-eabi-as" 
TRACE::2025-05-23.19:12:02::SCWBDomain::"ARCHIVER=arm-none-eabi-ar" "COMPILER_FLAGS=  -O2 -c" "EXTRA_COMPILER_FLAGS=-mcpu=cortex-a9 -mfpu=vfpv3 -mfloat-abi=hard -nosta
TRACE::2025-05-23.19:12:02::SCWBDomain::rtfiles -g -Wall -Wextra -fno-tree-loop-distribute-patterns"

TRACE::2025-05-23.19:12:02::SCWBDomain::"Running Make include in ps7_cortexa9_0/libsrc/devcfg_v3_8/src"

TRACE::2025-05-23.19:12:02::SCWBDomain::make -C ps7_cortexa9_0/libsrc/devcfg_v3_8/src -s include  "SHELL=CMD" "COMPILER=arm-none-eabi-gcc" "ASSEMBLER=arm-none-eabi-as"
TRACE::2025-05-23.19:12:02::SCWBDomain:: "ARCHIVER=arm-none-eabi-ar" "COMPILER_FLAGS=  -O2 -c" "EXTRA_COMPILER_FLAGS=-mcpu=cortex-a9 -mfpu=vfpv3 -mfloat-abi=hard -nost
TRACE::2025-05-23.19:12:02::SCWBDomain::artfiles -g -Wall -Wextra -fno-tree-loop-distribute-patterns"

TRACE::2025-05-23.19:12:02::SCWBDomain::"Running Make include in ps7_cortexa9_0/libsrc/dmaps_v2_10/src"

TRACE::2025-05-23.19:12:02::SCWBDomain::make -C ps7_cortexa9_0/libsrc/dmaps_v2_10/src -s include  "SHELL=CMD" "COMPILER=arm-none-eabi-gcc" "ASSEMBLER=arm-none-eabi-as"
TRACE::2025-05-23.19:12:02::SCWBDomain:: "ARCHIVER=arm-none-eabi-ar" "COMPILER_FLAGS=  -O2 -c" "EXTRA_COMPILER_FLAGS=-mcpu=cortex-a9 -mfpu=vfpv3 -mfloat-abi=hard -nost
TRACE::2025-05-23.19:12:02::SCWBDomain::artfiles -g -Wall -Wextra -fno-tree-loop-distribute-patterns"

TRACE::2025-05-23.19:12:02::SCWBDomain::"Running Make include in ps7_cortexa9_0/libsrc/emacps_v3_20/src"

TRACE::2025-05-23.19:12:02::SCWBDomain::make -C ps7_cortexa9_0/libsrc/emacps_v3_20/src -s include  "SHELL=CMD" "COMPILER=arm-none-eabi-gcc" "ASSEMBLER=arm-none-eabi-as
TRACE::2025-05-23.19:12:02::SCWBDomain::" "ARCHIVER=arm-none-eabi-ar" "COMPILER_FLAGS=  -O2 -c" "EXTRA_COMPILER_FLAGS=-mcpu=cortex-a9 -mfpu=vfpv3 -mfloat-abi=hard -nos
TRACE::2025-05-23.19:12:02::SCWBDomain::tartfiles -g -Wall -Wextra -fno-tree-loop-distribute-patterns"

TRACE::2025-05-23.19:12:02::SCWBDomain::"Running Make include in ps7_cortexa9_0/libsrc/gpiops_v3_13/src"

TRACE::2025-05-23.19:12:02::SCWBDomain::make -C ps7_cortexa9_0/libsrc/gpiops_v3_13/src -s include  "SHELL=CMD" "COMPILER=arm-none-eabi-gcc" "ASSEMBLER=arm-none-eabi-as
TRACE::2025-05-23.19:12:02::SCWBDomain::" "ARCHIVER=arm-none-eabi-ar" "COMPILER_FLAGS=  -O2 -c" "EXTRA_COMPILER_FLAGS=-mcpu=cortex-a9 -mfpu=vfpv3 -mfloat-abi=hard -nos
TRACE::2025-05-23.19:12:02::SCWBDomain::tartfiles -g -Wall -Wextra -fno-tree-loop-distribute-patterns"

TRACE::2025-05-23.19:12:02::SCWBDomain::"Running Make include in ps7_cortexa9_0/libsrc/gpio_v4_11/src"

TRACE::2025-05-23.19:12:03::SCWBDomain::make -C ps7_cortexa9_0/libsrc/gpio_v4_11/src -s include  "SHELL=CMD" "COMPILER=arm-none-eabi-gcc" "ASSEMBLER=arm-none-eabi-as" 
TRACE::2025-05-23.19:12:03::SCWBDomain::"ARCHIVER=arm-none-eabi-ar" "COMPILER_FLAGS=  -O2 -c" "EXTRA_COMPILER_FLAGS=-mcpu=cortex-a9 -mfpu=vfpv3 -mfloat-abi=hard -nosta
TRACE::2025-05-23.19:12:03::SCWBDomain::rtfiles -g -Wall -Wextra -fno-tree-loop-distribute-patterns"

TRACE::2025-05-23.19:12:03::SCWBDomain::"Running Make include in ps7_cortexa9_0/libsrc/iic_v3_11/src"

TRACE::2025-05-23.19:12:03::SCWBDomain::make -C ps7_cortexa9_0/libsrc/iic_v3_11/src -s include  "SHELL=CMD" "COMPILER=arm-none-eabi-gcc" "ASSEMBLER=arm-none-eabi-as" "
TRACE::2025-05-23.19:12:03::SCWBDomain::ARCHIVER=arm-none-eabi-ar" "COMPILER_FLAGS=  -O2 -c" "EXTRA_COMPILER_FLAGS=-mcpu=cortex-a9 -mfpu=vfpv3 -mfloat-abi=hard -nostar
TRACE::2025-05-23.19:12:03::SCWBDomain::tfiles -g -Wall -Wextra -fno-tree-loop-distribute-patterns"

TRACE::2025-05-23.19:12:03::SCWBDomain::"Running Make include in ps7_cortexa9_0/libsrc/Motor_DriverIP_v1_0/src"

TRACE::2025-05-23.19:12:03::SCWBDomain::make -C ps7_cortexa9_0/libsrc/Motor_DriverIP_v1_0/src -s include  "SHELL=CMD" "COMPILER=arm-none-eabi-gcc" "ASSEMBLER=arm-none-
TRACE::2025-05-23.19:12:03::SCWBDomain::eabi-as" "ARCHIVER=arm-none-eabi-ar" "COMPILER_FLAGS=  -O2 -c" "EXTRA_COMPILER_FLAGS=-mcpu=cortex-a9 -mfpu=vfpv3 -mfloat-abi=ha
TRACE::2025-05-23.19:12:03::SCWBDomain::rd -nostartfiles -g -Wall -Wextra -fno-tree-loop-distribute-patterns"

TRACE::2025-05-23.19:12:03::SCWBDomain::"Running Make include in ps7_cortexa9_0/libsrc/qspips_v3_12/src"

TRACE::2025-05-23.19:12:03::SCWBDomain::make -C ps7_cortexa9_0/libsrc/qspips_v3_12/src -s include  "SHELL=CMD" "COMPILER=arm-none-eabi-gcc" "ASSEMBLER=arm-none-eabi-as
TRACE::2025-05-23.19:12:03::SCWBDomain::" "ARCHIVER=arm-none-eabi-ar" "COMPILER_FLAGS=  -O2 -c" "EXTRA_COMPILER_FLAGS=-mcpu=cortex-a9 -mfpu=vfpv3 -mfloat-abi=hard -nos
TRACE::2025-05-23.19:12:03::SCWBDomain::tartfiles -g -Wall -Wextra -fno-tree-loop-distribute-patterns"

TRACE::2025-05-23.19:12:03::SCWBDomain::"Running Make include in ps7_cortexa9_0/libsrc/scugic_v5_3/src"

TRACE::2025-05-23.19:12:03::SCWBDomain::make -C ps7_cortexa9_0/libsrc/scugic_v5_3/src -s include  "SHELL=CMD" "COMPILER=arm-none-eabi-gcc" "ASSEMBLER=arm-none-eabi-as"
TRACE::2025-05-23.19:12:03::SCWBDomain:: "ARCHIVER=arm-none-eabi-ar" "COMPILER_FLAGS=  -O2 -c" "EXTRA_COMPILER_FLAGS=-mcpu=cortex-a9 -mfpu=vfpv3 -mfloat-abi=hard -nost
TRACE::2025-05-23.19:12:03::SCWBDomain::artfiles -g -Wall -Wextra -fno-tree-loop-distribute-patterns"

TRACE::2025-05-23.19:12:03::SCWBDomain::"Running Make include in ps7_cortexa9_0/libsrc/scutimer_v2_6/src"

TRACE::2025-05-23.19:12:03::SCWBDomain::make -C ps7_cortexa9_0/libsrc/scutimer_v2_6/src -s include  "SHELL=CMD" "COMPILER=arm-none-eabi-gcc" "ASSEMBLER=arm-none-eabi-a
TRACE::2025-05-23.19:12:03::SCWBDomain::s" "ARCHIVER=arm-none-eabi-ar" "COMPILER_FLAGS=  -O2 -c" "EXTRA_COMPILER_FLAGS=-mcpu=cortex-a9 -mfpu=vfpv3 -mfloat-abi=hard -no
TRACE::2025-05-23.19:12:03::SCWBDomain::startfiles -g -Wall -Wextra -fno-tree-loop-distribute-patterns"

TRACE::2025-05-23.19:12:03::SCWBDomain::"Running Make include in ps7_cortexa9_0/libsrc/scuwdt_v2_5/src"

TRACE::2025-05-23.19:12:03::SCWBDomain::make -C ps7_cortexa9_0/libsrc/scuwdt_v2_5/src -s include  "SHELL=CMD" "COMPILER=arm-none-eabi-gcc" "ASSEMBLER=arm-none-eabi-as"
TRACE::2025-05-23.19:12:03::SCWBDomain:: "ARCHIVER=arm-none-eabi-ar" "COMPILER_FLAGS=  -O2 -c" "EXTRA_COMPILER_FLAGS=-mcpu=cortex-a9 -mfpu=vfpv3 -mfloat-abi=hard -nost
TRACE::2025-05-23.19:12:03::SCWBDomain::artfiles -g -Wall -Wextra -fno-tree-loop-distribute-patterns"

TRACE::2025-05-23.19:12:03::SCWBDomain::"Running Make include in ps7_cortexa9_0/libsrc/sdps_v4_3/src"

TRACE::2025-05-23.19:12:03::SCWBDomain::make -C ps7_cortexa9_0/libsrc/sdps_v4_3/src -s include  "SHELL=CMD" "COMPILER=arm-none-eabi-gcc" "ASSEMBLER=arm-none-eabi-as" "
TRACE::2025-05-23.19:12:03::SCWBDomain::ARCHIVER=arm-none-eabi-ar" "COMPILER_FLAGS=  -O2 -c" "EXTRA_COMPILER_FLAGS=-mcpu=cortex-a9 -mfpu=vfpv3 -mfloat-abi=hard -nostar
TRACE::2025-05-23.19:12:03::SCWBDomain::tfiles -g -Wall -Wextra -fno-tree-loop-distribute-patterns"

TRACE::2025-05-23.19:12:03::SCWBDomain::"Running Make include in ps7_cortexa9_0/libsrc/SpeedSensor_Driver_IP_v1_0/src"

TRACE::2025-05-23.19:12:03::SCWBDomain::make -C ps7_cortexa9_0/libsrc/SpeedSensor_Driver_IP_v1_0/src -s include  "SHELL=CMD" "COMPILER=arm-none-eabi-gcc" "ASSEMBLER=ar
TRACE::2025-05-23.19:12:03::SCWBDomain::m-none-eabi-as" "ARCHIVER=arm-none-eabi-ar" "COMPILER_FLAGS=  -O2 -c" "EXTRA_COMPILER_FLAGS=-mcpu=cortex-a9 -mfpu=vfpv3 -mfloat
TRACE::2025-05-23.19:12:03::SCWBDomain::-abi=hard -nostartfiles -g -Wall -Wextra -fno-tree-loop-distribute-patterns"

TRACE::2025-05-23.19:12:03::SCWBDomain::"Running Make include in ps7_cortexa9_0/libsrc/standalone_v9_1/src"

TRACE::2025-05-23.19:12:03::SCWBDomain::make -C ps7_cortexa9_0/libsrc/standalone_v9_1/src -s include  "SHELL=CMD" "COMPILER=arm-none-eabi-gcc" "ASSEMBLER=arm-none-eabi
TRACE::2025-05-23.19:12:03::SCWBDomain::-as" "ARCHIVER=arm-none-eabi-ar" "COMPILER_FLAGS=  -O2 -c" "EXTRA_COMPILER_FLAGS=-mcpu=cortex-a9 -mfpu=vfpv3 -mfloat-abi=hard -
TRACE::2025-05-23.19:12:03::SCWBDomain::nostartfiles -g -Wall -Wextra -fno-tree-loop-distribute-patterns"

TRACE::2025-05-23.19:12:03::SCWBDomain::"Running Make include in ps7_cortexa9_0/libsrc/tmrctr_v4_12/src"

TRACE::2025-05-23.19:12:03::SCWBDomain::make -C ps7_cortexa9_0/libsrc/tmrctr_v4_12/src -s include  "SHELL=CMD" "COMPILER=arm-none-eabi-gcc" "ASSEMBLER=arm-none-eabi-as
TRACE::2025-05-23.19:12:03::SCWBDomain::" "ARCHIVER=arm-none-eabi-ar" "COMPILER_FLAGS=  -O2 -c" "EXTRA_COMPILER_FLAGS=-mcpu=cortex-a9 -mfpu=vfpv3 -mfloat-abi=hard -nos
TRACE::2025-05-23.19:12:03::SCWBDomain::tartfiles -g -Wall -Wextra -fno-tree-loop-distribute-patterns"

TRACE::2025-05-23.19:12:03::SCWBDomain::"Running Make include in ps7_cortexa9_0/libsrc/uartps_v3_14/src"

TRACE::2025-05-23.19:12:03::SCWBDomain::make -C ps7_cortexa9_0/libsrc/uartps_v3_14/src -s include  "SHELL=CMD" "COMPILER=arm-none-eabi-gcc" "ASSEMBLER=arm-none-eabi-as
TRACE::2025-05-23.19:12:03::SCWBDomain::" "ARCHIVER=arm-none-eabi-ar" "COMPILER_FLAGS=  -O2 -c" "EXTRA_COMPILER_FLAGS=-mcpu=cortex-a9 -mfpu=vfpv3 -mfloat-abi=hard -nos
TRACE::2025-05-23.19:12:03::SCWBDomain::tartfiles -g -Wall -Wextra -fno-tree-loop-distribute-patterns"

TRACE::2025-05-23.19:12:03::SCWBDomain::"Running Make include in ps7_cortexa9_0/libsrc/ultrasoneIP_v1_0/src"

TRACE::2025-05-23.19:12:03::SCWBDomain::make -C ps7_cortexa9_0/libsrc/ultrasoneIP_v1_0/src -s include  "SHELL=CMD" "COMPILER=arm-none-eabi-gcc" "ASSEMBLER=arm-none-eab
TRACE::2025-05-23.19:12:03::SCWBDomain::i-as" "ARCHIVER=arm-none-eabi-ar" "COMPILER_FLAGS=  -O2 -c" "EXTRA_COMPILER_FLAGS=-mcpu=cortex-a9 -mfpu=vfpv3 -mfloat-abi=hard 
TRACE::2025-05-23.19:12:03::SCWBDomain::-nostartfiles -g -Wall -Wextra -fno-tree-loop-distribute-patterns"

TRACE::2025-05-23.19:12:03::SCWBDomain::"Running Make include in ps7_cortexa9_0/libsrc/usbps_v2_9/src"

TRACE::2025-05-23.19:12:03::SCWBDomain::make -C ps7_cortexa9_0/libsrc/usbps_v2_9/src -s include  "SHELL=CMD" "COMPILER=arm-none-eabi-gcc" "ASSEMBLER=arm-none-eabi-as" 
TRACE::2025-05-23.19:12:03::SCWBDomain::"ARCHIVER=arm-none-eabi-ar" "COMPILER_FLAGS=  -O2 -c" "EXTRA_COMPILER_FLAGS=-mcpu=cortex-a9 -mfpu=vfpv3 -mfloat-abi=hard -nosta
TRACE::2025-05-23.19:12:03::SCWBDomain::rtfiles -g -Wall -Wextra -fno-tree-loop-distribute-patterns"

TRACE::2025-05-23.19:12:03::SCWBDomain::"Running Make include in ps7_cortexa9_0/libsrc/xadcps_v2_7/src"

TRACE::2025-05-23.19:12:03::SCWBDomain::make -C ps7_cortexa9_0/libsrc/xadcps_v2_7/src -s include  "SHELL=CMD" "COMPILER=arm-none-eabi-gcc" "ASSEMBLER=arm-none-eabi-as"
TRACE::2025-05-23.19:12:03::SCWBDomain:: "ARCHIVER=arm-none-eabi-ar" "COMPILER_FLAGS=  -O2 -c" "EXTRA_COMPILER_FLAGS=-mcpu=cortex-a9 -mfpu=vfpv3 -mfloat-abi=hard -nost
TRACE::2025-05-23.19:12:03::SCWBDomain::artfiles -g -Wall -Wextra -fno-tree-loop-distribute-patterns"

TRACE::2025-05-23.19:12:03::SCWBDomain::"Running Make include in ps7_cortexa9_0/libsrc/xilffs_v5_2/src"

TRACE::2025-05-23.19:12:03::SCWBDomain::make -C ps7_cortexa9_0/libsrc/xilffs_v5_2/src -s include  "SHELL=CMD" "COMPILER=arm-none-eabi-gcc" "ASSEMBLER=arm-none-eabi-as"
TRACE::2025-05-23.19:12:03::SCWBDomain:: "ARCHIVER=arm-none-eabi-ar" "COMPILER_FLAGS=  -O2 -c" "EXTRA_COMPILER_FLAGS=-mcpu=cortex-a9 -mfpu=vfpv3 -mfloat-abi=hard -nost
TRACE::2025-05-23.19:12:03::SCWBDomain::artfiles -g -Wall -Wextra -fno-tree-loop-distribute-patterns"

TRACE::2025-05-23.19:12:03::SCWBDomain::"Running Make include in ps7_cortexa9_0/libsrc/xilrsa_v1_8/src"

TRACE::2025-05-23.19:12:03::SCWBDomain::make -C ps7_cortexa9_0/libsrc/xilrsa_v1_8/src -s include  "SHELL=CMD" "COMPILER=arm-none-eabi-gcc" "ASSEMBLER=arm-none-eabi-as"
TRACE::2025-05-23.19:12:03::SCWBDomain:: "ARCHIVER=arm-none-eabi-ar" "COMPILER_FLAGS=  -O2 -c" "EXTRA_COMPILER_FLAGS=-mcpu=cortex-a9 -mfpu=vfpv3 -mfloat-abi=hard -nost
TRACE::2025-05-23.19:12:03::SCWBDomain::artfiles -g -Wall -Wextra -fno-tree-loop-distribute-patterns"

TRACE::2025-05-23.19:12:03::SCWBDomain::"Running Make libs in ps7_cortexa9_0/libsrc/coresightps_dcc_v1_10/src"

TRACE::2025-05-23.19:12:03::SCWBDomain::make -C ps7_cortexa9_0/libsrc/coresightps_dcc_v1_10/src -s libs  "SHELL=CMD" "COMPILER=arm-none-eabi-gcc" "ASSEMBLER=arm-none-e
TRACE::2025-05-23.19:12:03::SCWBDomain::abi-as" "ARCHIVER=arm-none-eabi-ar" "COMPILER_FLAGS=  -O2 -c" "EXTRA_COMPILER_FLAGS=-mcpu=cortex-a9 -mfpu=vfpv3 -mfloat-abi=har
TRACE::2025-05-23.19:12:03::SCWBDomain::d -nostartfiles -g -Wall -Wextra -fno-tree-loop-distribute-patterns"

TRACE::2025-05-23.19:12:03::SCWBDomain::"Running Make libs in ps7_cortexa9_0/libsrc/cpu_cortexa9_v2_12/src"

TRACE::2025-05-23.19:12:03::SCWBDomain::make -C ps7_cortexa9_0/libsrc/cpu_cortexa9_v2_12/src -s libs  "SHELL=CMD" "COMPILER=arm-none-eabi-gcc" "ASSEMBLER=arm-none-eabi
TRACE::2025-05-23.19:12:03::SCWBDomain::-as" "ARCHIVER=arm-none-eabi-ar" "COMPILER_FLAGS=  -O2 -c" "EXTRA_COMPILER_FLAGS=-mcpu=cortex-a9 -mfpu=vfpv3 -mfloat-abi=hard -
TRACE::2025-05-23.19:12:03::SCWBDomain::nostartfiles -g -Wall -Wextra -fno-tree-loop-distribute-patterns"

TRACE::2025-05-23.19:12:03::SCWBDomain::"Running Make libs in ps7_cortexa9_0/libsrc/ddrps_v1_2/src"

TRACE::2025-05-23.19:12:03::SCWBDomain::make -C ps7_cortexa9_0/libsrc/ddrps_v1_2/src -s libs  "SHELL=CMD" "COMPILER=arm-none-eabi-gcc" "ASSEMBLER=arm-none-eabi-as" "AR
TRACE::2025-05-23.19:12:03::SCWBDomain::CHIVER=arm-none-eabi-ar" "COMPILER_FLAGS=  -O2 -c" "EXTRA_COMPILER_FLAGS=-mcpu=cortex-a9 -mfpu=vfpv3 -mfloat-abi=hard -nostartf
TRACE::2025-05-23.19:12:03::SCWBDomain::iles -g -Wall -Wextra -fno-tree-loop-distribute-patterns"

TRACE::2025-05-23.19:12:03::SCWBDomain::"Running Make libs in ps7_cortexa9_0/libsrc/devcfg_v3_8/src"

TRACE::2025-05-23.19:12:03::SCWBDomain::make -C ps7_cortexa9_0/libsrc/devcfg_v3_8/src -s libs  "SHELL=CMD" "COMPILER=arm-none-eabi-gcc" "ASSEMBLER=arm-none-eabi-as" "A
TRACE::2025-05-23.19:12:03::SCWBDomain::RCHIVER=arm-none-eabi-ar" "COMPILER_FLAGS=  -O2 -c" "EXTRA_COMPILER_FLAGS=-mcpu=cortex-a9 -mfpu=vfpv3 -mfloat-abi=hard -nostart
TRACE::2025-05-23.19:12:03::SCWBDomain::files -g -Wall -Wextra -fno-tree-loop-distribute-patterns"

TRACE::2025-05-23.19:12:03::SCWBDomain::"Running Make libs in ps7_cortexa9_0/libsrc/dmaps_v2_10/src"

TRACE::2025-05-23.19:12:03::SCWBDomain::make -C ps7_cortexa9_0/libsrc/dmaps_v2_10/src -s libs  "SHELL=CMD" "COMPILER=arm-none-eabi-gcc" "ASSEMBLER=arm-none-eabi-as" "A
TRACE::2025-05-23.19:12:03::SCWBDomain::RCHIVER=arm-none-eabi-ar" "COMPILER_FLAGS=  -O2 -c" "EXTRA_COMPILER_FLAGS=-mcpu=cortex-a9 -mfpu=vfpv3 -mfloat-abi=hard -nostart
TRACE::2025-05-23.19:12:03::SCWBDomain::files -g -Wall -Wextra -fno-tree-loop-distribute-patterns"

TRACE::2025-05-23.19:12:03::SCWBDomain::"Running Make libs in ps7_cortexa9_0/libsrc/emacps_v3_20/src"

TRACE::2025-05-23.19:12:03::SCWBDomain::make -C ps7_cortexa9_0/libsrc/emacps_v3_20/src -s libs  "SHELL=CMD" "COMPILER=arm-none-eabi-gcc" "ASSEMBLER=arm-none-eabi-as" "
TRACE::2025-05-23.19:12:03::SCWBDomain::ARCHIVER=arm-none-eabi-ar" "COMPILER_FLAGS=  -O2 -c" "EXTRA_COMPILER_FLAGS=-mcpu=cortex-a9 -mfpu=vfpv3 -mfloat-abi=hard -nostar
TRACE::2025-05-23.19:12:03::SCWBDomain::tfiles -g -Wall -Wextra -fno-tree-loop-distribute-patterns"

TRACE::2025-05-23.19:12:03::SCWBDomain::"Running Make libs in ps7_cortexa9_0/libsrc/gpiops_v3_13/src"

TRACE::2025-05-23.19:12:03::SCWBDomain::make -C ps7_cortexa9_0/libsrc/gpiops_v3_13/src -s libs  "SHELL=CMD" "COMPILER=arm-none-eabi-gcc" "ASSEMBLER=arm-none-eabi-as" "
TRACE::2025-05-23.19:12:03::SCWBDomain::ARCHIVER=arm-none-eabi-ar" "COMPILER_FLAGS=  -O2 -c" "EXTRA_COMPILER_FLAGS=-mcpu=cortex-a9 -mfpu=vfpv3 -mfloat-abi=hard -nostar
TRACE::2025-05-23.19:12:03::SCWBDomain::tfiles -g -Wall -Wextra -fno-tree-loop-distribute-patterns"

TRACE::2025-05-23.19:12:03::SCWBDomain::"Running Make libs in ps7_cortexa9_0/libsrc/gpio_v4_11/src"

TRACE::2025-05-23.19:12:03::SCWBDomain::make -C ps7_cortexa9_0/libsrc/gpio_v4_11/src -s libs  "SHELL=CMD" "COMPILER=arm-none-eabi-gcc" "ASSEMBLER=arm-none-eabi-as" "AR
TRACE::2025-05-23.19:12:03::SCWBDomain::CHIVER=arm-none-eabi-ar" "COMPILER_FLAGS=  -O2 -c" "EXTRA_COMPILER_FLAGS=-mcpu=cortex-a9 -mfpu=vfpv3 -mfloat-abi=hard -nostartf
TRACE::2025-05-23.19:12:03::SCWBDomain::iles -g -Wall -Wextra -fno-tree-loop-distribute-patterns"

TRACE::2025-05-23.19:12:03::SCWBDomain::"Running Make libs in ps7_cortexa9_0/libsrc/iic_v3_11/src"

TRACE::2025-05-23.19:12:03::SCWBDomain::make -C ps7_cortexa9_0/libsrc/iic_v3_11/src -s libs  "SHELL=CMD" "COMPILER=arm-none-eabi-gcc" "ASSEMBLER=arm-none-eabi-as" "ARC
TRACE::2025-05-23.19:12:03::SCWBDomain::HIVER=arm-none-eabi-ar" "COMPILER_FLAGS=  -O2 -c" "EXTRA_COMPILER_FLAGS=-mcpu=cortex-a9 -mfpu=vfpv3 -mfloat-abi=hard -nostartfi
TRACE::2025-05-23.19:12:03::SCWBDomain::les -g -Wall -Wextra -fno-tree-loop-distribute-patterns"

TRACE::2025-05-23.19:12:03::SCWBDomain::"Running Make libs in ps7_cortexa9_0/libsrc/qspips_v3_12/src"

TRACE::2025-05-23.19:12:03::SCWBDomain::make -C ps7_cortexa9_0/libsrc/qspips_v3_12/src -s libs  "SHELL=CMD" "COMPILER=arm-none-eabi-gcc" "ASSEMBLER=arm-none-eabi-as" "
TRACE::2025-05-23.19:12:03::SCWBDomain::ARCHIVER=arm-none-eabi-ar" "COMPILER_FLAGS=  -O2 -c" "EXTRA_COMPILER_FLAGS=-mcpu=cortex-a9 -mfpu=vfpv3 -mfloat-abi=hard -nostar
TRACE::2025-05-23.19:12:03::SCWBDomain::tfiles -g -Wall -Wextra -fno-tree-loop-distribute-patterns"

TRACE::2025-05-23.19:12:03::SCWBDomain::"Running Make libs in ps7_cortexa9_0/libsrc/scugic_v5_3/src"

TRACE::2025-05-23.19:12:03::SCWBDomain::make -C ps7_cortexa9_0/libsrc/scugic_v5_3/src -s libs  "SHELL=CMD" "COMPILER=arm-none-eabi-gcc" "ASSEMBLER=arm-none-eabi-as" "A
TRACE::2025-05-23.19:12:03::SCWBDomain::RCHIVER=arm-none-eabi-ar" "COMPILER_FLAGS=  -O2 -c" "EXTRA_COMPILER_FLAGS=-mcpu=cortex-a9 -mfpu=vfpv3 -mfloat-abi=hard -nostart
TRACE::2025-05-23.19:12:03::SCWBDomain::files -g -Wall -Wextra -fno-tree-loop-distribute-patterns"

TRACE::2025-05-23.19:12:03::SCWBDomain::"Running Make libs in ps7_cortexa9_0/libsrc/scutimer_v2_6/src"

TRACE::2025-05-23.19:12:03::SCWBDomain::make -C ps7_cortexa9_0/libsrc/scutimer_v2_6/src -s libs  "SHELL=CMD" "COMPILER=arm-none-eabi-gcc" "ASSEMBLER=arm-none-eabi-as" 
TRACE::2025-05-23.19:12:03::SCWBDomain::"ARCHIVER=arm-none-eabi-ar" "COMPILER_FLAGS=  -O2 -c" "EXTRA_COMPILER_FLAGS=-mcpu=cortex-a9 -mfpu=vfpv3 -mfloat-abi=hard -nosta
TRACE::2025-05-23.19:12:03::SCWBDomain::rtfiles -g -Wall -Wextra -fno-tree-loop-distribute-patterns"

TRACE::2025-05-23.19:12:04::SCWBDomain::"Running Make libs in ps7_cortexa9_0/libsrc/scuwdt_v2_5/src"

TRACE::2025-05-23.19:12:04::SCWBDomain::make -C ps7_cortexa9_0/libsrc/scuwdt_v2_5/src -s libs  "SHELL=CMD" "COMPILER=arm-none-eabi-gcc" "ASSEMBLER=arm-none-eabi-as" "A
TRACE::2025-05-23.19:12:04::SCWBDomain::RCHIVER=arm-none-eabi-ar" "COMPILER_FLAGS=  -O2 -c" "EXTRA_COMPILER_FLAGS=-mcpu=cortex-a9 -mfpu=vfpv3 -mfloat-abi=hard -nostart
TRACE::2025-05-23.19:12:04::SCWBDomain::files -g -Wall -Wextra -fno-tree-loop-distribute-patterns"

TRACE::2025-05-23.19:12:04::SCWBDomain::"Running Make libs in ps7_cortexa9_0/libsrc/sdps_v4_3/src"

TRACE::2025-05-23.19:12:04::SCWBDomain::make -C ps7_cortexa9_0/libsrc/sdps_v4_3/src -s libs  "SHELL=CMD" "COMPILER=arm-none-eabi-gcc" "ASSEMBLER=arm-none-eabi-as" "ARC
TRACE::2025-05-23.19:12:04::SCWBDomain::HIVER=arm-none-eabi-ar" "COMPILER_FLAGS=  -O2 -c" "EXTRA_COMPILER_FLAGS=-mcpu=cortex-a9 -mfpu=vfpv3 -mfloat-abi=hard -nostartfi
TRACE::2025-05-23.19:12:04::SCWBDomain::les -g -Wall -Wextra -fno-tree-loop-distribute-patterns"

TRACE::2025-05-23.19:12:04::SCWBDomain::"Running Make libs in ps7_cortexa9_0/libsrc/standalone_v9_1/src"

TRACE::2025-05-23.19:12:04::SCWBDomain::make -C ps7_cortexa9_0/libsrc/standalone_v9_1/src -s libs  "SHELL=CMD" "COMPILER=arm-none-eabi-gcc" "ASSEMBLER=arm-none-eabi-as
TRACE::2025-05-23.19:12:04::SCWBDomain::" "ARCHIVER=arm-none-eabi-ar" "COMPILER_FLAGS=  -O2 -c" "EXTRA_COMPILER_FLAGS=-mcpu=cortex-a9 -mfpu=vfpv3 -mfloat-abi=hard -nos
TRACE::2025-05-23.19:12:04::SCWBDomain::tartfiles -g -Wall -Wextra -fno-tree-loop-distribute-patterns"

TRACE::2025-05-23.19:12:04::SCWBDomain::"Running Make libs in ps7_cortexa9_0/libsrc/tmrctr_v4_12/src"

TRACE::2025-05-23.19:12:04::SCWBDomain::make -C ps7_cortexa9_0/libsrc/tmrctr_v4_12/src -s libs  "SHELL=CMD" "COMPILER=arm-none-eabi-gcc" "ASSEMBLER=arm-none-eabi-as" "
TRACE::2025-05-23.19:12:04::SCWBDomain::ARCHIVER=arm-none-eabi-ar" "COMPILER_FLAGS=  -O2 -c" "EXTRA_COMPILER_FLAGS=-mcpu=cortex-a9 -mfpu=vfpv3 -mfloat-abi=hard -nostar
TRACE::2025-05-23.19:12:04::SCWBDomain::tfiles -g -Wall -Wextra -fno-tree-loop-distribute-patterns"

TRACE::2025-05-23.19:12:04::SCWBDomain::"Running Make libs in ps7_cortexa9_0/libsrc/uartps_v3_14/src"

TRACE::2025-05-23.19:12:04::SCWBDomain::make -C ps7_cortexa9_0/libsrc/uartps_v3_14/src -s libs  "SHELL=CMD" "COMPILER=arm-none-eabi-gcc" "ASSEMBLER=arm-none-eabi-as" "
TRACE::2025-05-23.19:12:04::SCWBDomain::ARCHIVER=arm-none-eabi-ar" "COMPILER_FLAGS=  -O2 -c" "EXTRA_COMPILER_FLAGS=-mcpu=cortex-a9 -mfpu=vfpv3 -mfloat-abi=hard -nostar
TRACE::2025-05-23.19:12:04::SCWBDomain::tfiles -g -Wall -Wextra -fno-tree-loop-distribute-patterns"

TRACE::2025-05-23.19:12:04::SCWBDomain::"Running Make libs in ps7_cortexa9_0/libsrc/usbps_v2_9/src"

TRACE::2025-05-23.19:12:04::SCWBDomain::make -C ps7_cortexa9_0/libsrc/usbps_v2_9/src -s libs  "SHELL=CMD" "COMPILER=arm-none-eabi-gcc" "ASSEMBLER=arm-none-eabi-as" "AR
TRACE::2025-05-23.19:12:04::SCWBDomain::CHIVER=arm-none-eabi-ar" "COMPILER_FLAGS=  -O2 -c" "EXTRA_COMPILER_FLAGS=-mcpu=cortex-a9 -mfpu=vfpv3 -mfloat-abi=hard -nostartf
TRACE::2025-05-23.19:12:04::SCWBDomain::iles -g -Wall -Wextra -fno-tree-loop-distribute-patterns"

TRACE::2025-05-23.19:12:04::SCWBDomain::"Running Make libs in ps7_cortexa9_0/libsrc/xadcps_v2_7/src"

TRACE::2025-05-23.19:12:04::SCWBDomain::make -C ps7_cortexa9_0/libsrc/xadcps_v2_7/src -s libs  "SHELL=CMD" "COMPILER=arm-none-eabi-gcc" "ASSEMBLER=arm-none-eabi-as" "A
TRACE::2025-05-23.19:12:04::SCWBDomain::RCHIVER=arm-none-eabi-ar" "COMPILER_FLAGS=  -O2 -c" "EXTRA_COMPILER_FLAGS=-mcpu=cortex-a9 -mfpu=vfpv3 -mfloat-abi=hard -nostart
TRACE::2025-05-23.19:12:04::SCWBDomain::files -g -Wall -Wextra -fno-tree-loop-distribute-patterns"

TRACE::2025-05-23.19:12:04::SCWBDomain::"Running Make libs in ps7_cortexa9_0/libsrc/xilffs_v5_2/src"

TRACE::2025-05-23.19:12:04::SCWBDomain::make -C ps7_cortexa9_0/libsrc/xilffs_v5_2/src -s libs  "SHELL=CMD" "COMPILER=arm-none-eabi-gcc" "ASSEMBLER=arm-none-eabi-as" "A
TRACE::2025-05-23.19:12:04::SCWBDomain::RCHIVER=arm-none-eabi-ar" "COMPILER_FLAGS=  -O2 -c" "EXTRA_COMPILER_FLAGS=-mcpu=cortex-a9 -mfpu=vfpv3 -mfloat-abi=hard -nostart
TRACE::2025-05-23.19:12:04::SCWBDomain::files -g -Wall -Wextra -fno-tree-loop-distribute-patterns"

TRACE::2025-05-23.19:12:06::SCWBDomain::'Finished building libraries parallelly.'

TRACE::2025-05-23.19:12:06::SCWBDomain::make --no-print-directory archive

TRACE::2025-05-23.19:12:06::SCWBDomain::arm-none-eabi-ar -r  ps7_cortexa9_0/lib/libxil.a ps7_cortexa9_0/lib/Motor_DriverIP.o ps7_cortexa9_0/lib/Motor_DriverIP_selftest
TRACE::2025-05-23.19:12:06::SCWBDomain::.o ps7_cortexa9_0/lib/SpeedSensor_Driver_IP.o ps7_cortexa9_0/lib/SpeedSensor_Driver_IP_selftest.o ps7_cortexa9_0/lib/_exit.o ps
TRACE::2025-05-23.19:12:06::SCWBDomain::7_cortexa9_0/lib/_open.o ps7_cortexa9_0/lib/_sbrk.o ps7_cortexa9_0/lib/abort.o ps7_cortexa9_0/lib/asm_vectors.o ps7_cortexa9_0/
TRACE::2025-05-23.19:12:06::SCWBDomain::lib/boot.o ps7_cortexa9_0/lib/close.o ps7_cortexa9_0/lib/cpputest_time.o ps7_cortexa9_0/lib/cpu_init.o ps7_cortexa9_0/lib/errno
TRACE::2025-05-23.19:12:06::SCWBDomain::.o ps7_cortexa9_0/lib/fcntl.o ps7_cortexa9_0/lib/fstat.o ps7_cortexa9_0/lib/getentropy.o ps7_cortexa9_0/lib/getpid.o ps7_cortex
TRACE::2025-05-23.19:12:06::SCWBDomain::a9_0/lib/inbyte.o ps7_cortexa9_0/lib/isatty.o ps7_cortexa9_0/lib/kill.o ps7_cortexa9_0/lib/lseek.o ps7_cortexa9_0/lib/open.o ps
TRACE::2025-05-23.19:12:06::SCWBDomain::7_cortexa9_0/lib/outbyte.o ps7_cortexa9_0/lib/print.o ps7_cortexa9_0/lib/putnum.o ps7_cortexa9_0/lib/read.o ps7_cortexa9_0/lib/
TRACE::2025-05-23.19:12:06::SCWBDomain::sbrk.o ps7_cortexa9_0/lib/sleep.o ps7_cortexa9_0/lib/time.o ps7_cortexa9_0/lib/translation_table.o ps7_cortexa9_0/lib/ultrasone
TRACE::2025-05-23.19:12:06::SCWBDomain::IP.o ps7_cortexa9_0/lib/ultrasoneIP_selftest.o ps7_cortexa9_0/lib/unlink.o ps7_cortexa9_0/lib/usleep.o ps7_cortexa9_0/lib/vecto
TRACE::2025-05-23.19:12:06::SCWBDomain::rs.o ps7_cortexa9_0/lib/write.o ps7_cortexa9_0/lib/xadcps.o ps7_cortexa9_0/lib/xadcps_g.o ps7_cortexa9_0/lib/xadcps_intr.o ps7_
TRACE::2025-05-23.19:12:06::SCWBDomain::cortexa9_0/lib/xadcps_selftest.o ps7_cortexa9_0/lib/xadcps_sinit.o ps7_cortexa9_0/lib/xcoresightpsdcc.o ps7_cortexa9_0/lib/xdev
TRACE::2025-05-23.19:12:06::SCWBDomain::cfg.o ps7_cortexa9_0/lib/xdevcfg_g.o ps7_cortexa9_0/lib/xdevcfg_hw.o ps7_cortexa9_0/lib/xdevcfg_intr.o ps7_cortexa9_0/lib/xdevc
TRACE::2025-05-23.19:12:06::SCWBDomain::fg_selftest.o ps7_cortexa9_0/lib/xdevcfg_sinit.o ps7_cortexa9_0/lib/xdmaps.o ps7_cortexa9_0/lib/xdmaps_g.o ps7_cortexa9_0/lib/x
TRACE::2025-05-23.19:12:06::SCWBDomain::dmaps_hw.o ps7_cortexa9_0/lib/xdmaps_selftest.o ps7_cortexa9_0/lib/xdmaps_sinit.o ps7_cortexa9_0/lib/xemacps.o ps7_cortexa9_0/l
TRACE::2025-05-23.19:12:06::SCWBDomain::ib/xemacps_bdring.o ps7_cortexa9_0/lib/xemacps_control.o ps7_cortexa9_0/lib/xemacps_g.o ps7_cortexa9_0/lib/xemacps_hw.o ps7_cor
TRACE::2025-05-23.19:12:06::SCWBDomain::texa9_0/lib/xemacps_intr.o ps7_cortexa9_0/lib/xemacps_sinit.o ps7_cortexa9_0/lib/xgpio.o ps7_cortexa9_0/lib/xgpio_extra.o ps7_c
TRACE::2025-05-23.19:12:06::SCWBDomain::ortexa9_0/lib/xgpio_g.o ps7_cortexa9_0/lib/xgpio_intr.o ps7_cortexa9_0/lib/xgpio_selftest.o ps7_cortexa9_0/lib/xgpio_sinit.o ps
TRACE::2025-05-23.19:12:06::SCWBDomain::7_cortexa9_0/lib/xgpiops.o ps7_cortexa9_0/lib/xgpiops_g.o ps7_cortexa9_0/lib/xgpiops_hw.o ps7_cortexa9_0/lib/xgpiops_intr.o ps7
TRACE::2025-05-23.19:12:06::SCWBDomain::_cortexa9_0/lib/xgpiops_selftest.o ps7_cortexa9_0/lib/xgpiops_sinit.o ps7_cortexa9_0/lib/xiic.o ps7_cortexa9_0/lib/xiic_dyn_mas
TRACE::2025-05-23.19:12:06::SCWBDomain::ter.o ps7_cortexa9_0/lib/xiic_g.o ps7_cortexa9_0/lib/xiic_intr.o ps7_cortexa9_0/lib/xiic_l.o ps7_cortexa9_0/lib/xiic_master.o p
TRACE::2025-05-23.19:12:06::SCWBDomain::s7_cortexa9_0/lib/xiic_multi_master.o ps7_cortexa9_0/lib/xiic_options.o ps7_cortexa9_0/lib/xiic_selftest.o ps7_cortexa9_0/lib/x
TRACE::2025-05-23.19:12:06::SCWBDomain::iic_sinit.o ps7_cortexa9_0/lib/xiic_slave.o ps7_cortexa9_0/lib/xiic_stats.o ps7_cortexa9_0/lib/xil-crt0.o ps7_cortexa9_0/lib/xi
TRACE::2025-05-23.19:12:06::SCWBDomain::l_assert.o ps7_cortexa9_0/lib/xil_cache.o ps7_cortexa9_0/lib/xil_clocking.o ps7_cortexa9_0/lib/xil_exception.o ps7_cortexa9_0/l
TRACE::2025-05-23.19:12:06::SCWBDomain::ib/xil_mem.o ps7_cortexa9_0/lib/xil_misc_psreset_api.o ps7_cortexa9_0/lib/xil_mmu.o ps7_cortexa9_0/lib/xil_printf.o ps7_cortexa
TRACE::2025-05-23.19:12:06::SCWBDomain::9_0/lib/xil_sleepcommon.o ps7_cortexa9_0/lib/xil_sleeptimer.o ps7_cortexa9_0/lib/xil_spinlock.o ps7_cortexa9_0/lib/xil_testcach
TRACE::2025-05-23.19:12:06::SCWBDomain::e.o ps7_cortexa9_0/lib/xil_testio.o ps7_cortexa9_0/lib/xil_testmem.o ps7_cortexa9_0/lib/xil_util.o ps7_cortexa9_0/lib/xinterrup
TRACE::2025-05-23.19:12:06::SCWBDomain::t_wrap.o ps7_cortexa9_0/lib/xl2cc_counter.o ps7_cortexa9_0/lib/xplatform_info.o ps7_cortexa9_0/lib/xpm_counter.o ps7_cortexa9_0
TRACE::2025-05-23.19:12:06::SCWBDomain::/lib/xpm_init.o ps7_cortexa9_0/lib/xqspips.o ps7_cortexa9_0/lib/xqspips_g.o ps7_cortexa9_0/lib/xqspips_hw.o ps7_cortexa9_0/lib/
TRACE::2025-05-23.19:12:06::SCWBDomain::xqspips_options.o ps7_cortexa9_0/lib/xqspips_selftest.o ps7_cortexa9_0/lib/xqspips_sinit.o ps7_cortexa9_0/lib/xscugic.o ps7_cor
TRACE::2025-05-23.19:12:06::SCWBDomain::texa9_0/lib/xscugic_g.o ps7_cortexa9_0/lib/xscugic_hw.o ps7_cortexa9_0/lib/xscugic_intr.o ps7_cortexa9_0/lib/xscugic_selftest.o
TRACE::2025-05-23.19:12:06::SCWBDomain:: ps7_cortexa9_0/lib/xscugic_sinit.o ps7_cortexa9_0/lib/xscutimer.o ps7_cortexa9_0/lib/xscutimer_g.o ps7_cortexa9_0/lib/xscutime
TRACE::2025-05-23.19:12:06::SCWBDomain::r_selftest.o ps7_cortexa9_0/lib/xscutimer_sinit.o ps7_cortexa9_0/lib/xscuwdt.o ps7_cortexa9_0/lib/xscuwdt_g.o ps7_cortexa9_0/li
TRACE::2025-05-23.19:12:06::SCWBDomain::b/xscuwdt_selftest.o ps7_cortexa9_0/lib/xscuwdt_sinit.o ps7_cortexa9_0/lib/xsdps.o ps7_cortexa9_0/lib/xsdps_card.o ps7_cortexa9
TRACE::2025-05-23.19:12:06::SCWBDomain::_0/lib/xsdps_g.o ps7_cortexa9_0/lib/xsdps_host.o ps7_cortexa9_0/lib/xsdps_options.o ps7_cortexa9_0/lib/xsdps_sinit.o ps7_cortex
TRACE::2025-05-23.19:12:06::SCWBDomain::a9_0/lib/xtime_l.o ps7_cortexa9_0/lib/xtmrctr.o ps7_cortexa9_0/lib/xtmrctr_g.o ps7_cortexa9_0/lib/xtmrctr_intr.o ps7_cortexa9_0
TRACE::2025-05-23.19:12:06::SCWBDomain::/lib/xtmrctr_l.o ps7_cortexa9_0/lib/xtmrctr_options.o ps7_cortexa9_0/lib/xtmrctr_selftest.o ps7_cortexa9_0/lib/xtmrctr_sinit.o 
TRACE::2025-05-23.19:12:06::SCWBDomain::ps7_cortexa9_0/lib/xtmrctr_stats.o ps7_cortexa9_0/lib/xuartps.o ps7_cortexa9_0/lib/xuartps_g.o ps7_cortexa9_0/lib/xuartps_hw.o 
TRACE::2025-05-23.19:12:06::SCWBDomain::ps7_cortexa9_0/lib/xuartps_intr.o ps7_cortexa9_0/lib/xuartps_options.o ps7_cortexa9_0/lib/xuartps_selftest.o ps7_cortexa9_0/lib
TRACE::2025-05-23.19:12:06::SCWBDomain::/xuartps_sinit.o ps7_cortexa9_0/lib/xusbps.o ps7_cortexa9_0/lib/xusbps_endpoint.o ps7_cortexa9_0/lib/xusbps_g.o ps7_cortexa9_0/
TRACE::2025-05-23.19:12:06::SCWBDomain::lib/xusbps_hw.o ps7_cortexa9_0/lib/xusbps_intr.o ps7_cortexa9_0/lib/xusbps_sinit.o

TRACE::2025-05-23.19:12:06::SCWBDomain::'Finished building libraries'

TRACE::2025-05-23.19:12:06::SCWBDomain::make: Leaving directory 'M:/projects/clones/SOC/Car_Project/vitis/FullCar_AllFeatures_V0_1/zynq_fsbl/zynq_fsbl_bsp'

TRACE::2025-05-23.19:12:06::SCWBDomain::arm-none-eabi-gcc  -O2 -c -MMD -MP       -mcpu=cortex-a9 -mfpu=vfpv3 -mfloat-abi=hard  -c sd.c -o sd.o -Izynq_fsbl_bsp/ps7_cort
TRACE::2025-05-23.19:12:06::SCWBDomain::exa9_0/include -I.

TRACE::2025-05-23.19:12:06::SCWBDomain::arm-none-eabi-gcc  -O2 -c -MMD -MP       -mcpu=cortex-a9 -mfpu=vfpv3 -mfloat-abi=hard  -c nand.c -o nand.o -Izynq_fsbl_bsp/ps7_
TRACE::2025-05-23.19:12:06::SCWBDomain::cortexa9_0/include -I.

TRACE::2025-05-23.19:12:06::SCWBDomain::arm-none-eabi-gcc  -O2 -c -MMD -MP       -mcpu=cortex-a9 -mfpu=vfpv3 -mfloat-abi=hard  -c image_mover.c -o image_mover.o -Izynq
TRACE::2025-05-23.19:12:06::SCWBDomain::_fsbl_bsp/ps7_cortexa9_0/include -I.

TRACE::2025-05-23.19:12:06::SCWBDomain::arm-none-eabi-gcc  -O2 -c -MMD -MP       -mcpu=cortex-a9 -mfpu=vfpv3 -mfloat-abi=hard  -c md5.c -o md5.o -Izynq_fsbl_bsp/ps7_co
TRACE::2025-05-23.19:12:06::SCWBDomain::rtexa9_0/include -I.

TRACE::2025-05-23.19:12:06::SCWBDomain::arm-none-eabi-gcc  -O2 -c -MMD -MP       -mcpu=cortex-a9 -mfpu=vfpv3 -mfloat-abi=hard  -c fsbl_hooks.c -o fsbl_hooks.o -Izynq_f
TRACE::2025-05-23.19:12:06::SCWBDomain::sbl_bsp/ps7_cortexa9_0/include -I.

TRACE::2025-05-23.19:12:06::SCWBDomain::arm-none-eabi-gcc  -O2 -c -MMD -MP       -mcpu=cortex-a9 -mfpu=vfpv3 -mfloat-abi=hard  -c main.c -o main.o -Izynq_fsbl_bsp/ps7_
TRACE::2025-05-23.19:12:06::SCWBDomain::cortexa9_0/include -I.

TRACE::2025-05-23.19:12:06::SCWBDomain::arm-none-eabi-gcc  -O2 -c -MMD -MP       -mcpu=cortex-a9 -mfpu=vfpv3 -mfloat-abi=hard  -c rsa.c -o rsa.o -Izynq_fsbl_bsp/ps7_co
TRACE::2025-05-23.19:12:06::SCWBDomain::rtexa9_0/include -I.

TRACE::2025-05-23.19:12:06::SCWBDomain::arm-none-eabi-gcc  -O2 -c -MMD -MP       -mcpu=cortex-a9 -mfpu=vfpv3 -mfloat-abi=hard  -c nor.c -o nor.o -Izynq_fsbl_bsp/ps7_co
TRACE::2025-05-23.19:12:06::SCWBDomain::rtexa9_0/include -I.

TRACE::2025-05-23.19:12:07::SCWBDomain::arm-none-eabi-gcc  -O2 -c -MMD -MP       -mcpu=cortex-a9 -mfpu=vfpv3 -mfloat-abi=hard  -c qspi.c -o qspi.o -Izynq_fsbl_bsp/ps7_
TRACE::2025-05-23.19:12:07::SCWBDomain::cortexa9_0/include -I.

TRACE::2025-05-23.19:12:07::SCWBDomain::arm-none-eabi-gcc  -O2 -c -MMD -MP       -mcpu=cortex-a9 -mfpu=vfpv3 -mfloat-abi=hard  -c ps7_init.c -o ps7_init.o -Izynq_fsbl_
TRACE::2025-05-23.19:12:07::SCWBDomain::bsp/ps7_cortexa9_0/include -I.

TRACE::2025-05-23.19:12:07::SCWBDomain::arm-none-eabi-gcc  -O2 -c -MMD -MP       -mcpu=cortex-a9 -mfpu=vfpv3 -mfloat-abi=hard  -c pcap.c -o pcap.o -Izynq_fsbl_bsp/ps7_
TRACE::2025-05-23.19:12:07::SCWBDomain::cortexa9_0/include -I.

TRACE::2025-05-23.19:12:07::SCWBDomain::arm-none-eabi-gcc  -O2 -c -MMD -MP       -mcpu=cortex-a9 -mfpu=vfpv3 -mfloat-abi=hard  -c fsbl_handoff.S -o fsbl_handoff.o -Izy
TRACE::2025-05-23.19:12:07::SCWBDomain::nq_fsbl_bsp/ps7_cortexa9_0/include -I.

TRACE::2025-05-23.19:12:07::SCWBDomain::arm-none-eabi-gcc -o fsbl.elf fsbl_handoff.o fsbl_hooks.o image_mover.o main.o md5.o nand.o nor.o pcap.o ps7_init.o qspi.o rsa.
TRACE::2025-05-23.19:12:07::SCWBDomain::o sd.o -MMD -MP       -mcpu=cortex-a9 -mfpu=vfpv3 -mfloat-abi=hard   -mcpu=cortex-a9 -mfpu=vfpv3 -mfloat-abi=hard -Wl,-build-id
TRACE::2025-05-23.19:12:07::SCWBDomain::=none -specs=Xilinx.spec  -lrsa -Wl,--start-group,-lxil,-lgcc,-lc,--end-group -Wl,--start-group,-lxilffs,-lxil,-lgcc,-lc,--end-
TRACE::2025-05-23.19:12:07::SCWBDomain::group -Wl,--start-group,-lrsa,-lxil,-lgcc,-lc,--end-group                                            -Wl,--gc-sections -Lzynq_f
TRACE::2025-05-23.19:12:07::SCWBDomain::sbl_bsp/ps7_cortexa9_0/lib -L./ -Tlscript.ld

LOG::2025-05-23.19:12:07::SCWSystem::Checking the domain standalone_ps7_cortexa9_0
LOG::2025-05-23.19:12:07::SCWSystem::Not a boot domain 
LOG::2025-05-23.19:12:07::SCWSystem::Started Processing the domain standalone_ps7_cortexa9_0
TRACE::2025-05-23.19:12:07::SCWDomain::Generating domain artifcats
TRACE::2025-05-23.19:12:07::SCWMssOS::Generating standalone artifcats
TRACE::2025-05-23.19:12:07::SCWMssOS::Copying the qemu file from  M:/projects/clones/SOC/Car_Project/vitis/FullCar_AllFeatures_V0_1/resources/FullCar_AllFeatures_V0_1/standalone_ps7_cortexa9_0/qemu_args.txt To M:/projects/clones/SOC/Car_Project/vitis/FullCar_AllFeatures_V0_1/export/FullCar_AllFeatures_V0_1/sw/FullCar_AllFeatures_V0_1/qemu/
TRACE::2025-05-23.19:12:07::SCWMssOS::Copying the qemu file from  M:/projects/clones/SOC/Car_Project/vitis/FullCar_AllFeatures_V0_1/resources/FullCar_AllFeatures_V0_1/standalone_ps7_cortexa9_0/qemu_args.txt To M:/projects/clones/SOC/Car_Project/vitis/FullCar_AllFeatures_V0_1/export/FullCar_AllFeatures_V0_1/sw/FullCar_AllFeatures_V0_1/standalone_ps7_cortexa9_0/qemu/
TRACE::2025-05-23.19:12:07::SCWMssOS:: Copying the user libraries. 
TRACE::2025-05-23.19:12:07::SCWPlatform::Trying to open the hw design at M:/projects/clones/SOC/Car_Project/vitis/FullCar_AllFeatures_V0_1/hw/FullCar_AllFeatures_V0_1.xsa
TRACE::2025-05-23.19:12:07::SCWPlatform::DSA given M:/projects/clones/SOC/Car_Project/vitis/FullCar_AllFeatures_V0_1/hw/FullCar_AllFeatures_V0_1.xsa
TRACE::2025-05-23.19:12:07::SCWPlatform::DSA absoulate path M:/projects/clones/SOC/Car_Project/vitis/FullCar_AllFeatures_V0_1/hw/FullCar_AllFeatures_V0_1.xsa
TRACE::2025-05-23.19:12:07::SCWPlatform::DSA directory M:/projects/clones/SOC/Car_Project/vitis/FullCar_AllFeatures_V0_1/hw
TRACE::2025-05-23.19:12:07::SCWPlatform:: Platform Path M:/projects/clones/SOC/Car_Project/vitis/FullCar_AllFeatures_V0_1/hw/FullCar_AllFeatures_V0_1.xsa
TRACE::2025-05-23.19:12:07::SCWPlatform:: Unique name xilinx:pynq-z2::0.0
TRACE::2025-05-23.19:12:07::SCWPlatform::Trying to set the existing hwdb with name design_1_wrapper_0
TRACE::2025-05-23.19:12:07::SCWPlatform::Opened existing hwdb design_1_wrapper_0
TRACE::2025-05-23.19:12:07::SCWPlatform::Found the Hw Db part of the input DSA
TRACE::2025-05-23.19:12:07::SCWMssOS::Checking the sw design at  M:/projects/clones/SOC/Car_Project/vitis/FullCar_AllFeatures_V0_1/ps7_cortexa9_0/standalone_ps7_cortexa9_0/bsp/system.mss
TRACE::2025-05-23.19:12:07::SCWMssOS::DEBUG:  swdes dump  M:/projects/clones/SOC/Car_Project/vitis/FullCar_AllFeatures_V0_1/ps7_cortexa9_0/standalone_ps7_cortexa9_0/bsp/system.mss|system_0||
M:/projects/clones/SOC/Car_Project/vitis/FullCar_AllFeatures_V0_1/zynq_fsbl/zynq_fsbl_bsp/system.mss|system||

TRACE::2025-05-23.19:12:07::SCWMssOS::Sw design exists and opened at  M:/projects/clones/SOC/Car_Project/vitis/FullCar_AllFeatures_V0_1/ps7_cortexa9_0/standalone_ps7_cortexa9_0/bsp/system.mss
TRACE::2025-05-23.19:12:07::SCWMssOS::Completed writing the mss file at M:/projects/clones/SOC/Car_Project/vitis/FullCar_AllFeatures_V0_1/ps7_cortexa9_0/standalone_ps7_cortexa9_0/bsp
TRACE::2025-05-23.19:12:07::SCWMssOS::Mss edits present, copying mssfile into export location M:/projects/clones/SOC/Car_Project/vitis/FullCar_AllFeatures_V0_1/ps7_cortexa9_0/standalone_ps7_cortexa9_0/bsp/system.mss
TRACE::2025-05-23.19:12:07::SCWMssOS::bsp generated is upto date with the mss file. Skipping bsp generation.
TRACE::2025-05-23.19:12:07::SCWMssOS::BSP is already built. skipping the bsp build ... 
TRACE::2025-05-23.19:12:07::SCWDomain::Building the domain as part of full build :  standalone_ps7_cortexa9_0
TRACE::2025-05-23.19:12:07::SCWMssOS::doing bsp build ... 
TRACE::2025-05-23.19:12:07::SCWMssOS::System Command Ran  M: & cd  M:/projects/clones/SOC/Car_Project/vitis/FullCar_AllFeatures_V0_1/ps7_cortexa9_0/standalone_ps7_cortexa9_0/bsp & make 
TRACE::2025-05-23.19:12:07::SCWMssOS::make --no-print-directory seq_libs

TRACE::2025-05-23.19:12:07::SCWMssOS::"Running Make include in ps7_cortexa9_0/libsrc/coresightps_dcc_v1_10/src"

TRACE::2025-05-23.19:12:07::SCWMssOS::make -C ps7_cortexa9_0/libsrc/coresightps_dcc_v1_10/src -s include  "SHELL=CMD" "COMPILER=arm-none-eabi-gcc" "ASSEMBLER=arm-non
TRACE::2025-05-23.19:12:07::SCWMssOS::e-eabi-as" "ARCHIVER=arm-none-eabi-ar" "COMPILER_FLAGS=  -O2 -c" "EXTRA_COMPILER_FLAGS=-mcpu=cortex-a9 -mfpu=vfpv3 -mfloat-abi=
TRACE::2025-05-23.19:12:07::SCWMssOS::hard -nostartfiles -g -Wall -Wextra -fno-tree-loop-distribute-patterns"

TRACE::2025-05-23.19:12:07::SCWMssOS::"Running Make include in ps7_cortexa9_0/libsrc/cpu_cortexa9_v2_12/src"

TRACE::2025-05-23.19:12:07::SCWMssOS::make -C ps7_cortexa9_0/libsrc/cpu_cortexa9_v2_12/src -s include  "SHELL=CMD" "COMPILER=arm-none-eabi-gcc" "ASSEMBLER=arm-none-e
TRACE::2025-05-23.19:12:07::SCWMssOS::abi-as" "ARCHIVER=arm-none-eabi-ar" "COMPILER_FLAGS=  -O2 -c" "EXTRA_COMPILER_FLAGS=-mcpu=cortex-a9 -mfpu=vfpv3 -mfloat-abi=har
TRACE::2025-05-23.19:12:07::SCWMssOS::d -nostartfiles -g -Wall -Wextra -fno-tree-loop-distribute-patterns"

TRACE::2025-05-23.19:12:07::SCWMssOS::"Running Make include in ps7_cortexa9_0/libsrc/ddrps_v1_2/src"

TRACE::2025-05-23.19:12:07::SCWMssOS::make -C ps7_cortexa9_0/libsrc/ddrps_v1_2/src -s include  "SHELL=CMD" "COMPILER=arm-none-eabi-gcc" "ASSEMBLER=arm-none-eabi-as" 
TRACE::2025-05-23.19:12:07::SCWMssOS::"ARCHIVER=arm-none-eabi-ar" "COMPILER_FLAGS=  -O2 -c" "EXTRA_COMPILER_FLAGS=-mcpu=cortex-a9 -mfpu=vfpv3 -mfloat-abi=hard -nosta
TRACE::2025-05-23.19:12:07::SCWMssOS::rtfiles -g -Wall -Wextra -fno-tree-loop-distribute-patterns"

TRACE::2025-05-23.19:12:07::SCWMssOS::"Running Make include in ps7_cortexa9_0/libsrc/devcfg_v3_8/src"

TRACE::2025-05-23.19:12:07::SCWMssOS::make -C ps7_cortexa9_0/libsrc/devcfg_v3_8/src -s include  "SHELL=CMD" "COMPILER=arm-none-eabi-gcc" "ASSEMBLER=arm-none-eabi-as"
TRACE::2025-05-23.19:12:07::SCWMssOS:: "ARCHIVER=arm-none-eabi-ar" "COMPILER_FLAGS=  -O2 -c" "EXTRA_COMPILER_FLAGS=-mcpu=cortex-a9 -mfpu=vfpv3 -mfloat-abi=hard -nost
TRACE::2025-05-23.19:12:07::SCWMssOS::artfiles -g -Wall -Wextra -fno-tree-loop-distribute-patterns"

TRACE::2025-05-23.19:12:07::SCWMssOS::"Running Make include in ps7_cortexa9_0/libsrc/dmaps_v2_10/src"

TRACE::2025-05-23.19:12:07::SCWMssOS::make -C ps7_cortexa9_0/libsrc/dmaps_v2_10/src -s include  "SHELL=CMD" "COMPILER=arm-none-eabi-gcc" "ASSEMBLER=arm-none-eabi-as"
TRACE::2025-05-23.19:12:07::SCWMssOS:: "ARCHIVER=arm-none-eabi-ar" "COMPILER_FLAGS=  -O2 -c" "EXTRA_COMPILER_FLAGS=-mcpu=cortex-a9 -mfpu=vfpv3 -mfloat-abi=hard -nost
TRACE::2025-05-23.19:12:07::SCWMssOS::artfiles -g -Wall -Wextra -fno-tree-loop-distribute-patterns"

TRACE::2025-05-23.19:12:07::SCWMssOS::"Running Make include in ps7_cortexa9_0/libsrc/emacps_v3_20/src"

TRACE::2025-05-23.19:12:07::SCWMssOS::make -C ps7_cortexa9_0/libsrc/emacps_v3_20/src -s include  "SHELL=CMD" "COMPILER=arm-none-eabi-gcc" "ASSEMBLER=arm-none-eabi-as
TRACE::2025-05-23.19:12:07::SCWMssOS::" "ARCHIVER=arm-none-eabi-ar" "COMPILER_FLAGS=  -O2 -c" "EXTRA_COMPILER_FLAGS=-mcpu=cortex-a9 -mfpu=vfpv3 -mfloat-abi=hard -nos
TRACE::2025-05-23.19:12:07::SCWMssOS::tartfiles -g -Wall -Wextra -fno-tree-loop-distribute-patterns"

TRACE::2025-05-23.19:12:07::SCWMssOS::"Running Make include in ps7_cortexa9_0/libsrc/gpiops_v3_13/src"

TRACE::2025-05-23.19:12:07::SCWMssOS::make -C ps7_cortexa9_0/libsrc/gpiops_v3_13/src -s include  "SHELL=CMD" "COMPILER=arm-none-eabi-gcc" "ASSEMBLER=arm-none-eabi-as
TRACE::2025-05-23.19:12:07::SCWMssOS::" "ARCHIVER=arm-none-eabi-ar" "COMPILER_FLAGS=  -O2 -c" "EXTRA_COMPILER_FLAGS=-mcpu=cortex-a9 -mfpu=vfpv3 -mfloat-abi=hard -nos
TRACE::2025-05-23.19:12:07::SCWMssOS::tartfiles -g -Wall -Wextra -fno-tree-loop-distribute-patterns"

TRACE::2025-05-23.19:12:07::SCWMssOS::"Running Make include in ps7_cortexa9_0/libsrc/gpio_v4_11/src"

TRACE::2025-05-23.19:12:07::SCWMssOS::make -C ps7_cortexa9_0/libsrc/gpio_v4_11/src -s include  "SHELL=CMD" "COMPILER=arm-none-eabi-gcc" "ASSEMBLER=arm-none-eabi-as" 
TRACE::2025-05-23.19:12:07::SCWMssOS::"ARCHIVER=arm-none-eabi-ar" "COMPILER_FLAGS=  -O2 -c" "EXTRA_COMPILER_FLAGS=-mcpu=cortex-a9 -mfpu=vfpv3 -mfloat-abi=hard -nosta
TRACE::2025-05-23.19:12:07::SCWMssOS::rtfiles -g -Wall -Wextra -fno-tree-loop-distribute-patterns"

TRACE::2025-05-23.19:12:07::SCWMssOS::"Running Make include in ps7_cortexa9_0/libsrc/iic_v3_11/src"

TRACE::2025-05-23.19:12:07::SCWMssOS::make -C ps7_cortexa9_0/libsrc/iic_v3_11/src -s include  "SHELL=CMD" "COMPILER=arm-none-eabi-gcc" "ASSEMBLER=arm-none-eabi-as" "
TRACE::2025-05-23.19:12:07::SCWMssOS::ARCHIVER=arm-none-eabi-ar" "COMPILER_FLAGS=  -O2 -c" "EXTRA_COMPILER_FLAGS=-mcpu=cortex-a9 -mfpu=vfpv3 -mfloat-abi=hard -nostar
TRACE::2025-05-23.19:12:07::SCWMssOS::tfiles -g -Wall -Wextra -fno-tree-loop-distribute-patterns"

TRACE::2025-05-23.19:12:07::SCWMssOS::"Running Make include in ps7_cortexa9_0/libsrc/Motor_DriverIP_v1_0/src"

TRACE::2025-05-23.19:12:07::SCWMssOS::make -C ps7_cortexa9_0/libsrc/Motor_DriverIP_v1_0/src -s include  "SHELL=CMD" "COMPILER=arm-none-eabi-gcc" "ASSEMBLER=arm-none-
TRACE::2025-05-23.19:12:07::SCWMssOS::eabi-as" "ARCHIVER=arm-none-eabi-ar" "COMPILER_FLAGS=  -O2 -c" "EXTRA_COMPILER_FLAGS=-mcpu=cortex-a9 -mfpu=vfpv3 -mfloat-abi=ha
TRACE::2025-05-23.19:12:07::SCWMssOS::rd -nostartfiles -g -Wall -Wextra -fno-tree-loop-distribute-patterns"

TRACE::2025-05-23.19:12:07::SCWMssOS::"Running Make include in ps7_cortexa9_0/libsrc/qspips_v3_12/src"

TRACE::2025-05-23.19:12:07::SCWMssOS::make -C ps7_cortexa9_0/libsrc/qspips_v3_12/src -s include  "SHELL=CMD" "COMPILER=arm-none-eabi-gcc" "ASSEMBLER=arm-none-eabi-as
TRACE::2025-05-23.19:12:07::SCWMssOS::" "ARCHIVER=arm-none-eabi-ar" "COMPILER_FLAGS=  -O2 -c" "EXTRA_COMPILER_FLAGS=-mcpu=cortex-a9 -mfpu=vfpv3 -mfloat-abi=hard -nos
TRACE::2025-05-23.19:12:07::SCWMssOS::tartfiles -g -Wall -Wextra -fno-tree-loop-distribute-patterns"

TRACE::2025-05-23.19:12:07::SCWMssOS::"Running Make include in ps7_cortexa9_0/libsrc/scugic_v5_3/src"

TRACE::2025-05-23.19:12:07::SCWMssOS::make -C ps7_cortexa9_0/libsrc/scugic_v5_3/src -s include  "SHELL=CMD" "COMPILER=arm-none-eabi-gcc" "ASSEMBLER=arm-none-eabi-as"
TRACE::2025-05-23.19:12:07::SCWMssOS:: "ARCHIVER=arm-none-eabi-ar" "COMPILER_FLAGS=  -O2 -c" "EXTRA_COMPILER_FLAGS=-mcpu=cortex-a9 -mfpu=vfpv3 -mfloat-abi=hard -nost
TRACE::2025-05-23.19:12:07::SCWMssOS::artfiles -g -Wall -Wextra -fno-tree-loop-distribute-patterns"

TRACE::2025-05-23.19:12:07::SCWMssOS::"Running Make include in ps7_cortexa9_0/libsrc/scutimer_v2_6/src"

TRACE::2025-05-23.19:12:07::SCWMssOS::make -C ps7_cortexa9_0/libsrc/scutimer_v2_6/src -s include  "SHELL=CMD" "COMPILER=arm-none-eabi-gcc" "ASSEMBLER=arm-none-eabi-a
TRACE::2025-05-23.19:12:07::SCWMssOS::s" "ARCHIVER=arm-none-eabi-ar" "COMPILER_FLAGS=  -O2 -c" "EXTRA_COMPILER_FLAGS=-mcpu=cortex-a9 -mfpu=vfpv3 -mfloat-abi=hard -no
TRACE::2025-05-23.19:12:07::SCWMssOS::startfiles -g -Wall -Wextra -fno-tree-loop-distribute-patterns"

TRACE::2025-05-23.19:12:07::SCWMssOS::"Running Make include in ps7_cortexa9_0/libsrc/scuwdt_v2_5/src"

TRACE::2025-05-23.19:12:07::SCWMssOS::make -C ps7_cortexa9_0/libsrc/scuwdt_v2_5/src -s include  "SHELL=CMD" "COMPILER=arm-none-eabi-gcc" "ASSEMBLER=arm-none-eabi-as"
TRACE::2025-05-23.19:12:07::SCWMssOS:: "ARCHIVER=arm-none-eabi-ar" "COMPILER_FLAGS=  -O2 -c" "EXTRA_COMPILER_FLAGS=-mcpu=cortex-a9 -mfpu=vfpv3 -mfloat-abi=hard -nost
TRACE::2025-05-23.19:12:07::SCWMssOS::artfiles -g -Wall -Wextra -fno-tree-loop-distribute-patterns"

TRACE::2025-05-23.19:12:07::SCWMssOS::"Running Make include in ps7_cortexa9_0/libsrc/sdps_v4_3/src"

TRACE::2025-05-23.19:12:07::SCWMssOS::make -C ps7_cortexa9_0/libsrc/sdps_v4_3/src -s include  "SHELL=CMD" "COMPILER=arm-none-eabi-gcc" "ASSEMBLER=arm-none-eabi-as" "
TRACE::2025-05-23.19:12:07::SCWMssOS::ARCHIVER=arm-none-eabi-ar" "COMPILER_FLAGS=  -O2 -c" "EXTRA_COMPILER_FLAGS=-mcpu=cortex-a9 -mfpu=vfpv3 -mfloat-abi=hard -nostar
TRACE::2025-05-23.19:12:07::SCWMssOS::tfiles -g -Wall -Wextra -fno-tree-loop-distribute-patterns"

TRACE::2025-05-23.19:12:07::SCWMssOS::"Running Make include in ps7_cortexa9_0/libsrc/SpeedSensor_Driver_IP_v1_0/src"

TRACE::2025-05-23.19:12:07::SCWMssOS::make -C ps7_cortexa9_0/libsrc/SpeedSensor_Driver_IP_v1_0/src -s include  "SHELL=CMD" "COMPILER=arm-none-eabi-gcc" "ASSEMBLER=ar
TRACE::2025-05-23.19:12:07::SCWMssOS::m-none-eabi-as" "ARCHIVER=arm-none-eabi-ar" "COMPILER_FLAGS=  -O2 -c" "EXTRA_COMPILER_FLAGS=-mcpu=cortex-a9 -mfpu=vfpv3 -mfloat
TRACE::2025-05-23.19:12:07::SCWMssOS::-abi=hard -nostartfiles -g -Wall -Wextra -fno-tree-loop-distribute-patterns"

TRACE::2025-05-23.19:12:07::SCWMssOS::"Running Make include in ps7_cortexa9_0/libsrc/standalone_v9_1/src"

TRACE::2025-05-23.19:12:07::SCWMssOS::make -C ps7_cortexa9_0/libsrc/standalone_v9_1/src -s include  "SHELL=CMD" "COMPILER=arm-none-eabi-gcc" "ASSEMBLER=arm-none-eabi
TRACE::2025-05-23.19:12:07::SCWMssOS::-as" "ARCHIVER=arm-none-eabi-ar" "COMPILER_FLAGS=  -O2 -c" "EXTRA_COMPILER_FLAGS=-mcpu=cortex-a9 -mfpu=vfpv3 -mfloat-abi=hard -
TRACE::2025-05-23.19:12:07::SCWMssOS::nostartfiles -g -Wall -Wextra -fno-tree-loop-distribute-patterns"

TRACE::2025-05-23.19:12:08::SCWMssOS::"Running Make include in ps7_cortexa9_0/libsrc/tmrctr_v4_12/src"

TRACE::2025-05-23.19:12:08::SCWMssOS::make -C ps7_cortexa9_0/libsrc/tmrctr_v4_12/src -s include  "SHELL=CMD" "COMPILER=arm-none-eabi-gcc" "ASSEMBLER=arm-none-eabi-as
TRACE::2025-05-23.19:12:08::SCWMssOS::" "ARCHIVER=arm-none-eabi-ar" "COMPILER_FLAGS=  -O2 -c" "EXTRA_COMPILER_FLAGS=-mcpu=cortex-a9 -mfpu=vfpv3 -mfloat-abi=hard -nos
TRACE::2025-05-23.19:12:08::SCWMssOS::tartfiles -g -Wall -Wextra -fno-tree-loop-distribute-patterns"

TRACE::2025-05-23.19:12:08::SCWMssOS::"Running Make include in ps7_cortexa9_0/libsrc/uartps_v3_14/src"

TRACE::2025-05-23.19:12:08::SCWMssOS::make -C ps7_cortexa9_0/libsrc/uartps_v3_14/src -s include  "SHELL=CMD" "COMPILER=arm-none-eabi-gcc" "ASSEMBLER=arm-none-eabi-as
TRACE::2025-05-23.19:12:08::SCWMssOS::" "ARCHIVER=arm-none-eabi-ar" "COMPILER_FLAGS=  -O2 -c" "EXTRA_COMPILER_FLAGS=-mcpu=cortex-a9 -mfpu=vfpv3 -mfloat-abi=hard -nos
TRACE::2025-05-23.19:12:08::SCWMssOS::tartfiles -g -Wall -Wextra -fno-tree-loop-distribute-patterns"

TRACE::2025-05-23.19:12:08::SCWMssOS::"Running Make include in ps7_cortexa9_0/libsrc/ultrasoneIP_v1_0/src"

TRACE::2025-05-23.19:12:08::SCWMssOS::make -C ps7_cortexa9_0/libsrc/ultrasoneIP_v1_0/src -s include  "SHELL=CMD" "COMPILER=arm-none-eabi-gcc" "ASSEMBLER=arm-none-eab
TRACE::2025-05-23.19:12:08::SCWMssOS::i-as" "ARCHIVER=arm-none-eabi-ar" "COMPILER_FLAGS=  -O2 -c" "EXTRA_COMPILER_FLAGS=-mcpu=cortex-a9 -mfpu=vfpv3 -mfloat-abi=hard 
TRACE::2025-05-23.19:12:08::SCWMssOS::-nostartfiles -g -Wall -Wextra -fno-tree-loop-distribute-patterns"

TRACE::2025-05-23.19:12:08::SCWMssOS::"Running Make include in ps7_cortexa9_0/libsrc/usbps_v2_9/src"

TRACE::2025-05-23.19:12:08::SCWMssOS::make -C ps7_cortexa9_0/libsrc/usbps_v2_9/src -s include  "SHELL=CMD" "COMPILER=arm-none-eabi-gcc" "ASSEMBLER=arm-none-eabi-as" 
TRACE::2025-05-23.19:12:08::SCWMssOS::"ARCHIVER=arm-none-eabi-ar" "COMPILER_FLAGS=  -O2 -c" "EXTRA_COMPILER_FLAGS=-mcpu=cortex-a9 -mfpu=vfpv3 -mfloat-abi=hard -nosta
TRACE::2025-05-23.19:12:08::SCWMssOS::rtfiles -g -Wall -Wextra -fno-tree-loop-distribute-patterns"

TRACE::2025-05-23.19:12:08::SCWMssOS::"Running Make include in ps7_cortexa9_0/libsrc/xadcps_v2_7/src"

TRACE::2025-05-23.19:12:08::SCWMssOS::make -C ps7_cortexa9_0/libsrc/xadcps_v2_7/src -s include  "SHELL=CMD" "COMPILER=arm-none-eabi-gcc" "ASSEMBLER=arm-none-eabi-as"
TRACE::2025-05-23.19:12:08::SCWMssOS:: "ARCHIVER=arm-none-eabi-ar" "COMPILER_FLAGS=  -O2 -c" "EXTRA_COMPILER_FLAGS=-mcpu=cortex-a9 -mfpu=vfpv3 -mfloat-abi=hard -nost
TRACE::2025-05-23.19:12:08::SCWMssOS::artfiles -g -Wall -Wextra -fno-tree-loop-distribute-patterns"

TRACE::2025-05-23.19:12:08::SCWMssOS::"Running Make libs in ps7_cortexa9_0/libsrc/Motor_DriverIP_v1_0/src"

TRACE::2025-05-23.19:12:08::SCWMssOS::make -C ps7_cortexa9_0/libsrc/Motor_DriverIP_v1_0/src -s libs  "SHELL=CMD" "COMPILER=arm-none-eabi-gcc" "ASSEMBLER=arm-none-eab
TRACE::2025-05-23.19:12:08::SCWMssOS::i-as" "ARCHIVER=arm-none-eabi-ar" "COMPILER_FLAGS=  -O2 -c" "EXTRA_COMPILER_FLAGS=-mcpu=cortex-a9 -mfpu=vfpv3 -mfloat-abi=hard 
TRACE::2025-05-23.19:12:08::SCWMssOS::-nostartfiles -g -Wall -Wextra -fno-tree-loop-distribute-patterns"

TRACE::2025-05-23.19:12:08::SCWMssOS::"Running Make libs in ps7_cortexa9_0/libsrc/SpeedSensor_Driver_IP_v1_0/src"

TRACE::2025-05-23.19:12:08::SCWMssOS::make -C ps7_cortexa9_0/libsrc/SpeedSensor_Driver_IP_v1_0/src -s libs  "SHELL=CMD" "COMPILER=arm-none-eabi-gcc" "ASSEMBLER=arm-n
TRACE::2025-05-23.19:12:08::SCWMssOS::one-eabi-as" "ARCHIVER=arm-none-eabi-ar" "COMPILER_FLAGS=  -O2 -c" "EXTRA_COMPILER_FLAGS=-mcpu=cortex-a9 -mfpu=vfpv3 -mfloat-ab
TRACE::2025-05-23.19:12:08::SCWMssOS::i=hard -nostartfiles -g -Wall -Wextra -fno-tree-loop-distribute-patterns"

TRACE::2025-05-23.19:12:08::SCWMssOS::"Running Make libs in ps7_cortexa9_0/libsrc/ultrasoneIP_v1_0/src"

TRACE::2025-05-23.19:12:08::SCWMssOS::make -C ps7_cortexa9_0/libsrc/ultrasoneIP_v1_0/src -s libs  "SHELL=CMD" "COMPILER=arm-none-eabi-gcc" "ASSEMBLER=arm-none-eabi-a
TRACE::2025-05-23.19:12:08::SCWMssOS::s" "ARCHIVER=arm-none-eabi-ar" "COMPILER_FLAGS=  -O2 -c" "EXTRA_COMPILER_FLAGS=-mcpu=cortex-a9 -mfpu=vfpv3 -mfloat-abi=hard -no
TRACE::2025-05-23.19:12:08::SCWMssOS::startfiles -g -Wall -Wextra -fno-tree-loop-distribute-patterns"

TRACE::2025-05-23.19:12:08::SCWMssOS::'Finished building libraries sequentially.'

TRACE::2025-05-23.19:12:08::SCWMssOS::make -j 10 --no-print-directory par_libs

TRACE::2025-05-23.19:12:08::SCWMssOS::"Running Make include in ps7_cortexa9_0/libsrc/coresightps_dcc_v1_10/src"

TRACE::2025-05-23.19:12:08::SCWMssOS::make -C ps7_cortexa9_0/libsrc/coresightps_dcc_v1_10/src -s include  "SHELL=CMD" "COMPILER=arm-none-eabi-gcc" "ASSEMBLER=arm-non
TRACE::2025-05-23.19:12:08::SCWMssOS::e-eabi-as" "ARCHIVER=arm-none-eabi-ar" "COMPILER_FLAGS=  -O2 -c" "EXTRA_COMPILER_FLAGS=-mcpu=cortex-a9 -mfpu=vfpv3 -mfloat-abi=
TRACE::2025-05-23.19:12:08::SCWMssOS::hard -nostartfiles -g -Wall -Wextra -fno-tree-loop-distribute-patterns"

TRACE::2025-05-23.19:12:08::SCWMssOS::"Running Make include in ps7_cortexa9_0/libsrc/cpu_cortexa9_v2_12/src"

TRACE::2025-05-23.19:12:08::SCWMssOS::make -C ps7_cortexa9_0/libsrc/cpu_cortexa9_v2_12/src -s include  "SHELL=CMD" "COMPILER=arm-none-eabi-gcc" "ASSEMBLER=arm-none-e
TRACE::2025-05-23.19:12:08::SCWMssOS::abi-as" "ARCHIVER=arm-none-eabi-ar" "COMPILER_FLAGS=  -O2 -c" "EXTRA_COMPILER_FLAGS=-mcpu=cortex-a9 -mfpu=vfpv3 -mfloat-abi=har
TRACE::2025-05-23.19:12:08::SCWMssOS::d -nostartfiles -g -Wall -Wextra -fno-tree-loop-distribute-patterns"

TRACE::2025-05-23.19:12:08::SCWMssOS::"Running Make include in ps7_cortexa9_0/libsrc/ddrps_v1_2/src"

TRACE::2025-05-23.19:12:08::SCWMssOS::make -C ps7_cortexa9_0/libsrc/ddrps_v1_2/src -s include  "SHELL=CMD" "COMPILER=arm-none-eabi-gcc" "ASSEMBLER=arm-none-eabi-as" 
TRACE::2025-05-23.19:12:08::SCWMssOS::"ARCHIVER=arm-none-eabi-ar" "COMPILER_FLAGS=  -O2 -c" "EXTRA_COMPILER_FLAGS=-mcpu=cortex-a9 -mfpu=vfpv3 -mfloat-abi=hard -nosta
TRACE::2025-05-23.19:12:08::SCWMssOS::rtfiles -g -Wall -Wextra -fno-tree-loop-distribute-patterns"

TRACE::2025-05-23.19:12:08::SCWMssOS::"Running Make include in ps7_cortexa9_0/libsrc/devcfg_v3_8/src"

TRACE::2025-05-23.19:12:08::SCWMssOS::make -C ps7_cortexa9_0/libsrc/devcfg_v3_8/src -s include  "SHELL=CMD" "COMPILER=arm-none-eabi-gcc" "ASSEMBLER=arm-none-eabi-as"
TRACE::2025-05-23.19:12:08::SCWMssOS:: "ARCHIVER=arm-none-eabi-ar" "COMPILER_FLAGS=  -O2 -c" "EXTRA_COMPILER_FLAGS=-mcpu=cortex-a9 -mfpu=vfpv3 -mfloat-abi=hard -nost
TRACE::2025-05-23.19:12:08::SCWMssOS::artfiles -g -Wall -Wextra -fno-tree-loop-distribute-patterns"

TRACE::2025-05-23.19:12:08::SCWMssOS::"Running Make include in ps7_cortexa9_0/libsrc/dmaps_v2_10/src"

TRACE::2025-05-23.19:12:08::SCWMssOS::make -C ps7_cortexa9_0/libsrc/dmaps_v2_10/src -s include  "SHELL=CMD" "COMPILER=arm-none-eabi-gcc" "ASSEMBLER=arm-none-eabi-as"
TRACE::2025-05-23.19:12:08::SCWMssOS:: "ARCHIVER=arm-none-eabi-ar" "COMPILER_FLAGS=  -O2 -c" "EXTRA_COMPILER_FLAGS=-mcpu=cortex-a9 -mfpu=vfpv3 -mfloat-abi=hard -nost
TRACE::2025-05-23.19:12:08::SCWMssOS::artfiles -g -Wall -Wextra -fno-tree-loop-distribute-patterns"

TRACE::2025-05-23.19:12:08::SCWMssOS::"Running Make include in ps7_cortexa9_0/libsrc/emacps_v3_20/src"

TRACE::2025-05-23.19:12:08::SCWMssOS::make -C ps7_cortexa9_0/libsrc/emacps_v3_20/src -s include  "SHELL=CMD" "COMPILER=arm-none-eabi-gcc" "ASSEMBLER=arm-none-eabi-as
TRACE::2025-05-23.19:12:08::SCWMssOS::" "ARCHIVER=arm-none-eabi-ar" "COMPILER_FLAGS=  -O2 -c" "EXTRA_COMPILER_FLAGS=-mcpu=cortex-a9 -mfpu=vfpv3 -mfloat-abi=hard -nos
TRACE::2025-05-23.19:12:08::SCWMssOS::tartfiles -g -Wall -Wextra -fno-tree-loop-distribute-patterns"

TRACE::2025-05-23.19:12:08::SCWMssOS::"Running Make include in ps7_cortexa9_0/libsrc/gpiops_v3_13/src"

TRACE::2025-05-23.19:12:08::SCWMssOS::make -C ps7_cortexa9_0/libsrc/gpiops_v3_13/src -s include  "SHELL=CMD" "COMPILER=arm-none-eabi-gcc" "ASSEMBLER=arm-none-eabi-as
TRACE::2025-05-23.19:12:08::SCWMssOS::" "ARCHIVER=arm-none-eabi-ar" "COMPILER_FLAGS=  -O2 -c" "EXTRA_COMPILER_FLAGS=-mcpu=cortex-a9 -mfpu=vfpv3 -mfloat-abi=hard -nos
TRACE::2025-05-23.19:12:08::SCWMssOS::tartfiles -g -Wall -Wextra -fno-tree-loop-distribute-patterns"

TRACE::2025-05-23.19:12:08::SCWMssOS::"Running Make include in ps7_cortexa9_0/libsrc/gpio_v4_11/src"

TRACE::2025-05-23.19:12:08::SCWMssOS::make -C ps7_cortexa9_0/libsrc/gpio_v4_11/src -s include  "SHELL=CMD" "COMPILER=arm-none-eabi-gcc" "ASSEMBLER=arm-none-eabi-as" 
TRACE::2025-05-23.19:12:08::SCWMssOS::"ARCHIVER=arm-none-eabi-ar" "COMPILER_FLAGS=  -O2 -c" "EXTRA_COMPILER_FLAGS=-mcpu=cortex-a9 -mfpu=vfpv3 -mfloat-abi=hard -nosta
TRACE::2025-05-23.19:12:08::SCWMssOS::rtfiles -g -Wall -Wextra -fno-tree-loop-distribute-patterns"

TRACE::2025-05-23.19:12:08::SCWMssOS::"Running Make include in ps7_cortexa9_0/libsrc/iic_v3_11/src"

TRACE::2025-05-23.19:12:08::SCWMssOS::make -C ps7_cortexa9_0/libsrc/iic_v3_11/src -s include  "SHELL=CMD" "COMPILER=arm-none-eabi-gcc" "ASSEMBLER=arm-none-eabi-as" "
TRACE::2025-05-23.19:12:08::SCWMssOS::ARCHIVER=arm-none-eabi-ar" "COMPILER_FLAGS=  -O2 -c" "EXTRA_COMPILER_FLAGS=-mcpu=cortex-a9 -mfpu=vfpv3 -mfloat-abi=hard -nostar
TRACE::2025-05-23.19:12:08::SCWMssOS::tfiles -g -Wall -Wextra -fno-tree-loop-distribute-patterns"

TRACE::2025-05-23.19:12:08::SCWMssOS::"Running Make include in ps7_cortexa9_0/libsrc/Motor_DriverIP_v1_0/src"

TRACE::2025-05-23.19:12:08::SCWMssOS::make -C ps7_cortexa9_0/libsrc/Motor_DriverIP_v1_0/src -s include  "SHELL=CMD" "COMPILER=arm-none-eabi-gcc" "ASSEMBLER=arm-none-
TRACE::2025-05-23.19:12:08::SCWMssOS::eabi-as" "ARCHIVER=arm-none-eabi-ar" "COMPILER_FLAGS=  -O2 -c" "EXTRA_COMPILER_FLAGS=-mcpu=cortex-a9 -mfpu=vfpv3 -mfloat-abi=ha
TRACE::2025-05-23.19:12:08::SCWMssOS::rd -nostartfiles -g -Wall -Wextra -fno-tree-loop-distribute-patterns"

TRACE::2025-05-23.19:12:08::SCWMssOS::"Running Make include in ps7_cortexa9_0/libsrc/qspips_v3_12/src"

TRACE::2025-05-23.19:12:08::SCWMssOS::make -C ps7_cortexa9_0/libsrc/qspips_v3_12/src -s include  "SHELL=CMD" "COMPILER=arm-none-eabi-gcc" "ASSEMBLER=arm-none-eabi-as
TRACE::2025-05-23.19:12:08::SCWMssOS::" "ARCHIVER=arm-none-eabi-ar" "COMPILER_FLAGS=  -O2 -c" "EXTRA_COMPILER_FLAGS=-mcpu=cortex-a9 -mfpu=vfpv3 -mfloat-abi=hard -nos
TRACE::2025-05-23.19:12:08::SCWMssOS::tartfiles -g -Wall -Wextra -fno-tree-loop-distribute-patterns"

TRACE::2025-05-23.19:12:08::SCWMssOS::"Running Make include in ps7_cortexa9_0/libsrc/scugic_v5_3/src"

TRACE::2025-05-23.19:12:08::SCWMssOS::make -C ps7_cortexa9_0/libsrc/scugic_v5_3/src -s include  "SHELL=CMD" "COMPILER=arm-none-eabi-gcc" "ASSEMBLER=arm-none-eabi-as"
TRACE::2025-05-23.19:12:08::SCWMssOS:: "ARCHIVER=arm-none-eabi-ar" "COMPILER_FLAGS=  -O2 -c" "EXTRA_COMPILER_FLAGS=-mcpu=cortex-a9 -mfpu=vfpv3 -mfloat-abi=hard -nost
TRACE::2025-05-23.19:12:08::SCWMssOS::artfiles -g -Wall -Wextra -fno-tree-loop-distribute-patterns"

TRACE::2025-05-23.19:12:08::SCWMssOS::"Running Make include in ps7_cortexa9_0/libsrc/scutimer_v2_6/src"

TRACE::2025-05-23.19:12:08::SCWMssOS::make -C ps7_cortexa9_0/libsrc/scutimer_v2_6/src -s include  "SHELL=CMD" "COMPILER=arm-none-eabi-gcc" "ASSEMBLER=arm-none-eabi-a
TRACE::2025-05-23.19:12:08::SCWMssOS::s" "ARCHIVER=arm-none-eabi-ar" "COMPILER_FLAGS=  -O2 -c" "EXTRA_COMPILER_FLAGS=-mcpu=cortex-a9 -mfpu=vfpv3 -mfloat-abi=hard -no
TRACE::2025-05-23.19:12:08::SCWMssOS::startfiles -g -Wall -Wextra -fno-tree-loop-distribute-patterns"

TRACE::2025-05-23.19:12:08::SCWMssOS::"Running Make include in ps7_cortexa9_0/libsrc/scuwdt_v2_5/src"

TRACE::2025-05-23.19:12:08::SCWMssOS::make -C ps7_cortexa9_0/libsrc/scuwdt_v2_5/src -s include  "SHELL=CMD" "COMPILER=arm-none-eabi-gcc" "ASSEMBLER=arm-none-eabi-as"
TRACE::2025-05-23.19:12:08::SCWMssOS:: "ARCHIVER=arm-none-eabi-ar" "COMPILER_FLAGS=  -O2 -c" "EXTRA_COMPILER_FLAGS=-mcpu=cortex-a9 -mfpu=vfpv3 -mfloat-abi=hard -nost
TRACE::2025-05-23.19:12:08::SCWMssOS::artfiles -g -Wall -Wextra -fno-tree-loop-distribute-patterns"

TRACE::2025-05-23.19:12:08::SCWMssOS::"Running Make include in ps7_cortexa9_0/libsrc/sdps_v4_3/src"

TRACE::2025-05-23.19:12:08::SCWMssOS::make -C ps7_cortexa9_0/libsrc/sdps_v4_3/src -s include  "SHELL=CMD" "COMPILER=arm-none-eabi-gcc" "ASSEMBLER=arm-none-eabi-as" "
TRACE::2025-05-23.19:12:08::SCWMssOS::ARCHIVER=arm-none-eabi-ar" "COMPILER_FLAGS=  -O2 -c" "EXTRA_COMPILER_FLAGS=-mcpu=cortex-a9 -mfpu=vfpv3 -mfloat-abi=hard -nostar
TRACE::2025-05-23.19:12:08::SCWMssOS::tfiles -g -Wall -Wextra -fno-tree-loop-distribute-patterns"

TRACE::2025-05-23.19:12:08::SCWMssOS::"Running Make include in ps7_cortexa9_0/libsrc/SpeedSensor_Driver_IP_v1_0/src"

TRACE::2025-05-23.19:12:08::SCWMssOS::make -C ps7_cortexa9_0/libsrc/SpeedSensor_Driver_IP_v1_0/src -s include  "SHELL=CMD" "COMPILER=arm-none-eabi-gcc" "ASSEMBLER=ar
TRACE::2025-05-23.19:12:08::SCWMssOS::m-none-eabi-as" "ARCHIVER=arm-none-eabi-ar" "COMPILER_FLAGS=  -O2 -c" "EXTRA_COMPILER_FLAGS=-mcpu=cortex-a9 -mfpu=vfpv3 -mfloat
TRACE::2025-05-23.19:12:08::SCWMssOS::-abi=hard -nostartfiles -g -Wall -Wextra -fno-tree-loop-distribute-patterns"

TRACE::2025-05-23.19:12:08::SCWMssOS::"Running Make include in ps7_cortexa9_0/libsrc/standalone_v9_1/src"

TRACE::2025-05-23.19:12:08::SCWMssOS::make -C ps7_cortexa9_0/libsrc/standalone_v9_1/src -s include  "SHELL=CMD" "COMPILER=arm-none-eabi-gcc" "ASSEMBLER=arm-none-eabi
TRACE::2025-05-23.19:12:08::SCWMssOS::-as" "ARCHIVER=arm-none-eabi-ar" "COMPILER_FLAGS=  -O2 -c" "EXTRA_COMPILER_FLAGS=-mcpu=cortex-a9 -mfpu=vfpv3 -mfloat-abi=hard -
TRACE::2025-05-23.19:12:08::SCWMssOS::nostartfiles -g -Wall -Wextra -fno-tree-loop-distribute-patterns"

TRACE::2025-05-23.19:12:08::SCWMssOS::"Running Make include in ps7_cortexa9_0/libsrc/tmrctr_v4_12/src"

TRACE::2025-05-23.19:12:08::SCWMssOS::make -C ps7_cortexa9_0/libsrc/tmrctr_v4_12/src -s include  "SHELL=CMD" "COMPILER=arm-none-eabi-gcc" "ASSEMBLER=arm-none-eabi-as
TRACE::2025-05-23.19:12:08::SCWMssOS::" "ARCHIVER=arm-none-eabi-ar" "COMPILER_FLAGS=  -O2 -c" "EXTRA_COMPILER_FLAGS=-mcpu=cortex-a9 -mfpu=vfpv3 -mfloat-abi=hard -nos
TRACE::2025-05-23.19:12:08::SCWMssOS::tartfiles -g -Wall -Wextra -fno-tree-loop-distribute-patterns"

TRACE::2025-05-23.19:12:08::SCWMssOS::"Running Make include in ps7_cortexa9_0/libsrc/uartps_v3_14/src"

TRACE::2025-05-23.19:12:08::SCWMssOS::make -C ps7_cortexa9_0/libsrc/uartps_v3_14/src -s include  "SHELL=CMD" "COMPILER=arm-none-eabi-gcc" "ASSEMBLER=arm-none-eabi-as
TRACE::2025-05-23.19:12:08::SCWMssOS::" "ARCHIVER=arm-none-eabi-ar" "COMPILER_FLAGS=  -O2 -c" "EXTRA_COMPILER_FLAGS=-mcpu=cortex-a9 -mfpu=vfpv3 -mfloat-abi=hard -nos
TRACE::2025-05-23.19:12:08::SCWMssOS::tartfiles -g -Wall -Wextra -fno-tree-loop-distribute-patterns"

TRACE::2025-05-23.19:12:08::SCWMssOS::"Running Make include in ps7_cortexa9_0/libsrc/ultrasoneIP_v1_0/src"

TRACE::2025-05-23.19:12:08::SCWMssOS::make -C ps7_cortexa9_0/libsrc/ultrasoneIP_v1_0/src -s include  "SHELL=CMD" "COMPILER=arm-none-eabi-gcc" "ASSEMBLER=arm-none-eab
TRACE::2025-05-23.19:12:08::SCWMssOS::i-as" "ARCHIVER=arm-none-eabi-ar" "COMPILER_FLAGS=  -O2 -c" "EXTRA_COMPILER_FLAGS=-mcpu=cortex-a9 -mfpu=vfpv3 -mfloat-abi=hard 
TRACE::2025-05-23.19:12:08::SCWMssOS::-nostartfiles -g -Wall -Wextra -fno-tree-loop-distribute-patterns"

TRACE::2025-05-23.19:12:08::SCWMssOS::"Running Make include in ps7_cortexa9_0/libsrc/usbps_v2_9/src"

TRACE::2025-05-23.19:12:08::SCWMssOS::make -C ps7_cortexa9_0/libsrc/usbps_v2_9/src -s include  "SHELL=CMD" "COMPILER=arm-none-eabi-gcc" "ASSEMBLER=arm-none-eabi-as" 
TRACE::2025-05-23.19:12:08::SCWMssOS::"ARCHIVER=arm-none-eabi-ar" "COMPILER_FLAGS=  -O2 -c" "EXTRA_COMPILER_FLAGS=-mcpu=cortex-a9 -mfpu=vfpv3 -mfloat-abi=hard -nosta
TRACE::2025-05-23.19:12:08::SCWMssOS::rtfiles -g -Wall -Wextra -fno-tree-loop-distribute-patterns"

TRACE::2025-05-23.19:12:08::SCWMssOS::"Running Make include in ps7_cortexa9_0/libsrc/xadcps_v2_7/src"

TRACE::2025-05-23.19:12:08::SCWMssOS::make -C ps7_cortexa9_0/libsrc/xadcps_v2_7/src -s include  "SHELL=CMD" "COMPILER=arm-none-eabi-gcc" "ASSEMBLER=arm-none-eabi-as"
TRACE::2025-05-23.19:12:08::SCWMssOS:: "ARCHIVER=arm-none-eabi-ar" "COMPILER_FLAGS=  -O2 -c" "EXTRA_COMPILER_FLAGS=-mcpu=cortex-a9 -mfpu=vfpv3 -mfloat-abi=hard -nost
TRACE::2025-05-23.19:12:08::SCWMssOS::artfiles -g -Wall -Wextra -fno-tree-loop-distribute-patterns"

TRACE::2025-05-23.19:12:08::SCWMssOS::"Running Make libs in ps7_cortexa9_0/libsrc/coresightps_dcc_v1_10/src"

TRACE::2025-05-23.19:12:08::SCWMssOS::make -C ps7_cortexa9_0/libsrc/coresightps_dcc_v1_10/src -s libs  "SHELL=CMD" "COMPILER=arm-none-eabi-gcc" "ASSEMBLER=arm-none-e
TRACE::2025-05-23.19:12:08::SCWMssOS::abi-as" "ARCHIVER=arm-none-eabi-ar" "COMPILER_FLAGS=  -O2 -c" "EXTRA_COMPILER_FLAGS=-mcpu=cortex-a9 -mfpu=vfpv3 -mfloat-abi=har
TRACE::2025-05-23.19:12:08::SCWMssOS::d -nostartfiles -g -Wall -Wextra -fno-tree-loop-distribute-patterns"

TRACE::2025-05-23.19:12:08::SCWMssOS::"Running Make libs in ps7_cortexa9_0/libsrc/cpu_cortexa9_v2_12/src"

TRACE::2025-05-23.19:12:09::SCWMssOS::make -C ps7_cortexa9_0/libsrc/cpu_cortexa9_v2_12/src -s libs  "SHELL=CMD" "COMPILER=arm-none-eabi-gcc" "ASSEMBLER=arm-none-eabi
TRACE::2025-05-23.19:12:09::SCWMssOS::-as" "ARCHIVER=arm-none-eabi-ar" "COMPILER_FLAGS=  -O2 -c" "EXTRA_COMPILER_FLAGS=-mcpu=cortex-a9 -mfpu=vfpv3 -mfloat-abi=hard -
TRACE::2025-05-23.19:12:09::SCWMssOS::nostartfiles -g -Wall -Wextra -fno-tree-loop-distribute-patterns"

TRACE::2025-05-23.19:12:09::SCWMssOS::"Running Make libs in ps7_cortexa9_0/libsrc/ddrps_v1_2/src"

TRACE::2025-05-23.19:12:09::SCWMssOS::make -C ps7_cortexa9_0/libsrc/ddrps_v1_2/src -s libs  "SHELL=CMD" "COMPILER=arm-none-eabi-gcc" "ASSEMBLER=arm-none-eabi-as" "AR
TRACE::2025-05-23.19:12:09::SCWMssOS::CHIVER=arm-none-eabi-ar" "COMPILER_FLAGS=  -O2 -c" "EXTRA_COMPILER_FLAGS=-mcpu=cortex-a9 -mfpu=vfpv3 -mfloat-abi=hard -nostartf
TRACE::2025-05-23.19:12:09::SCWMssOS::iles -g -Wall -Wextra -fno-tree-loop-distribute-patterns"

TRACE::2025-05-23.19:12:09::SCWMssOS::"Running Make libs in ps7_cortexa9_0/libsrc/devcfg_v3_8/src"

TRACE::2025-05-23.19:12:09::SCWMssOS::make -C ps7_cortexa9_0/libsrc/devcfg_v3_8/src -s libs  "SHELL=CMD" "COMPILER=arm-none-eabi-gcc" "ASSEMBLER=arm-none-eabi-as" "A
TRACE::2025-05-23.19:12:09::SCWMssOS::RCHIVER=arm-none-eabi-ar" "COMPILER_FLAGS=  -O2 -c" "EXTRA_COMPILER_FLAGS=-mcpu=cortex-a9 -mfpu=vfpv3 -mfloat-abi=hard -nostart
TRACE::2025-05-23.19:12:09::SCWMssOS::files -g -Wall -Wextra -fno-tree-loop-distribute-patterns"

TRACE::2025-05-23.19:12:09::SCWMssOS::"Running Make libs in ps7_cortexa9_0/libsrc/dmaps_v2_10/src"

TRACE::2025-05-23.19:12:09::SCWMssOS::make -C ps7_cortexa9_0/libsrc/dmaps_v2_10/src -s libs  "SHELL=CMD" "COMPILER=arm-none-eabi-gcc" "ASSEMBLER=arm-none-eabi-as" "A
TRACE::2025-05-23.19:12:09::SCWMssOS::RCHIVER=arm-none-eabi-ar" "COMPILER_FLAGS=  -O2 -c" "EXTRA_COMPILER_FLAGS=-mcpu=cortex-a9 -mfpu=vfpv3 -mfloat-abi=hard -nostart
TRACE::2025-05-23.19:12:09::SCWMssOS::files -g -Wall -Wextra -fno-tree-loop-distribute-patterns"

TRACE::2025-05-23.19:12:09::SCWMssOS::"Running Make libs in ps7_cortexa9_0/libsrc/emacps_v3_20/src"

TRACE::2025-05-23.19:12:09::SCWMssOS::make -C ps7_cortexa9_0/libsrc/emacps_v3_20/src -s libs  "SHELL=CMD" "COMPILER=arm-none-eabi-gcc" "ASSEMBLER=arm-none-eabi-as" "
TRACE::2025-05-23.19:12:09::SCWMssOS::ARCHIVER=arm-none-eabi-ar" "COMPILER_FLAGS=  -O2 -c" "EXTRA_COMPILER_FLAGS=-mcpu=cortex-a9 -mfpu=vfpv3 -mfloat-abi=hard -nostar
TRACE::2025-05-23.19:12:09::SCWMssOS::tfiles -g -Wall -Wextra -fno-tree-loop-distribute-patterns"

TRACE::2025-05-23.19:12:09::SCWMssOS::"Running Make libs in ps7_cortexa9_0/libsrc/gpiops_v3_13/src"

TRACE::2025-05-23.19:12:09::SCWMssOS::make -C ps7_cortexa9_0/libsrc/gpiops_v3_13/src -s libs  "SHELL=CMD" "COMPILER=arm-none-eabi-gcc" "ASSEMBLER=arm-none-eabi-as" "
TRACE::2025-05-23.19:12:09::SCWMssOS::ARCHIVER=arm-none-eabi-ar" "COMPILER_FLAGS=  -O2 -c" "EXTRA_COMPILER_FLAGS=-mcpu=cortex-a9 -mfpu=vfpv3 -mfloat-abi=hard -nostar
TRACE::2025-05-23.19:12:09::SCWMssOS::tfiles -g -Wall -Wextra -fno-tree-loop-distribute-patterns"

TRACE::2025-05-23.19:12:09::SCWMssOS::"Running Make libs in ps7_cortexa9_0/libsrc/gpio_v4_11/src"

TRACE::2025-05-23.19:12:09::SCWMssOS::make -C ps7_cortexa9_0/libsrc/gpio_v4_11/src -s libs  "SHELL=CMD" "COMPILER=arm-none-eabi-gcc" "ASSEMBLER=arm-none-eabi-as" "AR
TRACE::2025-05-23.19:12:09::SCWMssOS::CHIVER=arm-none-eabi-ar" "COMPILER_FLAGS=  -O2 -c" "EXTRA_COMPILER_FLAGS=-mcpu=cortex-a9 -mfpu=vfpv3 -mfloat-abi=hard -nostartf
TRACE::2025-05-23.19:12:09::SCWMssOS::iles -g -Wall -Wextra -fno-tree-loop-distribute-patterns"

TRACE::2025-05-23.19:12:09::SCWMssOS::"Running Make libs in ps7_cortexa9_0/libsrc/iic_v3_11/src"

TRACE::2025-05-23.19:12:09::SCWMssOS::make -C ps7_cortexa9_0/libsrc/iic_v3_11/src -s libs  "SHELL=CMD" "COMPILER=arm-none-eabi-gcc" "ASSEMBLER=arm-none-eabi-as" "ARC
TRACE::2025-05-23.19:12:09::SCWMssOS::HIVER=arm-none-eabi-ar" "COMPILER_FLAGS=  -O2 -c" "EXTRA_COMPILER_FLAGS=-mcpu=cortex-a9 -mfpu=vfpv3 -mfloat-abi=hard -nostartfi
TRACE::2025-05-23.19:12:09::SCWMssOS::les -g -Wall -Wextra -fno-tree-loop-distribute-patterns"

TRACE::2025-05-23.19:12:09::SCWMssOS::"Running Make libs in ps7_cortexa9_0/libsrc/qspips_v3_12/src"

TRACE::2025-05-23.19:12:09::SCWMssOS::make -C ps7_cortexa9_0/libsrc/qspips_v3_12/src -s libs  "SHELL=CMD" "COMPILER=arm-none-eabi-gcc" "ASSEMBLER=arm-none-eabi-as" "
TRACE::2025-05-23.19:12:09::SCWMssOS::ARCHIVER=arm-none-eabi-ar" "COMPILER_FLAGS=  -O2 -c" "EXTRA_COMPILER_FLAGS=-mcpu=cortex-a9 -mfpu=vfpv3 -mfloat-abi=hard -nostar
TRACE::2025-05-23.19:12:09::SCWMssOS::tfiles -g -Wall -Wextra -fno-tree-loop-distribute-patterns"

TRACE::2025-05-23.19:12:09::SCWMssOS::"Running Make libs in ps7_cortexa9_0/libsrc/scugic_v5_3/src"

TRACE::2025-05-23.19:12:09::SCWMssOS::make -C ps7_cortexa9_0/libsrc/scugic_v5_3/src -s libs  "SHELL=CMD" "COMPILER=arm-none-eabi-gcc" "ASSEMBLER=arm-none-eabi-as" "A
TRACE::2025-05-23.19:12:09::SCWMssOS::RCHIVER=arm-none-eabi-ar" "COMPILER_FLAGS=  -O2 -c" "EXTRA_COMPILER_FLAGS=-mcpu=cortex-a9 -mfpu=vfpv3 -mfloat-abi=hard -nostart
TRACE::2025-05-23.19:12:09::SCWMssOS::files -g -Wall -Wextra -fno-tree-loop-distribute-patterns"

TRACE::2025-05-23.19:12:09::SCWMssOS::"Running Make libs in ps7_cortexa9_0/libsrc/scutimer_v2_6/src"

TRACE::2025-05-23.19:12:09::SCWMssOS::make -C ps7_cortexa9_0/libsrc/scutimer_v2_6/src -s libs  "SHELL=CMD" "COMPILER=arm-none-eabi-gcc" "ASSEMBLER=arm-none-eabi-as" 
TRACE::2025-05-23.19:12:09::SCWMssOS::"ARCHIVER=arm-none-eabi-ar" "COMPILER_FLAGS=  -O2 -c" "EXTRA_COMPILER_FLAGS=-mcpu=cortex-a9 -mfpu=vfpv3 -mfloat-abi=hard -nosta
TRACE::2025-05-23.19:12:09::SCWMssOS::rtfiles -g -Wall -Wextra -fno-tree-loop-distribute-patterns"

TRACE::2025-05-23.19:12:09::SCWMssOS::"Running Make libs in ps7_cortexa9_0/libsrc/scuwdt_v2_5/src"

TRACE::2025-05-23.19:12:09::SCWMssOS::make -C ps7_cortexa9_0/libsrc/scuwdt_v2_5/src -s libs  "SHELL=CMD" "COMPILER=arm-none-eabi-gcc" "ASSEMBLER=arm-none-eabi-as" "A
TRACE::2025-05-23.19:12:09::SCWMssOS::RCHIVER=arm-none-eabi-ar" "COMPILER_FLAGS=  -O2 -c" "EXTRA_COMPILER_FLAGS=-mcpu=cortex-a9 -mfpu=vfpv3 -mfloat-abi=hard -nostart
TRACE::2025-05-23.19:12:09::SCWMssOS::files -g -Wall -Wextra -fno-tree-loop-distribute-patterns"

TRACE::2025-05-23.19:12:09::SCWMssOS::"Running Make libs in ps7_cortexa9_0/libsrc/sdps_v4_3/src"

TRACE::2025-05-23.19:12:09::SCWMssOS::make -C ps7_cortexa9_0/libsrc/sdps_v4_3/src -s libs  "SHELL=CMD" "COMPILER=arm-none-eabi-gcc" "ASSEMBLER=arm-none-eabi-as" "ARC
TRACE::2025-05-23.19:12:09::SCWMssOS::HIVER=arm-none-eabi-ar" "COMPILER_FLAGS=  -O2 -c" "EXTRA_COMPILER_FLAGS=-mcpu=cortex-a9 -mfpu=vfpv3 -mfloat-abi=hard -nostartfi
TRACE::2025-05-23.19:12:09::SCWMssOS::les -g -Wall -Wextra -fno-tree-loop-distribute-patterns"

TRACE::2025-05-23.19:12:10::SCWMssOS::"Running Make libs in ps7_cortexa9_0/libsrc/standalone_v9_1/src"

TRACE::2025-05-23.19:12:10::SCWMssOS::make -C ps7_cortexa9_0/libsrc/standalone_v9_1/src -s libs  "SHELL=CMD" "COMPILER=arm-none-eabi-gcc" "ASSEMBLER=arm-none-eabi-as
TRACE::2025-05-23.19:12:10::SCWMssOS::" "ARCHIVER=arm-none-eabi-ar" "COMPILER_FLAGS=  -O2 -c" "EXTRA_COMPILER_FLAGS=-mcpu=cortex-a9 -mfpu=vfpv3 -mfloat-abi=hard -nos
TRACE::2025-05-23.19:12:10::SCWMssOS::tartfiles -g -Wall -Wextra -fno-tree-loop-distribute-patterns"

TRACE::2025-05-23.19:12:10::SCWMssOS::"Running Make libs in ps7_cortexa9_0/libsrc/tmrctr_v4_12/src"

TRACE::2025-05-23.19:12:10::SCWMssOS::make -C ps7_cortexa9_0/libsrc/tmrctr_v4_12/src -s libs  "SHELL=CMD" "COMPILER=arm-none-eabi-gcc" "ASSEMBLER=arm-none-eabi-as" "
TRACE::2025-05-23.19:12:10::SCWMssOS::ARCHIVER=arm-none-eabi-ar" "COMPILER_FLAGS=  -O2 -c" "EXTRA_COMPILER_FLAGS=-mcpu=cortex-a9 -mfpu=vfpv3 -mfloat-abi=hard -nostar
TRACE::2025-05-23.19:12:10::SCWMssOS::tfiles -g -Wall -Wextra -fno-tree-loop-distribute-patterns"

TRACE::2025-05-23.19:12:10::SCWMssOS::"Running Make libs in ps7_cortexa9_0/libsrc/uartps_v3_14/src"

TRACE::2025-05-23.19:12:10::SCWMssOS::make -C ps7_cortexa9_0/libsrc/uartps_v3_14/src -s libs  "SHELL=CMD" "COMPILER=arm-none-eabi-gcc" "ASSEMBLER=arm-none-eabi-as" "
TRACE::2025-05-23.19:12:10::SCWMssOS::ARCHIVER=arm-none-eabi-ar" "COMPILER_FLAGS=  -O2 -c" "EXTRA_COMPILER_FLAGS=-mcpu=cortex-a9 -mfpu=vfpv3 -mfloat-abi=hard -nostar
TRACE::2025-05-23.19:12:10::SCWMssOS::tfiles -g -Wall -Wextra -fno-tree-loop-distribute-patterns"

TRACE::2025-05-23.19:12:10::SCWMssOS::"Running Make libs in ps7_cortexa9_0/libsrc/usbps_v2_9/src"

TRACE::2025-05-23.19:12:10::SCWMssOS::make -C ps7_cortexa9_0/libsrc/usbps_v2_9/src -s libs  "SHELL=CMD" "COMPILER=arm-none-eabi-gcc" "ASSEMBLER=arm-none-eabi-as" "AR
TRACE::2025-05-23.19:12:10::SCWMssOS::CHIVER=arm-none-eabi-ar" "COMPILER_FLAGS=  -O2 -c" "EXTRA_COMPILER_FLAGS=-mcpu=cortex-a9 -mfpu=vfpv3 -mfloat-abi=hard -nostartf
TRACE::2025-05-23.19:12:10::SCWMssOS::iles -g -Wall -Wextra -fno-tree-loop-distribute-patterns"

TRACE::2025-05-23.19:12:10::SCWMssOS::"Running Make libs in ps7_cortexa9_0/libsrc/xadcps_v2_7/src"

TRACE::2025-05-23.19:12:10::SCWMssOS::make -C ps7_cortexa9_0/libsrc/xadcps_v2_7/src -s libs  "SHELL=CMD" "COMPILER=arm-none-eabi-gcc" "ASSEMBLER=arm-none-eabi-as" "A
TRACE::2025-05-23.19:12:10::SCWMssOS::RCHIVER=arm-none-eabi-ar" "COMPILER_FLAGS=  -O2 -c" "EXTRA_COMPILER_FLAGS=-mcpu=cortex-a9 -mfpu=vfpv3 -mfloat-abi=hard -nostart
TRACE::2025-05-23.19:12:10::SCWMssOS::files -g -Wall -Wextra -fno-tree-loop-distribute-patterns"

TRACE::2025-05-23.19:12:11::SCWMssOS::'Finished building libraries parallelly.'

TRACE::2025-05-23.19:12:11::SCWMssOS::make --no-print-directory archive

TRACE::2025-05-23.19:12:11::SCWMssOS::arm-none-eabi-ar -r  ps7_cortexa9_0/lib/libxil.a ps7_cortexa9_0/lib/Motor_DriverIP.o ps7_cortexa9_0/lib/Motor_DriverIP_selftest
TRACE::2025-05-23.19:12:11::SCWMssOS::.o ps7_cortexa9_0/lib/SpeedSensor_Driver_IP.o ps7_cortexa9_0/lib/SpeedSensor_Driver_IP_selftest.o ps7_cortexa9_0/lib/_exit.o ps
TRACE::2025-05-23.19:12:11::SCWMssOS::7_cortexa9_0/lib/_open.o ps7_cortexa9_0/lib/_sbrk.o ps7_cortexa9_0/lib/abort.o ps7_cortexa9_0/lib/asm_vectors.o ps7_cortexa9_0/
TRACE::2025-05-23.19:12:11::SCWMssOS::lib/boot.o ps7_cortexa9_0/lib/close.o ps7_cortexa9_0/lib/cpputest_time.o ps7_cortexa9_0/lib/cpu_init.o ps7_cortexa9_0/lib/errno
TRACE::2025-05-23.19:12:11::SCWMssOS::.o ps7_cortexa9_0/lib/fcntl.o ps7_cortexa9_0/lib/fstat.o ps7_cortexa9_0/lib/getentropy.o ps7_cortexa9_0/lib/getpid.o ps7_cortex
TRACE::2025-05-23.19:12:11::SCWMssOS::a9_0/lib/inbyte.o ps7_cortexa9_0/lib/isatty.o ps7_cortexa9_0/lib/kill.o ps7_cortexa9_0/lib/lseek.o ps7_cortexa9_0/lib/open.o ps
TRACE::2025-05-23.19:12:11::SCWMssOS::7_cortexa9_0/lib/outbyte.o ps7_cortexa9_0/lib/print.o ps7_cortexa9_0/lib/putnum.o ps7_cortexa9_0/lib/read.o ps7_cortexa9_0/lib/
TRACE::2025-05-23.19:12:11::SCWMssOS::sbrk.o ps7_cortexa9_0/lib/sleep.o ps7_cortexa9_0/lib/time.o ps7_cortexa9_0/lib/translation_table.o ps7_cortexa9_0/lib/ultrasone
TRACE::2025-05-23.19:12:11::SCWMssOS::IP.o ps7_cortexa9_0/lib/ultrasoneIP_selftest.o ps7_cortexa9_0/lib/unlink.o ps7_cortexa9_0/lib/usleep.o ps7_cortexa9_0/lib/vecto
TRACE::2025-05-23.19:12:11::SCWMssOS::rs.o ps7_cortexa9_0/lib/write.o ps7_cortexa9_0/lib/xadcps.o ps7_cortexa9_0/lib/xadcps_g.o ps7_cortexa9_0/lib/xadcps_intr.o ps7_
TRACE::2025-05-23.19:12:11::SCWMssOS::cortexa9_0/lib/xadcps_selftest.o ps7_cortexa9_0/lib/xadcps_sinit.o ps7_cortexa9_0/lib/xcoresightpsdcc.o ps7_cortexa9_0/lib/xdev
TRACE::2025-05-23.19:12:11::SCWMssOS::cfg.o ps7_cortexa9_0/lib/xdevcfg_g.o ps7_cortexa9_0/lib/xdevcfg_hw.o ps7_cortexa9_0/lib/xdevcfg_intr.o ps7_cortexa9_0/lib/xdevc
TRACE::2025-05-23.19:12:11::SCWMssOS::fg_selftest.o ps7_cortexa9_0/lib/xdevcfg_sinit.o ps7_cortexa9_0/lib/xdmaps.o ps7_cortexa9_0/lib/xdmaps_g.o ps7_cortexa9_0/lib/x
TRACE::2025-05-23.19:12:11::SCWMssOS::dmaps_hw.o ps7_cortexa9_0/lib/xdmaps_selftest.o ps7_cortexa9_0/lib/xdmaps_sinit.o ps7_cortexa9_0/lib/xemacps.o ps7_cortexa9_0/l
TRACE::2025-05-23.19:12:11::SCWMssOS::ib/xemacps_bdring.o ps7_cortexa9_0/lib/xemacps_control.o ps7_cortexa9_0/lib/xemacps_g.o ps7_cortexa9_0/lib/xemacps_hw.o ps7_cor
TRACE::2025-05-23.19:12:11::SCWMssOS::texa9_0/lib/xemacps_intr.o ps7_cortexa9_0/lib/xemacps_sinit.o ps7_cortexa9_0/lib/xgpio.o ps7_cortexa9_0/lib/xgpio_extra.o ps7_c
TRACE::2025-05-23.19:12:11::SCWMssOS::ortexa9_0/lib/xgpio_g.o ps7_cortexa9_0/lib/xgpio_intr.o ps7_cortexa9_0/lib/xgpio_selftest.o ps7_cortexa9_0/lib/xgpio_sinit.o ps
TRACE::2025-05-23.19:12:11::SCWMssOS::7_cortexa9_0/lib/xgpiops.o ps7_cortexa9_0/lib/xgpiops_g.o ps7_cortexa9_0/lib/xgpiops_hw.o ps7_cortexa9_0/lib/xgpiops_intr.o ps7
TRACE::2025-05-23.19:12:11::SCWMssOS::_cortexa9_0/lib/xgpiops_selftest.o ps7_cortexa9_0/lib/xgpiops_sinit.o ps7_cortexa9_0/lib/xiic.o ps7_cortexa9_0/lib/xiic_dyn_mas
TRACE::2025-05-23.19:12:11::SCWMssOS::ter.o ps7_cortexa9_0/lib/xiic_g.o ps7_cortexa9_0/lib/xiic_intr.o ps7_cortexa9_0/lib/xiic_l.o ps7_cortexa9_0/lib/xiic_master.o p
TRACE::2025-05-23.19:12:11::SCWMssOS::s7_cortexa9_0/lib/xiic_multi_master.o ps7_cortexa9_0/lib/xiic_options.o ps7_cortexa9_0/lib/xiic_selftest.o ps7_cortexa9_0/lib/x
TRACE::2025-05-23.19:12:11::SCWMssOS::iic_sinit.o ps7_cortexa9_0/lib/xiic_slave.o ps7_cortexa9_0/lib/xiic_stats.o ps7_cortexa9_0/lib/xil-crt0.o ps7_cortexa9_0/lib/xi
TRACE::2025-05-23.19:12:11::SCWMssOS::l_assert.o ps7_cortexa9_0/lib/xil_cache.o ps7_cortexa9_0/lib/xil_clocking.o ps7_cortexa9_0/lib/xil_exception.o ps7_cortexa9_0/l
TRACE::2025-05-23.19:12:11::SCWMssOS::ib/xil_mem.o ps7_cortexa9_0/lib/xil_misc_psreset_api.o ps7_cortexa9_0/lib/xil_mmu.o ps7_cortexa9_0/lib/xil_printf.o ps7_cortexa
TRACE::2025-05-23.19:12:11::SCWMssOS::9_0/lib/xil_sleepcommon.o ps7_cortexa9_0/lib/xil_sleeptimer.o ps7_cortexa9_0/lib/xil_spinlock.o ps7_cortexa9_0/lib/xil_testcach
TRACE::2025-05-23.19:12:11::SCWMssOS::e.o ps7_cortexa9_0/lib/xil_testio.o ps7_cortexa9_0/lib/xil_testmem.o ps7_cortexa9_0/lib/xil_util.o ps7_cortexa9_0/lib/xinterrup
TRACE::2025-05-23.19:12:11::SCWMssOS::t_wrap.o ps7_cortexa9_0/lib/xl2cc_counter.o ps7_cortexa9_0/lib/xplatform_info.o ps7_cortexa9_0/lib/xpm_counter.o ps7_cortexa9_0
TRACE::2025-05-23.19:12:11::SCWMssOS::/lib/xpm_init.o ps7_cortexa9_0/lib/xqspips.o ps7_cortexa9_0/lib/xqspips_g.o ps7_cortexa9_0/lib/xqspips_hw.o ps7_cortexa9_0/lib/
TRACE::2025-05-23.19:12:11::SCWMssOS::xqspips_options.o ps7_cortexa9_0/lib/xqspips_selftest.o ps7_cortexa9_0/lib/xqspips_sinit.o ps7_cortexa9_0/lib/xscugic.o ps7_cor
TRACE::2025-05-23.19:12:11::SCWMssOS::texa9_0/lib/xscugic_g.o ps7_cortexa9_0/lib/xscugic_hw.o ps7_cortexa9_0/lib/xscugic_intr.o ps7_cortexa9_0/lib/xscugic_selftest.o
TRACE::2025-05-23.19:12:11::SCWMssOS:: ps7_cortexa9_0/lib/xscugic_sinit.o ps7_cortexa9_0/lib/xscutimer.o ps7_cortexa9_0/lib/xscutimer_g.o ps7_cortexa9_0/lib/xscutime
TRACE::2025-05-23.19:12:11::SCWMssOS::r_selftest.o ps7_cortexa9_0/lib/xscutimer_sinit.o ps7_cortexa9_0/lib/xscuwdt.o ps7_cortexa9_0/lib/xscuwdt_g.o ps7_cortexa9_0/li
TRACE::2025-05-23.19:12:11::SCWMssOS::b/xscuwdt_selftest.o ps7_cortexa9_0/lib/xscuwdt_sinit.o ps7_cortexa9_0/lib/xsdps.o ps7_cortexa9_0/lib/xsdps_card.o ps7_cortexa9
TRACE::2025-05-23.19:12:11::SCWMssOS::_0/lib/xsdps_g.o ps7_cortexa9_0/lib/xsdps_host.o ps7_cortexa9_0/lib/xsdps_options.o ps7_cortexa9_0/lib/xsdps_sinit.o ps7_cortex
TRACE::2025-05-23.19:12:11::SCWMssOS::a9_0/lib/xtime_l.o ps7_cortexa9_0/lib/xtmrctr.o ps7_cortexa9_0/lib/xtmrctr_g.o ps7_cortexa9_0/lib/xtmrctr_intr.o ps7_cortexa9_0
TRACE::2025-05-23.19:12:11::SCWMssOS::/lib/xtmrctr_l.o ps7_cortexa9_0/lib/xtmrctr_options.o ps7_cortexa9_0/lib/xtmrctr_selftest.o ps7_cortexa9_0/lib/xtmrctr_sinit.o 
TRACE::2025-05-23.19:12:11::SCWMssOS::ps7_cortexa9_0/lib/xtmrctr_stats.o ps7_cortexa9_0/lib/xuartps.o ps7_cortexa9_0/lib/xuartps_g.o ps7_cortexa9_0/lib/xuartps_hw.o 
TRACE::2025-05-23.19:12:11::SCWMssOS::ps7_cortexa9_0/lib/xuartps_intr.o ps7_cortexa9_0/lib/xuartps_options.o ps7_cortexa9_0/lib/xuartps_selftest.o ps7_cortexa9_0/lib
TRACE::2025-05-23.19:12:11::SCWMssOS::/xuartps_sinit.o ps7_cortexa9_0/lib/xusbps.o ps7_cortexa9_0/lib/xusbps_endpoint.o ps7_cortexa9_0/lib/xusbps_g.o ps7_cortexa9_0/
TRACE::2025-05-23.19:12:11::SCWMssOS::lib/xusbps_hw.o ps7_cortexa9_0/lib/xusbps_intr.o ps7_cortexa9_0/lib/xusbps_sinit.o

TRACE::2025-05-23.19:12:11::SCWMssOS::'Finished building libraries'

TRACE::2025-05-23.19:12:11::SCWMssOS::Copying to export directory.
TRACE::2025-05-23.19:12:11::SCWMssOS:: Checking if to create the Supporting Applications
TRACE::2025-05-23.19:12:11::SCWMssOS:: No Linux domain exists, trying to generate FSBL 
LOG::2025-05-23.19:12:11::SCWSystem::Completed Processing the domain standalone_ps7_cortexa9_0
LOG::2025-05-23.19:12:11::SCWSystem::Completed Processing the sysconfig FullCar_AllFeatures_V0_1
LOG::2025-05-23.19:12:11::SCWPlatform::Completed generating the artifacts for system configuration FullCar_AllFeatures_V0_1
TRACE::2025-05-23.19:12:11::SCWPlatform::Started preparing the platform 
TRACE::2025-05-23.19:12:11::SCWSystem::Writing the bif file for system config FullCar_AllFeatures_V0_1
TRACE::2025-05-23.19:12:11::SCWSystem::dir created 
TRACE::2025-05-23.19:12:11::SCWSystem::Writing the bif 
TRACE::2025-05-23.19:12:11::SCWPlatform::Started writing the spfm file 
TRACE::2025-05-23.19:12:11::SCWPlatform::Started writing the xpfm file 
TRACE::2025-05-23.19:12:11::SCWPlatform::Completed generating the platform
TRACE::2025-05-23.19:12:11::SCWMssOS::Saving the mss changes M:/projects/clones/SOC/Car_Project/vitis/FullCar_AllFeatures_V0_1/zynq_fsbl/zynq_fsbl_bsp/system.mss
TRACE::2025-05-23.19:12:11::SCWMssOS::Found a swdesign opened with the mssfile.
TRACE::2025-05-23.19:12:11::SCWMssOS::Completed writemss as part of save.
TRACE::2025-05-23.19:12:11::SCWMssOS::Commit changes completed.
TRACE::2025-05-23.19:12:11::SCWMssOS::Saving the mss changes M:/projects/clones/SOC/Car_Project/vitis/FullCar_AllFeatures_V0_1/ps7_cortexa9_0/standalone_ps7_cortexa9_0/bsp/system.mss
TRACE::2025-05-23.19:12:11::SCWMssOS::Found a swdesign opened with the mssfile.
TRACE::2025-05-23.19:12:11::SCWMssOS::Completed writemss as part of save.
TRACE::2025-05-23.19:12:11::SCWMssOS::Commit changes completed.
TRACE::2025-05-23.19:12:11::SCWPlatform::Trying to open the hw design at M:/projects/clones/SOC/Car_Project/vitis/FullCar_AllFeatures_V0_1/hw/FullCar_AllFeatures_V0_1.xsa
TRACE::2025-05-23.19:12:11::SCWPlatform::DSA given M:/projects/clones/SOC/Car_Project/vitis/FullCar_AllFeatures_V0_1/hw/FullCar_AllFeatures_V0_1.xsa
TRACE::2025-05-23.19:12:11::SCWPlatform::DSA absoulate path M:/projects/clones/SOC/Car_Project/vitis/FullCar_AllFeatures_V0_1/hw/FullCar_AllFeatures_V0_1.xsa
TRACE::2025-05-23.19:12:11::SCWPlatform::DSA directory M:/projects/clones/SOC/Car_Project/vitis/FullCar_AllFeatures_V0_1/hw
TRACE::2025-05-23.19:12:11::SCWPlatform:: Platform Path M:/projects/clones/SOC/Car_Project/vitis/FullCar_AllFeatures_V0_1/hw/FullCar_AllFeatures_V0_1.xsa
TRACE::2025-05-23.19:12:11::SCWPlatform:: Unique name xilinx:pynq-z2::0.0
TRACE::2025-05-23.19:12:11::SCWPlatform::Trying to set the existing hwdb with name design_1_wrapper_0
TRACE::2025-05-23.19:12:11::SCWPlatform::Opened existing hwdb design_1_wrapper_0
TRACE::2025-05-23.19:12:11::SCWPlatform::Found the Hw Db part of the input DSA
TRACE::2025-05-23.19:12:11::SCWMssOS::Checking the sw design at  M:/projects/clones/SOC/Car_Project/vitis/FullCar_AllFeatures_V0_1/zynq_fsbl/zynq_fsbl_bsp/system.mss
TRACE::2025-05-23.19:12:11::SCWMssOS::DEBUG:  swdes dump  M:/projects/clones/SOC/Car_Project/vitis/FullCar_AllFeatures_V0_1/ps7_cortexa9_0/standalone_ps7_cortexa9_0/bsp/system.mss|system_0||
M:/projects/clones/SOC/Car_Project/vitis/FullCar_AllFeatures_V0_1/zynq_fsbl/zynq_fsbl_bsp/system.mss|system||

TRACE::2025-05-23.19:12:11::SCWMssOS::Sw design exists and opened at  M:/projects/clones/SOC/Car_Project/vitis/FullCar_AllFeatures_V0_1/zynq_fsbl/zynq_fsbl_bsp/system.mss
TRACE::2025-05-23.19:12:11::SCWPlatform::Trying to open the hw design at M:/projects/clones/SOC/Car_Project/vitis/FullCar_AllFeatures_V0_1/hw/FullCar_AllFeatures_V0_1.xsa
TRACE::2025-05-23.19:12:11::SCWPlatform::DSA given M:/projects/clones/SOC/Car_Project/vitis/FullCar_AllFeatures_V0_1/hw/FullCar_AllFeatures_V0_1.xsa
TRACE::2025-05-23.19:12:11::SCWPlatform::DSA absoulate path M:/projects/clones/SOC/Car_Project/vitis/FullCar_AllFeatures_V0_1/hw/FullCar_AllFeatures_V0_1.xsa
TRACE::2025-05-23.19:12:11::SCWPlatform::DSA directory M:/projects/clones/SOC/Car_Project/vitis/FullCar_AllFeatures_V0_1/hw
TRACE::2025-05-23.19:12:11::SCWPlatform:: Platform Path M:/projects/clones/SOC/Car_Project/vitis/FullCar_AllFeatures_V0_1/hw/FullCar_AllFeatures_V0_1.xsa
TRACE::2025-05-23.19:12:11::SCWPlatform:: Unique name xilinx:pynq-z2::0.0
TRACE::2025-05-23.19:12:11::SCWPlatform::Trying to set the existing hwdb with name design_1_wrapper_0
TRACE::2025-05-23.19:12:11::SCWPlatform::Opened existing hwdb design_1_wrapper_0
TRACE::2025-05-23.19:12:11::SCWPlatform::Found the Hw Db part of the input DSA
TRACE::2025-05-23.19:12:11::SCWMssOS::Checking the sw design at  M:/projects/clones/SOC/Car_Project/vitis/FullCar_AllFeatures_V0_1/zynq_fsbl/zynq_fsbl_bsp/system.mss
TRACE::2025-05-23.19:12:11::SCWMssOS::DEBUG:  swdes dump  M:/projects/clones/SOC/Car_Project/vitis/FullCar_AllFeatures_V0_1/ps7_cortexa9_0/standalone_ps7_cortexa9_0/bsp/system.mss|system_0||
M:/projects/clones/SOC/Car_Project/vitis/FullCar_AllFeatures_V0_1/zynq_fsbl/zynq_fsbl_bsp/system.mss|system||

TRACE::2025-05-23.19:12:11::SCWMssOS::Sw design exists and opened at  M:/projects/clones/SOC/Car_Project/vitis/FullCar_AllFeatures_V0_1/zynq_fsbl/zynq_fsbl_bsp/system.mss
TRACE::2025-05-23.19:12:11::SCWPlatform::Trying to open the hw design at M:/projects/clones/SOC/Car_Project/vitis/FullCar_AllFeatures_V0_1/hw/FullCar_AllFeatures_V0_1.xsa
TRACE::2025-05-23.19:12:11::SCWPlatform::DSA given M:/projects/clones/SOC/Car_Project/vitis/FullCar_AllFeatures_V0_1/hw/FullCar_AllFeatures_V0_1.xsa
TRACE::2025-05-23.19:12:11::SCWPlatform::DSA absoulate path M:/projects/clones/SOC/Car_Project/vitis/FullCar_AllFeatures_V0_1/hw/FullCar_AllFeatures_V0_1.xsa
TRACE::2025-05-23.19:12:11::SCWPlatform::DSA directory M:/projects/clones/SOC/Car_Project/vitis/FullCar_AllFeatures_V0_1/hw
TRACE::2025-05-23.19:12:12::SCWPlatform:: Platform Path M:/projects/clones/SOC/Car_Project/vitis/FullCar_AllFeatures_V0_1/hw/FullCar_AllFeatures_V0_1.xsa
TRACE::2025-05-23.19:12:12::SCWPlatform:: Unique name xilinx:pynq-z2::0.0
TRACE::2025-05-23.19:12:12::SCWPlatform::Trying to set the existing hwdb with name design_1_wrapper_0
TRACE::2025-05-23.19:12:12::SCWPlatform::Opened existing hwdb design_1_wrapper_0
TRACE::2025-05-23.19:12:12::SCWPlatform::Found the Hw Db part of the input DSA
TRACE::2025-05-23.19:12:12::SCWMssOS::Checking the sw design at  M:/projects/clones/SOC/Car_Project/vitis/FullCar_AllFeatures_V0_1/zynq_fsbl/zynq_fsbl_bsp/system.mss
TRACE::2025-05-23.19:12:12::SCWMssOS::DEBUG:  swdes dump  M:/projects/clones/SOC/Car_Project/vitis/FullCar_AllFeatures_V0_1/ps7_cortexa9_0/standalone_ps7_cortexa9_0/bsp/system.mss|system_0||
M:/projects/clones/SOC/Car_Project/vitis/FullCar_AllFeatures_V0_1/zynq_fsbl/zynq_fsbl_bsp/system.mss|system||

TRACE::2025-05-23.19:12:12::SCWMssOS::Sw design exists and opened at  M:/projects/clones/SOC/Car_Project/vitis/FullCar_AllFeatures_V0_1/zynq_fsbl/zynq_fsbl_bsp/system.mss
TRACE::2025-05-23.19:12:12::SCWPlatform::Trying to open the hw design at M:/projects/clones/SOC/Car_Project/vitis/FullCar_AllFeatures_V0_1/hw/FullCar_AllFeatures_V0_1.xsa
TRACE::2025-05-23.19:12:12::SCWPlatform::DSA given M:/projects/clones/SOC/Car_Project/vitis/FullCar_AllFeatures_V0_1/hw/FullCar_AllFeatures_V0_1.xsa
TRACE::2025-05-23.19:12:12::SCWPlatform::DSA absoulate path M:/projects/clones/SOC/Car_Project/vitis/FullCar_AllFeatures_V0_1/hw/FullCar_AllFeatures_V0_1.xsa
TRACE::2025-05-23.19:12:12::SCWPlatform::DSA directory M:/projects/clones/SOC/Car_Project/vitis/FullCar_AllFeatures_V0_1/hw
TRACE::2025-05-23.19:12:12::SCWPlatform:: Platform Path M:/projects/clones/SOC/Car_Project/vitis/FullCar_AllFeatures_V0_1/hw/FullCar_AllFeatures_V0_1.xsa
TRACE::2025-05-23.19:12:12::SCWPlatform:: Unique name xilinx:pynq-z2::0.0
TRACE::2025-05-23.19:12:12::SCWPlatform::Trying to set the existing hwdb with name design_1_wrapper_0
TRACE::2025-05-23.19:12:12::SCWPlatform::Opened existing hwdb design_1_wrapper_0
TRACE::2025-05-23.19:12:12::SCWPlatform::Found the Hw Db part of the input DSA
TRACE::2025-05-23.19:12:12::SCWMssOS::Checking the sw design at  M:/projects/clones/SOC/Car_Project/vitis/FullCar_AllFeatures_V0_1/ps7_cortexa9_0/standalone_ps7_cortexa9_0/bsp/system.mss
TRACE::2025-05-23.19:12:12::SCWMssOS::DEBUG:  swdes dump  M:/projects/clones/SOC/Car_Project/vitis/FullCar_AllFeatures_V0_1/ps7_cortexa9_0/standalone_ps7_cortexa9_0/bsp/system.mss|system_0||
M:/projects/clones/SOC/Car_Project/vitis/FullCar_AllFeatures_V0_1/zynq_fsbl/zynq_fsbl_bsp/system.mss|system||

TRACE::2025-05-23.19:12:12::SCWMssOS::Sw design exists and opened at  M:/projects/clones/SOC/Car_Project/vitis/FullCar_AllFeatures_V0_1/ps7_cortexa9_0/standalone_ps7_cortexa9_0/bsp/system.mss
TRACE::2025-05-23.19:12:12::SCWPlatform::Trying to open the hw design at M:/projects/clones/SOC/Car_Project/vitis/FullCar_AllFeatures_V0_1/hw/FullCar_AllFeatures_V0_1.xsa
TRACE::2025-05-23.19:12:12::SCWPlatform::DSA given M:/projects/clones/SOC/Car_Project/vitis/FullCar_AllFeatures_V0_1/hw/FullCar_AllFeatures_V0_1.xsa
TRACE::2025-05-23.19:12:12::SCWPlatform::DSA absoulate path M:/projects/clones/SOC/Car_Project/vitis/FullCar_AllFeatures_V0_1/hw/FullCar_AllFeatures_V0_1.xsa
TRACE::2025-05-23.19:12:12::SCWPlatform::DSA directory M:/projects/clones/SOC/Car_Project/vitis/FullCar_AllFeatures_V0_1/hw
TRACE::2025-05-23.19:12:12::SCWPlatform:: Platform Path M:/projects/clones/SOC/Car_Project/vitis/FullCar_AllFeatures_V0_1/hw/FullCar_AllFeatures_V0_1.xsa
TRACE::2025-05-23.19:12:12::SCWPlatform:: Unique name xilinx:pynq-z2::0.0
TRACE::2025-05-23.19:12:12::SCWPlatform::Trying to set the existing hwdb with name design_1_wrapper_0
TRACE::2025-05-23.19:12:12::SCWPlatform::Opened existing hwdb design_1_wrapper_0
TRACE::2025-05-23.19:12:12::SCWPlatform::Found the Hw Db part of the input DSA
TRACE::2025-05-23.19:12:12::SCWMssOS::Checking the sw design at  M:/projects/clones/SOC/Car_Project/vitis/FullCar_AllFeatures_V0_1/ps7_cortexa9_0/standalone_ps7_cortexa9_0/bsp/system.mss
TRACE::2025-05-23.19:12:12::SCWMssOS::DEBUG:  swdes dump  M:/projects/clones/SOC/Car_Project/vitis/FullCar_AllFeatures_V0_1/ps7_cortexa9_0/standalone_ps7_cortexa9_0/bsp/system.mss|system_0||
M:/projects/clones/SOC/Car_Project/vitis/FullCar_AllFeatures_V0_1/zynq_fsbl/zynq_fsbl_bsp/system.mss|system||

TRACE::2025-05-23.19:12:12::SCWMssOS::Sw design exists and opened at  M:/projects/clones/SOC/Car_Project/vitis/FullCar_AllFeatures_V0_1/ps7_cortexa9_0/standalone_ps7_cortexa9_0/bsp/system.mss
TRACE::2025-05-23.19:12:12::SCWPlatform::Trying to open the hw design at M:/projects/clones/SOC/Car_Project/vitis/FullCar_AllFeatures_V0_1/hw/FullCar_AllFeatures_V0_1.xsa
TRACE::2025-05-23.19:12:12::SCWPlatform::DSA given M:/projects/clones/SOC/Car_Project/vitis/FullCar_AllFeatures_V0_1/hw/FullCar_AllFeatures_V0_1.xsa
TRACE::2025-05-23.19:12:12::SCWPlatform::DSA absoulate path M:/projects/clones/SOC/Car_Project/vitis/FullCar_AllFeatures_V0_1/hw/FullCar_AllFeatures_V0_1.xsa
TRACE::2025-05-23.19:12:12::SCWPlatform::DSA directory M:/projects/clones/SOC/Car_Project/vitis/FullCar_AllFeatures_V0_1/hw
TRACE::2025-05-23.19:12:12::SCWPlatform:: Platform Path M:/projects/clones/SOC/Car_Project/vitis/FullCar_AllFeatures_V0_1/hw/FullCar_AllFeatures_V0_1.xsa
TRACE::2025-05-23.19:12:12::SCWPlatform:: Unique name xilinx:pynq-z2::0.0
TRACE::2025-05-23.19:12:12::SCWPlatform::Trying to set the existing hwdb with name design_1_wrapper_0
TRACE::2025-05-23.19:12:12::SCWPlatform::Opened existing hwdb design_1_wrapper_0
TRACE::2025-05-23.19:12:12::SCWPlatform::Found the Hw Db part of the input DSA
TRACE::2025-05-23.19:12:12::SCWMssOS::Checking the sw design at  M:/projects/clones/SOC/Car_Project/vitis/FullCar_AllFeatures_V0_1/ps7_cortexa9_0/standalone_ps7_cortexa9_0/bsp/system.mss
TRACE::2025-05-23.19:12:12::SCWMssOS::DEBUG:  swdes dump  M:/projects/clones/SOC/Car_Project/vitis/FullCar_AllFeatures_V0_1/ps7_cortexa9_0/standalone_ps7_cortexa9_0/bsp/system.mss|system_0||
M:/projects/clones/SOC/Car_Project/vitis/FullCar_AllFeatures_V0_1/zynq_fsbl/zynq_fsbl_bsp/system.mss|system||

TRACE::2025-05-23.19:12:12::SCWMssOS::Sw design exists and opened at  M:/projects/clones/SOC/Car_Project/vitis/FullCar_AllFeatures_V0_1/ps7_cortexa9_0/standalone_ps7_cortexa9_0/bsp/system.mss
TRACE::2025-05-23.19:12:12::SCWWriter::formatted JSON is {
	"platformName":	"FullCar_AllFeatures_V0_1",
	"sprVersion":	"2.0",
	"mode":	"gui",
	"dsaType":	"Fixed",
	"platformDesc":	"FullCar_AllFeatures_V0_1",
	"platHandOff":	"M:/projects/clones/SOC/Car_Project/vivado/XSA/FullCar_AllFeatures_V0_1.xsa",
	"platIntHandOff":	"<platformDir>/hw/FullCar_AllFeatures_V0_1.xsa",
	"deviceType":	"zynq",
	"platIsPrebuiltAutogen":	"false",
	"platIsNoBootBsp":	"false",
	"platFsblTarget":	"ps7_cortexa9_0",
	"hasFsblMakeHasChanges":	"false",
	"hasPmufwMakeHasChanges":	"false",
	"fsblExtraCompilerFlags":	"-MMD -MP       -mcpu=cortex-a9 -mfpu=vfpv3 -mfloat-abi=hard ",
	"platPreBuiltFlag":	false,
	"platformSamplesDir":	"",
	"platActiveSys":	"FullCar_AllFeatures_V0_1",
	"systems":	[{
			"systemName":	"FullCar_AllFeatures_V0_1",
			"systemDesc":	"FullCar_AllFeatures_V0_1",
			"sysIsBootAutoGen":	"true",
			"systemDispName":	"FullCar_AllFeatures_V0_1",
			"sysActiveDom":	"standalone_ps7_cortexa9_0",
			"sysDefaultDom":	"standalone_ps7_cortexa9_0",
			"domains":	[{
					"domainName":	"zynq_fsbl",
					"domainDispName":	"zynq_fsbl",
					"domainDesc":	"FSBL Application BSP - Auto Generated.",
					"processors":	"ps7_cortexa9_0",
					"os":	"standalone",
					"sdxOs":	"standalone",
					"debugEnable":	"",
					"domRuntimes":	["cpp"],
					"swRepo":	"",
					"mssOsVer":	"9.1",
					"mssFile":	"",
					"md5Digest":	"64fce8e86c92608d547c70ee7285b026",
					"compatibleApp":	"zynq_fsbl",
					"domType":	"bootDomain",
					"arch":	"32-bit",
					"appSettings":	{
						"appCompilerFlags":	"",
						"appLinkerFlags":	""
					},
					"addedLibs":	["xilffs:5.2", "xilrsa:1.8"],
					"libOptions":	{
						"libsContainingOptions":	[]
					},
					"prebuiltLibs":	{
						"prebuiltIncPath":	[],
						"prebuiltLibPath":	[]
					},
					"isolation":	{
					}
				}, {
					"domainName":	"standalone_ps7_cortexa9_0",
					"domainDispName":	"standalone_ps7_cortexa9_0",
					"domainDesc":	"standalone_ps7_cortexa9_0",
					"processors":	"ps7_cortexa9_0",
					"os":	"standalone",
					"sdxOs":	"standalone",
					"qemuArgs":	"<platformDir>/resources/FullCar_AllFeatures_V0_1/standalone_ps7_cortexa9_0/qemu_args.txt",
					"qemuData":	"<platformDir>/resources/FullCar_AllFeatures_V0_1/standalone_ps7_cortexa9_0/qemu",
					"debugEnable":	"False",
					"domRuntimes":	["cpp"],
					"swRepo":	"",
					"mssOsVer":	"9.1",
					"mssFile":	"",
					"md5Digest":	"9b96d52dca00ece5ea6af278cd8f10e1",
					"compatibleApp":	"hello_world",
					"domType":	"mssDomain",
					"arch":	"32-bit",
					"appSettings":	{
						"appCompilerFlags":	"",
						"appLinkerFlags":	""
					},
					"addedLibs":	[],
					"libOptions":	{
						"libsContainingOptions":	[]
					},
					"prebuiltLibs":	{
						"prebuiltIncPath":	[],
						"prebuiltLibPath":	[]
					},
					"isolation":	{
					}
				}]
		}]
}
KEYINFO::2025-05-23.19:12:12::SCWPlatform::updated the xpfm file.
TRACE::2025-05-23.19:12:12::SCWPlatform::Trying to open the hw design at M:/projects/clones/SOC/Car_Project/vitis/FullCar_AllFeatures_V0_1/hw/FullCar_AllFeatures_V0_1.xsa
TRACE::2025-05-23.19:12:12::SCWPlatform::DSA given M:/projects/clones/SOC/Car_Project/vitis/FullCar_AllFeatures_V0_1/hw/FullCar_AllFeatures_V0_1.xsa
TRACE::2025-05-23.19:12:12::SCWPlatform::DSA absoulate path M:/projects/clones/SOC/Car_Project/vitis/FullCar_AllFeatures_V0_1/hw/FullCar_AllFeatures_V0_1.xsa
TRACE::2025-05-23.19:12:12::SCWPlatform::DSA directory M:/projects/clones/SOC/Car_Project/vitis/FullCar_AllFeatures_V0_1/hw
TRACE::2025-05-23.19:12:12::SCWPlatform:: Platform Path M:/projects/clones/SOC/Car_Project/vitis/FullCar_AllFeatures_V0_1/hw/FullCar_AllFeatures_V0_1.xsa
TRACE::2025-05-23.19:12:12::SCWPlatform:: Unique name xilinx:pynq-z2::0.0
TRACE::2025-05-23.19:12:12::SCWPlatform::Trying to set the existing hwdb with name design_1_wrapper_0
TRACE::2025-05-23.19:12:12::SCWPlatform::Opened existing hwdb design_1_wrapper_0
TRACE::2025-05-23.19:12:12::SCWPlatform::Found the Hw Db part of the input DSA
TRACE::2025-05-23.19:12:12::SCWMssOS::Checking the sw design at  M:/projects/clones/SOC/Car_Project/vitis/FullCar_AllFeatures_V0_1/ps7_cortexa9_0/standalone_ps7_cortexa9_0/bsp/system.mss
TRACE::2025-05-23.19:12:12::SCWMssOS::DEBUG:  swdes dump  M:/projects/clones/SOC/Car_Project/vitis/FullCar_AllFeatures_V0_1/ps7_cortexa9_0/standalone_ps7_cortexa9_0/bsp/system.mss|system_0||
M:/projects/clones/SOC/Car_Project/vitis/FullCar_AllFeatures_V0_1/zynq_fsbl/zynq_fsbl_bsp/system.mss|system||

TRACE::2025-05-23.19:12:12::SCWMssOS::Sw design exists and opened at  M:/projects/clones/SOC/Car_Project/vitis/FullCar_AllFeatures_V0_1/ps7_cortexa9_0/standalone_ps7_cortexa9_0/bsp/system.mss
