TRACE::2025-05-11.07:40:23::SCWPlatform::Trying to open the hw design at E:/vitis_projects/auto_project/full_car/IIC_included_BITSTREAM/hw/IIC_included_BITSTREAM.xsa
TRACE::2025-05-11.07:40:23::SCWPlatform::DSA given E:/vitis_projects/auto_project/full_car/IIC_included_BITSTREAM/hw/IIC_included_BITSTREAM.xsa
TRACE::2025-05-11.07:40:23::SCWPlatform::DSA absoulate path E:/vitis_projects/auto_project/full_car/IIC_included_BITSTREAM/hw/IIC_included_BITSTREAM.xsa
TRACE::2025-05-11.07:40:23::SCWPlatform::DSA directory E:/vitis_projects/auto_project/full_car/IIC_included_BITSTREAM/hw
TRACE::2025-05-11.07:40:23::SCWPlatform:: Platform Path E:/vitis_projects/auto_project/full_car/IIC_included_BITSTREAM/hw/IIC_included_BITSTREAM.xsa
TRACE::2025-05-11.07:40:23::SCWPlatform:: Unique name xilinx:pynq-z2::0.0
TRACE::2025-05-11.07:40:23::SCWPlatform::Do not have an existing db opened. 
TRACE::2025-05-11.07:40:24::SCWPlatform::Opened new HwDB with name design_1_wrapper_0
TRACE::2025-05-11.07:40:24::SCWWriter::formatted JSON is {
	"platformName":	"IIC_included_BITSTREAM",
	"sprVersion":	"2.0",
	"mode":	"gui",
	"dsaType":	"Fixed",
	"platformDesc":	"IIC_included_BITSTREAM",
	"platHandOff":	"E:/Projects_E_drive/SOC_labos/xsa_files/IIC_included_BITSTREAM.xsa",
	"platIntHandOff":	"<platformDir>/hw/IIC_included_BITSTREAM.xsa",
	"deviceType":	"zynq",
	"platIsPrebuiltAutogen":	"false",
	"platIsNoBootBsp":	"false",
	"hasFsblMakeHasChanges":	"false",
	"hasPmufwMakeHasChanges":	"false",
	"platPreBuiltFlag":	false,
	"platformSamplesDir":	""
}
TRACE::2025-05-11.07:40:24::SCWWriter::formatted JSON is {
	"platformName":	"IIC_included_BITSTREAM",
	"sprVersion":	"2.0",
	"mode":	"gui",
	"dsaType":	"Fixed",
	"platformDesc":	"IIC_included_BITSTREAM",
	"platHandOff":	"E:/Projects_E_drive/SOC_labos/xsa_files/IIC_included_BITSTREAM.xsa",
	"platIntHandOff":	"<platformDir>/hw/IIC_included_BITSTREAM.xsa",
	"deviceType":	"zynq",
	"platIsPrebuiltAutogen":	"false",
	"platIsNoBootBsp":	"false",
	"hasFsblMakeHasChanges":	"false",
	"hasPmufwMakeHasChanges":	"false",
	"platPreBuiltFlag":	false,
	"platformSamplesDir":	"",
	"platActiveSys":	"IIC_included_BITSTREAM",
	"systems":	[{
			"systemName":	"IIC_included_BITSTREAM",
			"systemDesc":	"IIC_included_BITSTREAM",
			"sysIsBootAutoGen":	"true",
			"systemDispName":	"IIC_included_BITSTREAM"
		}]
}
TRACE::2025-05-11.07:40:24::SCWPlatform::Boot application domains not present, creating them
TRACE::2025-05-11.07:40:24::SCWDomain::checking for install qemu data   : 
TRACE::2025-05-11.07:40:24::SCWDomain:: Using the QEMU Data from install at  : E:/Vitis/2024.1/data/emulation/platforms/zynq/sw/a9_standalone/qemu/
TRACE::2025-05-11.07:40:24::SCWDomain:: Using the QEMU args  from install at  : E:/Vitis/2024.1/data/emulation/platforms/zynq/sw/a9_standalone/qemu/qemu_args.txt
TRACE::2025-05-11.07:40:24::SCWPlatform::Trying to open the hw design at E:/vitis_projects/auto_project/full_car/IIC_included_BITSTREAM/hw/IIC_included_BITSTREAM.xsa
TRACE::2025-05-11.07:40:24::SCWPlatform::DSA given E:/vitis_projects/auto_project/full_car/IIC_included_BITSTREAM/hw/IIC_included_BITSTREAM.xsa
TRACE::2025-05-11.07:40:24::SCWPlatform::DSA absoulate path E:/vitis_projects/auto_project/full_car/IIC_included_BITSTREAM/hw/IIC_included_BITSTREAM.xsa
TRACE::2025-05-11.07:40:24::SCWPlatform::DSA directory E:/vitis_projects/auto_project/full_car/IIC_included_BITSTREAM/hw
TRACE::2025-05-11.07:40:24::SCWPlatform:: Platform Path E:/vitis_projects/auto_project/full_car/IIC_included_BITSTREAM/hw/IIC_included_BITSTREAM.xsa
TRACE::2025-05-11.07:40:24::SCWPlatform:: Unique name xilinx:pynq-z2::0.0
TRACE::2025-05-11.07:40:24::SCWPlatform::Trying to set the existing hwdb with name design_1_wrapper_0
TRACE::2025-05-11.07:40:24::SCWPlatform::Opened existing hwdb design_1_wrapper_0
TRACE::2025-05-11.07:40:24::SCWPlatform::Found the Hw Db part of the input DSA
TRACE::2025-05-11.07:40:24::SCWPlatform::Trying to open the hw design at E:/vitis_projects/auto_project/full_car/IIC_included_BITSTREAM/hw/IIC_included_BITSTREAM.xsa
TRACE::2025-05-11.07:40:24::SCWPlatform::DSA given E:/vitis_projects/auto_project/full_car/IIC_included_BITSTREAM/hw/IIC_included_BITSTREAM.xsa
TRACE::2025-05-11.07:40:24::SCWPlatform::DSA absoulate path E:/vitis_projects/auto_project/full_car/IIC_included_BITSTREAM/hw/IIC_included_BITSTREAM.xsa
TRACE::2025-05-11.07:40:24::SCWPlatform::DSA directory E:/vitis_projects/auto_project/full_car/IIC_included_BITSTREAM/hw
TRACE::2025-05-11.07:40:24::SCWPlatform:: Platform Path E:/vitis_projects/auto_project/full_car/IIC_included_BITSTREAM/hw/IIC_included_BITSTREAM.xsa
TRACE::2025-05-11.07:40:24::SCWPlatform:: Unique name xilinx:pynq-z2::0.0
TRACE::2025-05-11.07:40:24::SCWPlatform::Trying to set the existing hwdb with name design_1_wrapper_0
TRACE::2025-05-11.07:40:24::SCWPlatform::Opened existing hwdb design_1_wrapper_0
TRACE::2025-05-11.07:40:24::SCWPlatform::Found the Hw Db part of the input DSA
TRACE::2025-05-11.07:40:24::SCWPlatform::Trying to open the hw design at E:/vitis_projects/auto_project/full_car/IIC_included_BITSTREAM/hw/IIC_included_BITSTREAM.xsa
TRACE::2025-05-11.07:40:24::SCWPlatform::DSA given E:/vitis_projects/auto_project/full_car/IIC_included_BITSTREAM/hw/IIC_included_BITSTREAM.xsa
TRACE::2025-05-11.07:40:24::SCWPlatform::DSA absoulate path E:/vitis_projects/auto_project/full_car/IIC_included_BITSTREAM/hw/IIC_included_BITSTREAM.xsa
TRACE::2025-05-11.07:40:24::SCWPlatform::DSA directory E:/vitis_projects/auto_project/full_car/IIC_included_BITSTREAM/hw
TRACE::2025-05-11.07:40:24::SCWPlatform:: Platform Path E:/vitis_projects/auto_project/full_car/IIC_included_BITSTREAM/hw/IIC_included_BITSTREAM.xsa
TRACE::2025-05-11.07:40:24::SCWPlatform:: Unique name xilinx:pynq-z2::0.0
TRACE::2025-05-11.07:40:24::SCWPlatform::Trying to set the existing hwdb with name design_1_wrapper_0
TRACE::2025-05-11.07:40:24::SCWPlatform::Opened existing hwdb design_1_wrapper_0
TRACE::2025-05-11.07:40:24::SCWPlatform::Found the Hw Db part of the input DSA
TRACE::2025-05-11.07:40:24::SCWPlatform::Boot application domain added for zynq_fsbl
TRACE::2025-05-11.07:40:24::SCWPlatform::Generating the sources  .
TRACE::2025-05-11.07:40:24::SCWBDomain::Generating boot domain sources.
TRACE::2025-05-11.07:40:24::SCWBDomain:: Generating the zynq_fsbl Application.
TRACE::2025-05-11.07:40:24::SCWPlatform::Trying to open the hw design at E:/vitis_projects/auto_project/full_car/IIC_included_BITSTREAM/hw/IIC_included_BITSTREAM.xsa
TRACE::2025-05-11.07:40:24::SCWPlatform::DSA given E:/vitis_projects/auto_project/full_car/IIC_included_BITSTREAM/hw/IIC_included_BITSTREAM.xsa
TRACE::2025-05-11.07:40:24::SCWPlatform::DSA absoulate path E:/vitis_projects/auto_project/full_car/IIC_included_BITSTREAM/hw/IIC_included_BITSTREAM.xsa
TRACE::2025-05-11.07:40:24::SCWPlatform::DSA directory E:/vitis_projects/auto_project/full_car/IIC_included_BITSTREAM/hw
TRACE::2025-05-11.07:40:24::SCWPlatform:: Platform Path E:/vitis_projects/auto_project/full_car/IIC_included_BITSTREAM/hw/IIC_included_BITSTREAM.xsa
TRACE::2025-05-11.07:40:24::SCWPlatform:: Unique name xilinx:pynq-z2::0.0
TRACE::2025-05-11.07:40:24::SCWPlatform::Trying to set the existing hwdb with name design_1_wrapper_0
TRACE::2025-05-11.07:40:24::SCWPlatform::Opened existing hwdb design_1_wrapper_0
TRACE::2025-05-11.07:40:24::SCWPlatform::Found the Hw Db part of the input DSA
TRACE::2025-05-11.07:40:24::SCWMssOS::Checking the sw design at  E:/vitis_projects/auto_project/full_car/IIC_included_BITSTREAM/zynq_fsbl/zynq_fsbl_bsp/system.mss
TRACE::2025-05-11.07:40:24::SCWMssOS::DEBUG:  swdes dump  
TRACE::2025-05-11.07:40:24::SCWMssOS::No sw design opened at  E:/vitis_projects/auto_project/full_car/IIC_included_BITSTREAM/zynq_fsbl/zynq_fsbl_bsp/system.mss
TRACE::2025-05-11.07:40:24::SCWMssOS::mss does not exists at E:/vitis_projects/auto_project/full_car/IIC_included_BITSTREAM/zynq_fsbl/zynq_fsbl_bsp/system.mss
TRACE::2025-05-11.07:40:24::SCWMssOS::Creating sw design at  E:/vitis_projects/auto_project/full_car/IIC_included_BITSTREAM/zynq_fsbl/zynq_fsbl_bsp/system.mss
TRACE::2025-05-11.07:40:24::SCWMssOS::Adding the swdes entry, created swdb E:/vitis_projects/auto_project/full_car/IIC_included_BITSTREAM/zynq_fsbl/zynq_fsbl_bsp/system.mss with des name E:/vitis_projects/auto_project/full_car/IIC_included_BITSTREAM/zynq_fsbl/zynq_fsbl_bsp/system.mss
TRACE::2025-05-11.07:40:24::SCWMssOS::updating the scw layer changes to swdes at   E:/vitis_projects/auto_project/full_car/IIC_included_BITSTREAM/zynq_fsbl/zynq_fsbl_bsp/system.mss
TRACE::2025-05-11.07:40:24::SCWMssOS::Writing mss at E:/vitis_projects/auto_project/full_car/IIC_included_BITSTREAM/zynq_fsbl/zynq_fsbl_bsp/system.mss
TRACE::2025-05-11.07:40:24::SCWMssOS::Completed writing the mss file at E:/vitis_projects/auto_project/full_car/IIC_included_BITSTREAM/zynq_fsbl/zynq_fsbl_bsp
TRACE::2025-05-11.07:40:24::SCWMssOS::Picking up changes from newly written mss file into SCW Layer. 
TRACE::2025-05-11.07:40:24::SCWMssOS::Updated the changes from newly written mss file into SCW Layer. 
TRACE::2025-05-11.07:40:24::SCWBDomain::Completed writing the mss file at E:/vitis_projects/auto_project/full_car/IIC_included_BITSTREAM/zynq_fsbl/zynq_fsbl_bsp
TRACE::2025-05-11.07:40:30::SCWPlatform::Generating sources Done.
TRACE::2025-05-11.07:40:30::SCWPlatform::Trying to open the hw design at E:/vitis_projects/auto_project/full_car/IIC_included_BITSTREAM/hw/IIC_included_BITSTREAM.xsa
TRACE::2025-05-11.07:40:30::SCWPlatform::DSA given E:/vitis_projects/auto_project/full_car/IIC_included_BITSTREAM/hw/IIC_included_BITSTREAM.xsa
TRACE::2025-05-11.07:40:30::SCWPlatform::DSA absoulate path E:/vitis_projects/auto_project/full_car/IIC_included_BITSTREAM/hw/IIC_included_BITSTREAM.xsa
TRACE::2025-05-11.07:40:30::SCWPlatform::DSA directory E:/vitis_projects/auto_project/full_car/IIC_included_BITSTREAM/hw
TRACE::2025-05-11.07:40:30::SCWPlatform:: Platform Path E:/vitis_projects/auto_project/full_car/IIC_included_BITSTREAM/hw/IIC_included_BITSTREAM.xsa
TRACE::2025-05-11.07:40:30::SCWPlatform:: Unique name xilinx:pynq-z2::0.0
TRACE::2025-05-11.07:40:30::SCWPlatform::Trying to set the existing hwdb with name design_1_wrapper_0
TRACE::2025-05-11.07:40:30::SCWPlatform::Opened existing hwdb design_1_wrapper_0
TRACE::2025-05-11.07:40:30::SCWPlatform::Found the Hw Db part of the input DSA
TRACE::2025-05-11.07:40:30::SCWMssOS::Checking the sw design at  E:/vitis_projects/auto_project/full_car/IIC_included_BITSTREAM/zynq_fsbl/zynq_fsbl_bsp/system.mss
TRACE::2025-05-11.07:40:30::SCWMssOS::DEBUG:  swdes dump  
TRACE::2025-05-11.07:40:30::SCWMssOS::No sw design opened at  E:/vitis_projects/auto_project/full_car/IIC_included_BITSTREAM/zynq_fsbl/zynq_fsbl_bsp/system.mss
TRACE::2025-05-11.07:40:30::SCWMssOS::mss exists loading the mss file  E:/vitis_projects/auto_project/full_car/IIC_included_BITSTREAM/zynq_fsbl/zynq_fsbl_bsp/system.mss
TRACE::2025-05-11.07:40:30::SCWMssOS::Opened the sw design from mss  E:/vitis_projects/auto_project/full_car/IIC_included_BITSTREAM/zynq_fsbl/zynq_fsbl_bsp/system.mss
TRACE::2025-05-11.07:40:30::SCWMssOS::Adding the swdes entry E:/vitis_projects/auto_project/full_car/IIC_included_BITSTREAM/zynq_fsbl/zynq_fsbl_bsp/system.mss with des name system
TRACE::2025-05-11.07:40:30::SCWMssOS::updating the scw layer about changes
TRACE::2025-05-11.07:40:30::SCWMssOS::Opened the sw design.  E:/vitis_projects/auto_project/full_car/IIC_included_BITSTREAM/zynq_fsbl/zynq_fsbl_bsp/system.mss
TRACE::2025-05-11.07:40:30::SCWMssOS::Saving the mss changes E:/vitis_projects/auto_project/full_car/IIC_included_BITSTREAM/zynq_fsbl/zynq_fsbl_bsp/system.mss
TRACE::2025-05-11.07:40:30::SCWMssOS::Found a swdesign opened with the mssfile.
TRACE::2025-05-11.07:40:30::SCWMssOS::Completed writemss as part of save.
TRACE::2025-05-11.07:40:30::SCWMssOS::Commit changes completed.
TRACE::2025-05-11.07:40:30::SCWPlatform::Trying to open the hw design at E:/vitis_projects/auto_project/full_car/IIC_included_BITSTREAM/hw/IIC_included_BITSTREAM.xsa
TRACE::2025-05-11.07:40:30::SCWPlatform::DSA given E:/vitis_projects/auto_project/full_car/IIC_included_BITSTREAM/hw/IIC_included_BITSTREAM.xsa
TRACE::2025-05-11.07:40:30::SCWPlatform::DSA absoulate path E:/vitis_projects/auto_project/full_car/IIC_included_BITSTREAM/hw/IIC_included_BITSTREAM.xsa
TRACE::2025-05-11.07:40:30::SCWPlatform::DSA directory E:/vitis_projects/auto_project/full_car/IIC_included_BITSTREAM/hw
TRACE::2025-05-11.07:40:30::SCWPlatform:: Platform Path E:/vitis_projects/auto_project/full_car/IIC_included_BITSTREAM/hw/IIC_included_BITSTREAM.xsa
TRACE::2025-05-11.07:40:30::SCWPlatform:: Unique name xilinx:pynq-z2::0.0
TRACE::2025-05-11.07:40:30::SCWPlatform::Trying to set the existing hwdb with name design_1_wrapper_0
TRACE::2025-05-11.07:40:30::SCWPlatform::Opened existing hwdb design_1_wrapper_0
TRACE::2025-05-11.07:40:30::SCWPlatform::Found the Hw Db part of the input DSA
TRACE::2025-05-11.07:40:30::SCWMssOS::Checking the sw design at  E:/vitis_projects/auto_project/full_car/IIC_included_BITSTREAM/zynq_fsbl/zynq_fsbl_bsp/system.mss
TRACE::2025-05-11.07:40:30::SCWMssOS::DEBUG:  swdes dump  E:/vitis_projects/auto_project/full_car/IIC_included_BITSTREAM/zynq_fsbl/zynq_fsbl_bsp/system.mss|system||

TRACE::2025-05-11.07:40:30::SCWMssOS::Sw design exists and opened at  E:/vitis_projects/auto_project/full_car/IIC_included_BITSTREAM/zynq_fsbl/zynq_fsbl_bsp/system.mss
TRACE::2025-05-11.07:40:30::SCWPlatform::Trying to open the hw design at E:/vitis_projects/auto_project/full_car/IIC_included_BITSTREAM/hw/IIC_included_BITSTREAM.xsa
TRACE::2025-05-11.07:40:30::SCWPlatform::DSA given E:/vitis_projects/auto_project/full_car/IIC_included_BITSTREAM/hw/IIC_included_BITSTREAM.xsa
TRACE::2025-05-11.07:40:30::SCWPlatform::DSA absoulate path E:/vitis_projects/auto_project/full_car/IIC_included_BITSTREAM/hw/IIC_included_BITSTREAM.xsa
TRACE::2025-05-11.07:40:30::SCWPlatform::DSA directory E:/vitis_projects/auto_project/full_car/IIC_included_BITSTREAM/hw
TRACE::2025-05-11.07:40:30::SCWPlatform:: Platform Path E:/vitis_projects/auto_project/full_car/IIC_included_BITSTREAM/hw/IIC_included_BITSTREAM.xsa
TRACE::2025-05-11.07:40:30::SCWPlatform:: Unique name xilinx:pynq-z2::0.0
TRACE::2025-05-11.07:40:30::SCWPlatform::Trying to set the existing hwdb with name design_1_wrapper_0
TRACE::2025-05-11.07:40:30::SCWPlatform::Opened existing hwdb design_1_wrapper_0
TRACE::2025-05-11.07:40:30::SCWPlatform::Found the Hw Db part of the input DSA
TRACE::2025-05-11.07:40:30::SCWMssOS::Checking the sw design at  E:/vitis_projects/auto_project/full_car/IIC_included_BITSTREAM/zynq_fsbl/zynq_fsbl_bsp/system.mss
TRACE::2025-05-11.07:40:30::SCWMssOS::DEBUG:  swdes dump  E:/vitis_projects/auto_project/full_car/IIC_included_BITSTREAM/zynq_fsbl/zynq_fsbl_bsp/system.mss|system||

TRACE::2025-05-11.07:40:30::SCWMssOS::Sw design exists and opened at  E:/vitis_projects/auto_project/full_car/IIC_included_BITSTREAM/zynq_fsbl/zynq_fsbl_bsp/system.mss
TRACE::2025-05-11.07:40:30::SCWPlatform::Trying to open the hw design at E:/vitis_projects/auto_project/full_car/IIC_included_BITSTREAM/hw/IIC_included_BITSTREAM.xsa
TRACE::2025-05-11.07:40:30::SCWPlatform::DSA given E:/vitis_projects/auto_project/full_car/IIC_included_BITSTREAM/hw/IIC_included_BITSTREAM.xsa
TRACE::2025-05-11.07:40:30::SCWPlatform::DSA absoulate path E:/vitis_projects/auto_project/full_car/IIC_included_BITSTREAM/hw/IIC_included_BITSTREAM.xsa
TRACE::2025-05-11.07:40:30::SCWPlatform::DSA directory E:/vitis_projects/auto_project/full_car/IIC_included_BITSTREAM/hw
TRACE::2025-05-11.07:40:30::SCWPlatform:: Platform Path E:/vitis_projects/auto_project/full_car/IIC_included_BITSTREAM/hw/IIC_included_BITSTREAM.xsa
TRACE::2025-05-11.07:40:30::SCWPlatform:: Unique name xilinx:pynq-z2::0.0
TRACE::2025-05-11.07:40:30::SCWPlatform::Trying to set the existing hwdb with name design_1_wrapper_0
TRACE::2025-05-11.07:40:30::SCWPlatform::Opened existing hwdb design_1_wrapper_0
TRACE::2025-05-11.07:40:30::SCWPlatform::Found the Hw Db part of the input DSA
TRACE::2025-05-11.07:40:30::SCWMssOS::Checking the sw design at  E:/vitis_projects/auto_project/full_car/IIC_included_BITSTREAM/zynq_fsbl/zynq_fsbl_bsp/system.mss
TRACE::2025-05-11.07:40:30::SCWMssOS::DEBUG:  swdes dump  E:/vitis_projects/auto_project/full_car/IIC_included_BITSTREAM/zynq_fsbl/zynq_fsbl_bsp/system.mss|system||

TRACE::2025-05-11.07:40:30::SCWMssOS::Sw design exists and opened at  E:/vitis_projects/auto_project/full_car/IIC_included_BITSTREAM/zynq_fsbl/zynq_fsbl_bsp/system.mss
TRACE::2025-05-11.07:40:30::SCWWriter::formatted JSON is {
	"platformName":	"IIC_included_BITSTREAM",
	"sprVersion":	"2.0",
	"mode":	"gui",
	"dsaType":	"Fixed",
	"platformDesc":	"IIC_included_BITSTREAM",
	"platHandOff":	"E:/Projects_E_drive/SOC_labos/xsa_files/IIC_included_BITSTREAM.xsa",
	"platIntHandOff":	"<platformDir>/hw/IIC_included_BITSTREAM.xsa",
	"deviceType":	"zynq",
	"platIsPrebuiltAutogen":	"false",
	"platIsNoBootBsp":	"false",
	"platFsblTarget":	"ps7_cortexa9_0",
	"hasFsblMakeHasChanges":	"false",
	"hasPmufwMakeHasChanges":	"false",
	"fsblExtraCompilerFlags":	"-MMD -MP       -mcpu=cortex-a9 -mfpu=vfpv3 -mfloat-abi=hard ",
	"platPreBuiltFlag":	false,
	"platformSamplesDir":	"",
	"platActiveSys":	"IIC_included_BITSTREAM",
	"systems":	[{
			"systemName":	"IIC_included_BITSTREAM",
			"systemDesc":	"IIC_included_BITSTREAM",
			"sysIsBootAutoGen":	"true",
			"systemDispName":	"IIC_included_BITSTREAM",
			"sysActiveDom":	"zynq_fsbl",
			"sysDefaultDom":	"",
			"domains":	[{
					"domainName":	"zynq_fsbl",
					"domainDispName":	"zynq_fsbl",
					"domainDesc":	"FSBL Application BSP - Auto Generated.",
					"processors":	"ps7_cortexa9_0",
					"os":	"standalone",
					"sdxOs":	"standalone",
					"debugEnable":	"",
					"domRuntimes":	["cpp"],
					"swRepo":	"",
					"mssOsVer":	"9.1",
					"mssFile":	"",
					"md5Digest":	"bdf62030c4d081aa908b060af63a4581",
					"compatibleApp":	"zynq_fsbl",
					"domType":	"bootDomain",
					"arch":	"32-bit",
					"appSettings":	{
						"appCompilerFlags":	"",
						"appLinkerFlags":	""
					},
					"addedLibs":	["xilffs:5.2", "xilrsa:1.8"],
					"libOptions":	{
						"libsContainingOptions":	[]
					},
					"prebuiltLibs":	{
						"prebuiltIncPath":	[],
						"prebuiltLibPath":	[]
					},
					"isolation":	{
					}
				}]
		}]
}
TRACE::2025-05-11.07:40:30::SCWMssOS::Saving the mss changes E:/vitis_projects/auto_project/full_car/IIC_included_BITSTREAM/zynq_fsbl/zynq_fsbl_bsp/system.mss
TRACE::2025-05-11.07:40:30::SCWMssOS::Found a swdesign opened with the mssfile.
TRACE::2025-05-11.07:40:30::SCWMssOS::Completed writemss as part of save.
TRACE::2025-05-11.07:40:30::SCWMssOS::Commit changes completed.
TRACE::2025-05-11.07:40:30::SCWPlatform::Trying to open the hw design at E:/vitis_projects/auto_project/full_car/IIC_included_BITSTREAM/hw/IIC_included_BITSTREAM.xsa
TRACE::2025-05-11.07:40:30::SCWPlatform::DSA given E:/vitis_projects/auto_project/full_car/IIC_included_BITSTREAM/hw/IIC_included_BITSTREAM.xsa
TRACE::2025-05-11.07:40:30::SCWPlatform::DSA absoulate path E:/vitis_projects/auto_project/full_car/IIC_included_BITSTREAM/hw/IIC_included_BITSTREAM.xsa
TRACE::2025-05-11.07:40:30::SCWPlatform::DSA directory E:/vitis_projects/auto_project/full_car/IIC_included_BITSTREAM/hw
TRACE::2025-05-11.07:40:30::SCWPlatform:: Platform Path E:/vitis_projects/auto_project/full_car/IIC_included_BITSTREAM/hw/IIC_included_BITSTREAM.xsa
TRACE::2025-05-11.07:40:30::SCWPlatform:: Unique name xilinx:pynq-z2::0.0
TRACE::2025-05-11.07:40:30::SCWPlatform::Trying to set the existing hwdb with name design_1_wrapper_0
TRACE::2025-05-11.07:40:30::SCWPlatform::Opened existing hwdb design_1_wrapper_0
TRACE::2025-05-11.07:40:30::SCWPlatform::Found the Hw Db part of the input DSA
TRACE::2025-05-11.07:40:30::SCWMssOS::Checking the sw design at  E:/vitis_projects/auto_project/full_car/IIC_included_BITSTREAM/zynq_fsbl/zynq_fsbl_bsp/system.mss
TRACE::2025-05-11.07:40:30::SCWMssOS::DEBUG:  swdes dump  E:/vitis_projects/auto_project/full_car/IIC_included_BITSTREAM/zynq_fsbl/zynq_fsbl_bsp/system.mss|system||

TRACE::2025-05-11.07:40:30::SCWMssOS::Sw design exists and opened at  E:/vitis_projects/auto_project/full_car/IIC_included_BITSTREAM/zynq_fsbl/zynq_fsbl_bsp/system.mss
TRACE::2025-05-11.07:40:30::SCWPlatform::Trying to open the hw design at E:/vitis_projects/auto_project/full_car/IIC_included_BITSTREAM/hw/IIC_included_BITSTREAM.xsa
TRACE::2025-05-11.07:40:30::SCWPlatform::DSA given E:/vitis_projects/auto_project/full_car/IIC_included_BITSTREAM/hw/IIC_included_BITSTREAM.xsa
TRACE::2025-05-11.07:40:30::SCWPlatform::DSA absoulate path E:/vitis_projects/auto_project/full_car/IIC_included_BITSTREAM/hw/IIC_included_BITSTREAM.xsa
TRACE::2025-05-11.07:40:30::SCWPlatform::DSA directory E:/vitis_projects/auto_project/full_car/IIC_included_BITSTREAM/hw
TRACE::2025-05-11.07:40:30::SCWPlatform:: Platform Path E:/vitis_projects/auto_project/full_car/IIC_included_BITSTREAM/hw/IIC_included_BITSTREAM.xsa
TRACE::2025-05-11.07:40:30::SCWPlatform:: Unique name xilinx:pynq-z2::0.0
TRACE::2025-05-11.07:40:30::SCWPlatform::Trying to set the existing hwdb with name design_1_wrapper_0
TRACE::2025-05-11.07:40:30::SCWPlatform::Opened existing hwdb design_1_wrapper_0
TRACE::2025-05-11.07:40:30::SCWPlatform::Found the Hw Db part of the input DSA
TRACE::2025-05-11.07:40:30::SCWMssOS::Checking the sw design at  E:/vitis_projects/auto_project/full_car/IIC_included_BITSTREAM/zynq_fsbl/zynq_fsbl_bsp/system.mss
TRACE::2025-05-11.07:40:30::SCWMssOS::DEBUG:  swdes dump  E:/vitis_projects/auto_project/full_car/IIC_included_BITSTREAM/zynq_fsbl/zynq_fsbl_bsp/system.mss|system||

TRACE::2025-05-11.07:40:30::SCWMssOS::Sw design exists and opened at  E:/vitis_projects/auto_project/full_car/IIC_included_BITSTREAM/zynq_fsbl/zynq_fsbl_bsp/system.mss
TRACE::2025-05-11.07:40:30::SCWPlatform::Trying to open the hw design at E:/vitis_projects/auto_project/full_car/IIC_included_BITSTREAM/hw/IIC_included_BITSTREAM.xsa
TRACE::2025-05-11.07:40:30::SCWPlatform::DSA given E:/vitis_projects/auto_project/full_car/IIC_included_BITSTREAM/hw/IIC_included_BITSTREAM.xsa
TRACE::2025-05-11.07:40:30::SCWPlatform::DSA absoulate path E:/vitis_projects/auto_project/full_car/IIC_included_BITSTREAM/hw/IIC_included_BITSTREAM.xsa
TRACE::2025-05-11.07:40:30::SCWPlatform::DSA directory E:/vitis_projects/auto_project/full_car/IIC_included_BITSTREAM/hw
TRACE::2025-05-11.07:40:30::SCWPlatform:: Platform Path E:/vitis_projects/auto_project/full_car/IIC_included_BITSTREAM/hw/IIC_included_BITSTREAM.xsa
TRACE::2025-05-11.07:40:30::SCWPlatform:: Unique name xilinx:pynq-z2::0.0
TRACE::2025-05-11.07:40:30::SCWPlatform::Trying to set the existing hwdb with name design_1_wrapper_0
TRACE::2025-05-11.07:40:30::SCWPlatform::Opened existing hwdb design_1_wrapper_0
TRACE::2025-05-11.07:40:30::SCWPlatform::Found the Hw Db part of the input DSA
TRACE::2025-05-11.07:40:30::SCWMssOS::Checking the sw design at  E:/vitis_projects/auto_project/full_car/IIC_included_BITSTREAM/zynq_fsbl/zynq_fsbl_bsp/system.mss
TRACE::2025-05-11.07:40:30::SCWMssOS::DEBUG:  swdes dump  E:/vitis_projects/auto_project/full_car/IIC_included_BITSTREAM/zynq_fsbl/zynq_fsbl_bsp/system.mss|system||

TRACE::2025-05-11.07:40:30::SCWMssOS::Sw design exists and opened at  E:/vitis_projects/auto_project/full_car/IIC_included_BITSTREAM/zynq_fsbl/zynq_fsbl_bsp/system.mss
TRACE::2025-05-11.07:40:30::SCWWriter::formatted JSON is {
	"platformName":	"IIC_included_BITSTREAM",
	"sprVersion":	"2.0",
	"mode":	"gui",
	"dsaType":	"Fixed",
	"platformDesc":	"IIC_included_BITSTREAM",
	"platHandOff":	"E:/Projects_E_drive/SOC_labos/xsa_files/IIC_included_BITSTREAM.xsa",
	"platIntHandOff":	"<platformDir>/hw/IIC_included_BITSTREAM.xsa",
	"deviceType":	"zynq",
	"platIsPrebuiltAutogen":	"false",
	"platIsNoBootBsp":	"false",
	"platFsblTarget":	"ps7_cortexa9_0",
	"hasFsblMakeHasChanges":	"false",
	"hasPmufwMakeHasChanges":	"false",
	"fsblExtraCompilerFlags":	"-MMD -MP       -mcpu=cortex-a9 -mfpu=vfpv3 -mfloat-abi=hard ",
	"platPreBuiltFlag":	false,
	"platformSamplesDir":	"",
	"platActiveSys":	"IIC_included_BITSTREAM",
	"systems":	[{
			"systemName":	"IIC_included_BITSTREAM",
			"systemDesc":	"IIC_included_BITSTREAM",
			"sysIsBootAutoGen":	"true",
			"systemDispName":	"IIC_included_BITSTREAM",
			"sysActiveDom":	"zynq_fsbl",
			"sysDefaultDom":	"",
			"domains":	[{
					"domainName":	"zynq_fsbl",
					"domainDispName":	"zynq_fsbl",
					"domainDesc":	"FSBL Application BSP - Auto Generated.",
					"processors":	"ps7_cortexa9_0",
					"os":	"standalone",
					"sdxOs":	"standalone",
					"debugEnable":	"",
					"domRuntimes":	["cpp"],
					"swRepo":	"",
					"mssOsVer":	"9.1",
					"mssFile":	"",
					"md5Digest":	"bdf62030c4d081aa908b060af63a4581",
					"compatibleApp":	"zynq_fsbl",
					"domType":	"bootDomain",
					"arch":	"32-bit",
					"appSettings":	{
						"appCompilerFlags":	"",
						"appLinkerFlags":	""
					},
					"addedLibs":	["xilffs:5.2", "xilrsa:1.8"],
					"libOptions":	{
						"libsContainingOptions":	[]
					},
					"prebuiltLibs":	{
						"prebuiltIncPath":	[],
						"prebuiltLibPath":	[]
					},
					"isolation":	{
					}
				}]
		}]
}
TRACE::2025-05-11.07:40:30::SCWPlatform::Trying to open the hw design at E:/vitis_projects/auto_project/full_car/IIC_included_BITSTREAM/hw/IIC_included_BITSTREAM.xsa
TRACE::2025-05-11.07:40:30::SCWPlatform::DSA given E:/vitis_projects/auto_project/full_car/IIC_included_BITSTREAM/hw/IIC_included_BITSTREAM.xsa
TRACE::2025-05-11.07:40:30::SCWPlatform::DSA absoulate path E:/vitis_projects/auto_project/full_car/IIC_included_BITSTREAM/hw/IIC_included_BITSTREAM.xsa
TRACE::2025-05-11.07:40:30::SCWPlatform::DSA directory E:/vitis_projects/auto_project/full_car/IIC_included_BITSTREAM/hw
TRACE::2025-05-11.07:40:30::SCWPlatform:: Platform Path E:/vitis_projects/auto_project/full_car/IIC_included_BITSTREAM/hw/IIC_included_BITSTREAM.xsa
TRACE::2025-05-11.07:40:30::SCWPlatform:: Unique name xilinx:pynq-z2::0.0
TRACE::2025-05-11.07:40:30::SCWPlatform::Trying to set the existing hwdb with name design_1_wrapper_0
TRACE::2025-05-11.07:40:30::SCWPlatform::Opened existing hwdb design_1_wrapper_0
TRACE::2025-05-11.07:40:30::SCWPlatform::Found the Hw Db part of the input DSA
TRACE::2025-05-11.07:40:30::SCWDomain::checking for install qemu data   : 
TRACE::2025-05-11.07:40:30::SCWDomain:: Using the QEMU Data from install at  : E:/Vitis/2024.1/data/emulation/platforms/zynq/sw/a9_standalone/qemu/
TRACE::2025-05-11.07:40:30::SCWDomain:: Using the QEMU args  from install at  : E:/Vitis/2024.1/data/emulation/platforms/zynq/sw/a9_standalone/qemu/qemu_args.txt
TRACE::2025-05-11.07:40:30::SCWPlatform::Trying to open the hw design at E:/vitis_projects/auto_project/full_car/IIC_included_BITSTREAM/hw/IIC_included_BITSTREAM.xsa
TRACE::2025-05-11.07:40:30::SCWPlatform::DSA given E:/vitis_projects/auto_project/full_car/IIC_included_BITSTREAM/hw/IIC_included_BITSTREAM.xsa
TRACE::2025-05-11.07:40:30::SCWPlatform::DSA absoulate path E:/vitis_projects/auto_project/full_car/IIC_included_BITSTREAM/hw/IIC_included_BITSTREAM.xsa
TRACE::2025-05-11.07:40:30::SCWPlatform::DSA directory E:/vitis_projects/auto_project/full_car/IIC_included_BITSTREAM/hw
TRACE::2025-05-11.07:40:30::SCWPlatform:: Platform Path E:/vitis_projects/auto_project/full_car/IIC_included_BITSTREAM/hw/IIC_included_BITSTREAM.xsa
TRACE::2025-05-11.07:40:30::SCWPlatform:: Unique name xilinx:pynq-z2::0.0
TRACE::2025-05-11.07:40:30::SCWPlatform::Trying to set the existing hwdb with name design_1_wrapper_0
TRACE::2025-05-11.07:40:30::SCWPlatform::Opened existing hwdb design_1_wrapper_0
TRACE::2025-05-11.07:40:30::SCWPlatform::Found the Hw Db part of the input DSA
TRACE::2025-05-11.07:40:30::SCWPlatform::Trying to open the hw design at E:/vitis_projects/auto_project/full_car/IIC_included_BITSTREAM/hw/IIC_included_BITSTREAM.xsa
TRACE::2025-05-11.07:40:30::SCWPlatform::DSA given E:/vitis_projects/auto_project/full_car/IIC_included_BITSTREAM/hw/IIC_included_BITSTREAM.xsa
TRACE::2025-05-11.07:40:30::SCWPlatform::DSA absoulate path E:/vitis_projects/auto_project/full_car/IIC_included_BITSTREAM/hw/IIC_included_BITSTREAM.xsa
TRACE::2025-05-11.07:40:30::SCWPlatform::DSA directory E:/vitis_projects/auto_project/full_car/IIC_included_BITSTREAM/hw
TRACE::2025-05-11.07:40:30::SCWPlatform:: Platform Path E:/vitis_projects/auto_project/full_car/IIC_included_BITSTREAM/hw/IIC_included_BITSTREAM.xsa
TRACE::2025-05-11.07:40:30::SCWPlatform:: Unique name xilinx:pynq-z2::0.0
TRACE::2025-05-11.07:40:30::SCWPlatform::Trying to set the existing hwdb with name design_1_wrapper_0
TRACE::2025-05-11.07:40:30::SCWPlatform::Opened existing hwdb design_1_wrapper_0
TRACE::2025-05-11.07:40:30::SCWPlatform::Found the Hw Db part of the input DSA
TRACE::2025-05-11.07:40:30::SCWDomain::Qemu Directory name is changed from "" to "qemu"
TRACE::2025-05-11.07:40:30::SCWPlatform::Trying to open the hw design at E:/vitis_projects/auto_project/full_car/IIC_included_BITSTREAM/hw/IIC_included_BITSTREAM.xsa
TRACE::2025-05-11.07:40:30::SCWPlatform::DSA given E:/vitis_projects/auto_project/full_car/IIC_included_BITSTREAM/hw/IIC_included_BITSTREAM.xsa
TRACE::2025-05-11.07:40:30::SCWPlatform::DSA absoulate path E:/vitis_projects/auto_project/full_car/IIC_included_BITSTREAM/hw/IIC_included_BITSTREAM.xsa
TRACE::2025-05-11.07:40:30::SCWPlatform::DSA directory E:/vitis_projects/auto_project/full_car/IIC_included_BITSTREAM/hw
TRACE::2025-05-11.07:40:30::SCWPlatform:: Platform Path E:/vitis_projects/auto_project/full_car/IIC_included_BITSTREAM/hw/IIC_included_BITSTREAM.xsa
TRACE::2025-05-11.07:40:30::SCWPlatform:: Unique name xilinx:pynq-z2::0.0
TRACE::2025-05-11.07:40:30::SCWPlatform::Trying to set the existing hwdb with name design_1_wrapper_0
TRACE::2025-05-11.07:40:30::SCWPlatform::Opened existing hwdb design_1_wrapper_0
TRACE::2025-05-11.07:40:30::SCWPlatform::Found the Hw Db part of the input DSA
TRACE::2025-05-11.07:40:30::SCWMssOS::Checking the sw design at  E:/vitis_projects/auto_project/full_car/IIC_included_BITSTREAM/ps7_cortexa9_0/standalone_ps7_cortexa9_0/bsp/system.mss
TRACE::2025-05-11.07:40:30::SCWMssOS::DEBUG:  swdes dump  E:/vitis_projects/auto_project/full_car/IIC_included_BITSTREAM/zynq_fsbl/zynq_fsbl_bsp/system.mss|system||

TRACE::2025-05-11.07:40:30::SCWMssOS::No sw design opened at  E:/vitis_projects/auto_project/full_car/IIC_included_BITSTREAM/ps7_cortexa9_0/standalone_ps7_cortexa9_0/bsp/system.mss
TRACE::2025-05-11.07:40:30::SCWMssOS::mss does not exists at E:/vitis_projects/auto_project/full_car/IIC_included_BITSTREAM/ps7_cortexa9_0/standalone_ps7_cortexa9_0/bsp/system.mss
TRACE::2025-05-11.07:40:30::SCWMssOS::Creating sw design at  E:/vitis_projects/auto_project/full_car/IIC_included_BITSTREAM/ps7_cortexa9_0/standalone_ps7_cortexa9_0/bsp/system.mss
TRACE::2025-05-11.07:40:30::SCWMssOS::Adding the swdes entry, created swdb E:/vitis_projects/auto_project/full_car/IIC_included_BITSTREAM/ps7_cortexa9_0/standalone_ps7_cortexa9_0/bsp/system.mss with des name E:/vitis_projects/auto_project/full_car/IIC_included_BITSTREAM/ps7_cortexa9_0/standalone_ps7_cortexa9_0/bsp/system.mss
TRACE::2025-05-11.07:40:30::SCWMssOS::updating the scw layer changes to swdes at   E:/vitis_projects/auto_project/full_car/IIC_included_BITSTREAM/ps7_cortexa9_0/standalone_ps7_cortexa9_0/bsp/system.mss
TRACE::2025-05-11.07:40:30::SCWMssOS::Writing mss at E:/vitis_projects/auto_project/full_car/IIC_included_BITSTREAM/ps7_cortexa9_0/standalone_ps7_cortexa9_0/bsp/system.mss
TRACE::2025-05-11.07:40:30::SCWMssOS::Completed writing the mss file at E:/vitis_projects/auto_project/full_car/IIC_included_BITSTREAM/ps7_cortexa9_0/standalone_ps7_cortexa9_0/bsp
TRACE::2025-05-11.07:40:30::SCWMssOS::Picking up changes from newly written mss file into SCW Layer. 
TRACE::2025-05-11.07:40:30::SCWMssOS::Updated the changes from newly written mss file into SCW Layer. 
TRACE::2025-05-11.07:40:30::SCWMssOS::Completed writing the mss file at E:/vitis_projects/auto_project/full_car/IIC_included_BITSTREAM/ps7_cortexa9_0/standalone_ps7_cortexa9_0/bsp
TRACE::2025-05-11.07:40:30::SCWMssOS::Forcing BSP Sources regeneration.
TRACE::2025-05-11.07:40:31::SCWMssOS::Saving the mss changes E:/vitis_projects/auto_project/full_car/IIC_included_BITSTREAM/zynq_fsbl/zynq_fsbl_bsp/system.mss
TRACE::2025-05-11.07:40:31::SCWMssOS::Found a swdesign opened with the mssfile.
TRACE::2025-05-11.07:40:31::SCWMssOS::Completed writemss as part of save.
TRACE::2025-05-11.07:40:31::SCWMssOS::Commit changes completed.
TRACE::2025-05-11.07:40:31::SCWMssOS::Saving the mss changes E:/vitis_projects/auto_project/full_car/IIC_included_BITSTREAM/ps7_cortexa9_0/standalone_ps7_cortexa9_0/bsp/system.mss
TRACE::2025-05-11.07:40:31::SCWMssOS::Adding the swdes entry, mss present, able to open swdb E:/vitis_projects/auto_project/full_car/IIC_included_BITSTREAM/ps7_cortexa9_0/standalone_ps7_cortexa9_0/bsp/system.mss with des name system_0
TRACE::2025-05-11.07:40:31::SCWMssOS::Writing the mss file completed E:/vitis_projects/auto_project/full_car/IIC_included_BITSTREAM/ps7_cortexa9_0/standalone_ps7_cortexa9_0/bsp/system.mss
TRACE::2025-05-11.07:40:31::SCWMssOS::Commit changes completed.
TRACE::2025-05-11.07:40:31::SCWPlatform::Trying to open the hw design at E:/vitis_projects/auto_project/full_car/IIC_included_BITSTREAM/hw/IIC_included_BITSTREAM.xsa
TRACE::2025-05-11.07:40:31::SCWPlatform::DSA given E:/vitis_projects/auto_project/full_car/IIC_included_BITSTREAM/hw/IIC_included_BITSTREAM.xsa
TRACE::2025-05-11.07:40:31::SCWPlatform::DSA absoulate path E:/vitis_projects/auto_project/full_car/IIC_included_BITSTREAM/hw/IIC_included_BITSTREAM.xsa
TRACE::2025-05-11.07:40:31::SCWPlatform::DSA directory E:/vitis_projects/auto_project/full_car/IIC_included_BITSTREAM/hw
TRACE::2025-05-11.07:40:31::SCWPlatform:: Platform Path E:/vitis_projects/auto_project/full_car/IIC_included_BITSTREAM/hw/IIC_included_BITSTREAM.xsa
TRACE::2025-05-11.07:40:31::SCWPlatform:: Unique name xilinx:pynq-z2::0.0
TRACE::2025-05-11.07:40:31::SCWPlatform::Trying to set the existing hwdb with name design_1_wrapper_0
TRACE::2025-05-11.07:40:31::SCWPlatform::Opened existing hwdb design_1_wrapper_0
TRACE::2025-05-11.07:40:31::SCWPlatform::Found the Hw Db part of the input DSA
TRACE::2025-05-11.07:40:31::SCWMssOS::Checking the sw design at  E:/vitis_projects/auto_project/full_car/IIC_included_BITSTREAM/zynq_fsbl/zynq_fsbl_bsp/system.mss
TRACE::2025-05-11.07:40:31::SCWMssOS::DEBUG:  swdes dump  E:/vitis_projects/auto_project/full_car/IIC_included_BITSTREAM/ps7_cortexa9_0/standalone_ps7_cortexa9_0/bsp/system.mss|system_0||
E:/vitis_projects/auto_project/full_car/IIC_included_BITSTREAM/zynq_fsbl/zynq_fsbl_bsp/system.mss|system||

TRACE::2025-05-11.07:40:31::SCWMssOS::Sw design exists and opened at  E:/vitis_projects/auto_project/full_car/IIC_included_BITSTREAM/zynq_fsbl/zynq_fsbl_bsp/system.mss
TRACE::2025-05-11.07:40:31::SCWPlatform::Trying to open the hw design at E:/vitis_projects/auto_project/full_car/IIC_included_BITSTREAM/hw/IIC_included_BITSTREAM.xsa
TRACE::2025-05-11.07:40:31::SCWPlatform::DSA given E:/vitis_projects/auto_project/full_car/IIC_included_BITSTREAM/hw/IIC_included_BITSTREAM.xsa
TRACE::2025-05-11.07:40:31::SCWPlatform::DSA absoulate path E:/vitis_projects/auto_project/full_car/IIC_included_BITSTREAM/hw/IIC_included_BITSTREAM.xsa
TRACE::2025-05-11.07:40:31::SCWPlatform::DSA directory E:/vitis_projects/auto_project/full_car/IIC_included_BITSTREAM/hw
TRACE::2025-05-11.07:40:31::SCWPlatform:: Platform Path E:/vitis_projects/auto_project/full_car/IIC_included_BITSTREAM/hw/IIC_included_BITSTREAM.xsa
TRACE::2025-05-11.07:40:31::SCWPlatform:: Unique name xilinx:pynq-z2::0.0
TRACE::2025-05-11.07:40:31::SCWPlatform::Trying to set the existing hwdb with name design_1_wrapper_0
TRACE::2025-05-11.07:40:31::SCWPlatform::Opened existing hwdb design_1_wrapper_0
TRACE::2025-05-11.07:40:31::SCWPlatform::Found the Hw Db part of the input DSA
TRACE::2025-05-11.07:40:31::SCWMssOS::Checking the sw design at  E:/vitis_projects/auto_project/full_car/IIC_included_BITSTREAM/zynq_fsbl/zynq_fsbl_bsp/system.mss
TRACE::2025-05-11.07:40:31::SCWMssOS::DEBUG:  swdes dump  E:/vitis_projects/auto_project/full_car/IIC_included_BITSTREAM/ps7_cortexa9_0/standalone_ps7_cortexa9_0/bsp/system.mss|system_0||
E:/vitis_projects/auto_project/full_car/IIC_included_BITSTREAM/zynq_fsbl/zynq_fsbl_bsp/system.mss|system||

TRACE::2025-05-11.07:40:31::SCWMssOS::Sw design exists and opened at  E:/vitis_projects/auto_project/full_car/IIC_included_BITSTREAM/zynq_fsbl/zynq_fsbl_bsp/system.mss
TRACE::2025-05-11.07:40:31::SCWPlatform::Trying to open the hw design at E:/vitis_projects/auto_project/full_car/IIC_included_BITSTREAM/hw/IIC_included_BITSTREAM.xsa
TRACE::2025-05-11.07:40:31::SCWPlatform::DSA given E:/vitis_projects/auto_project/full_car/IIC_included_BITSTREAM/hw/IIC_included_BITSTREAM.xsa
TRACE::2025-05-11.07:40:31::SCWPlatform::DSA absoulate path E:/vitis_projects/auto_project/full_car/IIC_included_BITSTREAM/hw/IIC_included_BITSTREAM.xsa
TRACE::2025-05-11.07:40:31::SCWPlatform::DSA directory E:/vitis_projects/auto_project/full_car/IIC_included_BITSTREAM/hw
TRACE::2025-05-11.07:40:31::SCWPlatform:: Platform Path E:/vitis_projects/auto_project/full_car/IIC_included_BITSTREAM/hw/IIC_included_BITSTREAM.xsa
TRACE::2025-05-11.07:40:31::SCWPlatform:: Unique name xilinx:pynq-z2::0.0
TRACE::2025-05-11.07:40:31::SCWPlatform::Trying to set the existing hwdb with name design_1_wrapper_0
TRACE::2025-05-11.07:40:31::SCWPlatform::Opened existing hwdb design_1_wrapper_0
TRACE::2025-05-11.07:40:31::SCWPlatform::Found the Hw Db part of the input DSA
TRACE::2025-05-11.07:40:31::SCWMssOS::Checking the sw design at  E:/vitis_projects/auto_project/full_car/IIC_included_BITSTREAM/zynq_fsbl/zynq_fsbl_bsp/system.mss
TRACE::2025-05-11.07:40:31::SCWMssOS::DEBUG:  swdes dump  E:/vitis_projects/auto_project/full_car/IIC_included_BITSTREAM/ps7_cortexa9_0/standalone_ps7_cortexa9_0/bsp/system.mss|system_0||
E:/vitis_projects/auto_project/full_car/IIC_included_BITSTREAM/zynq_fsbl/zynq_fsbl_bsp/system.mss|system||

TRACE::2025-05-11.07:40:31::SCWMssOS::Sw design exists and opened at  E:/vitis_projects/auto_project/full_car/IIC_included_BITSTREAM/zynq_fsbl/zynq_fsbl_bsp/system.mss
TRACE::2025-05-11.07:40:31::SCWPlatform::Trying to open the hw design at E:/vitis_projects/auto_project/full_car/IIC_included_BITSTREAM/hw/IIC_included_BITSTREAM.xsa
TRACE::2025-05-11.07:40:31::SCWPlatform::DSA given E:/vitis_projects/auto_project/full_car/IIC_included_BITSTREAM/hw/IIC_included_BITSTREAM.xsa
TRACE::2025-05-11.07:40:31::SCWPlatform::DSA absoulate path E:/vitis_projects/auto_project/full_car/IIC_included_BITSTREAM/hw/IIC_included_BITSTREAM.xsa
TRACE::2025-05-11.07:40:31::SCWPlatform::DSA directory E:/vitis_projects/auto_project/full_car/IIC_included_BITSTREAM/hw
TRACE::2025-05-11.07:40:31::SCWPlatform:: Platform Path E:/vitis_projects/auto_project/full_car/IIC_included_BITSTREAM/hw/IIC_included_BITSTREAM.xsa
TRACE::2025-05-11.07:40:31::SCWPlatform:: Unique name xilinx:pynq-z2::0.0
TRACE::2025-05-11.07:40:31::SCWPlatform::Trying to set the existing hwdb with name design_1_wrapper_0
TRACE::2025-05-11.07:40:31::SCWPlatform::Opened existing hwdb design_1_wrapper_0
TRACE::2025-05-11.07:40:31::SCWPlatform::Found the Hw Db part of the input DSA
TRACE::2025-05-11.07:40:31::SCWMssOS::Checking the sw design at  E:/vitis_projects/auto_project/full_car/IIC_included_BITSTREAM/ps7_cortexa9_0/standalone_ps7_cortexa9_0/bsp/system.mss
TRACE::2025-05-11.07:40:31::SCWMssOS::DEBUG:  swdes dump  E:/vitis_projects/auto_project/full_car/IIC_included_BITSTREAM/ps7_cortexa9_0/standalone_ps7_cortexa9_0/bsp/system.mss|system_0||
E:/vitis_projects/auto_project/full_car/IIC_included_BITSTREAM/zynq_fsbl/zynq_fsbl_bsp/system.mss|system||

TRACE::2025-05-11.07:40:31::SCWMssOS::Sw design exists and opened at  E:/vitis_projects/auto_project/full_car/IIC_included_BITSTREAM/ps7_cortexa9_0/standalone_ps7_cortexa9_0/bsp/system.mss
TRACE::2025-05-11.07:40:31::SCWPlatform::Trying to open the hw design at E:/vitis_projects/auto_project/full_car/IIC_included_BITSTREAM/hw/IIC_included_BITSTREAM.xsa
TRACE::2025-05-11.07:40:31::SCWPlatform::DSA given E:/vitis_projects/auto_project/full_car/IIC_included_BITSTREAM/hw/IIC_included_BITSTREAM.xsa
TRACE::2025-05-11.07:40:31::SCWPlatform::DSA absoulate path E:/vitis_projects/auto_project/full_car/IIC_included_BITSTREAM/hw/IIC_included_BITSTREAM.xsa
TRACE::2025-05-11.07:40:31::SCWPlatform::DSA directory E:/vitis_projects/auto_project/full_car/IIC_included_BITSTREAM/hw
TRACE::2025-05-11.07:40:31::SCWPlatform:: Platform Path E:/vitis_projects/auto_project/full_car/IIC_included_BITSTREAM/hw/IIC_included_BITSTREAM.xsa
TRACE::2025-05-11.07:40:31::SCWPlatform:: Unique name xilinx:pynq-z2::0.0
TRACE::2025-05-11.07:40:31::SCWPlatform::Trying to set the existing hwdb with name design_1_wrapper_0
TRACE::2025-05-11.07:40:31::SCWPlatform::Opened existing hwdb design_1_wrapper_0
TRACE::2025-05-11.07:40:31::SCWPlatform::Found the Hw Db part of the input DSA
TRACE::2025-05-11.07:40:31::SCWMssOS::Checking the sw design at  E:/vitis_projects/auto_project/full_car/IIC_included_BITSTREAM/ps7_cortexa9_0/standalone_ps7_cortexa9_0/bsp/system.mss
TRACE::2025-05-11.07:40:31::SCWMssOS::DEBUG:  swdes dump  E:/vitis_projects/auto_project/full_car/IIC_included_BITSTREAM/ps7_cortexa9_0/standalone_ps7_cortexa9_0/bsp/system.mss|system_0||
E:/vitis_projects/auto_project/full_car/IIC_included_BITSTREAM/zynq_fsbl/zynq_fsbl_bsp/system.mss|system||

TRACE::2025-05-11.07:40:31::SCWMssOS::Sw design exists and opened at  E:/vitis_projects/auto_project/full_car/IIC_included_BITSTREAM/ps7_cortexa9_0/standalone_ps7_cortexa9_0/bsp/system.mss
TRACE::2025-05-11.07:40:31::SCWPlatform::Trying to open the hw design at E:/vitis_projects/auto_project/full_car/IIC_included_BITSTREAM/hw/IIC_included_BITSTREAM.xsa
TRACE::2025-05-11.07:40:31::SCWPlatform::DSA given E:/vitis_projects/auto_project/full_car/IIC_included_BITSTREAM/hw/IIC_included_BITSTREAM.xsa
TRACE::2025-05-11.07:40:31::SCWPlatform::DSA absoulate path E:/vitis_projects/auto_project/full_car/IIC_included_BITSTREAM/hw/IIC_included_BITSTREAM.xsa
TRACE::2025-05-11.07:40:31::SCWPlatform::DSA directory E:/vitis_projects/auto_project/full_car/IIC_included_BITSTREAM/hw
TRACE::2025-05-11.07:40:31::SCWPlatform:: Platform Path E:/vitis_projects/auto_project/full_car/IIC_included_BITSTREAM/hw/IIC_included_BITSTREAM.xsa
TRACE::2025-05-11.07:40:31::SCWPlatform:: Unique name xilinx:pynq-z2::0.0
TRACE::2025-05-11.07:40:31::SCWPlatform::Trying to set the existing hwdb with name design_1_wrapper_0
TRACE::2025-05-11.07:40:31::SCWPlatform::Opened existing hwdb design_1_wrapper_0
TRACE::2025-05-11.07:40:31::SCWPlatform::Found the Hw Db part of the input DSA
TRACE::2025-05-11.07:40:31::SCWMssOS::Checking the sw design at  E:/vitis_projects/auto_project/full_car/IIC_included_BITSTREAM/ps7_cortexa9_0/standalone_ps7_cortexa9_0/bsp/system.mss
TRACE::2025-05-11.07:40:31::SCWMssOS::DEBUG:  swdes dump  E:/vitis_projects/auto_project/full_car/IIC_included_BITSTREAM/ps7_cortexa9_0/standalone_ps7_cortexa9_0/bsp/system.mss|system_0||
E:/vitis_projects/auto_project/full_car/IIC_included_BITSTREAM/zynq_fsbl/zynq_fsbl_bsp/system.mss|system||

TRACE::2025-05-11.07:40:31::SCWMssOS::Sw design exists and opened at  E:/vitis_projects/auto_project/full_car/IIC_included_BITSTREAM/ps7_cortexa9_0/standalone_ps7_cortexa9_0/bsp/system.mss
TRACE::2025-05-11.07:40:31::SCWWriter::formatted JSON is {
	"platformName":	"IIC_included_BITSTREAM",
	"sprVersion":	"2.0",
	"mode":	"gui",
	"dsaType":	"Fixed",
	"platformDesc":	"IIC_included_BITSTREAM",
	"platHandOff":	"E:/Projects_E_drive/SOC_labos/xsa_files/IIC_included_BITSTREAM.xsa",
	"platIntHandOff":	"<platformDir>/hw/IIC_included_BITSTREAM.xsa",
	"deviceType":	"zynq",
	"platIsPrebuiltAutogen":	"false",
	"platIsNoBootBsp":	"false",
	"platFsblTarget":	"ps7_cortexa9_0",
	"hasFsblMakeHasChanges":	"false",
	"hasPmufwMakeHasChanges":	"false",
	"fsblExtraCompilerFlags":	"-MMD -MP       -mcpu=cortex-a9 -mfpu=vfpv3 -mfloat-abi=hard ",
	"platPreBuiltFlag":	false,
	"platformSamplesDir":	"",
	"platActiveSys":	"IIC_included_BITSTREAM",
	"systems":	[{
			"systemName":	"IIC_included_BITSTREAM",
			"systemDesc":	"IIC_included_BITSTREAM",
			"sysIsBootAutoGen":	"true",
			"systemDispName":	"IIC_included_BITSTREAM",
			"sysActiveDom":	"standalone_ps7_cortexa9_0",
			"sysDefaultDom":	"standalone_ps7_cortexa9_0",
			"domains":	[{
					"domainName":	"zynq_fsbl",
					"domainDispName":	"zynq_fsbl",
					"domainDesc":	"FSBL Application BSP - Auto Generated.",
					"processors":	"ps7_cortexa9_0",
					"os":	"standalone",
					"sdxOs":	"standalone",
					"debugEnable":	"",
					"domRuntimes":	["cpp"],
					"swRepo":	"",
					"mssOsVer":	"9.1",
					"mssFile":	"",
					"md5Digest":	"bdf62030c4d081aa908b060af63a4581",
					"compatibleApp":	"zynq_fsbl",
					"domType":	"bootDomain",
					"arch":	"32-bit",
					"appSettings":	{
						"appCompilerFlags":	"",
						"appLinkerFlags":	""
					},
					"addedLibs":	["xilffs:5.2", "xilrsa:1.8"],
					"libOptions":	{
						"libsContainingOptions":	[]
					},
					"prebuiltLibs":	{
						"prebuiltIncPath":	[],
						"prebuiltLibPath":	[]
					},
					"isolation":	{
					}
				}, {
					"domainName":	"standalone_ps7_cortexa9_0",
					"domainDispName":	"standalone_ps7_cortexa9_0",
					"domainDesc":	"standalone_ps7_cortexa9_0",
					"processors":	"ps7_cortexa9_0",
					"os":	"standalone",
					"sdxOs":	"standalone",
					"qemuArgs":	"<platformDir>/resources/IIC_included_BITSTREAM/standalone_ps7_cortexa9_0/qemu_args.txt",
					"qemuData":	"<platformDir>/resources/IIC_included_BITSTREAM/standalone_ps7_cortexa9_0/qemu",
					"debugEnable":	"False",
					"domRuntimes":	["cpp"],
					"swRepo":	"",
					"mssOsVer":	"9.1",
					"mssFile":	"",
					"md5Digest":	"86a62c3fd6eb6fed97012a85f0ab1156",
					"compatibleApp":	"hello_world",
					"domType":	"mssDomain",
					"arch":	"32-bit",
					"appSettings":	{
						"appCompilerFlags":	"",
						"appLinkerFlags":	""
					},
					"addedLibs":	[],
					"libOptions":	{
						"libsContainingOptions":	[]
					},
					"prebuiltLibs":	{
						"prebuiltIncPath":	[],
						"prebuiltLibPath":	[]
					},
					"isolation":	{
					}
				}]
		}]
}
LOG::2025-05-11.07:40:31::SCWPlatform::Started generating the artifacts platform IIC_included_BITSTREAM
TRACE::2025-05-11.07:40:31::SCWPlatform::Sanity checking of platform is completed
LOG::2025-05-11.07:40:31::SCWPlatform::Started generating the artifacts for system configuration IIC_included_BITSTREAM
LOG::2025-05-11.07:40:31::SCWSystem::Checking the domain zynq_fsbl
LOG::2025-05-11.07:40:31::SCWSystem::Doing application build for :  zynq_fsbl
TRACE::2025-05-11.07:40:31::SCWBDomain::Not a forced makefile updation, No changes are present. 
TRACE::2025-05-11.07:40:31::SCWDomain::Skipping the build for domain :  zynq_fsbl
LOG::2025-05-11.07:40:31::SCWSystem::Checking the domain standalone_ps7_cortexa9_0
LOG::2025-05-11.07:40:31::SCWSystem::Not a boot domain 
LOG::2025-05-11.07:40:31::SCWSystem::Started Processing the domain standalone_ps7_cortexa9_0
TRACE::2025-05-11.07:40:31::SCWDomain::Generating domain artifcats
TRACE::2025-05-11.07:40:31::SCWMssOS::Generating standalone artifcats
TRACE::2025-05-11.07:40:31::SCWMssOS::Copying the qemu file from  E:/vitis_projects/auto_project/full_car/IIC_included_BITSTREAM/resources/IIC_included_BITSTREAM/standalone_ps7_cortexa9_0/qemu_args.txt To E:/vitis_projects/auto_project/full_car/IIC_included_BITSTREAM/export/IIC_included_BITSTREAM/sw/IIC_included_BITSTREAM/qemu/
TRACE::2025-05-11.07:40:31::SCWMssOS::Copying the qemu file from  E:/vitis_projects/auto_project/full_car/IIC_included_BITSTREAM/resources/IIC_included_BITSTREAM/standalone_ps7_cortexa9_0/qemu_args.txt To E:/vitis_projects/auto_project/full_car/IIC_included_BITSTREAM/export/IIC_included_BITSTREAM/sw/IIC_included_BITSTREAM/standalone_ps7_cortexa9_0/qemu/
TRACE::2025-05-11.07:40:31::SCWMssOS:: Copying the user libraries. 
TRACE::2025-05-11.07:40:31::SCWPlatform::Trying to open the hw design at E:/vitis_projects/auto_project/full_car/IIC_included_BITSTREAM/hw/IIC_included_BITSTREAM.xsa
TRACE::2025-05-11.07:40:31::SCWPlatform::DSA given E:/vitis_projects/auto_project/full_car/IIC_included_BITSTREAM/hw/IIC_included_BITSTREAM.xsa
TRACE::2025-05-11.07:40:31::SCWPlatform::DSA absoulate path E:/vitis_projects/auto_project/full_car/IIC_included_BITSTREAM/hw/IIC_included_BITSTREAM.xsa
TRACE::2025-05-11.07:40:31::SCWPlatform::DSA directory E:/vitis_projects/auto_project/full_car/IIC_included_BITSTREAM/hw
TRACE::2025-05-11.07:40:31::SCWPlatform:: Platform Path E:/vitis_projects/auto_project/full_car/IIC_included_BITSTREAM/hw/IIC_included_BITSTREAM.xsa
TRACE::2025-05-11.07:40:31::SCWPlatform:: Unique name xilinx:pynq-z2::0.0
TRACE::2025-05-11.07:40:31::SCWPlatform::Trying to set the existing hwdb with name design_1_wrapper_0
TRACE::2025-05-11.07:40:31::SCWPlatform::Opened existing hwdb design_1_wrapper_0
TRACE::2025-05-11.07:40:31::SCWPlatform::Found the Hw Db part of the input DSA
TRACE::2025-05-11.07:40:31::SCWMssOS::Checking the sw design at  E:/vitis_projects/auto_project/full_car/IIC_included_BITSTREAM/ps7_cortexa9_0/standalone_ps7_cortexa9_0/bsp/system.mss
TRACE::2025-05-11.07:40:31::SCWMssOS::DEBUG:  swdes dump  E:/vitis_projects/auto_project/full_car/IIC_included_BITSTREAM/ps7_cortexa9_0/standalone_ps7_cortexa9_0/bsp/system.mss|system_0||
E:/vitis_projects/auto_project/full_car/IIC_included_BITSTREAM/zynq_fsbl/zynq_fsbl_bsp/system.mss|system||

TRACE::2025-05-11.07:40:31::SCWMssOS::Sw design exists and opened at  E:/vitis_projects/auto_project/full_car/IIC_included_BITSTREAM/ps7_cortexa9_0/standalone_ps7_cortexa9_0/bsp/system.mss
TRACE::2025-05-11.07:40:31::SCWMssOS::Completed writing the mss file at E:/vitis_projects/auto_project/full_car/IIC_included_BITSTREAM/ps7_cortexa9_0/standalone_ps7_cortexa9_0/bsp
TRACE::2025-05-11.07:40:31::SCWMssOS::Mss edits present, copying mssfile into export location E:/vitis_projects/auto_project/full_car/IIC_included_BITSTREAM/ps7_cortexa9_0/standalone_ps7_cortexa9_0/bsp/system.mss
TRACE::2025-05-11.07:40:31::SCWMssOS::bsp generated is upto date with the mss file. Skipping bsp generation.
TRACE::2025-05-11.07:40:31::SCWMssOS::BSP is already built. skipping the bsp build ... 
TRACE::2025-05-11.07:40:31::SCWDomain::Skipping the build for domain :  standalone_ps7_cortexa9_0
TRACE::2025-05-11.07:40:31::SCWMssOS::skipping the bsp build ... 
TRACE::2025-05-11.07:40:31::SCWMssOS::Copying to export directory.
TRACE::2025-05-11.07:40:31::SCWMssOS:: Checking if to create the Supporting Applications
TRACE::2025-05-11.07:40:31::SCWMssOS:: No Linux domain exists, trying to generate FSBL 
TRACE::2025-05-11.07:40:31::SCWMssOS:: Completed Standalone Artifacts creation 
LOG::2025-05-11.07:40:31::SCWSystem::Completed Processing the domain standalone_ps7_cortexa9_0
LOG::2025-05-11.07:40:31::SCWSystem::Completed Processing the sysconfig IIC_included_BITSTREAM
LOG::2025-05-11.07:40:31::SCWPlatform::Completed generating the artifacts for system configuration IIC_included_BITSTREAM
TRACE::2025-05-11.07:40:31::SCWPlatform::Started preparing the platform 
TRACE::2025-05-11.07:40:31::SCWSystem::Writing the bif file for system config IIC_included_BITSTREAM
TRACE::2025-05-11.07:40:31::SCWSystem::dir created 
TRACE::2025-05-11.07:40:31::SCWSystem::Writing the bif 
TRACE::2025-05-11.07:40:31::SCWPlatform::Started writing the spfm file 
TRACE::2025-05-11.07:40:31::SCWPlatform::Started writing the xpfm file 
TRACE::2025-05-11.07:40:31::SCWPlatform::Completed generating the platform
TRACE::2025-05-11.07:40:31::SCWMssOS::Saving the mss changes E:/vitis_projects/auto_project/full_car/IIC_included_BITSTREAM/zynq_fsbl/zynq_fsbl_bsp/system.mss
TRACE::2025-05-11.07:40:31::SCWMssOS::Found a swdesign opened with the mssfile.
TRACE::2025-05-11.07:40:31::SCWMssOS::Completed writemss as part of save.
TRACE::2025-05-11.07:40:31::SCWMssOS::Commit changes completed.
TRACE::2025-05-11.07:40:31::SCWMssOS::Saving the mss changes E:/vitis_projects/auto_project/full_car/IIC_included_BITSTREAM/ps7_cortexa9_0/standalone_ps7_cortexa9_0/bsp/system.mss
TRACE::2025-05-11.07:40:31::SCWMssOS::Found a swdesign opened with the mssfile.
TRACE::2025-05-11.07:40:31::SCWMssOS::Completed writemss as part of save.
TRACE::2025-05-11.07:40:31::SCWMssOS::Commit changes completed.
TRACE::2025-05-11.07:40:31::SCWPlatform::Trying to open the hw design at E:/vitis_projects/auto_project/full_car/IIC_included_BITSTREAM/hw/IIC_included_BITSTREAM.xsa
TRACE::2025-05-11.07:40:31::SCWPlatform::DSA given E:/vitis_projects/auto_project/full_car/IIC_included_BITSTREAM/hw/IIC_included_BITSTREAM.xsa
TRACE::2025-05-11.07:40:31::SCWPlatform::DSA absoulate path E:/vitis_projects/auto_project/full_car/IIC_included_BITSTREAM/hw/IIC_included_BITSTREAM.xsa
TRACE::2025-05-11.07:40:31::SCWPlatform::DSA directory E:/vitis_projects/auto_project/full_car/IIC_included_BITSTREAM/hw
TRACE::2025-05-11.07:40:31::SCWPlatform:: Platform Path E:/vitis_projects/auto_project/full_car/IIC_included_BITSTREAM/hw/IIC_included_BITSTREAM.xsa
TRACE::2025-05-11.07:40:31::SCWPlatform:: Unique name xilinx:pynq-z2::0.0
TRACE::2025-05-11.07:40:31::SCWPlatform::Trying to set the existing hwdb with name design_1_wrapper_0
TRACE::2025-05-11.07:40:31::SCWPlatform::Opened existing hwdb design_1_wrapper_0
TRACE::2025-05-11.07:40:31::SCWPlatform::Found the Hw Db part of the input DSA
TRACE::2025-05-11.07:40:31::SCWMssOS::Checking the sw design at  E:/vitis_projects/auto_project/full_car/IIC_included_BITSTREAM/zynq_fsbl/zynq_fsbl_bsp/system.mss
TRACE::2025-05-11.07:40:31::SCWMssOS::DEBUG:  swdes dump  E:/vitis_projects/auto_project/full_car/IIC_included_BITSTREAM/ps7_cortexa9_0/standalone_ps7_cortexa9_0/bsp/system.mss|system_0||
E:/vitis_projects/auto_project/full_car/IIC_included_BITSTREAM/zynq_fsbl/zynq_fsbl_bsp/system.mss|system||

TRACE::2025-05-11.07:40:31::SCWMssOS::Sw design exists and opened at  E:/vitis_projects/auto_project/full_car/IIC_included_BITSTREAM/zynq_fsbl/zynq_fsbl_bsp/system.mss
TRACE::2025-05-11.07:40:31::SCWPlatform::Trying to open the hw design at E:/vitis_projects/auto_project/full_car/IIC_included_BITSTREAM/hw/IIC_included_BITSTREAM.xsa
TRACE::2025-05-11.07:40:31::SCWPlatform::DSA given E:/vitis_projects/auto_project/full_car/IIC_included_BITSTREAM/hw/IIC_included_BITSTREAM.xsa
TRACE::2025-05-11.07:40:31::SCWPlatform::DSA absoulate path E:/vitis_projects/auto_project/full_car/IIC_included_BITSTREAM/hw/IIC_included_BITSTREAM.xsa
TRACE::2025-05-11.07:40:31::SCWPlatform::DSA directory E:/vitis_projects/auto_project/full_car/IIC_included_BITSTREAM/hw
TRACE::2025-05-11.07:40:31::SCWPlatform:: Platform Path E:/vitis_projects/auto_project/full_car/IIC_included_BITSTREAM/hw/IIC_included_BITSTREAM.xsa
TRACE::2025-05-11.07:40:31::SCWPlatform:: Unique name xilinx:pynq-z2::0.0
TRACE::2025-05-11.07:40:31::SCWPlatform::Trying to set the existing hwdb with name design_1_wrapper_0
TRACE::2025-05-11.07:40:31::SCWPlatform::Opened existing hwdb design_1_wrapper_0
TRACE::2025-05-11.07:40:31::SCWPlatform::Found the Hw Db part of the input DSA
TRACE::2025-05-11.07:40:31::SCWMssOS::Checking the sw design at  E:/vitis_projects/auto_project/full_car/IIC_included_BITSTREAM/zynq_fsbl/zynq_fsbl_bsp/system.mss
TRACE::2025-05-11.07:40:31::SCWMssOS::DEBUG:  swdes dump  E:/vitis_projects/auto_project/full_car/IIC_included_BITSTREAM/ps7_cortexa9_0/standalone_ps7_cortexa9_0/bsp/system.mss|system_0||
E:/vitis_projects/auto_project/full_car/IIC_included_BITSTREAM/zynq_fsbl/zynq_fsbl_bsp/system.mss|system||

TRACE::2025-05-11.07:40:31::SCWMssOS::Sw design exists and opened at  E:/vitis_projects/auto_project/full_car/IIC_included_BITSTREAM/zynq_fsbl/zynq_fsbl_bsp/system.mss
TRACE::2025-05-11.07:40:31::SCWPlatform::Trying to open the hw design at E:/vitis_projects/auto_project/full_car/IIC_included_BITSTREAM/hw/IIC_included_BITSTREAM.xsa
TRACE::2025-05-11.07:40:31::SCWPlatform::DSA given E:/vitis_projects/auto_project/full_car/IIC_included_BITSTREAM/hw/IIC_included_BITSTREAM.xsa
TRACE::2025-05-11.07:40:31::SCWPlatform::DSA absoulate path E:/vitis_projects/auto_project/full_car/IIC_included_BITSTREAM/hw/IIC_included_BITSTREAM.xsa
TRACE::2025-05-11.07:40:31::SCWPlatform::DSA directory E:/vitis_projects/auto_project/full_car/IIC_included_BITSTREAM/hw
TRACE::2025-05-11.07:40:31::SCWPlatform:: Platform Path E:/vitis_projects/auto_project/full_car/IIC_included_BITSTREAM/hw/IIC_included_BITSTREAM.xsa
TRACE::2025-05-11.07:40:31::SCWPlatform:: Unique name xilinx:pynq-z2::0.0
TRACE::2025-05-11.07:40:31::SCWPlatform::Trying to set the existing hwdb with name design_1_wrapper_0
TRACE::2025-05-11.07:40:31::SCWPlatform::Opened existing hwdb design_1_wrapper_0
TRACE::2025-05-11.07:40:31::SCWPlatform::Found the Hw Db part of the input DSA
TRACE::2025-05-11.07:40:31::SCWMssOS::Checking the sw design at  E:/vitis_projects/auto_project/full_car/IIC_included_BITSTREAM/zynq_fsbl/zynq_fsbl_bsp/system.mss
TRACE::2025-05-11.07:40:31::SCWMssOS::DEBUG:  swdes dump  E:/vitis_projects/auto_project/full_car/IIC_included_BITSTREAM/ps7_cortexa9_0/standalone_ps7_cortexa9_0/bsp/system.mss|system_0||
E:/vitis_projects/auto_project/full_car/IIC_included_BITSTREAM/zynq_fsbl/zynq_fsbl_bsp/system.mss|system||

TRACE::2025-05-11.07:40:31::SCWMssOS::Sw design exists and opened at  E:/vitis_projects/auto_project/full_car/IIC_included_BITSTREAM/zynq_fsbl/zynq_fsbl_bsp/system.mss
TRACE::2025-05-11.07:40:31::SCWPlatform::Trying to open the hw design at E:/vitis_projects/auto_project/full_car/IIC_included_BITSTREAM/hw/IIC_included_BITSTREAM.xsa
TRACE::2025-05-11.07:40:31::SCWPlatform::DSA given E:/vitis_projects/auto_project/full_car/IIC_included_BITSTREAM/hw/IIC_included_BITSTREAM.xsa
TRACE::2025-05-11.07:40:31::SCWPlatform::DSA absoulate path E:/vitis_projects/auto_project/full_car/IIC_included_BITSTREAM/hw/IIC_included_BITSTREAM.xsa
TRACE::2025-05-11.07:40:31::SCWPlatform::DSA directory E:/vitis_projects/auto_project/full_car/IIC_included_BITSTREAM/hw
TRACE::2025-05-11.07:40:31::SCWPlatform:: Platform Path E:/vitis_projects/auto_project/full_car/IIC_included_BITSTREAM/hw/IIC_included_BITSTREAM.xsa
TRACE::2025-05-11.07:40:31::SCWPlatform:: Unique name xilinx:pynq-z2::0.0
TRACE::2025-05-11.07:40:31::SCWPlatform::Trying to set the existing hwdb with name design_1_wrapper_0
TRACE::2025-05-11.07:40:31::SCWPlatform::Opened existing hwdb design_1_wrapper_0
TRACE::2025-05-11.07:40:31::SCWPlatform::Found the Hw Db part of the input DSA
TRACE::2025-05-11.07:40:31::SCWMssOS::Checking the sw design at  E:/vitis_projects/auto_project/full_car/IIC_included_BITSTREAM/ps7_cortexa9_0/standalone_ps7_cortexa9_0/bsp/system.mss
TRACE::2025-05-11.07:40:31::SCWMssOS::DEBUG:  swdes dump  E:/vitis_projects/auto_project/full_car/IIC_included_BITSTREAM/ps7_cortexa9_0/standalone_ps7_cortexa9_0/bsp/system.mss|system_0||
E:/vitis_projects/auto_project/full_car/IIC_included_BITSTREAM/zynq_fsbl/zynq_fsbl_bsp/system.mss|system||

TRACE::2025-05-11.07:40:31::SCWMssOS::Sw design exists and opened at  E:/vitis_projects/auto_project/full_car/IIC_included_BITSTREAM/ps7_cortexa9_0/standalone_ps7_cortexa9_0/bsp/system.mss
TRACE::2025-05-11.07:40:31::SCWPlatform::Trying to open the hw design at E:/vitis_projects/auto_project/full_car/IIC_included_BITSTREAM/hw/IIC_included_BITSTREAM.xsa
TRACE::2025-05-11.07:40:31::SCWPlatform::DSA given E:/vitis_projects/auto_project/full_car/IIC_included_BITSTREAM/hw/IIC_included_BITSTREAM.xsa
TRACE::2025-05-11.07:40:31::SCWPlatform::DSA absoulate path E:/vitis_projects/auto_project/full_car/IIC_included_BITSTREAM/hw/IIC_included_BITSTREAM.xsa
TRACE::2025-05-11.07:40:31::SCWPlatform::DSA directory E:/vitis_projects/auto_project/full_car/IIC_included_BITSTREAM/hw
TRACE::2025-05-11.07:40:31::SCWPlatform:: Platform Path E:/vitis_projects/auto_project/full_car/IIC_included_BITSTREAM/hw/IIC_included_BITSTREAM.xsa
TRACE::2025-05-11.07:40:31::SCWPlatform:: Unique name xilinx:pynq-z2::0.0
TRACE::2025-05-11.07:40:31::SCWPlatform::Trying to set the existing hwdb with name design_1_wrapper_0
TRACE::2025-05-11.07:40:31::SCWPlatform::Opened existing hwdb design_1_wrapper_0
TRACE::2025-05-11.07:40:31::SCWPlatform::Found the Hw Db part of the input DSA
TRACE::2025-05-11.07:40:31::SCWMssOS::Checking the sw design at  E:/vitis_projects/auto_project/full_car/IIC_included_BITSTREAM/ps7_cortexa9_0/standalone_ps7_cortexa9_0/bsp/system.mss
TRACE::2025-05-11.07:40:31::SCWMssOS::DEBUG:  swdes dump  E:/vitis_projects/auto_project/full_car/IIC_included_BITSTREAM/ps7_cortexa9_0/standalone_ps7_cortexa9_0/bsp/system.mss|system_0||
E:/vitis_projects/auto_project/full_car/IIC_included_BITSTREAM/zynq_fsbl/zynq_fsbl_bsp/system.mss|system||

TRACE::2025-05-11.07:40:31::SCWMssOS::Sw design exists and opened at  E:/vitis_projects/auto_project/full_car/IIC_included_BITSTREAM/ps7_cortexa9_0/standalone_ps7_cortexa9_0/bsp/system.mss
TRACE::2025-05-11.07:40:31::SCWPlatform::Trying to open the hw design at E:/vitis_projects/auto_project/full_car/IIC_included_BITSTREAM/hw/IIC_included_BITSTREAM.xsa
TRACE::2025-05-11.07:40:31::SCWPlatform::DSA given E:/vitis_projects/auto_project/full_car/IIC_included_BITSTREAM/hw/IIC_included_BITSTREAM.xsa
TRACE::2025-05-11.07:40:31::SCWPlatform::DSA absoulate path E:/vitis_projects/auto_project/full_car/IIC_included_BITSTREAM/hw/IIC_included_BITSTREAM.xsa
TRACE::2025-05-11.07:40:31::SCWPlatform::DSA directory E:/vitis_projects/auto_project/full_car/IIC_included_BITSTREAM/hw
TRACE::2025-05-11.07:40:31::SCWPlatform:: Platform Path E:/vitis_projects/auto_project/full_car/IIC_included_BITSTREAM/hw/IIC_included_BITSTREAM.xsa
TRACE::2025-05-11.07:40:31::SCWPlatform:: Unique name xilinx:pynq-z2::0.0
TRACE::2025-05-11.07:40:31::SCWPlatform::Trying to set the existing hwdb with name design_1_wrapper_0
TRACE::2025-05-11.07:40:31::SCWPlatform::Opened existing hwdb design_1_wrapper_0
TRACE::2025-05-11.07:40:31::SCWPlatform::Found the Hw Db part of the input DSA
TRACE::2025-05-11.07:40:31::SCWMssOS::Checking the sw design at  E:/vitis_projects/auto_project/full_car/IIC_included_BITSTREAM/ps7_cortexa9_0/standalone_ps7_cortexa9_0/bsp/system.mss
TRACE::2025-05-11.07:40:31::SCWMssOS::DEBUG:  swdes dump  E:/vitis_projects/auto_project/full_car/IIC_included_BITSTREAM/ps7_cortexa9_0/standalone_ps7_cortexa9_0/bsp/system.mss|system_0||
E:/vitis_projects/auto_project/full_car/IIC_included_BITSTREAM/zynq_fsbl/zynq_fsbl_bsp/system.mss|system||

TRACE::2025-05-11.07:40:31::SCWMssOS::Sw design exists and opened at  E:/vitis_projects/auto_project/full_car/IIC_included_BITSTREAM/ps7_cortexa9_0/standalone_ps7_cortexa9_0/bsp/system.mss
TRACE::2025-05-11.07:40:31::SCWWriter::formatted JSON is {
	"platformName":	"IIC_included_BITSTREAM",
	"sprVersion":	"2.0",
	"mode":	"gui",
	"dsaType":	"Fixed",
	"platformDesc":	"IIC_included_BITSTREAM",
	"platHandOff":	"E:/Projects_E_drive/SOC_labos/xsa_files/IIC_included_BITSTREAM.xsa",
	"platIntHandOff":	"<platformDir>/hw/IIC_included_BITSTREAM.xsa",
	"deviceType":	"zynq",
	"platIsPrebuiltAutogen":	"false",
	"platIsNoBootBsp":	"false",
	"platFsblTarget":	"ps7_cortexa9_0",
	"hasFsblMakeHasChanges":	"false",
	"hasPmufwMakeHasChanges":	"false",
	"fsblExtraCompilerFlags":	"-MMD -MP       -mcpu=cortex-a9 -mfpu=vfpv3 -mfloat-abi=hard ",
	"platPreBuiltFlag":	false,
	"platformSamplesDir":	"",
	"platActiveSys":	"IIC_included_BITSTREAM",
	"systems":	[{
			"systemName":	"IIC_included_BITSTREAM",
			"systemDesc":	"IIC_included_BITSTREAM",
			"sysIsBootAutoGen":	"true",
			"systemDispName":	"IIC_included_BITSTREAM",
			"sysActiveDom":	"standalone_ps7_cortexa9_0",
			"sysDefaultDom":	"standalone_ps7_cortexa9_0",
			"domains":	[{
					"domainName":	"zynq_fsbl",
					"domainDispName":	"zynq_fsbl",
					"domainDesc":	"FSBL Application BSP - Auto Generated.",
					"processors":	"ps7_cortexa9_0",
					"os":	"standalone",
					"sdxOs":	"standalone",
					"debugEnable":	"",
					"domRuntimes":	["cpp"],
					"swRepo":	"",
					"mssOsVer":	"9.1",
					"mssFile":	"",
					"md5Digest":	"bdf62030c4d081aa908b060af63a4581",
					"compatibleApp":	"zynq_fsbl",
					"domType":	"bootDomain",
					"arch":	"32-bit",
					"appSettings":	{
						"appCompilerFlags":	"",
						"appLinkerFlags":	""
					},
					"addedLibs":	["xilffs:5.2", "xilrsa:1.8"],
					"libOptions":	{
						"libsContainingOptions":	[]
					},
					"prebuiltLibs":	{
						"prebuiltIncPath":	[],
						"prebuiltLibPath":	[]
					},
					"isolation":	{
					}
				}, {
					"domainName":	"standalone_ps7_cortexa9_0",
					"domainDispName":	"standalone_ps7_cortexa9_0",
					"domainDesc":	"standalone_ps7_cortexa9_0",
					"processors":	"ps7_cortexa9_0",
					"os":	"standalone",
					"sdxOs":	"standalone",
					"qemuArgs":	"<platformDir>/resources/IIC_included_BITSTREAM/standalone_ps7_cortexa9_0/qemu_args.txt",
					"qemuData":	"<platformDir>/resources/IIC_included_BITSTREAM/standalone_ps7_cortexa9_0/qemu",
					"debugEnable":	"False",
					"domRuntimes":	["cpp"],
					"swRepo":	"",
					"mssOsVer":	"9.1",
					"mssFile":	"",
					"md5Digest":	"86a62c3fd6eb6fed97012a85f0ab1156",
					"compatibleApp":	"hello_world",
					"domType":	"mssDomain",
					"arch":	"32-bit",
					"appSettings":	{
						"appCompilerFlags":	"",
						"appLinkerFlags":	""
					},
					"addedLibs":	[],
					"libOptions":	{
						"libsContainingOptions":	[]
					},
					"prebuiltLibs":	{
						"prebuiltIncPath":	[],
						"prebuiltLibPath":	[]
					},
					"isolation":	{
					}
				}]
		}]
}
KEYINFO::2025-05-11.07:40:31::SCWPlatform::updated the xpfm file.
TRACE::2025-05-11.07:40:31::SCWPlatform::Trying to open the hw design at E:/vitis_projects/auto_project/full_car/IIC_included_BITSTREAM/hw/IIC_included_BITSTREAM.xsa
TRACE::2025-05-11.07:40:31::SCWPlatform::DSA given E:/vitis_projects/auto_project/full_car/IIC_included_BITSTREAM/hw/IIC_included_BITSTREAM.xsa
TRACE::2025-05-11.07:40:31::SCWPlatform::DSA absoulate path E:/vitis_projects/auto_project/full_car/IIC_included_BITSTREAM/hw/IIC_included_BITSTREAM.xsa
TRACE::2025-05-11.07:40:31::SCWPlatform::DSA directory E:/vitis_projects/auto_project/full_car/IIC_included_BITSTREAM/hw
TRACE::2025-05-11.07:40:31::SCWPlatform:: Platform Path E:/vitis_projects/auto_project/full_car/IIC_included_BITSTREAM/hw/IIC_included_BITSTREAM.xsa
TRACE::2025-05-11.07:40:31::SCWPlatform:: Unique name xilinx:pynq-z2::0.0
TRACE::2025-05-11.07:40:31::SCWPlatform::Trying to set the existing hwdb with name design_1_wrapper_0
TRACE::2025-05-11.07:40:31::SCWPlatform::Opened existing hwdb design_1_wrapper_0
TRACE::2025-05-11.07:40:31::SCWPlatform::Found the Hw Db part of the input DSA
TRACE::2025-05-11.07:40:31::SCWMssOS::Checking the sw design at  E:/vitis_projects/auto_project/full_car/IIC_included_BITSTREAM/ps7_cortexa9_0/standalone_ps7_cortexa9_0/bsp/system.mss
TRACE::2025-05-11.07:40:31::SCWMssOS::DEBUG:  swdes dump  E:/vitis_projects/auto_project/full_car/IIC_included_BITSTREAM/ps7_cortexa9_0/standalone_ps7_cortexa9_0/bsp/system.mss|system_0||
E:/vitis_projects/auto_project/full_car/IIC_included_BITSTREAM/zynq_fsbl/zynq_fsbl_bsp/system.mss|system||

TRACE::2025-05-11.07:40:31::SCWMssOS::Sw design exists and opened at  E:/vitis_projects/auto_project/full_car/IIC_included_BITSTREAM/ps7_cortexa9_0/standalone_ps7_cortexa9_0/bsp/system.mss
TRACE::2025-05-11.07:40:31::SCWMssOS::Saving the mss changes E:/vitis_projects/auto_project/full_car/IIC_included_BITSTREAM/zynq_fsbl/zynq_fsbl_bsp/system.mss
TRACE::2025-05-11.07:40:31::SCWMssOS::Found a swdesign opened with the mssfile.
TRACE::2025-05-11.07:40:31::SCWMssOS::Completed writemss as part of save.
TRACE::2025-05-11.07:40:31::SCWMssOS::Commit changes completed.
TRACE::2025-05-11.07:40:31::SCWMssOS::Saving the mss changes E:/vitis_projects/auto_project/full_car/IIC_included_BITSTREAM/ps7_cortexa9_0/standalone_ps7_cortexa9_0/bsp/system.mss
TRACE::2025-05-11.07:40:31::SCWMssOS::Found a swdesign opened with the mssfile.
TRACE::2025-05-11.07:40:31::SCWMssOS::Completed writemss as part of save.
TRACE::2025-05-11.07:40:31::SCWMssOS::Commit changes completed.
TRACE::2025-05-11.07:40:31::SCWPlatform::Trying to open the hw design at E:/vitis_projects/auto_project/full_car/IIC_included_BITSTREAM/hw/IIC_included_BITSTREAM.xsa
TRACE::2025-05-11.07:40:31::SCWPlatform::DSA given E:/vitis_projects/auto_project/full_car/IIC_included_BITSTREAM/hw/IIC_included_BITSTREAM.xsa
TRACE::2025-05-11.07:40:31::SCWPlatform::DSA absoulate path E:/vitis_projects/auto_project/full_car/IIC_included_BITSTREAM/hw/IIC_included_BITSTREAM.xsa
TRACE::2025-05-11.07:40:31::SCWPlatform::DSA directory E:/vitis_projects/auto_project/full_car/IIC_included_BITSTREAM/hw
TRACE::2025-05-11.07:40:31::SCWPlatform:: Platform Path E:/vitis_projects/auto_project/full_car/IIC_included_BITSTREAM/hw/IIC_included_BITSTREAM.xsa
TRACE::2025-05-11.07:40:31::SCWPlatform:: Unique name xilinx:pynq-z2::0.0
TRACE::2025-05-11.07:40:31::SCWPlatform::Trying to set the existing hwdb with name design_1_wrapper_0
TRACE::2025-05-11.07:40:31::SCWPlatform::Opened existing hwdb design_1_wrapper_0
TRACE::2025-05-11.07:40:31::SCWPlatform::Found the Hw Db part of the input DSA
TRACE::2025-05-11.07:40:31::SCWMssOS::Checking the sw design at  E:/vitis_projects/auto_project/full_car/IIC_included_BITSTREAM/zynq_fsbl/zynq_fsbl_bsp/system.mss
TRACE::2025-05-11.07:40:31::SCWMssOS::DEBUG:  swdes dump  E:/vitis_projects/auto_project/full_car/IIC_included_BITSTREAM/ps7_cortexa9_0/standalone_ps7_cortexa9_0/bsp/system.mss|system_0||
E:/vitis_projects/auto_project/full_car/IIC_included_BITSTREAM/zynq_fsbl/zynq_fsbl_bsp/system.mss|system||

TRACE::2025-05-11.07:40:31::SCWMssOS::Sw design exists and opened at  E:/vitis_projects/auto_project/full_car/IIC_included_BITSTREAM/zynq_fsbl/zynq_fsbl_bsp/system.mss
TRACE::2025-05-11.07:40:31::SCWPlatform::Trying to open the hw design at E:/vitis_projects/auto_project/full_car/IIC_included_BITSTREAM/hw/IIC_included_BITSTREAM.xsa
TRACE::2025-05-11.07:40:31::SCWPlatform::DSA given E:/vitis_projects/auto_project/full_car/IIC_included_BITSTREAM/hw/IIC_included_BITSTREAM.xsa
TRACE::2025-05-11.07:40:31::SCWPlatform::DSA absoulate path E:/vitis_projects/auto_project/full_car/IIC_included_BITSTREAM/hw/IIC_included_BITSTREAM.xsa
TRACE::2025-05-11.07:40:31::SCWPlatform::DSA directory E:/vitis_projects/auto_project/full_car/IIC_included_BITSTREAM/hw
TRACE::2025-05-11.07:40:31::SCWPlatform:: Platform Path E:/vitis_projects/auto_project/full_car/IIC_included_BITSTREAM/hw/IIC_included_BITSTREAM.xsa
TRACE::2025-05-11.07:40:31::SCWPlatform:: Unique name xilinx:pynq-z2::0.0
TRACE::2025-05-11.07:40:31::SCWPlatform::Trying to set the existing hwdb with name design_1_wrapper_0
TRACE::2025-05-11.07:40:31::SCWPlatform::Opened existing hwdb design_1_wrapper_0
TRACE::2025-05-11.07:40:31::SCWPlatform::Found the Hw Db part of the input DSA
TRACE::2025-05-11.07:40:31::SCWMssOS::Checking the sw design at  E:/vitis_projects/auto_project/full_car/IIC_included_BITSTREAM/zynq_fsbl/zynq_fsbl_bsp/system.mss
TRACE::2025-05-11.07:40:31::SCWMssOS::DEBUG:  swdes dump  E:/vitis_projects/auto_project/full_car/IIC_included_BITSTREAM/ps7_cortexa9_0/standalone_ps7_cortexa9_0/bsp/system.mss|system_0||
E:/vitis_projects/auto_project/full_car/IIC_included_BITSTREAM/zynq_fsbl/zynq_fsbl_bsp/system.mss|system||

TRACE::2025-05-11.07:40:31::SCWMssOS::Sw design exists and opened at  E:/vitis_projects/auto_project/full_car/IIC_included_BITSTREAM/zynq_fsbl/zynq_fsbl_bsp/system.mss
TRACE::2025-05-11.07:40:31::SCWPlatform::Trying to open the hw design at E:/vitis_projects/auto_project/full_car/IIC_included_BITSTREAM/hw/IIC_included_BITSTREAM.xsa
TRACE::2025-05-11.07:40:31::SCWPlatform::DSA given E:/vitis_projects/auto_project/full_car/IIC_included_BITSTREAM/hw/IIC_included_BITSTREAM.xsa
TRACE::2025-05-11.07:40:31::SCWPlatform::DSA absoulate path E:/vitis_projects/auto_project/full_car/IIC_included_BITSTREAM/hw/IIC_included_BITSTREAM.xsa
TRACE::2025-05-11.07:40:31::SCWPlatform::DSA directory E:/vitis_projects/auto_project/full_car/IIC_included_BITSTREAM/hw
TRACE::2025-05-11.07:40:31::SCWPlatform:: Platform Path E:/vitis_projects/auto_project/full_car/IIC_included_BITSTREAM/hw/IIC_included_BITSTREAM.xsa
TRACE::2025-05-11.07:40:31::SCWPlatform:: Unique name xilinx:pynq-z2::0.0
TRACE::2025-05-11.07:40:31::SCWPlatform::Trying to set the existing hwdb with name design_1_wrapper_0
TRACE::2025-05-11.07:40:31::SCWPlatform::Opened existing hwdb design_1_wrapper_0
TRACE::2025-05-11.07:40:31::SCWPlatform::Found the Hw Db part of the input DSA
TRACE::2025-05-11.07:40:31::SCWMssOS::Checking the sw design at  E:/vitis_projects/auto_project/full_car/IIC_included_BITSTREAM/zynq_fsbl/zynq_fsbl_bsp/system.mss
TRACE::2025-05-11.07:40:31::SCWMssOS::DEBUG:  swdes dump  E:/vitis_projects/auto_project/full_car/IIC_included_BITSTREAM/ps7_cortexa9_0/standalone_ps7_cortexa9_0/bsp/system.mss|system_0||
E:/vitis_projects/auto_project/full_car/IIC_included_BITSTREAM/zynq_fsbl/zynq_fsbl_bsp/system.mss|system||

TRACE::2025-05-11.07:40:31::SCWMssOS::Sw design exists and opened at  E:/vitis_projects/auto_project/full_car/IIC_included_BITSTREAM/zynq_fsbl/zynq_fsbl_bsp/system.mss
TRACE::2025-05-11.07:40:31::SCWPlatform::Trying to open the hw design at E:/vitis_projects/auto_project/full_car/IIC_included_BITSTREAM/hw/IIC_included_BITSTREAM.xsa
TRACE::2025-05-11.07:40:31::SCWPlatform::DSA given E:/vitis_projects/auto_project/full_car/IIC_included_BITSTREAM/hw/IIC_included_BITSTREAM.xsa
TRACE::2025-05-11.07:40:31::SCWPlatform::DSA absoulate path E:/vitis_projects/auto_project/full_car/IIC_included_BITSTREAM/hw/IIC_included_BITSTREAM.xsa
TRACE::2025-05-11.07:40:31::SCWPlatform::DSA directory E:/vitis_projects/auto_project/full_car/IIC_included_BITSTREAM/hw
TRACE::2025-05-11.07:40:31::SCWPlatform:: Platform Path E:/vitis_projects/auto_project/full_car/IIC_included_BITSTREAM/hw/IIC_included_BITSTREAM.xsa
TRACE::2025-05-11.07:40:31::SCWPlatform:: Unique name xilinx:pynq-z2::0.0
TRACE::2025-05-11.07:40:31::SCWPlatform::Trying to set the existing hwdb with name design_1_wrapper_0
TRACE::2025-05-11.07:40:31::SCWPlatform::Opened existing hwdb design_1_wrapper_0
TRACE::2025-05-11.07:40:31::SCWPlatform::Found the Hw Db part of the input DSA
TRACE::2025-05-11.07:40:31::SCWMssOS::Checking the sw design at  E:/vitis_projects/auto_project/full_car/IIC_included_BITSTREAM/ps7_cortexa9_0/standalone_ps7_cortexa9_0/bsp/system.mss
TRACE::2025-05-11.07:40:31::SCWMssOS::DEBUG:  swdes dump  E:/vitis_projects/auto_project/full_car/IIC_included_BITSTREAM/ps7_cortexa9_0/standalone_ps7_cortexa9_0/bsp/system.mss|system_0||
E:/vitis_projects/auto_project/full_car/IIC_included_BITSTREAM/zynq_fsbl/zynq_fsbl_bsp/system.mss|system||

TRACE::2025-05-11.07:40:31::SCWMssOS::Sw design exists and opened at  E:/vitis_projects/auto_project/full_car/IIC_included_BITSTREAM/ps7_cortexa9_0/standalone_ps7_cortexa9_0/bsp/system.mss
TRACE::2025-05-11.07:40:31::SCWPlatform::Trying to open the hw design at E:/vitis_projects/auto_project/full_car/IIC_included_BITSTREAM/hw/IIC_included_BITSTREAM.xsa
TRACE::2025-05-11.07:40:31::SCWPlatform::DSA given E:/vitis_projects/auto_project/full_car/IIC_included_BITSTREAM/hw/IIC_included_BITSTREAM.xsa
TRACE::2025-05-11.07:40:31::SCWPlatform::DSA absoulate path E:/vitis_projects/auto_project/full_car/IIC_included_BITSTREAM/hw/IIC_included_BITSTREAM.xsa
TRACE::2025-05-11.07:40:31::SCWPlatform::DSA directory E:/vitis_projects/auto_project/full_car/IIC_included_BITSTREAM/hw
TRACE::2025-05-11.07:40:31::SCWPlatform:: Platform Path E:/vitis_projects/auto_project/full_car/IIC_included_BITSTREAM/hw/IIC_included_BITSTREAM.xsa
TRACE::2025-05-11.07:40:31::SCWPlatform:: Unique name xilinx:pynq-z2::0.0
TRACE::2025-05-11.07:40:31::SCWPlatform::Trying to set the existing hwdb with name design_1_wrapper_0
TRACE::2025-05-11.07:40:31::SCWPlatform::Opened existing hwdb design_1_wrapper_0
TRACE::2025-05-11.07:40:31::SCWPlatform::Found the Hw Db part of the input DSA
TRACE::2025-05-11.07:40:31::SCWMssOS::Checking the sw design at  E:/vitis_projects/auto_project/full_car/IIC_included_BITSTREAM/ps7_cortexa9_0/standalone_ps7_cortexa9_0/bsp/system.mss
TRACE::2025-05-11.07:40:31::SCWMssOS::DEBUG:  swdes dump  E:/vitis_projects/auto_project/full_car/IIC_included_BITSTREAM/ps7_cortexa9_0/standalone_ps7_cortexa9_0/bsp/system.mss|system_0||
E:/vitis_projects/auto_project/full_car/IIC_included_BITSTREAM/zynq_fsbl/zynq_fsbl_bsp/system.mss|system||

TRACE::2025-05-11.07:40:31::SCWMssOS::Sw design exists and opened at  E:/vitis_projects/auto_project/full_car/IIC_included_BITSTREAM/ps7_cortexa9_0/standalone_ps7_cortexa9_0/bsp/system.mss
TRACE::2025-05-11.07:40:31::SCWPlatform::Trying to open the hw design at E:/vitis_projects/auto_project/full_car/IIC_included_BITSTREAM/hw/IIC_included_BITSTREAM.xsa
TRACE::2025-05-11.07:40:31::SCWPlatform::DSA given E:/vitis_projects/auto_project/full_car/IIC_included_BITSTREAM/hw/IIC_included_BITSTREAM.xsa
TRACE::2025-05-11.07:40:31::SCWPlatform::DSA absoulate path E:/vitis_projects/auto_project/full_car/IIC_included_BITSTREAM/hw/IIC_included_BITSTREAM.xsa
TRACE::2025-05-11.07:40:31::SCWPlatform::DSA directory E:/vitis_projects/auto_project/full_car/IIC_included_BITSTREAM/hw
TRACE::2025-05-11.07:40:31::SCWPlatform:: Platform Path E:/vitis_projects/auto_project/full_car/IIC_included_BITSTREAM/hw/IIC_included_BITSTREAM.xsa
TRACE::2025-05-11.07:40:31::SCWPlatform:: Unique name xilinx:pynq-z2::0.0
TRACE::2025-05-11.07:40:31::SCWPlatform::Trying to set the existing hwdb with name design_1_wrapper_0
TRACE::2025-05-11.07:40:31::SCWPlatform::Opened existing hwdb design_1_wrapper_0
TRACE::2025-05-11.07:40:31::SCWPlatform::Found the Hw Db part of the input DSA
TRACE::2025-05-11.07:40:31::SCWMssOS::Checking the sw design at  E:/vitis_projects/auto_project/full_car/IIC_included_BITSTREAM/ps7_cortexa9_0/standalone_ps7_cortexa9_0/bsp/system.mss
TRACE::2025-05-11.07:40:31::SCWMssOS::DEBUG:  swdes dump  E:/vitis_projects/auto_project/full_car/IIC_included_BITSTREAM/ps7_cortexa9_0/standalone_ps7_cortexa9_0/bsp/system.mss|system_0||
E:/vitis_projects/auto_project/full_car/IIC_included_BITSTREAM/zynq_fsbl/zynq_fsbl_bsp/system.mss|system||

TRACE::2025-05-11.07:40:31::SCWMssOS::Sw design exists and opened at  E:/vitis_projects/auto_project/full_car/IIC_included_BITSTREAM/ps7_cortexa9_0/standalone_ps7_cortexa9_0/bsp/system.mss
TRACE::2025-05-11.07:40:31::SCWWriter::formatted JSON is {
	"platformName":	"IIC_included_BITSTREAM",
	"sprVersion":	"2.0",
	"mode":	"gui",
	"dsaType":	"Fixed",
	"platformDesc":	"IIC_included_BITSTREAM",
	"platHandOff":	"E:/Projects_E_drive/SOC_labos/xsa_files/IIC_included_BITSTREAM.xsa",
	"platIntHandOff":	"<platformDir>/hw/IIC_included_BITSTREAM.xsa",
	"deviceType":	"zynq",
	"platIsPrebuiltAutogen":	"false",
	"platIsNoBootBsp":	"false",
	"platFsblTarget":	"ps7_cortexa9_0",
	"hasFsblMakeHasChanges":	"false",
	"hasPmufwMakeHasChanges":	"false",
	"fsblExtraCompilerFlags":	"-MMD -MP       -mcpu=cortex-a9 -mfpu=vfpv3 -mfloat-abi=hard ",
	"platPreBuiltFlag":	false,
	"platformSamplesDir":	"",
	"platActiveSys":	"IIC_included_BITSTREAM",
	"systems":	[{
			"systemName":	"IIC_included_BITSTREAM",
			"systemDesc":	"IIC_included_BITSTREAM",
			"sysIsBootAutoGen":	"true",
			"systemDispName":	"IIC_included_BITSTREAM",
			"sysActiveDom":	"standalone_ps7_cortexa9_0",
			"sysDefaultDom":	"standalone_ps7_cortexa9_0",
			"domains":	[{
					"domainName":	"zynq_fsbl",
					"domainDispName":	"zynq_fsbl",
					"domainDesc":	"FSBL Application BSP - Auto Generated.",
					"processors":	"ps7_cortexa9_0",
					"os":	"standalone",
					"sdxOs":	"standalone",
					"debugEnable":	"",
					"domRuntimes":	["cpp"],
					"swRepo":	"",
					"mssOsVer":	"9.1",
					"mssFile":	"",
					"md5Digest":	"bdf62030c4d081aa908b060af63a4581",
					"compatibleApp":	"zynq_fsbl",
					"domType":	"bootDomain",
					"arch":	"32-bit",
					"appSettings":	{
						"appCompilerFlags":	"",
						"appLinkerFlags":	""
					},
					"addedLibs":	["xilffs:5.2", "xilrsa:1.8"],
					"libOptions":	{
						"libsContainingOptions":	[]
					},
					"prebuiltLibs":	{
						"prebuiltIncPath":	[],
						"prebuiltLibPath":	[]
					},
					"isolation":	{
					}
				}, {
					"domainName":	"standalone_ps7_cortexa9_0",
					"domainDispName":	"standalone_ps7_cortexa9_0",
					"domainDesc":	"standalone_ps7_cortexa9_0",
					"processors":	"ps7_cortexa9_0",
					"os":	"standalone",
					"sdxOs":	"standalone",
					"qemuArgs":	"<platformDir>/resources/IIC_included_BITSTREAM/standalone_ps7_cortexa9_0/qemu_args.txt",
					"qemuData":	"<platformDir>/resources/IIC_included_BITSTREAM/standalone_ps7_cortexa9_0/qemu",
					"debugEnable":	"False",
					"domRuntimes":	["cpp"],
					"swRepo":	"",
					"mssOsVer":	"9.1",
					"mssFile":	"",
					"md5Digest":	"86a62c3fd6eb6fed97012a85f0ab1156",
					"compatibleApp":	"hello_world",
					"domType":	"mssDomain",
					"arch":	"32-bit",
					"appSettings":	{
						"appCompilerFlags":	"",
						"appLinkerFlags":	""
					},
					"addedLibs":	[],
					"libOptions":	{
						"libsContainingOptions":	[]
					},
					"prebuiltLibs":	{
						"prebuiltIncPath":	[],
						"prebuiltLibPath":	[]
					},
					"isolation":	{
					}
				}]
		}]
}
TRACE::2025-05-11.07:40:31::SCWPlatform::Trying to open the hw design at E:/vitis_projects/auto_project/full_car/IIC_included_BITSTREAM/hw/IIC_included_BITSTREAM.xsa
TRACE::2025-05-11.07:40:31::SCWPlatform::DSA given E:/vitis_projects/auto_project/full_car/IIC_included_BITSTREAM/hw/IIC_included_BITSTREAM.xsa
TRACE::2025-05-11.07:40:31::SCWPlatform::DSA absoulate path E:/vitis_projects/auto_project/full_car/IIC_included_BITSTREAM/hw/IIC_included_BITSTREAM.xsa
TRACE::2025-05-11.07:40:31::SCWPlatform::DSA directory E:/vitis_projects/auto_project/full_car/IIC_included_BITSTREAM/hw
TRACE::2025-05-11.07:40:31::SCWPlatform:: Platform Path E:/vitis_projects/auto_project/full_car/IIC_included_BITSTREAM/hw/IIC_included_BITSTREAM.xsa
TRACE::2025-05-11.07:40:31::SCWPlatform:: Unique name xilinx:pynq-z2::0.0
TRACE::2025-05-11.07:40:31::SCWPlatform::Trying to set the existing hwdb with name design_1_wrapper_0
TRACE::2025-05-11.07:40:31::SCWPlatform::Opened existing hwdb design_1_wrapper_0
TRACE::2025-05-11.07:40:31::SCWPlatform::Found the Hw Db part of the input DSA
TRACE::2025-05-11.07:40:31::SCWMssOS::Checking the sw design at  E:/vitis_projects/auto_project/full_car/IIC_included_BITSTREAM/ps7_cortexa9_0/standalone_ps7_cortexa9_0/bsp/system.mss
TRACE::2025-05-11.07:40:31::SCWMssOS::DEBUG:  swdes dump  E:/vitis_projects/auto_project/full_car/IIC_included_BITSTREAM/ps7_cortexa9_0/standalone_ps7_cortexa9_0/bsp/system.mss|system_0||
E:/vitis_projects/auto_project/full_car/IIC_included_BITSTREAM/zynq_fsbl/zynq_fsbl_bsp/system.mss|system||

TRACE::2025-05-11.07:40:31::SCWMssOS::Sw design exists and opened at  E:/vitis_projects/auto_project/full_car/IIC_included_BITSTREAM/ps7_cortexa9_0/standalone_ps7_cortexa9_0/bsp/system.mss
TRACE::2025-05-11.07:40:31::SCWPlatform::Trying to open the hw design at E:/vitis_projects/auto_project/full_car/IIC_included_BITSTREAM/hw/IIC_included_BITSTREAM.xsa
TRACE::2025-05-11.07:40:31::SCWPlatform::DSA given E:/vitis_projects/auto_project/full_car/IIC_included_BITSTREAM/hw/IIC_included_BITSTREAM.xsa
TRACE::2025-05-11.07:40:31::SCWPlatform::DSA absoulate path E:/vitis_projects/auto_project/full_car/IIC_included_BITSTREAM/hw/IIC_included_BITSTREAM.xsa
TRACE::2025-05-11.07:40:31::SCWPlatform::DSA directory E:/vitis_projects/auto_project/full_car/IIC_included_BITSTREAM/hw
TRACE::2025-05-11.07:40:31::SCWPlatform:: Platform Path E:/vitis_projects/auto_project/full_car/IIC_included_BITSTREAM/hw/IIC_included_BITSTREAM.xsa
TRACE::2025-05-11.07:40:31::SCWPlatform:: Unique name xilinx:pynq-z2::0.0
TRACE::2025-05-11.07:40:31::SCWPlatform::Trying to set the existing hwdb with name design_1_wrapper_0
TRACE::2025-05-11.07:40:31::SCWPlatform::Opened existing hwdb design_1_wrapper_0
TRACE::2025-05-11.07:40:31::SCWPlatform::Found the Hw Db part of the input DSA
TRACE::2025-05-11.07:40:31::SCWMssOS::Checking the sw design at  E:/vitis_projects/auto_project/full_car/IIC_included_BITSTREAM/ps7_cortexa9_0/standalone_ps7_cortexa9_0/bsp/system.mss
TRACE::2025-05-11.07:40:31::SCWMssOS::DEBUG:  swdes dump  E:/vitis_projects/auto_project/full_car/IIC_included_BITSTREAM/ps7_cortexa9_0/standalone_ps7_cortexa9_0/bsp/system.mss|system_0||
E:/vitis_projects/auto_project/full_car/IIC_included_BITSTREAM/zynq_fsbl/zynq_fsbl_bsp/system.mss|system||

TRACE::2025-05-11.07:40:31::SCWMssOS::Sw design exists and opened at  E:/vitis_projects/auto_project/full_car/IIC_included_BITSTREAM/ps7_cortexa9_0/standalone_ps7_cortexa9_0/bsp/system.mss
TRACE::2025-05-11.07:40:31::SCWMssOS::Saving the mss changes E:/vitis_projects/auto_project/full_car/IIC_included_BITSTREAM/zynq_fsbl/zynq_fsbl_bsp/system.mss
TRACE::2025-05-11.07:40:31::SCWMssOS::Found a swdesign opened with the mssfile.
TRACE::2025-05-11.07:40:31::SCWMssOS::Completed writemss as part of save.
TRACE::2025-05-11.07:40:31::SCWMssOS::Commit changes completed.
TRACE::2025-05-11.07:40:31::SCWMssOS::Saving the mss changes E:/vitis_projects/auto_project/full_car/IIC_included_BITSTREAM/ps7_cortexa9_0/standalone_ps7_cortexa9_0/bsp/system.mss
TRACE::2025-05-11.07:40:31::SCWMssOS::Found a swdesign opened with the mssfile.
TRACE::2025-05-11.07:40:31::SCWMssOS::Completed writemss as part of save.
TRACE::2025-05-11.07:40:31::SCWMssOS::Commit changes completed.
TRACE::2025-05-11.07:40:31::SCWPlatform::Trying to open the hw design at E:/vitis_projects/auto_project/full_car/IIC_included_BITSTREAM/hw/IIC_included_BITSTREAM.xsa
TRACE::2025-05-11.07:40:31::SCWPlatform::DSA given E:/vitis_projects/auto_project/full_car/IIC_included_BITSTREAM/hw/IIC_included_BITSTREAM.xsa
TRACE::2025-05-11.07:40:31::SCWPlatform::DSA absoulate path E:/vitis_projects/auto_project/full_car/IIC_included_BITSTREAM/hw/IIC_included_BITSTREAM.xsa
TRACE::2025-05-11.07:40:31::SCWPlatform::DSA directory E:/vitis_projects/auto_project/full_car/IIC_included_BITSTREAM/hw
TRACE::2025-05-11.07:40:31::SCWPlatform:: Platform Path E:/vitis_projects/auto_project/full_car/IIC_included_BITSTREAM/hw/IIC_included_BITSTREAM.xsa
TRACE::2025-05-11.07:40:31::SCWPlatform:: Unique name xilinx:pynq-z2::0.0
TRACE::2025-05-11.07:40:31::SCWPlatform::Trying to set the existing hwdb with name design_1_wrapper_0
TRACE::2025-05-11.07:40:31::SCWPlatform::Opened existing hwdb design_1_wrapper_0
TRACE::2025-05-11.07:40:31::SCWPlatform::Found the Hw Db part of the input DSA
TRACE::2025-05-11.07:40:31::SCWMssOS::Checking the sw design at  E:/vitis_projects/auto_project/full_car/IIC_included_BITSTREAM/zynq_fsbl/zynq_fsbl_bsp/system.mss
TRACE::2025-05-11.07:40:31::SCWMssOS::DEBUG:  swdes dump  E:/vitis_projects/auto_project/full_car/IIC_included_BITSTREAM/ps7_cortexa9_0/standalone_ps7_cortexa9_0/bsp/system.mss|system_0||
E:/vitis_projects/auto_project/full_car/IIC_included_BITSTREAM/zynq_fsbl/zynq_fsbl_bsp/system.mss|system||

TRACE::2025-05-11.07:40:31::SCWMssOS::Sw design exists and opened at  E:/vitis_projects/auto_project/full_car/IIC_included_BITSTREAM/zynq_fsbl/zynq_fsbl_bsp/system.mss
TRACE::2025-05-11.07:40:31::SCWPlatform::Trying to open the hw design at E:/vitis_projects/auto_project/full_car/IIC_included_BITSTREAM/hw/IIC_included_BITSTREAM.xsa
TRACE::2025-05-11.07:40:31::SCWPlatform::DSA given E:/vitis_projects/auto_project/full_car/IIC_included_BITSTREAM/hw/IIC_included_BITSTREAM.xsa
TRACE::2025-05-11.07:40:31::SCWPlatform::DSA absoulate path E:/vitis_projects/auto_project/full_car/IIC_included_BITSTREAM/hw/IIC_included_BITSTREAM.xsa
TRACE::2025-05-11.07:40:31::SCWPlatform::DSA directory E:/vitis_projects/auto_project/full_car/IIC_included_BITSTREAM/hw
TRACE::2025-05-11.07:40:31::SCWPlatform:: Platform Path E:/vitis_projects/auto_project/full_car/IIC_included_BITSTREAM/hw/IIC_included_BITSTREAM.xsa
TRACE::2025-05-11.07:40:31::SCWPlatform:: Unique name xilinx:pynq-z2::0.0
TRACE::2025-05-11.07:40:31::SCWPlatform::Trying to set the existing hwdb with name design_1_wrapper_0
TRACE::2025-05-11.07:40:31::SCWPlatform::Opened existing hwdb design_1_wrapper_0
TRACE::2025-05-11.07:40:31::SCWPlatform::Found the Hw Db part of the input DSA
TRACE::2025-05-11.07:40:31::SCWMssOS::Checking the sw design at  E:/vitis_projects/auto_project/full_car/IIC_included_BITSTREAM/zynq_fsbl/zynq_fsbl_bsp/system.mss
TRACE::2025-05-11.07:40:31::SCWMssOS::DEBUG:  swdes dump  E:/vitis_projects/auto_project/full_car/IIC_included_BITSTREAM/ps7_cortexa9_0/standalone_ps7_cortexa9_0/bsp/system.mss|system_0||
E:/vitis_projects/auto_project/full_car/IIC_included_BITSTREAM/zynq_fsbl/zynq_fsbl_bsp/system.mss|system||

TRACE::2025-05-11.07:40:31::SCWMssOS::Sw design exists and opened at  E:/vitis_projects/auto_project/full_car/IIC_included_BITSTREAM/zynq_fsbl/zynq_fsbl_bsp/system.mss
TRACE::2025-05-11.07:40:31::SCWPlatform::Trying to open the hw design at E:/vitis_projects/auto_project/full_car/IIC_included_BITSTREAM/hw/IIC_included_BITSTREAM.xsa
TRACE::2025-05-11.07:40:31::SCWPlatform::DSA given E:/vitis_projects/auto_project/full_car/IIC_included_BITSTREAM/hw/IIC_included_BITSTREAM.xsa
TRACE::2025-05-11.07:40:31::SCWPlatform::DSA absoulate path E:/vitis_projects/auto_project/full_car/IIC_included_BITSTREAM/hw/IIC_included_BITSTREAM.xsa
TRACE::2025-05-11.07:40:31::SCWPlatform::DSA directory E:/vitis_projects/auto_project/full_car/IIC_included_BITSTREAM/hw
TRACE::2025-05-11.07:40:31::SCWPlatform:: Platform Path E:/vitis_projects/auto_project/full_car/IIC_included_BITSTREAM/hw/IIC_included_BITSTREAM.xsa
TRACE::2025-05-11.07:40:31::SCWPlatform:: Unique name xilinx:pynq-z2::0.0
TRACE::2025-05-11.07:40:31::SCWPlatform::Trying to set the existing hwdb with name design_1_wrapper_0
TRACE::2025-05-11.07:40:31::SCWPlatform::Opened existing hwdb design_1_wrapper_0
TRACE::2025-05-11.07:40:31::SCWPlatform::Found the Hw Db part of the input DSA
TRACE::2025-05-11.07:40:31::SCWMssOS::Checking the sw design at  E:/vitis_projects/auto_project/full_car/IIC_included_BITSTREAM/zynq_fsbl/zynq_fsbl_bsp/system.mss
TRACE::2025-05-11.07:40:31::SCWMssOS::DEBUG:  swdes dump  E:/vitis_projects/auto_project/full_car/IIC_included_BITSTREAM/ps7_cortexa9_0/standalone_ps7_cortexa9_0/bsp/system.mss|system_0||
E:/vitis_projects/auto_project/full_car/IIC_included_BITSTREAM/zynq_fsbl/zynq_fsbl_bsp/system.mss|system||

TRACE::2025-05-11.07:40:31::SCWMssOS::Sw design exists and opened at  E:/vitis_projects/auto_project/full_car/IIC_included_BITSTREAM/zynq_fsbl/zynq_fsbl_bsp/system.mss
TRACE::2025-05-11.07:40:31::SCWPlatform::Trying to open the hw design at E:/vitis_projects/auto_project/full_car/IIC_included_BITSTREAM/hw/IIC_included_BITSTREAM.xsa
TRACE::2025-05-11.07:40:31::SCWPlatform::DSA given E:/vitis_projects/auto_project/full_car/IIC_included_BITSTREAM/hw/IIC_included_BITSTREAM.xsa
TRACE::2025-05-11.07:40:31::SCWPlatform::DSA absoulate path E:/vitis_projects/auto_project/full_car/IIC_included_BITSTREAM/hw/IIC_included_BITSTREAM.xsa
TRACE::2025-05-11.07:40:31::SCWPlatform::DSA directory E:/vitis_projects/auto_project/full_car/IIC_included_BITSTREAM/hw
TRACE::2025-05-11.07:40:31::SCWPlatform:: Platform Path E:/vitis_projects/auto_project/full_car/IIC_included_BITSTREAM/hw/IIC_included_BITSTREAM.xsa
TRACE::2025-05-11.07:40:31::SCWPlatform:: Unique name xilinx:pynq-z2::0.0
TRACE::2025-05-11.07:40:31::SCWPlatform::Trying to set the existing hwdb with name design_1_wrapper_0
TRACE::2025-05-11.07:40:31::SCWPlatform::Opened existing hwdb design_1_wrapper_0
TRACE::2025-05-11.07:40:31::SCWPlatform::Found the Hw Db part of the input DSA
TRACE::2025-05-11.07:40:31::SCWMssOS::Checking the sw design at  E:/vitis_projects/auto_project/full_car/IIC_included_BITSTREAM/ps7_cortexa9_0/standalone_ps7_cortexa9_0/bsp/system.mss
TRACE::2025-05-11.07:40:31::SCWMssOS::DEBUG:  swdes dump  E:/vitis_projects/auto_project/full_car/IIC_included_BITSTREAM/ps7_cortexa9_0/standalone_ps7_cortexa9_0/bsp/system.mss|system_0||
E:/vitis_projects/auto_project/full_car/IIC_included_BITSTREAM/zynq_fsbl/zynq_fsbl_bsp/system.mss|system||

TRACE::2025-05-11.07:40:31::SCWMssOS::Sw design exists and opened at  E:/vitis_projects/auto_project/full_car/IIC_included_BITSTREAM/ps7_cortexa9_0/standalone_ps7_cortexa9_0/bsp/system.mss
TRACE::2025-05-11.07:40:31::SCWPlatform::Trying to open the hw design at E:/vitis_projects/auto_project/full_car/IIC_included_BITSTREAM/hw/IIC_included_BITSTREAM.xsa
TRACE::2025-05-11.07:40:31::SCWPlatform::DSA given E:/vitis_projects/auto_project/full_car/IIC_included_BITSTREAM/hw/IIC_included_BITSTREAM.xsa
TRACE::2025-05-11.07:40:31::SCWPlatform::DSA absoulate path E:/vitis_projects/auto_project/full_car/IIC_included_BITSTREAM/hw/IIC_included_BITSTREAM.xsa
TRACE::2025-05-11.07:40:31::SCWPlatform::DSA directory E:/vitis_projects/auto_project/full_car/IIC_included_BITSTREAM/hw
TRACE::2025-05-11.07:40:31::SCWPlatform:: Platform Path E:/vitis_projects/auto_project/full_car/IIC_included_BITSTREAM/hw/IIC_included_BITSTREAM.xsa
TRACE::2025-05-11.07:40:31::SCWPlatform:: Unique name xilinx:pynq-z2::0.0
TRACE::2025-05-11.07:40:31::SCWPlatform::Trying to set the existing hwdb with name design_1_wrapper_0
TRACE::2025-05-11.07:40:31::SCWPlatform::Opened existing hwdb design_1_wrapper_0
TRACE::2025-05-11.07:40:31::SCWPlatform::Found the Hw Db part of the input DSA
TRACE::2025-05-11.07:40:31::SCWMssOS::Checking the sw design at  E:/vitis_projects/auto_project/full_car/IIC_included_BITSTREAM/ps7_cortexa9_0/standalone_ps7_cortexa9_0/bsp/system.mss
TRACE::2025-05-11.07:40:31::SCWMssOS::DEBUG:  swdes dump  E:/vitis_projects/auto_project/full_car/IIC_included_BITSTREAM/ps7_cortexa9_0/standalone_ps7_cortexa9_0/bsp/system.mss|system_0||
E:/vitis_projects/auto_project/full_car/IIC_included_BITSTREAM/zynq_fsbl/zynq_fsbl_bsp/system.mss|system||

TRACE::2025-05-11.07:40:31::SCWMssOS::Sw design exists and opened at  E:/vitis_projects/auto_project/full_car/IIC_included_BITSTREAM/ps7_cortexa9_0/standalone_ps7_cortexa9_0/bsp/system.mss
TRACE::2025-05-11.07:40:31::SCWPlatform::Trying to open the hw design at E:/vitis_projects/auto_project/full_car/IIC_included_BITSTREAM/hw/IIC_included_BITSTREAM.xsa
TRACE::2025-05-11.07:40:31::SCWPlatform::DSA given E:/vitis_projects/auto_project/full_car/IIC_included_BITSTREAM/hw/IIC_included_BITSTREAM.xsa
TRACE::2025-05-11.07:40:31::SCWPlatform::DSA absoulate path E:/vitis_projects/auto_project/full_car/IIC_included_BITSTREAM/hw/IIC_included_BITSTREAM.xsa
TRACE::2025-05-11.07:40:31::SCWPlatform::DSA directory E:/vitis_projects/auto_project/full_car/IIC_included_BITSTREAM/hw
TRACE::2025-05-11.07:40:31::SCWPlatform:: Platform Path E:/vitis_projects/auto_project/full_car/IIC_included_BITSTREAM/hw/IIC_included_BITSTREAM.xsa
TRACE::2025-05-11.07:40:31::SCWPlatform:: Unique name xilinx:pynq-z2::0.0
TRACE::2025-05-11.07:40:31::SCWPlatform::Trying to set the existing hwdb with name design_1_wrapper_0
TRACE::2025-05-11.07:40:31::SCWPlatform::Opened existing hwdb design_1_wrapper_0
TRACE::2025-05-11.07:40:31::SCWPlatform::Found the Hw Db part of the input DSA
TRACE::2025-05-11.07:40:31::SCWMssOS::Checking the sw design at  E:/vitis_projects/auto_project/full_car/IIC_included_BITSTREAM/ps7_cortexa9_0/standalone_ps7_cortexa9_0/bsp/system.mss
TRACE::2025-05-11.07:40:31::SCWMssOS::DEBUG:  swdes dump  E:/vitis_projects/auto_project/full_car/IIC_included_BITSTREAM/ps7_cortexa9_0/standalone_ps7_cortexa9_0/bsp/system.mss|system_0||
E:/vitis_projects/auto_project/full_car/IIC_included_BITSTREAM/zynq_fsbl/zynq_fsbl_bsp/system.mss|system||

TRACE::2025-05-11.07:40:31::SCWMssOS::Sw design exists and opened at  E:/vitis_projects/auto_project/full_car/IIC_included_BITSTREAM/ps7_cortexa9_0/standalone_ps7_cortexa9_0/bsp/system.mss
TRACE::2025-05-11.07:40:31::SCWWriter::formatted JSON is {
	"platformName":	"IIC_included_BITSTREAM",
	"sprVersion":	"2.0",
	"mode":	"gui",
	"dsaType":	"Fixed",
	"platformDesc":	"IIC_included_BITSTREAM",
	"platHandOff":	"E:/Projects_E_drive/SOC_labos/xsa_files/IIC_included_BITSTREAM.xsa",
	"platIntHandOff":	"<platformDir>/hw/IIC_included_BITSTREAM.xsa",
	"deviceType":	"zynq",
	"platIsPrebuiltAutogen":	"false",
	"platIsNoBootBsp":	"false",
	"platFsblTarget":	"ps7_cortexa9_0",
	"hasFsblMakeHasChanges":	"false",
	"hasPmufwMakeHasChanges":	"false",
	"fsblExtraCompilerFlags":	"-MMD -MP       -mcpu=cortex-a9 -mfpu=vfpv3 -mfloat-abi=hard ",
	"platPreBuiltFlag":	false,
	"platformSamplesDir":	"",
	"platActiveSys":	"IIC_included_BITSTREAM",
	"systems":	[{
			"systemName":	"IIC_included_BITSTREAM",
			"systemDesc":	"IIC_included_BITSTREAM",
			"sysIsBootAutoGen":	"true",
			"systemDispName":	"IIC_included_BITSTREAM",
			"sysActiveDom":	"standalone_ps7_cortexa9_0",
			"sysDefaultDom":	"standalone_ps7_cortexa9_0",
			"domains":	[{
					"domainName":	"zynq_fsbl",
					"domainDispName":	"zynq_fsbl",
					"domainDesc":	"FSBL Application BSP - Auto Generated.",
					"processors":	"ps7_cortexa9_0",
					"os":	"standalone",
					"sdxOs":	"standalone",
					"debugEnable":	"",
					"domRuntimes":	["cpp"],
					"swRepo":	"",
					"mssOsVer":	"9.1",
					"mssFile":	"",
					"md5Digest":	"bdf62030c4d081aa908b060af63a4581",
					"compatibleApp":	"zynq_fsbl",
					"domType":	"bootDomain",
					"arch":	"32-bit",
					"appSettings":	{
						"appCompilerFlags":	"",
						"appLinkerFlags":	""
					},
					"addedLibs":	["xilffs:5.2", "xilrsa:1.8"],
					"libOptions":	{
						"libsContainingOptions":	[]
					},
					"prebuiltLibs":	{
						"prebuiltIncPath":	[],
						"prebuiltLibPath":	[]
					},
					"isolation":	{
					}
				}, {
					"domainName":	"standalone_ps7_cortexa9_0",
					"domainDispName":	"standalone_ps7_cortexa9_0",
					"domainDesc":	"standalone_ps7_cortexa9_0",
					"processors":	"ps7_cortexa9_0",
					"os":	"standalone",
					"sdxOs":	"standalone",
					"qemuArgs":	"<platformDir>/resources/IIC_included_BITSTREAM/standalone_ps7_cortexa9_0/qemu_args.txt",
					"qemuData":	"<platformDir>/resources/IIC_included_BITSTREAM/standalone_ps7_cortexa9_0/qemu",
					"debugEnable":	"False",
					"domRuntimes":	["cpp"],
					"swRepo":	"",
					"mssOsVer":	"9.1",
					"mssFile":	"",
					"md5Digest":	"86a62c3fd6eb6fed97012a85f0ab1156",
					"compatibleApp":	"hello_world",
					"domType":	"mssDomain",
					"arch":	"32-bit",
					"appSettings":	{
						"appCompilerFlags":	"",
						"appLinkerFlags":	""
					},
					"addedLibs":	[],
					"libOptions":	{
						"libsContainingOptions":	[]
					},
					"prebuiltLibs":	{
						"prebuiltIncPath":	[],
						"prebuiltLibPath":	[]
					},
					"isolation":	{
					}
				}]
		}]
}
LOG::2025-05-11.07:40:31::SCWPlatform::Started generating the artifacts platform IIC_included_BITSTREAM
TRACE::2025-05-11.07:40:31::SCWPlatform::Sanity checking of platform is completed
LOG::2025-05-11.07:40:31::SCWPlatform::Started generating the artifacts for system configuration IIC_included_BITSTREAM
LOG::2025-05-11.07:40:31::SCWSystem::Started Processing the domain standalone_ps7_cortexa9_0
TRACE::2025-05-11.07:40:31::SCWDomain::Generating domain artifcats
TRACE::2025-05-11.07:40:31::SCWMssOS::Generating standalone artifcats
TRACE::2025-05-11.07:40:31::SCWMssOS::Copying the qemu file from  E:/vitis_projects/auto_project/full_car/IIC_included_BITSTREAM/resources/IIC_included_BITSTREAM/standalone_ps7_cortexa9_0/qemu_args.txt To E:/vitis_projects/auto_project/full_car/IIC_included_BITSTREAM/export/IIC_included_BITSTREAM/sw/IIC_included_BITSTREAM/qemu/
TRACE::2025-05-11.07:40:31::SCWMssOS::Copying the qemu file from  E:/vitis_projects/auto_project/full_car/IIC_included_BITSTREAM/resources/IIC_included_BITSTREAM/standalone_ps7_cortexa9_0/qemu_args.txt To E:/vitis_projects/auto_project/full_car/IIC_included_BITSTREAM/export/IIC_included_BITSTREAM/sw/IIC_included_BITSTREAM/standalone_ps7_cortexa9_0/qemu/
TRACE::2025-05-11.07:40:31::SCWMssOS:: Copying the user libraries. 
TRACE::2025-05-11.07:40:31::SCWPlatform::Trying to open the hw design at E:/vitis_projects/auto_project/full_car/IIC_included_BITSTREAM/hw/IIC_included_BITSTREAM.xsa
TRACE::2025-05-11.07:40:31::SCWPlatform::DSA given E:/vitis_projects/auto_project/full_car/IIC_included_BITSTREAM/hw/IIC_included_BITSTREAM.xsa
TRACE::2025-05-11.07:40:31::SCWPlatform::DSA absoulate path E:/vitis_projects/auto_project/full_car/IIC_included_BITSTREAM/hw/IIC_included_BITSTREAM.xsa
TRACE::2025-05-11.07:40:31::SCWPlatform::DSA directory E:/vitis_projects/auto_project/full_car/IIC_included_BITSTREAM/hw
TRACE::2025-05-11.07:40:31::SCWPlatform:: Platform Path E:/vitis_projects/auto_project/full_car/IIC_included_BITSTREAM/hw/IIC_included_BITSTREAM.xsa
TRACE::2025-05-11.07:40:31::SCWPlatform:: Unique name xilinx:pynq-z2::0.0
TRACE::2025-05-11.07:40:31::SCWPlatform::Trying to set the existing hwdb with name design_1_wrapper_0
TRACE::2025-05-11.07:40:31::SCWPlatform::Opened existing hwdb design_1_wrapper_0
TRACE::2025-05-11.07:40:31::SCWPlatform::Found the Hw Db part of the input DSA
TRACE::2025-05-11.07:40:31::SCWMssOS::Checking the sw design at  E:/vitis_projects/auto_project/full_car/IIC_included_BITSTREAM/ps7_cortexa9_0/standalone_ps7_cortexa9_0/bsp/system.mss
TRACE::2025-05-11.07:40:31::SCWMssOS::DEBUG:  swdes dump  E:/vitis_projects/auto_project/full_car/IIC_included_BITSTREAM/ps7_cortexa9_0/standalone_ps7_cortexa9_0/bsp/system.mss|system_0||
E:/vitis_projects/auto_project/full_car/IIC_included_BITSTREAM/zynq_fsbl/zynq_fsbl_bsp/system.mss|system||

TRACE::2025-05-11.07:40:31::SCWMssOS::Sw design exists and opened at  E:/vitis_projects/auto_project/full_car/IIC_included_BITSTREAM/ps7_cortexa9_0/standalone_ps7_cortexa9_0/bsp/system.mss
TRACE::2025-05-11.07:40:31::SCWMssOS::Completed writing the mss file at E:/vitis_projects/auto_project/full_car/IIC_included_BITSTREAM/ps7_cortexa9_0/standalone_ps7_cortexa9_0/bsp
TRACE::2025-05-11.07:40:31::SCWMssOS::Mss edits present, copying mssfile into export location E:/vitis_projects/auto_project/full_car/IIC_included_BITSTREAM/ps7_cortexa9_0/standalone_ps7_cortexa9_0/bsp/system.mss
TRACE::2025-05-11.07:40:31::SCWMssOS::bsp generated is upto date with the mss file. Skipping bsp generation.
TRACE::2025-05-11.07:40:31::SCWMssOS::BSP is already built. skipping the bsp build ... 
TRACE::2025-05-11.07:40:31::SCWDomain::Building the domain as part of full build :  standalone_ps7_cortexa9_0
TRACE::2025-05-11.07:40:31::SCWMssOS::skipping the bsp build ... 
TRACE::2025-05-11.07:40:31::SCWMssOS::Copying to export directory.
TRACE::2025-05-11.07:40:31::SCWMssOS:: Checking if to create the Supporting Applications
TRACE::2025-05-11.07:40:31::SCWMssOS:: No Linux domain exists, trying to generate FSBL 
TRACE::2025-05-11.07:40:31::SCWMssOS:: Completed Standalone Artifacts creation 
LOG::2025-05-11.07:40:31::SCWSystem::Completed Processing the domain standalone_ps7_cortexa9_0
LOG::2025-05-11.07:40:31::SCWSystem::Completed Processing the sysconfig IIC_included_BITSTREAM
LOG::2025-05-11.07:40:31::SCWPlatform::Completed generating the artifacts for system configuration IIC_included_BITSTREAM
TRACE::2025-05-11.07:40:31::SCWPlatform::Started preparing the platform 
TRACE::2025-05-11.07:40:31::SCWSystem::Writing the bif file for system config IIC_included_BITSTREAM
TRACE::2025-05-11.07:40:31::SCWSystem::dir created 
TRACE::2025-05-11.07:40:31::SCWSystem::Writing the bif 
TRACE::2025-05-11.07:40:31::SCWPlatform::Started writing the spfm file 
TRACE::2025-05-11.07:40:31::SCWPlatform::Started writing the xpfm file 
TRACE::2025-05-11.07:40:31::SCWPlatform::Completed generating the platform
TRACE::2025-05-11.07:40:31::SCWMssOS::Saving the mss changes E:/vitis_projects/auto_project/full_car/IIC_included_BITSTREAM/zynq_fsbl/zynq_fsbl_bsp/system.mss
TRACE::2025-05-11.07:40:31::SCWMssOS::Found a swdesign opened with the mssfile.
TRACE::2025-05-11.07:40:31::SCWMssOS::Completed writemss as part of save.
TRACE::2025-05-11.07:40:31::SCWMssOS::Commit changes completed.
TRACE::2025-05-11.07:40:31::SCWMssOS::Saving the mss changes E:/vitis_projects/auto_project/full_car/IIC_included_BITSTREAM/ps7_cortexa9_0/standalone_ps7_cortexa9_0/bsp/system.mss
TRACE::2025-05-11.07:40:31::SCWMssOS::Found a swdesign opened with the mssfile.
TRACE::2025-05-11.07:40:31::SCWMssOS::Completed writemss as part of save.
TRACE::2025-05-11.07:40:31::SCWMssOS::Commit changes completed.
TRACE::2025-05-11.07:40:31::SCWPlatform::Trying to open the hw design at E:/vitis_projects/auto_project/full_car/IIC_included_BITSTREAM/hw/IIC_included_BITSTREAM.xsa
TRACE::2025-05-11.07:40:31::SCWPlatform::DSA given E:/vitis_projects/auto_project/full_car/IIC_included_BITSTREAM/hw/IIC_included_BITSTREAM.xsa
TRACE::2025-05-11.07:40:31::SCWPlatform::DSA absoulate path E:/vitis_projects/auto_project/full_car/IIC_included_BITSTREAM/hw/IIC_included_BITSTREAM.xsa
TRACE::2025-05-11.07:40:31::SCWPlatform::DSA directory E:/vitis_projects/auto_project/full_car/IIC_included_BITSTREAM/hw
TRACE::2025-05-11.07:40:31::SCWPlatform:: Platform Path E:/vitis_projects/auto_project/full_car/IIC_included_BITSTREAM/hw/IIC_included_BITSTREAM.xsa
TRACE::2025-05-11.07:40:31::SCWPlatform:: Unique name xilinx:pynq-z2::0.0
TRACE::2025-05-11.07:40:31::SCWPlatform::Trying to set the existing hwdb with name design_1_wrapper_0
TRACE::2025-05-11.07:40:31::SCWPlatform::Opened existing hwdb design_1_wrapper_0
TRACE::2025-05-11.07:40:31::SCWPlatform::Found the Hw Db part of the input DSA
TRACE::2025-05-11.07:40:31::SCWMssOS::Checking the sw design at  E:/vitis_projects/auto_project/full_car/IIC_included_BITSTREAM/zynq_fsbl/zynq_fsbl_bsp/system.mss
TRACE::2025-05-11.07:40:31::SCWMssOS::DEBUG:  swdes dump  E:/vitis_projects/auto_project/full_car/IIC_included_BITSTREAM/ps7_cortexa9_0/standalone_ps7_cortexa9_0/bsp/system.mss|system_0||
E:/vitis_projects/auto_project/full_car/IIC_included_BITSTREAM/zynq_fsbl/zynq_fsbl_bsp/system.mss|system||

TRACE::2025-05-11.07:40:31::SCWMssOS::Sw design exists and opened at  E:/vitis_projects/auto_project/full_car/IIC_included_BITSTREAM/zynq_fsbl/zynq_fsbl_bsp/system.mss
TRACE::2025-05-11.07:40:31::SCWPlatform::Trying to open the hw design at E:/vitis_projects/auto_project/full_car/IIC_included_BITSTREAM/hw/IIC_included_BITSTREAM.xsa
TRACE::2025-05-11.07:40:31::SCWPlatform::DSA given E:/vitis_projects/auto_project/full_car/IIC_included_BITSTREAM/hw/IIC_included_BITSTREAM.xsa
TRACE::2025-05-11.07:40:31::SCWPlatform::DSA absoulate path E:/vitis_projects/auto_project/full_car/IIC_included_BITSTREAM/hw/IIC_included_BITSTREAM.xsa
TRACE::2025-05-11.07:40:31::SCWPlatform::DSA directory E:/vitis_projects/auto_project/full_car/IIC_included_BITSTREAM/hw
TRACE::2025-05-11.07:40:31::SCWPlatform:: Platform Path E:/vitis_projects/auto_project/full_car/IIC_included_BITSTREAM/hw/IIC_included_BITSTREAM.xsa
TRACE::2025-05-11.07:40:31::SCWPlatform:: Unique name xilinx:pynq-z2::0.0
TRACE::2025-05-11.07:40:31::SCWPlatform::Trying to set the existing hwdb with name design_1_wrapper_0
TRACE::2025-05-11.07:40:31::SCWPlatform::Opened existing hwdb design_1_wrapper_0
TRACE::2025-05-11.07:40:31::SCWPlatform::Found the Hw Db part of the input DSA
TRACE::2025-05-11.07:40:31::SCWMssOS::Checking the sw design at  E:/vitis_projects/auto_project/full_car/IIC_included_BITSTREAM/zynq_fsbl/zynq_fsbl_bsp/system.mss
TRACE::2025-05-11.07:40:31::SCWMssOS::DEBUG:  swdes dump  E:/vitis_projects/auto_project/full_car/IIC_included_BITSTREAM/ps7_cortexa9_0/standalone_ps7_cortexa9_0/bsp/system.mss|system_0||
E:/vitis_projects/auto_project/full_car/IIC_included_BITSTREAM/zynq_fsbl/zynq_fsbl_bsp/system.mss|system||

TRACE::2025-05-11.07:40:31::SCWMssOS::Sw design exists and opened at  E:/vitis_projects/auto_project/full_car/IIC_included_BITSTREAM/zynq_fsbl/zynq_fsbl_bsp/system.mss
TRACE::2025-05-11.07:40:31::SCWPlatform::Trying to open the hw design at E:/vitis_projects/auto_project/full_car/IIC_included_BITSTREAM/hw/IIC_included_BITSTREAM.xsa
TRACE::2025-05-11.07:40:31::SCWPlatform::DSA given E:/vitis_projects/auto_project/full_car/IIC_included_BITSTREAM/hw/IIC_included_BITSTREAM.xsa
TRACE::2025-05-11.07:40:31::SCWPlatform::DSA absoulate path E:/vitis_projects/auto_project/full_car/IIC_included_BITSTREAM/hw/IIC_included_BITSTREAM.xsa
TRACE::2025-05-11.07:40:31::SCWPlatform::DSA directory E:/vitis_projects/auto_project/full_car/IIC_included_BITSTREAM/hw
TRACE::2025-05-11.07:40:31::SCWPlatform:: Platform Path E:/vitis_projects/auto_project/full_car/IIC_included_BITSTREAM/hw/IIC_included_BITSTREAM.xsa
TRACE::2025-05-11.07:40:31::SCWPlatform:: Unique name xilinx:pynq-z2::0.0
TRACE::2025-05-11.07:40:31::SCWPlatform::Trying to set the existing hwdb with name design_1_wrapper_0
TRACE::2025-05-11.07:40:31::SCWPlatform::Opened existing hwdb design_1_wrapper_0
TRACE::2025-05-11.07:40:31::SCWPlatform::Found the Hw Db part of the input DSA
TRACE::2025-05-11.07:40:31::SCWMssOS::Checking the sw design at  E:/vitis_projects/auto_project/full_car/IIC_included_BITSTREAM/zynq_fsbl/zynq_fsbl_bsp/system.mss
TRACE::2025-05-11.07:40:31::SCWMssOS::DEBUG:  swdes dump  E:/vitis_projects/auto_project/full_car/IIC_included_BITSTREAM/ps7_cortexa9_0/standalone_ps7_cortexa9_0/bsp/system.mss|system_0||
E:/vitis_projects/auto_project/full_car/IIC_included_BITSTREAM/zynq_fsbl/zynq_fsbl_bsp/system.mss|system||

TRACE::2025-05-11.07:40:31::SCWMssOS::Sw design exists and opened at  E:/vitis_projects/auto_project/full_car/IIC_included_BITSTREAM/zynq_fsbl/zynq_fsbl_bsp/system.mss
TRACE::2025-05-11.07:40:31::SCWPlatform::Trying to open the hw design at E:/vitis_projects/auto_project/full_car/IIC_included_BITSTREAM/hw/IIC_included_BITSTREAM.xsa
TRACE::2025-05-11.07:40:31::SCWPlatform::DSA given E:/vitis_projects/auto_project/full_car/IIC_included_BITSTREAM/hw/IIC_included_BITSTREAM.xsa
TRACE::2025-05-11.07:40:31::SCWPlatform::DSA absoulate path E:/vitis_projects/auto_project/full_car/IIC_included_BITSTREAM/hw/IIC_included_BITSTREAM.xsa
TRACE::2025-05-11.07:40:31::SCWPlatform::DSA directory E:/vitis_projects/auto_project/full_car/IIC_included_BITSTREAM/hw
TRACE::2025-05-11.07:40:31::SCWPlatform:: Platform Path E:/vitis_projects/auto_project/full_car/IIC_included_BITSTREAM/hw/IIC_included_BITSTREAM.xsa
TRACE::2025-05-11.07:40:31::SCWPlatform:: Unique name xilinx:pynq-z2::0.0
TRACE::2025-05-11.07:40:31::SCWPlatform::Trying to set the existing hwdb with name design_1_wrapper_0
TRACE::2025-05-11.07:40:31::SCWPlatform::Opened existing hwdb design_1_wrapper_0
TRACE::2025-05-11.07:40:31::SCWPlatform::Found the Hw Db part of the input DSA
TRACE::2025-05-11.07:40:31::SCWMssOS::Checking the sw design at  E:/vitis_projects/auto_project/full_car/IIC_included_BITSTREAM/ps7_cortexa9_0/standalone_ps7_cortexa9_0/bsp/system.mss
TRACE::2025-05-11.07:40:31::SCWMssOS::DEBUG:  swdes dump  E:/vitis_projects/auto_project/full_car/IIC_included_BITSTREAM/ps7_cortexa9_0/standalone_ps7_cortexa9_0/bsp/system.mss|system_0||
E:/vitis_projects/auto_project/full_car/IIC_included_BITSTREAM/zynq_fsbl/zynq_fsbl_bsp/system.mss|system||

TRACE::2025-05-11.07:40:31::SCWMssOS::Sw design exists and opened at  E:/vitis_projects/auto_project/full_car/IIC_included_BITSTREAM/ps7_cortexa9_0/standalone_ps7_cortexa9_0/bsp/system.mss
TRACE::2025-05-11.07:40:31::SCWPlatform::Trying to open the hw design at E:/vitis_projects/auto_project/full_car/IIC_included_BITSTREAM/hw/IIC_included_BITSTREAM.xsa
TRACE::2025-05-11.07:40:31::SCWPlatform::DSA given E:/vitis_projects/auto_project/full_car/IIC_included_BITSTREAM/hw/IIC_included_BITSTREAM.xsa
TRACE::2025-05-11.07:40:31::SCWPlatform::DSA absoulate path E:/vitis_projects/auto_project/full_car/IIC_included_BITSTREAM/hw/IIC_included_BITSTREAM.xsa
TRACE::2025-05-11.07:40:31::SCWPlatform::DSA directory E:/vitis_projects/auto_project/full_car/IIC_included_BITSTREAM/hw
TRACE::2025-05-11.07:40:31::SCWPlatform:: Platform Path E:/vitis_projects/auto_project/full_car/IIC_included_BITSTREAM/hw/IIC_included_BITSTREAM.xsa
TRACE::2025-05-11.07:40:31::SCWPlatform:: Unique name xilinx:pynq-z2::0.0
TRACE::2025-05-11.07:40:31::SCWPlatform::Trying to set the existing hwdb with name design_1_wrapper_0
TRACE::2025-05-11.07:40:31::SCWPlatform::Opened existing hwdb design_1_wrapper_0
TRACE::2025-05-11.07:40:31::SCWPlatform::Found the Hw Db part of the input DSA
TRACE::2025-05-11.07:40:31::SCWMssOS::Checking the sw design at  E:/vitis_projects/auto_project/full_car/IIC_included_BITSTREAM/ps7_cortexa9_0/standalone_ps7_cortexa9_0/bsp/system.mss
TRACE::2025-05-11.07:40:31::SCWMssOS::DEBUG:  swdes dump  E:/vitis_projects/auto_project/full_car/IIC_included_BITSTREAM/ps7_cortexa9_0/standalone_ps7_cortexa9_0/bsp/system.mss|system_0||
E:/vitis_projects/auto_project/full_car/IIC_included_BITSTREAM/zynq_fsbl/zynq_fsbl_bsp/system.mss|system||

TRACE::2025-05-11.07:40:31::SCWMssOS::Sw design exists and opened at  E:/vitis_projects/auto_project/full_car/IIC_included_BITSTREAM/ps7_cortexa9_0/standalone_ps7_cortexa9_0/bsp/system.mss
TRACE::2025-05-11.07:40:31::SCWPlatform::Trying to open the hw design at E:/vitis_projects/auto_project/full_car/IIC_included_BITSTREAM/hw/IIC_included_BITSTREAM.xsa
TRACE::2025-05-11.07:40:31::SCWPlatform::DSA given E:/vitis_projects/auto_project/full_car/IIC_included_BITSTREAM/hw/IIC_included_BITSTREAM.xsa
TRACE::2025-05-11.07:40:31::SCWPlatform::DSA absoulate path E:/vitis_projects/auto_project/full_car/IIC_included_BITSTREAM/hw/IIC_included_BITSTREAM.xsa
TRACE::2025-05-11.07:40:31::SCWPlatform::DSA directory E:/vitis_projects/auto_project/full_car/IIC_included_BITSTREAM/hw
TRACE::2025-05-11.07:40:31::SCWPlatform:: Platform Path E:/vitis_projects/auto_project/full_car/IIC_included_BITSTREAM/hw/IIC_included_BITSTREAM.xsa
TRACE::2025-05-11.07:40:31::SCWPlatform:: Unique name xilinx:pynq-z2::0.0
TRACE::2025-05-11.07:40:31::SCWPlatform::Trying to set the existing hwdb with name design_1_wrapper_0
TRACE::2025-05-11.07:40:31::SCWPlatform::Opened existing hwdb design_1_wrapper_0
TRACE::2025-05-11.07:40:31::SCWPlatform::Found the Hw Db part of the input DSA
TRACE::2025-05-11.07:40:31::SCWMssOS::Checking the sw design at  E:/vitis_projects/auto_project/full_car/IIC_included_BITSTREAM/ps7_cortexa9_0/standalone_ps7_cortexa9_0/bsp/system.mss
TRACE::2025-05-11.07:40:31::SCWMssOS::DEBUG:  swdes dump  E:/vitis_projects/auto_project/full_car/IIC_included_BITSTREAM/ps7_cortexa9_0/standalone_ps7_cortexa9_0/bsp/system.mss|system_0||
E:/vitis_projects/auto_project/full_car/IIC_included_BITSTREAM/zynq_fsbl/zynq_fsbl_bsp/system.mss|system||

TRACE::2025-05-11.07:40:31::SCWMssOS::Sw design exists and opened at  E:/vitis_projects/auto_project/full_car/IIC_included_BITSTREAM/ps7_cortexa9_0/standalone_ps7_cortexa9_0/bsp/system.mss
TRACE::2025-05-11.07:40:31::SCWWriter::formatted JSON is {
	"platformName":	"IIC_included_BITSTREAM",
	"sprVersion":	"2.0",
	"mode":	"gui",
	"dsaType":	"Fixed",
	"platformDesc":	"IIC_included_BITSTREAM",
	"platHandOff":	"E:/Projects_E_drive/SOC_labos/xsa_files/IIC_included_BITSTREAM.xsa",
	"platIntHandOff":	"<platformDir>/hw/IIC_included_BITSTREAM.xsa",
	"deviceType":	"zynq",
	"platIsPrebuiltAutogen":	"false",
	"platIsNoBootBsp":	"false",
	"platFsblTarget":	"ps7_cortexa9_0",
	"hasFsblMakeHasChanges":	"false",
	"hasPmufwMakeHasChanges":	"false",
	"fsblExtraCompilerFlags":	"-MMD -MP       -mcpu=cortex-a9 -mfpu=vfpv3 -mfloat-abi=hard ",
	"platPreBuiltFlag":	false,
	"platformSamplesDir":	"",
	"platActiveSys":	"IIC_included_BITSTREAM",
	"systems":	[{
			"systemName":	"IIC_included_BITSTREAM",
			"systemDesc":	"IIC_included_BITSTREAM",
			"sysIsBootAutoGen":	"true",
			"systemDispName":	"IIC_included_BITSTREAM",
			"sysActiveDom":	"standalone_ps7_cortexa9_0",
			"sysDefaultDom":	"standalone_ps7_cortexa9_0",
			"domains":	[{
					"domainName":	"zynq_fsbl",
					"domainDispName":	"zynq_fsbl",
					"domainDesc":	"FSBL Application BSP - Auto Generated.",
					"processors":	"ps7_cortexa9_0",
					"os":	"standalone",
					"sdxOs":	"standalone",
					"debugEnable":	"",
					"domRuntimes":	["cpp"],
					"swRepo":	"",
					"mssOsVer":	"9.1",
					"mssFile":	"",
					"md5Digest":	"bdf62030c4d081aa908b060af63a4581",
					"compatibleApp":	"zynq_fsbl",
					"domType":	"bootDomain",
					"arch":	"32-bit",
					"appSettings":	{
						"appCompilerFlags":	"",
						"appLinkerFlags":	""
					},
					"addedLibs":	["xilffs:5.2", "xilrsa:1.8"],
					"libOptions":	{
						"libsContainingOptions":	[]
					},
					"prebuiltLibs":	{
						"prebuiltIncPath":	[],
						"prebuiltLibPath":	[]
					},
					"isolation":	{
					}
				}, {
					"domainName":	"standalone_ps7_cortexa9_0",
					"domainDispName":	"standalone_ps7_cortexa9_0",
					"domainDesc":	"standalone_ps7_cortexa9_0",
					"processors":	"ps7_cortexa9_0",
					"os":	"standalone",
					"sdxOs":	"standalone",
					"qemuArgs":	"<platformDir>/resources/IIC_included_BITSTREAM/standalone_ps7_cortexa9_0/qemu_args.txt",
					"qemuData":	"<platformDir>/resources/IIC_included_BITSTREAM/standalone_ps7_cortexa9_0/qemu",
					"debugEnable":	"False",
					"domRuntimes":	["cpp"],
					"swRepo":	"",
					"mssOsVer":	"9.1",
					"mssFile":	"",
					"md5Digest":	"86a62c3fd6eb6fed97012a85f0ab1156",
					"compatibleApp":	"hello_world",
					"domType":	"mssDomain",
					"arch":	"32-bit",
					"appSettings":	{
						"appCompilerFlags":	"",
						"appLinkerFlags":	""
					},
					"addedLibs":	[],
					"libOptions":	{
						"libsContainingOptions":	[]
					},
					"prebuiltLibs":	{
						"prebuiltIncPath":	[],
						"prebuiltLibPath":	[]
					},
					"isolation":	{
					}
				}]
		}]
}
KEYINFO::2025-05-11.07:40:31::SCWPlatform::updated the xpfm file.
LOG::2025-05-11.07:41:01::SCWPlatform::Started generating the artifacts platform IIC_included_BITSTREAM
TRACE::2025-05-11.07:41:01::SCWPlatform::Sanity checking of platform is completed
LOG::2025-05-11.07:41:01::SCWPlatform::Started generating the artifacts for system configuration IIC_included_BITSTREAM
LOG::2025-05-11.07:41:01::SCWSystem::Checking the domain zynq_fsbl
LOG::2025-05-11.07:41:01::SCWSystem::Doing application build for :  zynq_fsbl
TRACE::2025-05-11.07:41:01::SCWBDomain::Not a forced makefile updation, No changes are present. 
TRACE::2025-05-11.07:41:01::SCWDomain::Building the domain as part of full build :  zynq_fsbl
TRACE::2025-05-11.07:41:01::SCWPlatform::Trying to open the hw design at E:/vitis_projects/auto_project/full_car/IIC_included_BITSTREAM/hw/IIC_included_BITSTREAM.xsa
TRACE::2025-05-11.07:41:01::SCWPlatform::DSA given E:/vitis_projects/auto_project/full_car/IIC_included_BITSTREAM/hw/IIC_included_BITSTREAM.xsa
TRACE::2025-05-11.07:41:01::SCWPlatform::DSA absoulate path E:/vitis_projects/auto_project/full_car/IIC_included_BITSTREAM/hw/IIC_included_BITSTREAM.xsa
TRACE::2025-05-11.07:41:01::SCWPlatform::DSA directory E:/vitis_projects/auto_project/full_car/IIC_included_BITSTREAM/hw
TRACE::2025-05-11.07:41:01::SCWPlatform:: Platform Path E:/vitis_projects/auto_project/full_car/IIC_included_BITSTREAM/hw/IIC_included_BITSTREAM.xsa
TRACE::2025-05-11.07:41:01::SCWPlatform:: Unique name xilinx:pynq-z2::0.0
TRACE::2025-05-11.07:41:01::SCWPlatform::Trying to set the existing hwdb with name design_1_wrapper_0
TRACE::2025-05-11.07:41:01::SCWPlatform::Opened existing hwdb design_1_wrapper_0
TRACE::2025-05-11.07:41:01::SCWPlatform::Found the Hw Db part of the input DSA
TRACE::2025-05-11.07:41:01::SCWMssOS::Checking the sw design at  E:/vitis_projects/auto_project/full_car/IIC_included_BITSTREAM/zynq_fsbl/zynq_fsbl_bsp/system.mss
TRACE::2025-05-11.07:41:01::SCWMssOS::DEBUG:  swdes dump  E:/vitis_projects/auto_project/full_car/IIC_included_BITSTREAM/ps7_cortexa9_0/standalone_ps7_cortexa9_0/bsp/system.mss|system_0||
E:/vitis_projects/auto_project/full_car/IIC_included_BITSTREAM/zynq_fsbl/zynq_fsbl_bsp/system.mss|system||

TRACE::2025-05-11.07:41:01::SCWMssOS::Sw design exists and opened at  E:/vitis_projects/auto_project/full_car/IIC_included_BITSTREAM/zynq_fsbl/zynq_fsbl_bsp/system.mss
TRACE::2025-05-11.07:41:01::SCWBDomain::Completed writing the mss file at E:/vitis_projects/auto_project/full_car/IIC_included_BITSTREAM/zynq_fsbl/zynq_fsbl_bsp
TRACE::2025-05-11.07:41:01::SCWBDomain::bsp generated is upto date with the mss file. Skipping bsp generation.
TRACE::2025-05-11.07:41:01::SCWBDomain::Not a forced makefile updation, No changes are present. 
TRACE::2025-05-11.07:41:01::SCWBDomain::System Command Ran  E:&  cd  E:/vitis_projects/auto_project/full_car/IIC_included_BITSTREAM/zynq_fsbl& make -C  zynq_fsbl_bsp & make 
TRACE::2025-05-11.07:41:02::SCWBDomain::make: Entering directory 'E:/vitis_projects/auto_project/full_car/IIC_included_BITSTREAM/zynq_fsbl/zynq_fsbl_bsp'

TRACE::2025-05-11.07:41:02::SCWBDomain::make --no-print-directory seq_libs

TRACE::2025-05-11.07:41:02::SCWBDomain::"Running Make include in ps7_cortexa9_0/libsrc/coresightps_dcc_v1_10/src"

TRACE::2025-05-11.07:41:02::SCWBDomain::make -C ps7_cortexa9_0/libsrc/coresightps_dcc_v1_10/src -s include  "SHELL=CMD" "COMPILER=arm-none-eabi-gcc" "ASSEMBLER=arm-non
TRACE::2025-05-11.07:41:02::SCWBDomain::e-eabi-as" "ARCHIVER=arm-none-eabi-ar" "COMPILER_FLAGS=  -O2 -c" "EXTRA_COMPILER_FLAGS=-mcpu=cortex-a9 -mfpu=vfpv3 -mfloat-abi=
TRACE::2025-05-11.07:41:02::SCWBDomain::hard -nostartfiles -g -Wall -Wextra -fno-tree-loop-distribute-patterns"

TRACE::2025-05-11.07:41:02::SCWBDomain::"Running Make include in ps7_cortexa9_0/libsrc/cpu_cortexa9_v2_12/src"

TRACE::2025-05-11.07:41:02::SCWBDomain::make -C ps7_cortexa9_0/libsrc/cpu_cortexa9_v2_12/src -s include  "SHELL=CMD" "COMPILER=arm-none-eabi-gcc" "ASSEMBLER=arm-none-e
TRACE::2025-05-11.07:41:02::SCWBDomain::abi-as" "ARCHIVER=arm-none-eabi-ar" "COMPILER_FLAGS=  -O2 -c" "EXTRA_COMPILER_FLAGS=-mcpu=cortex-a9 -mfpu=vfpv3 -mfloat-abi=har
TRACE::2025-05-11.07:41:02::SCWBDomain::d -nostartfiles -g -Wall -Wextra -fno-tree-loop-distribute-patterns"

TRACE::2025-05-11.07:41:02::SCWBDomain::"Running Make include in ps7_cortexa9_0/libsrc/ddrps_v1_2/src"

TRACE::2025-05-11.07:41:02::SCWBDomain::make -C ps7_cortexa9_0/libsrc/ddrps_v1_2/src -s include  "SHELL=CMD" "COMPILER=arm-none-eabi-gcc" "ASSEMBLER=arm-none-eabi-as" 
TRACE::2025-05-11.07:41:02::SCWBDomain::"ARCHIVER=arm-none-eabi-ar" "COMPILER_FLAGS=  -O2 -c" "EXTRA_COMPILER_FLAGS=-mcpu=cortex-a9 -mfpu=vfpv3 -mfloat-abi=hard -nosta
TRACE::2025-05-11.07:41:02::SCWBDomain::rtfiles -g -Wall -Wextra -fno-tree-loop-distribute-patterns"

TRACE::2025-05-11.07:41:02::SCWBDomain::"Running Make include in ps7_cortexa9_0/libsrc/devcfg_v3_8/src"

TRACE::2025-05-11.07:41:02::SCWBDomain::make -C ps7_cortexa9_0/libsrc/devcfg_v3_8/src -s include  "SHELL=CMD" "COMPILER=arm-none-eabi-gcc" "ASSEMBLER=arm-none-eabi-as"
TRACE::2025-05-11.07:41:02::SCWBDomain:: "ARCHIVER=arm-none-eabi-ar" "COMPILER_FLAGS=  -O2 -c" "EXTRA_COMPILER_FLAGS=-mcpu=cortex-a9 -mfpu=vfpv3 -mfloat-abi=hard -nost
TRACE::2025-05-11.07:41:02::SCWBDomain::artfiles -g -Wall -Wextra -fno-tree-loop-distribute-patterns"

TRACE::2025-05-11.07:41:02::SCWBDomain::"Running Make include in ps7_cortexa9_0/libsrc/dmaps_v2_10/src"

TRACE::2025-05-11.07:41:02::SCWBDomain::make -C ps7_cortexa9_0/libsrc/dmaps_v2_10/src -s include  "SHELL=CMD" "COMPILER=arm-none-eabi-gcc" "ASSEMBLER=arm-none-eabi-as"
TRACE::2025-05-11.07:41:02::SCWBDomain:: "ARCHIVER=arm-none-eabi-ar" "COMPILER_FLAGS=  -O2 -c" "EXTRA_COMPILER_FLAGS=-mcpu=cortex-a9 -mfpu=vfpv3 -mfloat-abi=hard -nost
TRACE::2025-05-11.07:41:02::SCWBDomain::artfiles -g -Wall -Wextra -fno-tree-loop-distribute-patterns"

TRACE::2025-05-11.07:41:02::SCWBDomain::"Running Make include in ps7_cortexa9_0/libsrc/emacps_v3_20/src"

TRACE::2025-05-11.07:41:02::SCWBDomain::make -C ps7_cortexa9_0/libsrc/emacps_v3_20/src -s include  "SHELL=CMD" "COMPILER=arm-none-eabi-gcc" "ASSEMBLER=arm-none-eabi-as
TRACE::2025-05-11.07:41:02::SCWBDomain::" "ARCHIVER=arm-none-eabi-ar" "COMPILER_FLAGS=  -O2 -c" "EXTRA_COMPILER_FLAGS=-mcpu=cortex-a9 -mfpu=vfpv3 -mfloat-abi=hard -nos
TRACE::2025-05-11.07:41:02::SCWBDomain::tartfiles -g -Wall -Wextra -fno-tree-loop-distribute-patterns"

TRACE::2025-05-11.07:41:02::SCWBDomain::"Running Make include in ps7_cortexa9_0/libsrc/gpiops_v3_13/src"

TRACE::2025-05-11.07:41:02::SCWBDomain::make -C ps7_cortexa9_0/libsrc/gpiops_v3_13/src -s include  "SHELL=CMD" "COMPILER=arm-none-eabi-gcc" "ASSEMBLER=arm-none-eabi-as
TRACE::2025-05-11.07:41:02::SCWBDomain::" "ARCHIVER=arm-none-eabi-ar" "COMPILER_FLAGS=  -O2 -c" "EXTRA_COMPILER_FLAGS=-mcpu=cortex-a9 -mfpu=vfpv3 -mfloat-abi=hard -nos
TRACE::2025-05-11.07:41:02::SCWBDomain::tartfiles -g -Wall -Wextra -fno-tree-loop-distribute-patterns"

TRACE::2025-05-11.07:41:02::SCWBDomain::"Running Make include in ps7_cortexa9_0/libsrc/iic_v3_11/src"

TRACE::2025-05-11.07:41:02::SCWBDomain::make -C ps7_cortexa9_0/libsrc/iic_v3_11/src -s include  "SHELL=CMD" "COMPILER=arm-none-eabi-gcc" "ASSEMBLER=arm-none-eabi-as" "
TRACE::2025-05-11.07:41:02::SCWBDomain::ARCHIVER=arm-none-eabi-ar" "COMPILER_FLAGS=  -O2 -c" "EXTRA_COMPILER_FLAGS=-mcpu=cortex-a9 -mfpu=vfpv3 -mfloat-abi=hard -nostar
TRACE::2025-05-11.07:41:02::SCWBDomain::tfiles -g -Wall -Wextra -fno-tree-loop-distribute-patterns"

TRACE::2025-05-11.07:41:02::SCWBDomain::"Running Make include in ps7_cortexa9_0/libsrc/Motor_DriverIP_v1_0/src"

TRACE::2025-05-11.07:41:02::SCWBDomain::make -C ps7_cortexa9_0/libsrc/Motor_DriverIP_v1_0/src -s include  "SHELL=CMD" "COMPILER=arm-none-eabi-gcc" "ASSEMBLER=arm-none-
TRACE::2025-05-11.07:41:02::SCWBDomain::eabi-as" "ARCHIVER=arm-none-eabi-ar" "COMPILER_FLAGS=  -O2 -c" "EXTRA_COMPILER_FLAGS=-mcpu=cortex-a9 -mfpu=vfpv3 -mfloat-abi=ha
TRACE::2025-05-11.07:41:02::SCWBDomain::rd -nostartfiles -g -Wall -Wextra -fno-tree-loop-distribute-patterns"

TRACE::2025-05-11.07:41:02::SCWBDomain::"Running Make include in ps7_cortexa9_0/libsrc/qspips_v3_12/src"

TRACE::2025-05-11.07:41:02::SCWBDomain::make -C ps7_cortexa9_0/libsrc/qspips_v3_12/src -s include  "SHELL=CMD" "COMPILER=arm-none-eabi-gcc" "ASSEMBLER=arm-none-eabi-as
TRACE::2025-05-11.07:41:02::SCWBDomain::" "ARCHIVER=arm-none-eabi-ar" "COMPILER_FLAGS=  -O2 -c" "EXTRA_COMPILER_FLAGS=-mcpu=cortex-a9 -mfpu=vfpv3 -mfloat-abi=hard -nos
TRACE::2025-05-11.07:41:02::SCWBDomain::tartfiles -g -Wall -Wextra -fno-tree-loop-distribute-patterns"

TRACE::2025-05-11.07:41:02::SCWBDomain::"Running Make include in ps7_cortexa9_0/libsrc/scugic_v5_3/src"

TRACE::2025-05-11.07:41:02::SCWBDomain::make -C ps7_cortexa9_0/libsrc/scugic_v5_3/src -s include  "SHELL=CMD" "COMPILER=arm-none-eabi-gcc" "ASSEMBLER=arm-none-eabi-as"
TRACE::2025-05-11.07:41:02::SCWBDomain:: "ARCHIVER=arm-none-eabi-ar" "COMPILER_FLAGS=  -O2 -c" "EXTRA_COMPILER_FLAGS=-mcpu=cortex-a9 -mfpu=vfpv3 -mfloat-abi=hard -nost
TRACE::2025-05-11.07:41:02::SCWBDomain::artfiles -g -Wall -Wextra -fno-tree-loop-distribute-patterns"

TRACE::2025-05-11.07:41:02::SCWBDomain::"Running Make include in ps7_cortexa9_0/libsrc/scutimer_v2_6/src"

TRACE::2025-05-11.07:41:02::SCWBDomain::make -C ps7_cortexa9_0/libsrc/scutimer_v2_6/src -s include  "SHELL=CMD" "COMPILER=arm-none-eabi-gcc" "ASSEMBLER=arm-none-eabi-a
TRACE::2025-05-11.07:41:02::SCWBDomain::s" "ARCHIVER=arm-none-eabi-ar" "COMPILER_FLAGS=  -O2 -c" "EXTRA_COMPILER_FLAGS=-mcpu=cortex-a9 -mfpu=vfpv3 -mfloat-abi=hard -no
TRACE::2025-05-11.07:41:02::SCWBDomain::startfiles -g -Wall -Wextra -fno-tree-loop-distribute-patterns"

TRACE::2025-05-11.07:41:02::SCWBDomain::"Running Make include in ps7_cortexa9_0/libsrc/scuwdt_v2_5/src"

TRACE::2025-05-11.07:41:02::SCWBDomain::make -C ps7_cortexa9_0/libsrc/scuwdt_v2_5/src -s include  "SHELL=CMD" "COMPILER=arm-none-eabi-gcc" "ASSEMBLER=arm-none-eabi-as"
TRACE::2025-05-11.07:41:02::SCWBDomain:: "ARCHIVER=arm-none-eabi-ar" "COMPILER_FLAGS=  -O2 -c" "EXTRA_COMPILER_FLAGS=-mcpu=cortex-a9 -mfpu=vfpv3 -mfloat-abi=hard -nost
TRACE::2025-05-11.07:41:02::SCWBDomain::artfiles -g -Wall -Wextra -fno-tree-loop-distribute-patterns"

TRACE::2025-05-11.07:41:02::SCWBDomain::"Running Make include in ps7_cortexa9_0/libsrc/sdps_v4_3/src"

TRACE::2025-05-11.07:41:02::SCWBDomain::make -C ps7_cortexa9_0/libsrc/sdps_v4_3/src -s include  "SHELL=CMD" "COMPILER=arm-none-eabi-gcc" "ASSEMBLER=arm-none-eabi-as" "
TRACE::2025-05-11.07:41:02::SCWBDomain::ARCHIVER=arm-none-eabi-ar" "COMPILER_FLAGS=  -O2 -c" "EXTRA_COMPILER_FLAGS=-mcpu=cortex-a9 -mfpu=vfpv3 -mfloat-abi=hard -nostar
TRACE::2025-05-11.07:41:02::SCWBDomain::tfiles -g -Wall -Wextra -fno-tree-loop-distribute-patterns"

TRACE::2025-05-11.07:41:02::SCWBDomain::"Running Make include in ps7_cortexa9_0/libsrc/SpeedSensor_Driver_IP_v1_0/src"

TRACE::2025-05-11.07:41:02::SCWBDomain::make -C ps7_cortexa9_0/libsrc/SpeedSensor_Driver_IP_v1_0/src -s include  "SHELL=CMD" "COMPILER=arm-none-eabi-gcc" "ASSEMBLER=ar
TRACE::2025-05-11.07:41:02::SCWBDomain::m-none-eabi-as" "ARCHIVER=arm-none-eabi-ar" "COMPILER_FLAGS=  -O2 -c" "EXTRA_COMPILER_FLAGS=-mcpu=cortex-a9 -mfpu=vfpv3 -mfloat
TRACE::2025-05-11.07:41:02::SCWBDomain::-abi=hard -nostartfiles -g -Wall -Wextra -fno-tree-loop-distribute-patterns"

TRACE::2025-05-11.07:41:02::SCWBDomain::"Running Make include in ps7_cortexa9_0/libsrc/standalone_v9_1/src"

TRACE::2025-05-11.07:41:02::SCWBDomain::make -C ps7_cortexa9_0/libsrc/standalone_v9_1/src -s include  "SHELL=CMD" "COMPILER=arm-none-eabi-gcc" "ASSEMBLER=arm-none-eabi
TRACE::2025-05-11.07:41:02::SCWBDomain::-as" "ARCHIVER=arm-none-eabi-ar" "COMPILER_FLAGS=  -O2 -c" "EXTRA_COMPILER_FLAGS=-mcpu=cortex-a9 -mfpu=vfpv3 -mfloat-abi=hard -
TRACE::2025-05-11.07:41:02::SCWBDomain::nostartfiles -g -Wall -Wextra -fno-tree-loop-distribute-patterns"

TRACE::2025-05-11.07:41:03::SCWBDomain::"Running Make include in ps7_cortexa9_0/libsrc/tmrctr_v4_12/src"

TRACE::2025-05-11.07:41:03::SCWBDomain::make -C ps7_cortexa9_0/libsrc/tmrctr_v4_12/src -s include  "SHELL=CMD" "COMPILER=arm-none-eabi-gcc" "ASSEMBLER=arm-none-eabi-as
TRACE::2025-05-11.07:41:03::SCWBDomain::" "ARCHIVER=arm-none-eabi-ar" "COMPILER_FLAGS=  -O2 -c" "EXTRA_COMPILER_FLAGS=-mcpu=cortex-a9 -mfpu=vfpv3 -mfloat-abi=hard -nos
TRACE::2025-05-11.07:41:03::SCWBDomain::tartfiles -g -Wall -Wextra -fno-tree-loop-distribute-patterns"

TRACE::2025-05-11.07:41:03::SCWBDomain::"Running Make include in ps7_cortexa9_0/libsrc/uartps_v3_14/src"

TRACE::2025-05-11.07:41:03::SCWBDomain::make -C ps7_cortexa9_0/libsrc/uartps_v3_14/src -s include  "SHELL=CMD" "COMPILER=arm-none-eabi-gcc" "ASSEMBLER=arm-none-eabi-as
TRACE::2025-05-11.07:41:03::SCWBDomain::" "ARCHIVER=arm-none-eabi-ar" "COMPILER_FLAGS=  -O2 -c" "EXTRA_COMPILER_FLAGS=-mcpu=cortex-a9 -mfpu=vfpv3 -mfloat-abi=hard -nos
TRACE::2025-05-11.07:41:03::SCWBDomain::tartfiles -g -Wall -Wextra -fno-tree-loop-distribute-patterns"

TRACE::2025-05-11.07:41:03::SCWBDomain::"Running Make include in ps7_cortexa9_0/libsrc/usbps_v2_9/src"

TRACE::2025-05-11.07:41:03::SCWBDomain::make -C ps7_cortexa9_0/libsrc/usbps_v2_9/src -s include  "SHELL=CMD" "COMPILER=arm-none-eabi-gcc" "ASSEMBLER=arm-none-eabi-as" 
TRACE::2025-05-11.07:41:03::SCWBDomain::"ARCHIVER=arm-none-eabi-ar" "COMPILER_FLAGS=  -O2 -c" "EXTRA_COMPILER_FLAGS=-mcpu=cortex-a9 -mfpu=vfpv3 -mfloat-abi=hard -nosta
TRACE::2025-05-11.07:41:03::SCWBDomain::rtfiles -g -Wall -Wextra -fno-tree-loop-distribute-patterns"

TRACE::2025-05-11.07:41:03::SCWBDomain::"Running Make include in ps7_cortexa9_0/libsrc/xadcps_v2_7/src"

TRACE::2025-05-11.07:41:03::SCWBDomain::make -C ps7_cortexa9_0/libsrc/xadcps_v2_7/src -s include  "SHELL=CMD" "COMPILER=arm-none-eabi-gcc" "ASSEMBLER=arm-none-eabi-as"
TRACE::2025-05-11.07:41:03::SCWBDomain:: "ARCHIVER=arm-none-eabi-ar" "COMPILER_FLAGS=  -O2 -c" "EXTRA_COMPILER_FLAGS=-mcpu=cortex-a9 -mfpu=vfpv3 -mfloat-abi=hard -nost
TRACE::2025-05-11.07:41:03::SCWBDomain::artfiles -g -Wall -Wextra -fno-tree-loop-distribute-patterns"

TRACE::2025-05-11.07:41:03::SCWBDomain::"Running Make include in ps7_cortexa9_0/libsrc/xilffs_v5_2/src"

TRACE::2025-05-11.07:41:03::SCWBDomain::make -C ps7_cortexa9_0/libsrc/xilffs_v5_2/src -s include  "SHELL=CMD" "COMPILER=arm-none-eabi-gcc" "ASSEMBLER=arm-none-eabi-as"
TRACE::2025-05-11.07:41:03::SCWBDomain:: "ARCHIVER=arm-none-eabi-ar" "COMPILER_FLAGS=  -O2 -c" "EXTRA_COMPILER_FLAGS=-mcpu=cortex-a9 -mfpu=vfpv3 -mfloat-abi=hard -nost
TRACE::2025-05-11.07:41:03::SCWBDomain::artfiles -g -Wall -Wextra -fno-tree-loop-distribute-patterns"

TRACE::2025-05-11.07:41:03::SCWBDomain::"Running Make include in ps7_cortexa9_0/libsrc/xilrsa_v1_8/src"

TRACE::2025-05-11.07:41:03::SCWBDomain::make -C ps7_cortexa9_0/libsrc/xilrsa_v1_8/src -s include  "SHELL=CMD" "COMPILER=arm-none-eabi-gcc" "ASSEMBLER=arm-none-eabi-as"
TRACE::2025-05-11.07:41:03::SCWBDomain:: "ARCHIVER=arm-none-eabi-ar" "COMPILER_FLAGS=  -O2 -c" "EXTRA_COMPILER_FLAGS=-mcpu=cortex-a9 -mfpu=vfpv3 -mfloat-abi=hard -nost
TRACE::2025-05-11.07:41:03::SCWBDomain::artfiles -g -Wall -Wextra -fno-tree-loop-distribute-patterns"

TRACE::2025-05-11.07:41:03::SCWBDomain::"Running Make libs in ps7_cortexa9_0/libsrc/Motor_DriverIP_v1_0/src"

TRACE::2025-05-11.07:41:03::SCWBDomain::make -C ps7_cortexa9_0/libsrc/Motor_DriverIP_v1_0/src -s libs  "SHELL=CMD" "COMPILER=arm-none-eabi-gcc" "ASSEMBLER=arm-none-eab
TRACE::2025-05-11.07:41:03::SCWBDomain::i-as" "ARCHIVER=arm-none-eabi-ar" "COMPILER_FLAGS=  -O2 -c" "EXTRA_COMPILER_FLAGS=-mcpu=cortex-a9 -mfpu=vfpv3 -mfloat-abi=hard 
TRACE::2025-05-11.07:41:03::SCWBDomain::-nostartfiles -g -Wall -Wextra -fno-tree-loop-distribute-patterns"

TRACE::2025-05-11.07:41:03::SCWBDomain::"Compiling Motor_DriverIP..."

TRACE::2025-05-11.07:41:03::SCWBDomain::make: Leaving directory 'E:/vitis_projects/auto_project/full_car/IIC_included_BITSTREAM/zynq_fsbl/zynq_fsbl_bsp'

TRACE::2025-05-11.07:41:04::SCWBDomain::make -C zynq_fsbl_bsp

TRACE::2025-05-11.07:41:04::SCWBDomain::make[1]: Entering directory 'E:/vitis_projects/auto_project/full_car/IIC_included_BITSTREAM/zynq_fsbl/zynq_fsbl_bsp'

TRACE::2025-05-11.07:41:04::SCWBDomain::make --no-print-directory seq_libs

TRACE::2025-05-11.07:41:04::SCWBDomain::"Running Make include in ps7_cortexa9_0/libsrc/coresightps_dcc_v1_10/src"

TRACE::2025-05-11.07:41:04::SCWBDomain::make -C ps7_cortexa9_0/libsrc/coresightps_dcc_v1_10/src -s include  "SHELL=CMD" "COMPILER=arm-none-eabi-gcc" "ASSEMBLER=arm-non
TRACE::2025-05-11.07:41:04::SCWBDomain::e-eabi-as" "ARCHIVER=arm-none-eabi-ar" "COMPILER_FLAGS=  -O2 -c" "EXTRA_COMPILER_FLAGS=-mcpu=cortex-a9 -mfpu=vfpv3 -mfloat-abi=
TRACE::2025-05-11.07:41:04::SCWBDomain::hard -nostartfiles -g -Wall -Wextra -fno-tree-loop-distribute-patterns"

TRACE::2025-05-11.07:41:04::SCWBDomain::"Running Make include in ps7_cortexa9_0/libsrc/cpu_cortexa9_v2_12/src"

TRACE::2025-05-11.07:41:04::SCWBDomain::make -C ps7_cortexa9_0/libsrc/cpu_cortexa9_v2_12/src -s include  "SHELL=CMD" "COMPILER=arm-none-eabi-gcc" "ASSEMBLER=arm-none-e
TRACE::2025-05-11.07:41:04::SCWBDomain::abi-as" "ARCHIVER=arm-none-eabi-ar" "COMPILER_FLAGS=  -O2 -c" "EXTRA_COMPILER_FLAGS=-mcpu=cortex-a9 -mfpu=vfpv3 -mfloat-abi=har
TRACE::2025-05-11.07:41:04::SCWBDomain::d -nostartfiles -g -Wall -Wextra -fno-tree-loop-distribute-patterns"

TRACE::2025-05-11.07:41:04::SCWBDomain::"Running Make include in ps7_cortexa9_0/libsrc/ddrps_v1_2/src"

TRACE::2025-05-11.07:41:04::SCWBDomain::make -C ps7_cortexa9_0/libsrc/ddrps_v1_2/src -s include  "SHELL=CMD" "COMPILER=arm-none-eabi-gcc" "ASSEMBLER=arm-none-eabi-as" 
TRACE::2025-05-11.07:41:04::SCWBDomain::"ARCHIVER=arm-none-eabi-ar" "COMPILER_FLAGS=  -O2 -c" "EXTRA_COMPILER_FLAGS=-mcpu=cortex-a9 -mfpu=vfpv3 -mfloat-abi=hard -nosta
TRACE::2025-05-11.07:41:04::SCWBDomain::rtfiles -g -Wall -Wextra -fno-tree-loop-distribute-patterns"

TRACE::2025-05-11.07:41:04::SCWBDomain::"Running Make include in ps7_cortexa9_0/libsrc/devcfg_v3_8/src"

TRACE::2025-05-11.07:41:04::SCWBDomain::make -C ps7_cortexa9_0/libsrc/devcfg_v3_8/src -s include  "SHELL=CMD" "COMPILER=arm-none-eabi-gcc" "ASSEMBLER=arm-none-eabi-as"
TRACE::2025-05-11.07:41:04::SCWBDomain:: "ARCHIVER=arm-none-eabi-ar" "COMPILER_FLAGS=  -O2 -c" "EXTRA_COMPILER_FLAGS=-mcpu=cortex-a9 -mfpu=vfpv3 -mfloat-abi=hard -nost
TRACE::2025-05-11.07:41:04::SCWBDomain::artfiles -g -Wall -Wextra -fno-tree-loop-distribute-patterns"

TRACE::2025-05-11.07:41:04::SCWBDomain::"Running Make include in ps7_cortexa9_0/libsrc/dmaps_v2_10/src"

TRACE::2025-05-11.07:41:04::SCWBDomain::make -C ps7_cortexa9_0/libsrc/dmaps_v2_10/src -s include  "SHELL=CMD" "COMPILER=arm-none-eabi-gcc" "ASSEMBLER=arm-none-eabi-as"
TRACE::2025-05-11.07:41:04::SCWBDomain:: "ARCHIVER=arm-none-eabi-ar" "COMPILER_FLAGS=  -O2 -c" "EXTRA_COMPILER_FLAGS=-mcpu=cortex-a9 -mfpu=vfpv3 -mfloat-abi=hard -nost
TRACE::2025-05-11.07:41:04::SCWBDomain::artfiles -g -Wall -Wextra -fno-tree-loop-distribute-patterns"

TRACE::2025-05-11.07:41:04::SCWBDomain::"Running Make include in ps7_cortexa9_0/libsrc/emacps_v3_20/src"

TRACE::2025-05-11.07:41:04::SCWBDomain::make -C ps7_cortexa9_0/libsrc/emacps_v3_20/src -s include  "SHELL=CMD" "COMPILER=arm-none-eabi-gcc" "ASSEMBLER=arm-none-eabi-as
TRACE::2025-05-11.07:41:04::SCWBDomain::" "ARCHIVER=arm-none-eabi-ar" "COMPILER_FLAGS=  -O2 -c" "EXTRA_COMPILER_FLAGS=-mcpu=cortex-a9 -mfpu=vfpv3 -mfloat-abi=hard -nos
TRACE::2025-05-11.07:41:04::SCWBDomain::tartfiles -g -Wall -Wextra -fno-tree-loop-distribute-patterns"

TRACE::2025-05-11.07:41:04::SCWBDomain::"Running Make include in ps7_cortexa9_0/libsrc/gpiops_v3_13/src"

TRACE::2025-05-11.07:41:04::SCWBDomain::make -C ps7_cortexa9_0/libsrc/gpiops_v3_13/src -s include  "SHELL=CMD" "COMPILER=arm-none-eabi-gcc" "ASSEMBLER=arm-none-eabi-as
TRACE::2025-05-11.07:41:04::SCWBDomain::" "ARCHIVER=arm-none-eabi-ar" "COMPILER_FLAGS=  -O2 -c" "EXTRA_COMPILER_FLAGS=-mcpu=cortex-a9 -mfpu=vfpv3 -mfloat-abi=hard -nos
TRACE::2025-05-11.07:41:04::SCWBDomain::tartfiles -g -Wall -Wextra -fno-tree-loop-distribute-patterns"

TRACE::2025-05-11.07:41:04::SCWBDomain::"Running Make include in ps7_cortexa9_0/libsrc/iic_v3_11/src"

TRACE::2025-05-11.07:41:04::SCWBDomain::make -C ps7_cortexa9_0/libsrc/iic_v3_11/src -s include  "SHELL=CMD" "COMPILER=arm-none-eabi-gcc" "ASSEMBLER=arm-none-eabi-as" "
TRACE::2025-05-11.07:41:04::SCWBDomain::ARCHIVER=arm-none-eabi-ar" "COMPILER_FLAGS=  -O2 -c" "EXTRA_COMPILER_FLAGS=-mcpu=cortex-a9 -mfpu=vfpv3 -mfloat-abi=hard -nostar
TRACE::2025-05-11.07:41:04::SCWBDomain::tfiles -g -Wall -Wextra -fno-tree-loop-distribute-patterns"

TRACE::2025-05-11.07:41:04::SCWBDomain::"Running Make include in ps7_cortexa9_0/libsrc/Motor_DriverIP_v1_0/src"

TRACE::2025-05-11.07:41:04::SCWBDomain::make -C ps7_cortexa9_0/libsrc/Motor_DriverIP_v1_0/src -s include  "SHELL=CMD" "COMPILER=arm-none-eabi-gcc" "ASSEMBLER=arm-none-
TRACE::2025-05-11.07:41:04::SCWBDomain::eabi-as" "ARCHIVER=arm-none-eabi-ar" "COMPILER_FLAGS=  -O2 -c" "EXTRA_COMPILER_FLAGS=-mcpu=cortex-a9 -mfpu=vfpv3 -mfloat-abi=ha
TRACE::2025-05-11.07:41:04::SCWBDomain::rd -nostartfiles -g -Wall -Wextra -fno-tree-loop-distribute-patterns"

TRACE::2025-05-11.07:41:04::SCWBDomain::"Running Make include in ps7_cortexa9_0/libsrc/qspips_v3_12/src"

TRACE::2025-05-11.07:41:04::SCWBDomain::make -C ps7_cortexa9_0/libsrc/qspips_v3_12/src -s include  "SHELL=CMD" "COMPILER=arm-none-eabi-gcc" "ASSEMBLER=arm-none-eabi-as
TRACE::2025-05-11.07:41:04::SCWBDomain::" "ARCHIVER=arm-none-eabi-ar" "COMPILER_FLAGS=  -O2 -c" "EXTRA_COMPILER_FLAGS=-mcpu=cortex-a9 -mfpu=vfpv3 -mfloat-abi=hard -nos
TRACE::2025-05-11.07:41:04::SCWBDomain::tartfiles -g -Wall -Wextra -fno-tree-loop-distribute-patterns"

TRACE::2025-05-11.07:41:04::SCWBDomain::"Running Make include in ps7_cortexa9_0/libsrc/scugic_v5_3/src"

TRACE::2025-05-11.07:41:04::SCWBDomain::make -C ps7_cortexa9_0/libsrc/scugic_v5_3/src -s include  "SHELL=CMD" "COMPILER=arm-none-eabi-gcc" "ASSEMBLER=arm-none-eabi-as"
TRACE::2025-05-11.07:41:04::SCWBDomain:: "ARCHIVER=arm-none-eabi-ar" "COMPILER_FLAGS=  -O2 -c" "EXTRA_COMPILER_FLAGS=-mcpu=cortex-a9 -mfpu=vfpv3 -mfloat-abi=hard -nost
TRACE::2025-05-11.07:41:04::SCWBDomain::artfiles -g -Wall -Wextra -fno-tree-loop-distribute-patterns"

TRACE::2025-05-11.07:41:04::SCWBDomain::"Running Make include in ps7_cortexa9_0/libsrc/scutimer_v2_6/src"

TRACE::2025-05-11.07:41:04::SCWBDomain::make -C ps7_cortexa9_0/libsrc/scutimer_v2_6/src -s include  "SHELL=CMD" "COMPILER=arm-none-eabi-gcc" "ASSEMBLER=arm-none-eabi-a
TRACE::2025-05-11.07:41:04::SCWBDomain::s" "ARCHIVER=arm-none-eabi-ar" "COMPILER_FLAGS=  -O2 -c" "EXTRA_COMPILER_FLAGS=-mcpu=cortex-a9 -mfpu=vfpv3 -mfloat-abi=hard -no
TRACE::2025-05-11.07:41:04::SCWBDomain::startfiles -g -Wall -Wextra -fno-tree-loop-distribute-patterns"

TRACE::2025-05-11.07:41:04::SCWBDomain::"Running Make include in ps7_cortexa9_0/libsrc/scuwdt_v2_5/src"

TRACE::2025-05-11.07:41:04::SCWBDomain::make -C ps7_cortexa9_0/libsrc/scuwdt_v2_5/src -s include  "SHELL=CMD" "COMPILER=arm-none-eabi-gcc" "ASSEMBLER=arm-none-eabi-as"
TRACE::2025-05-11.07:41:04::SCWBDomain:: "ARCHIVER=arm-none-eabi-ar" "COMPILER_FLAGS=  -O2 -c" "EXTRA_COMPILER_FLAGS=-mcpu=cortex-a9 -mfpu=vfpv3 -mfloat-abi=hard -nost
TRACE::2025-05-11.07:41:04::SCWBDomain::artfiles -g -Wall -Wextra -fno-tree-loop-distribute-patterns"

TRACE::2025-05-11.07:41:04::SCWBDomain::"Running Make include in ps7_cortexa9_0/libsrc/sdps_v4_3/src"

TRACE::2025-05-11.07:41:04::SCWBDomain::make -C ps7_cortexa9_0/libsrc/sdps_v4_3/src -s include  "SHELL=CMD" "COMPILER=arm-none-eabi-gcc" "ASSEMBLER=arm-none-eabi-as" "
TRACE::2025-05-11.07:41:04::SCWBDomain::ARCHIVER=arm-none-eabi-ar" "COMPILER_FLAGS=  -O2 -c" "EXTRA_COMPILER_FLAGS=-mcpu=cortex-a9 -mfpu=vfpv3 -mfloat-abi=hard -nostar
TRACE::2025-05-11.07:41:04::SCWBDomain::tfiles -g -Wall -Wextra -fno-tree-loop-distribute-patterns"

TRACE::2025-05-11.07:41:04::SCWBDomain::"Running Make include in ps7_cortexa9_0/libsrc/SpeedSensor_Driver_IP_v1_0/src"

TRACE::2025-05-11.07:41:04::SCWBDomain::make -C ps7_cortexa9_0/libsrc/SpeedSensor_Driver_IP_v1_0/src -s include  "SHELL=CMD" "COMPILER=arm-none-eabi-gcc" "ASSEMBLER=ar
TRACE::2025-05-11.07:41:04::SCWBDomain::m-none-eabi-as" "ARCHIVER=arm-none-eabi-ar" "COMPILER_FLAGS=  -O2 -c" "EXTRA_COMPILER_FLAGS=-mcpu=cortex-a9 -mfpu=vfpv3 -mfloat
TRACE::2025-05-11.07:41:04::SCWBDomain::-abi=hard -nostartfiles -g -Wall -Wextra -fno-tree-loop-distribute-patterns"

TRACE::2025-05-11.07:41:04::SCWBDomain::"Running Make include in ps7_cortexa9_0/libsrc/standalone_v9_1/src"

TRACE::2025-05-11.07:41:04::SCWBDomain::make -C ps7_cortexa9_0/libsrc/standalone_v9_1/src -s include  "SHELL=CMD" "COMPILER=arm-none-eabi-gcc" "ASSEMBLER=arm-none-eabi
TRACE::2025-05-11.07:41:04::SCWBDomain::-as" "ARCHIVER=arm-none-eabi-ar" "COMPILER_FLAGS=  -O2 -c" "EXTRA_COMPILER_FLAGS=-mcpu=cortex-a9 -mfpu=vfpv3 -mfloat-abi=hard -
TRACE::2025-05-11.07:41:04::SCWBDomain::nostartfiles -g -Wall -Wextra -fno-tree-loop-distribute-patterns"

TRACE::2025-05-11.07:41:04::SCWBDomain::"Running Make include in ps7_cortexa9_0/libsrc/tmrctr_v4_12/src"

TRACE::2025-05-11.07:41:04::SCWBDomain::make -C ps7_cortexa9_0/libsrc/tmrctr_v4_12/src -s include  "SHELL=CMD" "COMPILER=arm-none-eabi-gcc" "ASSEMBLER=arm-none-eabi-as
TRACE::2025-05-11.07:41:04::SCWBDomain::" "ARCHIVER=arm-none-eabi-ar" "COMPILER_FLAGS=  -O2 -c" "EXTRA_COMPILER_FLAGS=-mcpu=cortex-a9 -mfpu=vfpv3 -mfloat-abi=hard -nos
TRACE::2025-05-11.07:41:04::SCWBDomain::tartfiles -g -Wall -Wextra -fno-tree-loop-distribute-patterns"

TRACE::2025-05-11.07:41:04::SCWBDomain::"Running Make include in ps7_cortexa9_0/libsrc/uartps_v3_14/src"

TRACE::2025-05-11.07:41:04::SCWBDomain::make -C ps7_cortexa9_0/libsrc/uartps_v3_14/src -s include  "SHELL=CMD" "COMPILER=arm-none-eabi-gcc" "ASSEMBLER=arm-none-eabi-as
TRACE::2025-05-11.07:41:04::SCWBDomain::" "ARCHIVER=arm-none-eabi-ar" "COMPILER_FLAGS=  -O2 -c" "EXTRA_COMPILER_FLAGS=-mcpu=cortex-a9 -mfpu=vfpv3 -mfloat-abi=hard -nos
TRACE::2025-05-11.07:41:04::SCWBDomain::tartfiles -g -Wall -Wextra -fno-tree-loop-distribute-patterns"

TRACE::2025-05-11.07:41:04::SCWBDomain::"Running Make include in ps7_cortexa9_0/libsrc/usbps_v2_9/src"

TRACE::2025-05-11.07:41:04::SCWBDomain::make -C ps7_cortexa9_0/libsrc/usbps_v2_9/src -s include  "SHELL=CMD" "COMPILER=arm-none-eabi-gcc" "ASSEMBLER=arm-none-eabi-as" 
TRACE::2025-05-11.07:41:04::SCWBDomain::"ARCHIVER=arm-none-eabi-ar" "COMPILER_FLAGS=  -O2 -c" "EXTRA_COMPILER_FLAGS=-mcpu=cortex-a9 -mfpu=vfpv3 -mfloat-abi=hard -nosta
TRACE::2025-05-11.07:41:04::SCWBDomain::rtfiles -g -Wall -Wextra -fno-tree-loop-distribute-patterns"

TRACE::2025-05-11.07:41:04::SCWBDomain::"Running Make include in ps7_cortexa9_0/libsrc/xadcps_v2_7/src"

TRACE::2025-05-11.07:41:04::SCWBDomain::make -C ps7_cortexa9_0/libsrc/xadcps_v2_7/src -s include  "SHELL=CMD" "COMPILER=arm-none-eabi-gcc" "ASSEMBLER=arm-none-eabi-as"
TRACE::2025-05-11.07:41:04::SCWBDomain:: "ARCHIVER=arm-none-eabi-ar" "COMPILER_FLAGS=  -O2 -c" "EXTRA_COMPILER_FLAGS=-mcpu=cortex-a9 -mfpu=vfpv3 -mfloat-abi=hard -nost
TRACE::2025-05-11.07:41:04::SCWBDomain::artfiles -g -Wall -Wextra -fno-tree-loop-distribute-patterns"

TRACE::2025-05-11.07:41:04::SCWBDomain::"Running Make include in ps7_cortexa9_0/libsrc/xilffs_v5_2/src"

TRACE::2025-05-11.07:41:04::SCWBDomain::make -C ps7_cortexa9_0/libsrc/xilffs_v5_2/src -s include  "SHELL=CMD" "COMPILER=arm-none-eabi-gcc" "ASSEMBLER=arm-none-eabi-as"
TRACE::2025-05-11.07:41:04::SCWBDomain:: "ARCHIVER=arm-none-eabi-ar" "COMPILER_FLAGS=  -O2 -c" "EXTRA_COMPILER_FLAGS=-mcpu=cortex-a9 -mfpu=vfpv3 -mfloat-abi=hard -nost
TRACE::2025-05-11.07:41:04::SCWBDomain::artfiles -g -Wall -Wextra -fno-tree-loop-distribute-patterns"

TRACE::2025-05-11.07:41:04::SCWBDomain::"Running Make include in ps7_cortexa9_0/libsrc/xilrsa_v1_8/src"

TRACE::2025-05-11.07:41:04::SCWBDomain::make -C ps7_cortexa9_0/libsrc/xilrsa_v1_8/src -s include  "SHELL=CMD" "COMPILER=arm-none-eabi-gcc" "ASSEMBLER=arm-none-eabi-as"
TRACE::2025-05-11.07:41:04::SCWBDomain:: "ARCHIVER=arm-none-eabi-ar" "COMPILER_FLAGS=  -O2 -c" "EXTRA_COMPILER_FLAGS=-mcpu=cortex-a9 -mfpu=vfpv3 -mfloat-abi=hard -nost
TRACE::2025-05-11.07:41:04::SCWBDomain::artfiles -g -Wall -Wextra -fno-tree-loop-distribute-patterns"

TRACE::2025-05-11.07:41:04::SCWBDomain::"Running Make libs in ps7_cortexa9_0/libsrc/Motor_DriverIP_v1_0/src"

TRACE::2025-05-11.07:41:04::SCWBDomain::make -C ps7_cortexa9_0/libsrc/Motor_DriverIP_v1_0/src -s libs  "SHELL=CMD" "COMPILER=arm-none-eabi-gcc" "ASSEMBLER=arm-none-eab
TRACE::2025-05-11.07:41:04::SCWBDomain::i-as" "ARCHIVER=arm-none-eabi-ar" "COMPILER_FLAGS=  -O2 -c" "EXTRA_COMPILER_FLAGS=-mcpu=cortex-a9 -mfpu=vfpv3 -mfloat-abi=hard 
TRACE::2025-05-11.07:41:04::SCWBDomain::-nostartfiles -g -Wall -Wextra -fno-tree-loop-distribute-patterns"

TRACE::2025-05-11.07:41:04::SCWBDomain::"Compiling Motor_DriverIP..."

TRACE::2025-05-11.07:41:04::SCWBDomain::make[1]: Leaving directory 'E:/vitis_projects/auto_project/full_car/IIC_included_BITSTREAM/zynq_fsbl/zynq_fsbl_bsp'

ERROR::2025-05-11.07:41:04::SCWBDomain::Failed to build the  zynq_fsbl application.
LOG::2025-05-11.07:41:04::SCWSystem::Checking the domain standalone_ps7_cortexa9_0
LOG::2025-05-11.07:41:04::SCWSystem::Not a boot domain 
LOG::2025-05-11.07:41:04::SCWSystem::Started Processing the domain standalone_ps7_cortexa9_0
TRACE::2025-05-11.07:41:04::SCWDomain::Generating domain artifcats
TRACE::2025-05-11.07:41:04::SCWMssOS::Generating standalone artifcats
TRACE::2025-05-11.07:41:04::SCWMssOS::Copying the qemu file from  E:/vitis_projects/auto_project/full_car/IIC_included_BITSTREAM/resources/IIC_included_BITSTREAM/standalone_ps7_cortexa9_0/qemu_args.txt To E:/vitis_projects/auto_project/full_car/IIC_included_BITSTREAM/export/IIC_included_BITSTREAM/sw/IIC_included_BITSTREAM/qemu/
TRACE::2025-05-11.07:41:04::SCWMssOS::Copying the qemu file from  E:/vitis_projects/auto_project/full_car/IIC_included_BITSTREAM/resources/IIC_included_BITSTREAM/standalone_ps7_cortexa9_0/qemu_args.txt To E:/vitis_projects/auto_project/full_car/IIC_included_BITSTREAM/export/IIC_included_BITSTREAM/sw/IIC_included_BITSTREAM/standalone_ps7_cortexa9_0/qemu/
TRACE::2025-05-11.07:41:04::SCWMssOS:: Copying the user libraries. 
TRACE::2025-05-11.07:41:04::SCWPlatform::Trying to open the hw design at E:/vitis_projects/auto_project/full_car/IIC_included_BITSTREAM/hw/IIC_included_BITSTREAM.xsa
TRACE::2025-05-11.07:41:04::SCWPlatform::DSA given E:/vitis_projects/auto_project/full_car/IIC_included_BITSTREAM/hw/IIC_included_BITSTREAM.xsa
TRACE::2025-05-11.07:41:04::SCWPlatform::DSA absoulate path E:/vitis_projects/auto_project/full_car/IIC_included_BITSTREAM/hw/IIC_included_BITSTREAM.xsa
TRACE::2025-05-11.07:41:04::SCWPlatform::DSA directory E:/vitis_projects/auto_project/full_car/IIC_included_BITSTREAM/hw
TRACE::2025-05-11.07:41:04::SCWPlatform:: Platform Path E:/vitis_projects/auto_project/full_car/IIC_included_BITSTREAM/hw/IIC_included_BITSTREAM.xsa
TRACE::2025-05-11.07:41:04::SCWPlatform:: Unique name xilinx:pynq-z2::0.0
TRACE::2025-05-11.07:41:04::SCWPlatform::Trying to set the existing hwdb with name design_1_wrapper_0
TRACE::2025-05-11.07:41:04::SCWPlatform::Opened existing hwdb design_1_wrapper_0
TRACE::2025-05-11.07:41:04::SCWPlatform::Found the Hw Db part of the input DSA
TRACE::2025-05-11.07:41:04::SCWMssOS::Checking the sw design at  E:/vitis_projects/auto_project/full_car/IIC_included_BITSTREAM/ps7_cortexa9_0/standalone_ps7_cortexa9_0/bsp/system.mss
TRACE::2025-05-11.07:41:04::SCWMssOS::DEBUG:  swdes dump  E:/vitis_projects/auto_project/full_car/IIC_included_BITSTREAM/ps7_cortexa9_0/standalone_ps7_cortexa9_0/bsp/system.mss|system_0||
E:/vitis_projects/auto_project/full_car/IIC_included_BITSTREAM/zynq_fsbl/zynq_fsbl_bsp/system.mss|system||

TRACE::2025-05-11.07:41:04::SCWMssOS::Sw design exists and opened at  E:/vitis_projects/auto_project/full_car/IIC_included_BITSTREAM/ps7_cortexa9_0/standalone_ps7_cortexa9_0/bsp/system.mss
TRACE::2025-05-11.07:41:04::SCWMssOS::Completed writing the mss file at E:/vitis_projects/auto_project/full_car/IIC_included_BITSTREAM/ps7_cortexa9_0/standalone_ps7_cortexa9_0/bsp
TRACE::2025-05-11.07:41:04::SCWMssOS::Mss edits present, copying mssfile into export location E:/vitis_projects/auto_project/full_car/IIC_included_BITSTREAM/ps7_cortexa9_0/standalone_ps7_cortexa9_0/bsp/system.mss
TRACE::2025-05-11.07:41:04::SCWMssOS::bsp generated is upto date with the mss file. Skipping bsp generation.
TRACE::2025-05-11.07:41:04::SCWMssOS::BSP is already built. skipping the bsp build ... 
TRACE::2025-05-11.07:41:04::SCWDomain::Building the domain as part of full build :  standalone_ps7_cortexa9_0
TRACE::2025-05-11.07:41:04::SCWMssOS::doing bsp build ... 
TRACE::2025-05-11.07:41:04::SCWMssOS::System Command Ran  E: & cd  E:/vitis_projects/auto_project/full_car/IIC_included_BITSTREAM/ps7_cortexa9_0/standalone_ps7_cortexa9_0/bsp & make 
TRACE::2025-05-11.07:41:04::SCWMssOS::make --no-print-directory seq_libs

TRACE::2025-05-11.07:41:04::SCWMssOS::"Running Make include in ps7_cortexa9_0/libsrc/coresightps_dcc_v1_10/src"

TRACE::2025-05-11.07:41:04::SCWMssOS::make -C ps7_cortexa9_0/libsrc/coresightps_dcc_v1_10/src -s include  "SHELL=CMD" "COMPILER=arm-none-eabi-gcc" "ASSEMBLER=arm-non
TRACE::2025-05-11.07:41:04::SCWMssOS::e-eabi-as" "ARCHIVER=arm-none-eabi-ar" "COMPILER_FLAGS=  -O2 -c" "EXTRA_COMPILER_FLAGS=-mcpu=cortex-a9 -mfpu=vfpv3 -mfloat-abi=
TRACE::2025-05-11.07:41:04::SCWMssOS::hard -nostartfiles -g -Wall -Wextra -fno-tree-loop-distribute-patterns"

TRACE::2025-05-11.07:41:04::SCWMssOS::"Running Make include in ps7_cortexa9_0/libsrc/cpu_cortexa9_v2_12/src"

TRACE::2025-05-11.07:41:04::SCWMssOS::make -C ps7_cortexa9_0/libsrc/cpu_cortexa9_v2_12/src -s include  "SHELL=CMD" "COMPILER=arm-none-eabi-gcc" "ASSEMBLER=arm-none-e
TRACE::2025-05-11.07:41:04::SCWMssOS::abi-as" "ARCHIVER=arm-none-eabi-ar" "COMPILER_FLAGS=  -O2 -c" "EXTRA_COMPILER_FLAGS=-mcpu=cortex-a9 -mfpu=vfpv3 -mfloat-abi=har
TRACE::2025-05-11.07:41:04::SCWMssOS::d -nostartfiles -g -Wall -Wextra -fno-tree-loop-distribute-patterns"

TRACE::2025-05-11.07:41:05::SCWMssOS::"Running Make include in ps7_cortexa9_0/libsrc/ddrps_v1_2/src"

TRACE::2025-05-11.07:41:05::SCWMssOS::make -C ps7_cortexa9_0/libsrc/ddrps_v1_2/src -s include  "SHELL=CMD" "COMPILER=arm-none-eabi-gcc" "ASSEMBLER=arm-none-eabi-as" 
TRACE::2025-05-11.07:41:05::SCWMssOS::"ARCHIVER=arm-none-eabi-ar" "COMPILER_FLAGS=  -O2 -c" "EXTRA_COMPILER_FLAGS=-mcpu=cortex-a9 -mfpu=vfpv3 -mfloat-abi=hard -nosta
TRACE::2025-05-11.07:41:05::SCWMssOS::rtfiles -g -Wall -Wextra -fno-tree-loop-distribute-patterns"

TRACE::2025-05-11.07:41:05::SCWMssOS::"Running Make include in ps7_cortexa9_0/libsrc/devcfg_v3_8/src"

TRACE::2025-05-11.07:41:05::SCWMssOS::make -C ps7_cortexa9_0/libsrc/devcfg_v3_8/src -s include  "SHELL=CMD" "COMPILER=arm-none-eabi-gcc" "ASSEMBLER=arm-none-eabi-as"
TRACE::2025-05-11.07:41:05::SCWMssOS:: "ARCHIVER=arm-none-eabi-ar" "COMPILER_FLAGS=  -O2 -c" "EXTRA_COMPILER_FLAGS=-mcpu=cortex-a9 -mfpu=vfpv3 -mfloat-abi=hard -nost
TRACE::2025-05-11.07:41:05::SCWMssOS::artfiles -g -Wall -Wextra -fno-tree-loop-distribute-patterns"

TRACE::2025-05-11.07:41:05::SCWMssOS::"Running Make include in ps7_cortexa9_0/libsrc/dmaps_v2_10/src"

TRACE::2025-05-11.07:41:05::SCWMssOS::make -C ps7_cortexa9_0/libsrc/dmaps_v2_10/src -s include  "SHELL=CMD" "COMPILER=arm-none-eabi-gcc" "ASSEMBLER=arm-none-eabi-as"
TRACE::2025-05-11.07:41:05::SCWMssOS:: "ARCHIVER=arm-none-eabi-ar" "COMPILER_FLAGS=  -O2 -c" "EXTRA_COMPILER_FLAGS=-mcpu=cortex-a9 -mfpu=vfpv3 -mfloat-abi=hard -nost
TRACE::2025-05-11.07:41:05::SCWMssOS::artfiles -g -Wall -Wextra -fno-tree-loop-distribute-patterns"

TRACE::2025-05-11.07:41:05::SCWMssOS::"Running Make include in ps7_cortexa9_0/libsrc/emacps_v3_20/src"

TRACE::2025-05-11.07:41:05::SCWMssOS::make -C ps7_cortexa9_0/libsrc/emacps_v3_20/src -s include  "SHELL=CMD" "COMPILER=arm-none-eabi-gcc" "ASSEMBLER=arm-none-eabi-as
TRACE::2025-05-11.07:41:05::SCWMssOS::" "ARCHIVER=arm-none-eabi-ar" "COMPILER_FLAGS=  -O2 -c" "EXTRA_COMPILER_FLAGS=-mcpu=cortex-a9 -mfpu=vfpv3 -mfloat-abi=hard -nos
TRACE::2025-05-11.07:41:05::SCWMssOS::tartfiles -g -Wall -Wextra -fno-tree-loop-distribute-patterns"

TRACE::2025-05-11.07:41:05::SCWMssOS::"Running Make include in ps7_cortexa9_0/libsrc/gpiops_v3_13/src"

TRACE::2025-05-11.07:41:05::SCWMssOS::make -C ps7_cortexa9_0/libsrc/gpiops_v3_13/src -s include  "SHELL=CMD" "COMPILER=arm-none-eabi-gcc" "ASSEMBLER=arm-none-eabi-as
TRACE::2025-05-11.07:41:05::SCWMssOS::" "ARCHIVER=arm-none-eabi-ar" "COMPILER_FLAGS=  -O2 -c" "EXTRA_COMPILER_FLAGS=-mcpu=cortex-a9 -mfpu=vfpv3 -mfloat-abi=hard -nos
TRACE::2025-05-11.07:41:05::SCWMssOS::tartfiles -g -Wall -Wextra -fno-tree-loop-distribute-patterns"

TRACE::2025-05-11.07:41:05::SCWMssOS::"Running Make include in ps7_cortexa9_0/libsrc/iic_v3_11/src"

TRACE::2025-05-11.07:41:05::SCWMssOS::make -C ps7_cortexa9_0/libsrc/iic_v3_11/src -s include  "SHELL=CMD" "COMPILER=arm-none-eabi-gcc" "ASSEMBLER=arm-none-eabi-as" "
TRACE::2025-05-11.07:41:05::SCWMssOS::ARCHIVER=arm-none-eabi-ar" "COMPILER_FLAGS=  -O2 -c" "EXTRA_COMPILER_FLAGS=-mcpu=cortex-a9 -mfpu=vfpv3 -mfloat-abi=hard -nostar
TRACE::2025-05-11.07:41:05::SCWMssOS::tfiles -g -Wall -Wextra -fno-tree-loop-distribute-patterns"

TRACE::2025-05-11.07:41:05::SCWMssOS::"Running Make include in ps7_cortexa9_0/libsrc/Motor_DriverIP_v1_0/src"

TRACE::2025-05-11.07:41:05::SCWMssOS::make -C ps7_cortexa9_0/libsrc/Motor_DriverIP_v1_0/src -s include  "SHELL=CMD" "COMPILER=arm-none-eabi-gcc" "ASSEMBLER=arm-none-
TRACE::2025-05-11.07:41:05::SCWMssOS::eabi-as" "ARCHIVER=arm-none-eabi-ar" "COMPILER_FLAGS=  -O2 -c" "EXTRA_COMPILER_FLAGS=-mcpu=cortex-a9 -mfpu=vfpv3 -mfloat-abi=ha
TRACE::2025-05-11.07:41:05::SCWMssOS::rd -nostartfiles -g -Wall -Wextra -fno-tree-loop-distribute-patterns"

TRACE::2025-05-11.07:41:05::SCWMssOS::"Running Make include in ps7_cortexa9_0/libsrc/qspips_v3_12/src"

TRACE::2025-05-11.07:41:05::SCWMssOS::make -C ps7_cortexa9_0/libsrc/qspips_v3_12/src -s include  "SHELL=CMD" "COMPILER=arm-none-eabi-gcc" "ASSEMBLER=arm-none-eabi-as
TRACE::2025-05-11.07:41:05::SCWMssOS::" "ARCHIVER=arm-none-eabi-ar" "COMPILER_FLAGS=  -O2 -c" "EXTRA_COMPILER_FLAGS=-mcpu=cortex-a9 -mfpu=vfpv3 -mfloat-abi=hard -nos
TRACE::2025-05-11.07:41:05::SCWMssOS::tartfiles -g -Wall -Wextra -fno-tree-loop-distribute-patterns"

TRACE::2025-05-11.07:41:05::SCWMssOS::"Running Make include in ps7_cortexa9_0/libsrc/scugic_v5_3/src"

TRACE::2025-05-11.07:41:05::SCWMssOS::make -C ps7_cortexa9_0/libsrc/scugic_v5_3/src -s include  "SHELL=CMD" "COMPILER=arm-none-eabi-gcc" "ASSEMBLER=arm-none-eabi-as"
TRACE::2025-05-11.07:41:05::SCWMssOS:: "ARCHIVER=arm-none-eabi-ar" "COMPILER_FLAGS=  -O2 -c" "EXTRA_COMPILER_FLAGS=-mcpu=cortex-a9 -mfpu=vfpv3 -mfloat-abi=hard -nost
TRACE::2025-05-11.07:41:05::SCWMssOS::artfiles -g -Wall -Wextra -fno-tree-loop-distribute-patterns"

TRACE::2025-05-11.07:41:05::SCWMssOS::"Running Make include in ps7_cortexa9_0/libsrc/scutimer_v2_6/src"

TRACE::2025-05-11.07:41:05::SCWMssOS::make -C ps7_cortexa9_0/libsrc/scutimer_v2_6/src -s include  "SHELL=CMD" "COMPILER=arm-none-eabi-gcc" "ASSEMBLER=arm-none-eabi-a
TRACE::2025-05-11.07:41:05::SCWMssOS::s" "ARCHIVER=arm-none-eabi-ar" "COMPILER_FLAGS=  -O2 -c" "EXTRA_COMPILER_FLAGS=-mcpu=cortex-a9 -mfpu=vfpv3 -mfloat-abi=hard -no
TRACE::2025-05-11.07:41:05::SCWMssOS::startfiles -g -Wall -Wextra -fno-tree-loop-distribute-patterns"

TRACE::2025-05-11.07:41:05::SCWMssOS::"Running Make include in ps7_cortexa9_0/libsrc/scuwdt_v2_5/src"

TRACE::2025-05-11.07:41:05::SCWMssOS::make -C ps7_cortexa9_0/libsrc/scuwdt_v2_5/src -s include  "SHELL=CMD" "COMPILER=arm-none-eabi-gcc" "ASSEMBLER=arm-none-eabi-as"
TRACE::2025-05-11.07:41:05::SCWMssOS:: "ARCHIVER=arm-none-eabi-ar" "COMPILER_FLAGS=  -O2 -c" "EXTRA_COMPILER_FLAGS=-mcpu=cortex-a9 -mfpu=vfpv3 -mfloat-abi=hard -nost
TRACE::2025-05-11.07:41:05::SCWMssOS::artfiles -g -Wall -Wextra -fno-tree-loop-distribute-patterns"

TRACE::2025-05-11.07:41:05::SCWMssOS::"Running Make include in ps7_cortexa9_0/libsrc/sdps_v4_3/src"

TRACE::2025-05-11.07:41:05::SCWMssOS::make -C ps7_cortexa9_0/libsrc/sdps_v4_3/src -s include  "SHELL=CMD" "COMPILER=arm-none-eabi-gcc" "ASSEMBLER=arm-none-eabi-as" "
TRACE::2025-05-11.07:41:05::SCWMssOS::ARCHIVER=arm-none-eabi-ar" "COMPILER_FLAGS=  -O2 -c" "EXTRA_COMPILER_FLAGS=-mcpu=cortex-a9 -mfpu=vfpv3 -mfloat-abi=hard -nostar
TRACE::2025-05-11.07:41:05::SCWMssOS::tfiles -g -Wall -Wextra -fno-tree-loop-distribute-patterns"

TRACE::2025-05-11.07:41:05::SCWMssOS::"Running Make include in ps7_cortexa9_0/libsrc/SpeedSensor_Driver_IP_v1_0/src"

TRACE::2025-05-11.07:41:05::SCWMssOS::make -C ps7_cortexa9_0/libsrc/SpeedSensor_Driver_IP_v1_0/src -s include  "SHELL=CMD" "COMPILER=arm-none-eabi-gcc" "ASSEMBLER=ar
TRACE::2025-05-11.07:41:05::SCWMssOS::m-none-eabi-as" "ARCHIVER=arm-none-eabi-ar" "COMPILER_FLAGS=  -O2 -c" "EXTRA_COMPILER_FLAGS=-mcpu=cortex-a9 -mfpu=vfpv3 -mfloat
TRACE::2025-05-11.07:41:05::SCWMssOS::-abi=hard -nostartfiles -g -Wall -Wextra -fno-tree-loop-distribute-patterns"

TRACE::2025-05-11.07:41:05::SCWMssOS::"Running Make include in ps7_cortexa9_0/libsrc/standalone_v9_1/src"

TRACE::2025-05-11.07:41:05::SCWMssOS::make -C ps7_cortexa9_0/libsrc/standalone_v9_1/src -s include  "SHELL=CMD" "COMPILER=arm-none-eabi-gcc" "ASSEMBLER=arm-none-eabi
TRACE::2025-05-11.07:41:05::SCWMssOS::-as" "ARCHIVER=arm-none-eabi-ar" "COMPILER_FLAGS=  -O2 -c" "EXTRA_COMPILER_FLAGS=-mcpu=cortex-a9 -mfpu=vfpv3 -mfloat-abi=hard -
TRACE::2025-05-11.07:41:05::SCWMssOS::nostartfiles -g -Wall -Wextra -fno-tree-loop-distribute-patterns"

TRACE::2025-05-11.07:41:06::SCWMssOS::"Running Make include in ps7_cortexa9_0/libsrc/tmrctr_v4_12/src"

TRACE::2025-05-11.07:41:06::SCWMssOS::make -C ps7_cortexa9_0/libsrc/tmrctr_v4_12/src -s include  "SHELL=CMD" "COMPILER=arm-none-eabi-gcc" "ASSEMBLER=arm-none-eabi-as
TRACE::2025-05-11.07:41:06::SCWMssOS::" "ARCHIVER=arm-none-eabi-ar" "COMPILER_FLAGS=  -O2 -c" "EXTRA_COMPILER_FLAGS=-mcpu=cortex-a9 -mfpu=vfpv3 -mfloat-abi=hard -nos
TRACE::2025-05-11.07:41:06::SCWMssOS::tartfiles -g -Wall -Wextra -fno-tree-loop-distribute-patterns"

TRACE::2025-05-11.07:41:06::SCWMssOS::"Running Make include in ps7_cortexa9_0/libsrc/uartps_v3_14/src"

TRACE::2025-05-11.07:41:06::SCWMssOS::make -C ps7_cortexa9_0/libsrc/uartps_v3_14/src -s include  "SHELL=CMD" "COMPILER=arm-none-eabi-gcc" "ASSEMBLER=arm-none-eabi-as
TRACE::2025-05-11.07:41:06::SCWMssOS::" "ARCHIVER=arm-none-eabi-ar" "COMPILER_FLAGS=  -O2 -c" "EXTRA_COMPILER_FLAGS=-mcpu=cortex-a9 -mfpu=vfpv3 -mfloat-abi=hard -nos
TRACE::2025-05-11.07:41:06::SCWMssOS::tartfiles -g -Wall -Wextra -fno-tree-loop-distribute-patterns"

TRACE::2025-05-11.07:41:06::SCWMssOS::"Running Make include in ps7_cortexa9_0/libsrc/usbps_v2_9/src"

TRACE::2025-05-11.07:41:06::SCWMssOS::make -C ps7_cortexa9_0/libsrc/usbps_v2_9/src -s include  "SHELL=CMD" "COMPILER=arm-none-eabi-gcc" "ASSEMBLER=arm-none-eabi-as" 
TRACE::2025-05-11.07:41:06::SCWMssOS::"ARCHIVER=arm-none-eabi-ar" "COMPILER_FLAGS=  -O2 -c" "EXTRA_COMPILER_FLAGS=-mcpu=cortex-a9 -mfpu=vfpv3 -mfloat-abi=hard -nosta
TRACE::2025-05-11.07:41:06::SCWMssOS::rtfiles -g -Wall -Wextra -fno-tree-loop-distribute-patterns"

TRACE::2025-05-11.07:41:06::SCWMssOS::"Running Make include in ps7_cortexa9_0/libsrc/xadcps_v2_7/src"

TRACE::2025-05-11.07:41:06::SCWMssOS::make -C ps7_cortexa9_0/libsrc/xadcps_v2_7/src -s include  "SHELL=CMD" "COMPILER=arm-none-eabi-gcc" "ASSEMBLER=arm-none-eabi-as"
TRACE::2025-05-11.07:41:06::SCWMssOS:: "ARCHIVER=arm-none-eabi-ar" "COMPILER_FLAGS=  -O2 -c" "EXTRA_COMPILER_FLAGS=-mcpu=cortex-a9 -mfpu=vfpv3 -mfloat-abi=hard -nost
TRACE::2025-05-11.07:41:06::SCWMssOS::artfiles -g -Wall -Wextra -fno-tree-loop-distribute-patterns"

TRACE::2025-05-11.07:41:06::SCWMssOS::"Running Make libs in ps7_cortexa9_0/libsrc/Motor_DriverIP_v1_0/src"

TRACE::2025-05-11.07:41:06::SCWMssOS::make -C ps7_cortexa9_0/libsrc/Motor_DriverIP_v1_0/src -s libs  "SHELL=CMD" "COMPILER=arm-none-eabi-gcc" "ASSEMBLER=arm-none-eab
TRACE::2025-05-11.07:41:06::SCWMssOS::i-as" "ARCHIVER=arm-none-eabi-ar" "COMPILER_FLAGS=  -O2 -c" "EXTRA_COMPILER_FLAGS=-mcpu=cortex-a9 -mfpu=vfpv3 -mfloat-abi=hard 
TRACE::2025-05-11.07:41:06::SCWMssOS::-nostartfiles -g -Wall -Wextra -fno-tree-loop-distribute-patterns"

TRACE::2025-05-11.07:41:06::SCWMssOS::"Compiling Motor_DriverIP..."

ERROR::2025-05-11.07:41:06::SCWMssOS::Failed to build  the bsp sources for domain - standalone_ps7_cortexa9_0
ERROR::2025-05-11.07:41:06::SCWSystem::Error in Processing the domain standalone_ps7_cortexa9_0
LOG::2025-05-11.07:43:02::SCWPlatform::Started generating the artifacts platform IIC_included_BITSTREAM
TRACE::2025-05-11.07:43:02::SCWPlatform::Sanity checking of platform is completed
LOG::2025-05-11.07:43:02::SCWPlatform::Started generating the artifacts for system configuration IIC_included_BITSTREAM
LOG::2025-05-11.07:43:02::SCWSystem::Checking the domain zynq_fsbl
LOG::2025-05-11.07:43:02::SCWSystem::Doing application build for :  zynq_fsbl
TRACE::2025-05-11.07:43:02::SCWBDomain::Not a forced makefile updation, No changes are present. 
TRACE::2025-05-11.07:43:02::SCWDomain::Building the domain as part of full build :  zynq_fsbl
TRACE::2025-05-11.07:43:02::SCWPlatform::Trying to open the hw design at E:/vitis_projects/auto_project/full_car/IIC_included_BITSTREAM/hw/IIC_included_BITSTREAM.xsa
TRACE::2025-05-11.07:43:02::SCWPlatform::DSA given E:/vitis_projects/auto_project/full_car/IIC_included_BITSTREAM/hw/IIC_included_BITSTREAM.xsa
TRACE::2025-05-11.07:43:02::SCWPlatform::DSA absoulate path E:/vitis_projects/auto_project/full_car/IIC_included_BITSTREAM/hw/IIC_included_BITSTREAM.xsa
TRACE::2025-05-11.07:43:02::SCWPlatform::DSA directory E:/vitis_projects/auto_project/full_car/IIC_included_BITSTREAM/hw
TRACE::2025-05-11.07:43:02::SCWPlatform:: Platform Path E:/vitis_projects/auto_project/full_car/IIC_included_BITSTREAM/hw/IIC_included_BITSTREAM.xsa
TRACE::2025-05-11.07:43:02::SCWPlatform:: Unique name xilinx:pynq-z2::0.0
TRACE::2025-05-11.07:43:02::SCWPlatform::Trying to set the existing hwdb with name design_1_wrapper_0
TRACE::2025-05-11.07:43:02::SCWPlatform::Opened existing hwdb design_1_wrapper_0
TRACE::2025-05-11.07:43:02::SCWPlatform::Found the Hw Db part of the input DSA
TRACE::2025-05-11.07:43:02::SCWMssOS::Checking the sw design at  E:/vitis_projects/auto_project/full_car/IIC_included_BITSTREAM/zynq_fsbl/zynq_fsbl_bsp/system.mss
TRACE::2025-05-11.07:43:02::SCWMssOS::DEBUG:  swdes dump  E:/vitis_projects/auto_project/full_car/IIC_included_BITSTREAM/ps7_cortexa9_0/standalone_ps7_cortexa9_0/bsp/system.mss|system_0||
E:/vitis_projects/auto_project/full_car/IIC_included_BITSTREAM/zynq_fsbl/zynq_fsbl_bsp/system.mss|system||

TRACE::2025-05-11.07:43:02::SCWMssOS::Sw design exists and opened at  E:/vitis_projects/auto_project/full_car/IIC_included_BITSTREAM/zynq_fsbl/zynq_fsbl_bsp/system.mss
TRACE::2025-05-11.07:43:02::SCWBDomain::Completed writing the mss file at E:/vitis_projects/auto_project/full_car/IIC_included_BITSTREAM/zynq_fsbl/zynq_fsbl_bsp
TRACE::2025-05-11.07:43:02::SCWBDomain::bsp generated is upto date with the mss file. Skipping bsp generation.
TRACE::2025-05-11.07:43:02::SCWBDomain::Not a forced makefile updation, No changes are present. 
TRACE::2025-05-11.07:43:02::SCWBDomain::System Command Ran  E:&  cd  E:/vitis_projects/auto_project/full_car/IIC_included_BITSTREAM/zynq_fsbl& make -C  zynq_fsbl_bsp & make 
TRACE::2025-05-11.07:43:02::SCWBDomain::make: Entering directory 'E:/vitis_projects/auto_project/full_car/IIC_included_BITSTREAM/zynq_fsbl/zynq_fsbl_bsp'

TRACE::2025-05-11.07:43:02::SCWBDomain::make --no-print-directory seq_libs

TRACE::2025-05-11.07:43:02::SCWBDomain::"Running Make include in ps7_cortexa9_0/libsrc/coresightps_dcc_v1_10/src"

TRACE::2025-05-11.07:43:02::SCWBDomain::make -C ps7_cortexa9_0/libsrc/coresightps_dcc_v1_10/src -s include  "SHELL=CMD" "COMPILER=arm-none-eabi-gcc" "ASSEMBLER=arm-non
TRACE::2025-05-11.07:43:02::SCWBDomain::e-eabi-as" "ARCHIVER=arm-none-eabi-ar" "COMPILER_FLAGS=  -O2 -c" "EXTRA_COMPILER_FLAGS=-mcpu=cortex-a9 -mfpu=vfpv3 -mfloat-abi=
TRACE::2025-05-11.07:43:02::SCWBDomain::hard -nostartfiles -g -Wall -Wextra -fno-tree-loop-distribute-patterns"

TRACE::2025-05-11.07:43:02::SCWBDomain::"Running Make include in ps7_cortexa9_0/libsrc/cpu_cortexa9_v2_12/src"

TRACE::2025-05-11.07:43:02::SCWBDomain::make -C ps7_cortexa9_0/libsrc/cpu_cortexa9_v2_12/src -s include  "SHELL=CMD" "COMPILER=arm-none-eabi-gcc" "ASSEMBLER=arm-none-e
TRACE::2025-05-11.07:43:02::SCWBDomain::abi-as" "ARCHIVER=arm-none-eabi-ar" "COMPILER_FLAGS=  -O2 -c" "EXTRA_COMPILER_FLAGS=-mcpu=cortex-a9 -mfpu=vfpv3 -mfloat-abi=har
TRACE::2025-05-11.07:43:02::SCWBDomain::d -nostartfiles -g -Wall -Wextra -fno-tree-loop-distribute-patterns"

TRACE::2025-05-11.07:43:02::SCWBDomain::"Running Make include in ps7_cortexa9_0/libsrc/ddrps_v1_2/src"

TRACE::2025-05-11.07:43:02::SCWBDomain::make -C ps7_cortexa9_0/libsrc/ddrps_v1_2/src -s include  "SHELL=CMD" "COMPILER=arm-none-eabi-gcc" "ASSEMBLER=arm-none-eabi-as" 
TRACE::2025-05-11.07:43:02::SCWBDomain::"ARCHIVER=arm-none-eabi-ar" "COMPILER_FLAGS=  -O2 -c" "EXTRA_COMPILER_FLAGS=-mcpu=cortex-a9 -mfpu=vfpv3 -mfloat-abi=hard -nosta
TRACE::2025-05-11.07:43:02::SCWBDomain::rtfiles -g -Wall -Wextra -fno-tree-loop-distribute-patterns"

TRACE::2025-05-11.07:43:02::SCWBDomain::"Running Make include in ps7_cortexa9_0/libsrc/devcfg_v3_8/src"

TRACE::2025-05-11.07:43:02::SCWBDomain::make -C ps7_cortexa9_0/libsrc/devcfg_v3_8/src -s include  "SHELL=CMD" "COMPILER=arm-none-eabi-gcc" "ASSEMBLER=arm-none-eabi-as"
TRACE::2025-05-11.07:43:02::SCWBDomain:: "ARCHIVER=arm-none-eabi-ar" "COMPILER_FLAGS=  -O2 -c" "EXTRA_COMPILER_FLAGS=-mcpu=cortex-a9 -mfpu=vfpv3 -mfloat-abi=hard -nost
TRACE::2025-05-11.07:43:02::SCWBDomain::artfiles -g -Wall -Wextra -fno-tree-loop-distribute-patterns"

TRACE::2025-05-11.07:43:02::SCWBDomain::"Running Make include in ps7_cortexa9_0/libsrc/dmaps_v2_10/src"

TRACE::2025-05-11.07:43:02::SCWBDomain::make -C ps7_cortexa9_0/libsrc/dmaps_v2_10/src -s include  "SHELL=CMD" "COMPILER=arm-none-eabi-gcc" "ASSEMBLER=arm-none-eabi-as"
TRACE::2025-05-11.07:43:02::SCWBDomain:: "ARCHIVER=arm-none-eabi-ar" "COMPILER_FLAGS=  -O2 -c" "EXTRA_COMPILER_FLAGS=-mcpu=cortex-a9 -mfpu=vfpv3 -mfloat-abi=hard -nost
TRACE::2025-05-11.07:43:02::SCWBDomain::artfiles -g -Wall -Wextra -fno-tree-loop-distribute-patterns"

TRACE::2025-05-11.07:43:02::SCWBDomain::"Running Make include in ps7_cortexa9_0/libsrc/emacps_v3_20/src"

TRACE::2025-05-11.07:43:02::SCWBDomain::make -C ps7_cortexa9_0/libsrc/emacps_v3_20/src -s include  "SHELL=CMD" "COMPILER=arm-none-eabi-gcc" "ASSEMBLER=arm-none-eabi-as
TRACE::2025-05-11.07:43:02::SCWBDomain::" "ARCHIVER=arm-none-eabi-ar" "COMPILER_FLAGS=  -O2 -c" "EXTRA_COMPILER_FLAGS=-mcpu=cortex-a9 -mfpu=vfpv3 -mfloat-abi=hard -nos
TRACE::2025-05-11.07:43:02::SCWBDomain::tartfiles -g -Wall -Wextra -fno-tree-loop-distribute-patterns"

TRACE::2025-05-11.07:43:02::SCWBDomain::"Running Make include in ps7_cortexa9_0/libsrc/gpiops_v3_13/src"

TRACE::2025-05-11.07:43:02::SCWBDomain::make -C ps7_cortexa9_0/libsrc/gpiops_v3_13/src -s include  "SHELL=CMD" "COMPILER=arm-none-eabi-gcc" "ASSEMBLER=arm-none-eabi-as
TRACE::2025-05-11.07:43:02::SCWBDomain::" "ARCHIVER=arm-none-eabi-ar" "COMPILER_FLAGS=  -O2 -c" "EXTRA_COMPILER_FLAGS=-mcpu=cortex-a9 -mfpu=vfpv3 -mfloat-abi=hard -nos
TRACE::2025-05-11.07:43:02::SCWBDomain::tartfiles -g -Wall -Wextra -fno-tree-loop-distribute-patterns"

TRACE::2025-05-11.07:43:02::SCWBDomain::"Running Make include in ps7_cortexa9_0/libsrc/iic_v3_11/src"

TRACE::2025-05-11.07:43:02::SCWBDomain::make -C ps7_cortexa9_0/libsrc/iic_v3_11/src -s include  "SHELL=CMD" "COMPILER=arm-none-eabi-gcc" "ASSEMBLER=arm-none-eabi-as" "
TRACE::2025-05-11.07:43:02::SCWBDomain::ARCHIVER=arm-none-eabi-ar" "COMPILER_FLAGS=  -O2 -c" "EXTRA_COMPILER_FLAGS=-mcpu=cortex-a9 -mfpu=vfpv3 -mfloat-abi=hard -nostar
TRACE::2025-05-11.07:43:02::SCWBDomain::tfiles -g -Wall -Wextra -fno-tree-loop-distribute-patterns"

TRACE::2025-05-11.07:43:02::SCWBDomain::"Running Make include in ps7_cortexa9_0/libsrc/Motor_DriverIP_v1_0/src"

TRACE::2025-05-11.07:43:02::SCWBDomain::make -C ps7_cortexa9_0/libsrc/Motor_DriverIP_v1_0/src -s include  "SHELL=CMD" "COMPILER=arm-none-eabi-gcc" "ASSEMBLER=arm-none-
TRACE::2025-05-11.07:43:02::SCWBDomain::eabi-as" "ARCHIVER=arm-none-eabi-ar" "COMPILER_FLAGS=  -O2 -c" "EXTRA_COMPILER_FLAGS=-mcpu=cortex-a9 -mfpu=vfpv3 -mfloat-abi=ha
TRACE::2025-05-11.07:43:02::SCWBDomain::rd -nostartfiles -g -Wall -Wextra -fno-tree-loop-distribute-patterns"

TRACE::2025-05-11.07:43:02::SCWBDomain::"Running Make include in ps7_cortexa9_0/libsrc/qspips_v3_12/src"

TRACE::2025-05-11.07:43:02::SCWBDomain::make -C ps7_cortexa9_0/libsrc/qspips_v3_12/src -s include  "SHELL=CMD" "COMPILER=arm-none-eabi-gcc" "ASSEMBLER=arm-none-eabi-as
TRACE::2025-05-11.07:43:02::SCWBDomain::" "ARCHIVER=arm-none-eabi-ar" "COMPILER_FLAGS=  -O2 -c" "EXTRA_COMPILER_FLAGS=-mcpu=cortex-a9 -mfpu=vfpv3 -mfloat-abi=hard -nos
TRACE::2025-05-11.07:43:02::SCWBDomain::tartfiles -g -Wall -Wextra -fno-tree-loop-distribute-patterns"

TRACE::2025-05-11.07:43:02::SCWBDomain::"Running Make include in ps7_cortexa9_0/libsrc/scugic_v5_3/src"

TRACE::2025-05-11.07:43:02::SCWBDomain::make -C ps7_cortexa9_0/libsrc/scugic_v5_3/src -s include  "SHELL=CMD" "COMPILER=arm-none-eabi-gcc" "ASSEMBLER=arm-none-eabi-as"
TRACE::2025-05-11.07:43:02::SCWBDomain:: "ARCHIVER=arm-none-eabi-ar" "COMPILER_FLAGS=  -O2 -c" "EXTRA_COMPILER_FLAGS=-mcpu=cortex-a9 -mfpu=vfpv3 -mfloat-abi=hard -nost
TRACE::2025-05-11.07:43:02::SCWBDomain::artfiles -g -Wall -Wextra -fno-tree-loop-distribute-patterns"

TRACE::2025-05-11.07:43:02::SCWBDomain::"Running Make include in ps7_cortexa9_0/libsrc/scutimer_v2_6/src"

TRACE::2025-05-11.07:43:02::SCWBDomain::make -C ps7_cortexa9_0/libsrc/scutimer_v2_6/src -s include  "SHELL=CMD" "COMPILER=arm-none-eabi-gcc" "ASSEMBLER=arm-none-eabi-a
TRACE::2025-05-11.07:43:02::SCWBDomain::s" "ARCHIVER=arm-none-eabi-ar" "COMPILER_FLAGS=  -O2 -c" "EXTRA_COMPILER_FLAGS=-mcpu=cortex-a9 -mfpu=vfpv3 -mfloat-abi=hard -no
TRACE::2025-05-11.07:43:02::SCWBDomain::startfiles -g -Wall -Wextra -fno-tree-loop-distribute-patterns"

TRACE::2025-05-11.07:43:02::SCWBDomain::"Running Make include in ps7_cortexa9_0/libsrc/scuwdt_v2_5/src"

TRACE::2025-05-11.07:43:02::SCWBDomain::make -C ps7_cortexa9_0/libsrc/scuwdt_v2_5/src -s include  "SHELL=CMD" "COMPILER=arm-none-eabi-gcc" "ASSEMBLER=arm-none-eabi-as"
TRACE::2025-05-11.07:43:02::SCWBDomain:: "ARCHIVER=arm-none-eabi-ar" "COMPILER_FLAGS=  -O2 -c" "EXTRA_COMPILER_FLAGS=-mcpu=cortex-a9 -mfpu=vfpv3 -mfloat-abi=hard -nost
TRACE::2025-05-11.07:43:02::SCWBDomain::artfiles -g -Wall -Wextra -fno-tree-loop-distribute-patterns"

TRACE::2025-05-11.07:43:02::SCWBDomain::"Running Make include in ps7_cortexa9_0/libsrc/sdps_v4_3/src"

TRACE::2025-05-11.07:43:02::SCWBDomain::make -C ps7_cortexa9_0/libsrc/sdps_v4_3/src -s include  "SHELL=CMD" "COMPILER=arm-none-eabi-gcc" "ASSEMBLER=arm-none-eabi-as" "
TRACE::2025-05-11.07:43:02::SCWBDomain::ARCHIVER=arm-none-eabi-ar" "COMPILER_FLAGS=  -O2 -c" "EXTRA_COMPILER_FLAGS=-mcpu=cortex-a9 -mfpu=vfpv3 -mfloat-abi=hard -nostar
TRACE::2025-05-11.07:43:02::SCWBDomain::tfiles -g -Wall -Wextra -fno-tree-loop-distribute-patterns"

TRACE::2025-05-11.07:43:02::SCWBDomain::"Running Make include in ps7_cortexa9_0/libsrc/SpeedSensor_Driver_IP_v1_0/src"

TRACE::2025-05-11.07:43:02::SCWBDomain::make -C ps7_cortexa9_0/libsrc/SpeedSensor_Driver_IP_v1_0/src -s include  "SHELL=CMD" "COMPILER=arm-none-eabi-gcc" "ASSEMBLER=ar
TRACE::2025-05-11.07:43:02::SCWBDomain::m-none-eabi-as" "ARCHIVER=arm-none-eabi-ar" "COMPILER_FLAGS=  -O2 -c" "EXTRA_COMPILER_FLAGS=-mcpu=cortex-a9 -mfpu=vfpv3 -mfloat
TRACE::2025-05-11.07:43:02::SCWBDomain::-abi=hard -nostartfiles -g -Wall -Wextra -fno-tree-loop-distribute-patterns"

TRACE::2025-05-11.07:43:02::SCWBDomain::"Running Make include in ps7_cortexa9_0/libsrc/standalone_v9_1/src"

TRACE::2025-05-11.07:43:02::SCWBDomain::make -C ps7_cortexa9_0/libsrc/standalone_v9_1/src -s include  "SHELL=CMD" "COMPILER=arm-none-eabi-gcc" "ASSEMBLER=arm-none-eabi
TRACE::2025-05-11.07:43:02::SCWBDomain::-as" "ARCHIVER=arm-none-eabi-ar" "COMPILER_FLAGS=  -O2 -c" "EXTRA_COMPILER_FLAGS=-mcpu=cortex-a9 -mfpu=vfpv3 -mfloat-abi=hard -
TRACE::2025-05-11.07:43:02::SCWBDomain::nostartfiles -g -Wall -Wextra -fno-tree-loop-distribute-patterns"

TRACE::2025-05-11.07:43:02::SCWBDomain::"Running Make include in ps7_cortexa9_0/libsrc/tmrctr_v4_12/src"

TRACE::2025-05-11.07:43:02::SCWBDomain::make -C ps7_cortexa9_0/libsrc/tmrctr_v4_12/src -s include  "SHELL=CMD" "COMPILER=arm-none-eabi-gcc" "ASSEMBLER=arm-none-eabi-as
TRACE::2025-05-11.07:43:02::SCWBDomain::" "ARCHIVER=arm-none-eabi-ar" "COMPILER_FLAGS=  -O2 -c" "EXTRA_COMPILER_FLAGS=-mcpu=cortex-a9 -mfpu=vfpv3 -mfloat-abi=hard -nos
TRACE::2025-05-11.07:43:02::SCWBDomain::tartfiles -g -Wall -Wextra -fno-tree-loop-distribute-patterns"

TRACE::2025-05-11.07:43:02::SCWBDomain::"Running Make include in ps7_cortexa9_0/libsrc/uartps_v3_14/src"

TRACE::2025-05-11.07:43:02::SCWBDomain::make -C ps7_cortexa9_0/libsrc/uartps_v3_14/src -s include  "SHELL=CMD" "COMPILER=arm-none-eabi-gcc" "ASSEMBLER=arm-none-eabi-as
TRACE::2025-05-11.07:43:02::SCWBDomain::" "ARCHIVER=arm-none-eabi-ar" "COMPILER_FLAGS=  -O2 -c" "EXTRA_COMPILER_FLAGS=-mcpu=cortex-a9 -mfpu=vfpv3 -mfloat-abi=hard -nos
TRACE::2025-05-11.07:43:02::SCWBDomain::tartfiles -g -Wall -Wextra -fno-tree-loop-distribute-patterns"

TRACE::2025-05-11.07:43:02::SCWBDomain::"Running Make include in ps7_cortexa9_0/libsrc/usbps_v2_9/src"

TRACE::2025-05-11.07:43:02::SCWBDomain::make -C ps7_cortexa9_0/libsrc/usbps_v2_9/src -s include  "SHELL=CMD" "COMPILER=arm-none-eabi-gcc" "ASSEMBLER=arm-none-eabi-as" 
TRACE::2025-05-11.07:43:02::SCWBDomain::"ARCHIVER=arm-none-eabi-ar" "COMPILER_FLAGS=  -O2 -c" "EXTRA_COMPILER_FLAGS=-mcpu=cortex-a9 -mfpu=vfpv3 -mfloat-abi=hard -nosta
TRACE::2025-05-11.07:43:02::SCWBDomain::rtfiles -g -Wall -Wextra -fno-tree-loop-distribute-patterns"

TRACE::2025-05-11.07:43:02::SCWBDomain::"Running Make include in ps7_cortexa9_0/libsrc/xadcps_v2_7/src"

TRACE::2025-05-11.07:43:02::SCWBDomain::make -C ps7_cortexa9_0/libsrc/xadcps_v2_7/src -s include  "SHELL=CMD" "COMPILER=arm-none-eabi-gcc" "ASSEMBLER=arm-none-eabi-as"
TRACE::2025-05-11.07:43:02::SCWBDomain:: "ARCHIVER=arm-none-eabi-ar" "COMPILER_FLAGS=  -O2 -c" "EXTRA_COMPILER_FLAGS=-mcpu=cortex-a9 -mfpu=vfpv3 -mfloat-abi=hard -nost
TRACE::2025-05-11.07:43:02::SCWBDomain::artfiles -g -Wall -Wextra -fno-tree-loop-distribute-patterns"

TRACE::2025-05-11.07:43:02::SCWBDomain::"Running Make include in ps7_cortexa9_0/libsrc/xilffs_v5_2/src"

TRACE::2025-05-11.07:43:02::SCWBDomain::make -C ps7_cortexa9_0/libsrc/xilffs_v5_2/src -s include  "SHELL=CMD" "COMPILER=arm-none-eabi-gcc" "ASSEMBLER=arm-none-eabi-as"
TRACE::2025-05-11.07:43:02::SCWBDomain:: "ARCHIVER=arm-none-eabi-ar" "COMPILER_FLAGS=  -O2 -c" "EXTRA_COMPILER_FLAGS=-mcpu=cortex-a9 -mfpu=vfpv3 -mfloat-abi=hard -nost
TRACE::2025-05-11.07:43:02::SCWBDomain::artfiles -g -Wall -Wextra -fno-tree-loop-distribute-patterns"

TRACE::2025-05-11.07:43:02::SCWBDomain::"Running Make include in ps7_cortexa9_0/libsrc/xilrsa_v1_8/src"

TRACE::2025-05-11.07:43:02::SCWBDomain::make -C ps7_cortexa9_0/libsrc/xilrsa_v1_8/src -s include  "SHELL=CMD" "COMPILER=arm-none-eabi-gcc" "ASSEMBLER=arm-none-eabi-as"
TRACE::2025-05-11.07:43:02::SCWBDomain:: "ARCHIVER=arm-none-eabi-ar" "COMPILER_FLAGS=  -O2 -c" "EXTRA_COMPILER_FLAGS=-mcpu=cortex-a9 -mfpu=vfpv3 -mfloat-abi=hard -nost
TRACE::2025-05-11.07:43:02::SCWBDomain::artfiles -g -Wall -Wextra -fno-tree-loop-distribute-patterns"

TRACE::2025-05-11.07:43:02::SCWBDomain::"Running Make libs in ps7_cortexa9_0/libsrc/Motor_DriverIP_v1_0/src"

TRACE::2025-05-11.07:43:02::SCWBDomain::make -C ps7_cortexa9_0/libsrc/Motor_DriverIP_v1_0/src -s libs  "SHELL=CMD" "COMPILER=arm-none-eabi-gcc" "ASSEMBLER=arm-none-eab
TRACE::2025-05-11.07:43:02::SCWBDomain::i-as" "ARCHIVER=arm-none-eabi-ar" "COMPILER_FLAGS=  -O2 -c" "EXTRA_COMPILER_FLAGS=-mcpu=cortex-a9 -mfpu=vfpv3 -mfloat-abi=hard 
TRACE::2025-05-11.07:43:02::SCWBDomain::-nostartfiles -g -Wall -Wextra -fno-tree-loop-distribute-patterns"

TRACE::2025-05-11.07:43:03::SCWBDomain::"Running Make libs in ps7_cortexa9_0/libsrc/SpeedSensor_Driver_IP_v1_0/src"

TRACE::2025-05-11.07:43:03::SCWBDomain::make -C ps7_cortexa9_0/libsrc/SpeedSensor_Driver_IP_v1_0/src -s libs  "SHELL=CMD" "COMPILER=arm-none-eabi-gcc" "ASSEMBLER=arm-n
TRACE::2025-05-11.07:43:03::SCWBDomain::one-eabi-as" "ARCHIVER=arm-none-eabi-ar" "COMPILER_FLAGS=  -O2 -c" "EXTRA_COMPILER_FLAGS=-mcpu=cortex-a9 -mfpu=vfpv3 -mfloat-ab
TRACE::2025-05-11.07:43:03::SCWBDomain::i=hard -nostartfiles -g -Wall -Wextra -fno-tree-loop-distribute-patterns"

TRACE::2025-05-11.07:43:03::SCWBDomain::"Running Make libs in ps7_cortexa9_0/libsrc/xilrsa_v1_8/src"

TRACE::2025-05-11.07:43:03::SCWBDomain::make -C ps7_cortexa9_0/libsrc/xilrsa_v1_8/src -s libs  "SHELL=CMD" "COMPILER=arm-none-eabi-gcc" "ASSEMBLER=arm-none-eabi-as" "A
TRACE::2025-05-11.07:43:03::SCWBDomain::RCHIVER=arm-none-eabi-ar" "COMPILER_FLAGS=  -O2 -c" "EXTRA_COMPILER_FLAGS=-mcpu=cortex-a9 -mfpu=vfpv3 -mfloat-abi=hard -nostart
TRACE::2025-05-11.07:43:03::SCWBDomain::files -g -Wall -Wextra -fno-tree-loop-distribute-patterns"

TRACE::2025-05-11.07:43:03::SCWBDomain::'Finished building libraries sequentially.'

TRACE::2025-05-11.07:43:03::SCWBDomain::make -j 10 --no-print-directory par_libs

TRACE::2025-05-11.07:43:03::SCWBDomain::"Running Make include in ps7_cortexa9_0/libsrc/coresightps_dcc_v1_10/src"

TRACE::2025-05-11.07:43:03::SCWBDomain::make -C ps7_cortexa9_0/libsrc/coresightps_dcc_v1_10/src -s include  "SHELL=CMD" "COMPILER=arm-none-eabi-gcc" "ASSEMBLER=arm-non
TRACE::2025-05-11.07:43:03::SCWBDomain::e-eabi-as" "ARCHIVER=arm-none-eabi-ar" "COMPILER_FLAGS=  -O2 -c" "EXTRA_COMPILER_FLAGS=-mcpu=cortex-a9 -mfpu=vfpv3 -mfloat-abi=
TRACE::2025-05-11.07:43:03::SCWBDomain::hard -nostartfiles -g -Wall -Wextra -fno-tree-loop-distribute-patterns"

TRACE::2025-05-11.07:43:03::SCWBDomain::"Running Make include in ps7_cortexa9_0/libsrc/cpu_cortexa9_v2_12/src"

TRACE::2025-05-11.07:43:03::SCWBDomain::make -C ps7_cortexa9_0/libsrc/cpu_cortexa9_v2_12/src -s include  "SHELL=CMD" "COMPILER=arm-none-eabi-gcc" "ASSEMBLER=arm-none-e
TRACE::2025-05-11.07:43:03::SCWBDomain::abi-as" "ARCHIVER=arm-none-eabi-ar" "COMPILER_FLAGS=  -O2 -c" "EXTRA_COMPILER_FLAGS=-mcpu=cortex-a9 -mfpu=vfpv3 -mfloat-abi=har
TRACE::2025-05-11.07:43:03::SCWBDomain::d -nostartfiles -g -Wall -Wextra -fno-tree-loop-distribute-patterns"

TRACE::2025-05-11.07:43:03::SCWBDomain::"Running Make include in ps7_cortexa9_0/libsrc/ddrps_v1_2/src"

TRACE::2025-05-11.07:43:03::SCWBDomain::make -C ps7_cortexa9_0/libsrc/ddrps_v1_2/src -s include  "SHELL=CMD" "COMPILER=arm-none-eabi-gcc" "ASSEMBLER=arm-none-eabi-as" 
TRACE::2025-05-11.07:43:03::SCWBDomain::"ARCHIVER=arm-none-eabi-ar" "COMPILER_FLAGS=  -O2 -c" "EXTRA_COMPILER_FLAGS=-mcpu=cortex-a9 -mfpu=vfpv3 -mfloat-abi=hard -nosta
TRACE::2025-05-11.07:43:03::SCWBDomain::rtfiles -g -Wall -Wextra -fno-tree-loop-distribute-patterns"

TRACE::2025-05-11.07:43:03::SCWBDomain::"Running Make include in ps7_cortexa9_0/libsrc/devcfg_v3_8/src"

TRACE::2025-05-11.07:43:03::SCWBDomain::make -C ps7_cortexa9_0/libsrc/devcfg_v3_8/src -s include  "SHELL=CMD" "COMPILER=arm-none-eabi-gcc" "ASSEMBLER=arm-none-eabi-as"
TRACE::2025-05-11.07:43:03::SCWBDomain:: "ARCHIVER=arm-none-eabi-ar" "COMPILER_FLAGS=  -O2 -c" "EXTRA_COMPILER_FLAGS=-mcpu=cortex-a9 -mfpu=vfpv3 -mfloat-abi=hard -nost
TRACE::2025-05-11.07:43:03::SCWBDomain::artfiles -g -Wall -Wextra -fno-tree-loop-distribute-patterns"

TRACE::2025-05-11.07:43:03::SCWBDomain::"Running Make include in ps7_cortexa9_0/libsrc/dmaps_v2_10/src"

TRACE::2025-05-11.07:43:03::SCWBDomain::make -C ps7_cortexa9_0/libsrc/dmaps_v2_10/src -s include  "SHELL=CMD" "COMPILER=arm-none-eabi-gcc" "ASSEMBLER=arm-none-eabi-as"
TRACE::2025-05-11.07:43:03::SCWBDomain:: "ARCHIVER=arm-none-eabi-ar" "COMPILER_FLAGS=  -O2 -c" "EXTRA_COMPILER_FLAGS=-mcpu=cortex-a9 -mfpu=vfpv3 -mfloat-abi=hard -nost
TRACE::2025-05-11.07:43:03::SCWBDomain::artfiles -g -Wall -Wextra -fno-tree-loop-distribute-patterns"

TRACE::2025-05-11.07:43:03::SCWBDomain::"Running Make include in ps7_cortexa9_0/libsrc/emacps_v3_20/src"

TRACE::2025-05-11.07:43:03::SCWBDomain::make -C ps7_cortexa9_0/libsrc/emacps_v3_20/src -s include  "SHELL=CMD" "COMPILER=arm-none-eabi-gcc" "ASSEMBLER=arm-none-eabi-as
TRACE::2025-05-11.07:43:03::SCWBDomain::" "ARCHIVER=arm-none-eabi-ar" "COMPILER_FLAGS=  -O2 -c" "EXTRA_COMPILER_FLAGS=-mcpu=cortex-a9 -mfpu=vfpv3 -mfloat-abi=hard -nos
TRACE::2025-05-11.07:43:03::SCWBDomain::tartfiles -g -Wall -Wextra -fno-tree-loop-distribute-patterns"

TRACE::2025-05-11.07:43:03::SCWBDomain::"Running Make include in ps7_cortexa9_0/libsrc/gpiops_v3_13/src"

TRACE::2025-05-11.07:43:03::SCWBDomain::make -C ps7_cortexa9_0/libsrc/gpiops_v3_13/src -s include  "SHELL=CMD" "COMPILER=arm-none-eabi-gcc" "ASSEMBLER=arm-none-eabi-as
TRACE::2025-05-11.07:43:03::SCWBDomain::" "ARCHIVER=arm-none-eabi-ar" "COMPILER_FLAGS=  -O2 -c" "EXTRA_COMPILER_FLAGS=-mcpu=cortex-a9 -mfpu=vfpv3 -mfloat-abi=hard -nos
TRACE::2025-05-11.07:43:03::SCWBDomain::tartfiles -g -Wall -Wextra -fno-tree-loop-distribute-patterns"

TRACE::2025-05-11.07:43:03::SCWBDomain::"Running Make include in ps7_cortexa9_0/libsrc/iic_v3_11/src"

TRACE::2025-05-11.07:43:03::SCWBDomain::make -C ps7_cortexa9_0/libsrc/iic_v3_11/src -s include  "SHELL=CMD" "COMPILER=arm-none-eabi-gcc" "ASSEMBLER=arm-none-eabi-as" "
TRACE::2025-05-11.07:43:03::SCWBDomain::ARCHIVER=arm-none-eabi-ar" "COMPILER_FLAGS=  -O2 -c" "EXTRA_COMPILER_FLAGS=-mcpu=cortex-a9 -mfpu=vfpv3 -mfloat-abi=hard -nostar
TRACE::2025-05-11.07:43:03::SCWBDomain::tfiles -g -Wall -Wextra -fno-tree-loop-distribute-patterns"

TRACE::2025-05-11.07:43:03::SCWBDomain::"Running Make include in ps7_cortexa9_0/libsrc/Motor_DriverIP_v1_0/src"

TRACE::2025-05-11.07:43:03::SCWBDomain::make -C ps7_cortexa9_0/libsrc/Motor_DriverIP_v1_0/src -s include  "SHELL=CMD" "COMPILER=arm-none-eabi-gcc" "ASSEMBLER=arm-none-
TRACE::2025-05-11.07:43:03::SCWBDomain::eabi-as" "ARCHIVER=arm-none-eabi-ar" "COMPILER_FLAGS=  -O2 -c" "EXTRA_COMPILER_FLAGS=-mcpu=cortex-a9 -mfpu=vfpv3 -mfloat-abi=ha
TRACE::2025-05-11.07:43:03::SCWBDomain::rd -nostartfiles -g -Wall -Wextra -fno-tree-loop-distribute-patterns"

TRACE::2025-05-11.07:43:03::SCWBDomain::"Running Make include in ps7_cortexa9_0/libsrc/qspips_v3_12/src"

TRACE::2025-05-11.07:43:03::SCWBDomain::make -C ps7_cortexa9_0/libsrc/qspips_v3_12/src -s include  "SHELL=CMD" "COMPILER=arm-none-eabi-gcc" "ASSEMBLER=arm-none-eabi-as
TRACE::2025-05-11.07:43:03::SCWBDomain::" "ARCHIVER=arm-none-eabi-ar" "COMPILER_FLAGS=  -O2 -c" "EXTRA_COMPILER_FLAGS=-mcpu=cortex-a9 -mfpu=vfpv3 -mfloat-abi=hard -nos
TRACE::2025-05-11.07:43:03::SCWBDomain::tartfiles -g -Wall -Wextra -fno-tree-loop-distribute-patterns"

TRACE::2025-05-11.07:43:03::SCWBDomain::"Running Make include in ps7_cortexa9_0/libsrc/scugic_v5_3/src"

TRACE::2025-05-11.07:43:03::SCWBDomain::make -C ps7_cortexa9_0/libsrc/scugic_v5_3/src -s include  "SHELL=CMD" "COMPILER=arm-none-eabi-gcc" "ASSEMBLER=arm-none-eabi-as"
TRACE::2025-05-11.07:43:03::SCWBDomain:: "ARCHIVER=arm-none-eabi-ar" "COMPILER_FLAGS=  -O2 -c" "EXTRA_COMPILER_FLAGS=-mcpu=cortex-a9 -mfpu=vfpv3 -mfloat-abi=hard -nost
TRACE::2025-05-11.07:43:03::SCWBDomain::artfiles -g -Wall -Wextra -fno-tree-loop-distribute-patterns"

TRACE::2025-05-11.07:43:03::SCWBDomain::"Running Make include in ps7_cortexa9_0/libsrc/scutimer_v2_6/src"

TRACE::2025-05-11.07:43:03::SCWBDomain::make -C ps7_cortexa9_0/libsrc/scutimer_v2_6/src -s include  "SHELL=CMD" "COMPILER=arm-none-eabi-gcc" "ASSEMBLER=arm-none-eabi-a
TRACE::2025-05-11.07:43:03::SCWBDomain::s" "ARCHIVER=arm-none-eabi-ar" "COMPILER_FLAGS=  -O2 -c" "EXTRA_COMPILER_FLAGS=-mcpu=cortex-a9 -mfpu=vfpv3 -mfloat-abi=hard -no
TRACE::2025-05-11.07:43:03::SCWBDomain::startfiles -g -Wall -Wextra -fno-tree-loop-distribute-patterns"

TRACE::2025-05-11.07:43:03::SCWBDomain::"Running Make include in ps7_cortexa9_0/libsrc/scuwdt_v2_5/src"

TRACE::2025-05-11.07:43:03::SCWBDomain::make -C ps7_cortexa9_0/libsrc/scuwdt_v2_5/src -s include  "SHELL=CMD" "COMPILER=arm-none-eabi-gcc" "ASSEMBLER=arm-none-eabi-as"
TRACE::2025-05-11.07:43:03::SCWBDomain:: "ARCHIVER=arm-none-eabi-ar" "COMPILER_FLAGS=  -O2 -c" "EXTRA_COMPILER_FLAGS=-mcpu=cortex-a9 -mfpu=vfpv3 -mfloat-abi=hard -nost
TRACE::2025-05-11.07:43:03::SCWBDomain::artfiles -g -Wall -Wextra -fno-tree-loop-distribute-patterns"

TRACE::2025-05-11.07:43:03::SCWBDomain::"Running Make include in ps7_cortexa9_0/libsrc/sdps_v4_3/src"

TRACE::2025-05-11.07:43:03::SCWBDomain::make -C ps7_cortexa9_0/libsrc/sdps_v4_3/src -s include  "SHELL=CMD" "COMPILER=arm-none-eabi-gcc" "ASSEMBLER=arm-none-eabi-as" "
TRACE::2025-05-11.07:43:03::SCWBDomain::ARCHIVER=arm-none-eabi-ar" "COMPILER_FLAGS=  -O2 -c" "EXTRA_COMPILER_FLAGS=-mcpu=cortex-a9 -mfpu=vfpv3 -mfloat-abi=hard -nostar
TRACE::2025-05-11.07:43:03::SCWBDomain::tfiles -g -Wall -Wextra -fno-tree-loop-distribute-patterns"

TRACE::2025-05-11.07:43:03::SCWBDomain::"Running Make include in ps7_cortexa9_0/libsrc/SpeedSensor_Driver_IP_v1_0/src"

TRACE::2025-05-11.07:43:03::SCWBDomain::make -C ps7_cortexa9_0/libsrc/SpeedSensor_Driver_IP_v1_0/src -s include  "SHELL=CMD" "COMPILER=arm-none-eabi-gcc" "ASSEMBLER=ar
TRACE::2025-05-11.07:43:03::SCWBDomain::m-none-eabi-as" "ARCHIVER=arm-none-eabi-ar" "COMPILER_FLAGS=  -O2 -c" "EXTRA_COMPILER_FLAGS=-mcpu=cortex-a9 -mfpu=vfpv3 -mfloat
TRACE::2025-05-11.07:43:03::SCWBDomain::-abi=hard -nostartfiles -g -Wall -Wextra -fno-tree-loop-distribute-patterns"

TRACE::2025-05-11.07:43:03::SCWBDomain::"Running Make include in ps7_cortexa9_0/libsrc/standalone_v9_1/src"

TRACE::2025-05-11.07:43:03::SCWBDomain::make -C ps7_cortexa9_0/libsrc/standalone_v9_1/src -s include  "SHELL=CMD" "COMPILER=arm-none-eabi-gcc" "ASSEMBLER=arm-none-eabi
TRACE::2025-05-11.07:43:03::SCWBDomain::-as" "ARCHIVER=arm-none-eabi-ar" "COMPILER_FLAGS=  -O2 -c" "EXTRA_COMPILER_FLAGS=-mcpu=cortex-a9 -mfpu=vfpv3 -mfloat-abi=hard -
TRACE::2025-05-11.07:43:03::SCWBDomain::nostartfiles -g -Wall -Wextra -fno-tree-loop-distribute-patterns"

TRACE::2025-05-11.07:43:03::SCWBDomain::"Running Make include in ps7_cortexa9_0/libsrc/tmrctr_v4_12/src"

TRACE::2025-05-11.07:43:03::SCWBDomain::make -C ps7_cortexa9_0/libsrc/tmrctr_v4_12/src -s include  "SHELL=CMD" "COMPILER=arm-none-eabi-gcc" "ASSEMBLER=arm-none-eabi-as
TRACE::2025-05-11.07:43:03::SCWBDomain::" "ARCHIVER=arm-none-eabi-ar" "COMPILER_FLAGS=  -O2 -c" "EXTRA_COMPILER_FLAGS=-mcpu=cortex-a9 -mfpu=vfpv3 -mfloat-abi=hard -nos
TRACE::2025-05-11.07:43:03::SCWBDomain::tartfiles -g -Wall -Wextra -fno-tree-loop-distribute-patterns"

TRACE::2025-05-11.07:43:03::SCWBDomain::"Running Make include in ps7_cortexa9_0/libsrc/uartps_v3_14/src"

TRACE::2025-05-11.07:43:03::SCWBDomain::make -C ps7_cortexa9_0/libsrc/uartps_v3_14/src -s include  "SHELL=CMD" "COMPILER=arm-none-eabi-gcc" "ASSEMBLER=arm-none-eabi-as
TRACE::2025-05-11.07:43:03::SCWBDomain::" "ARCHIVER=arm-none-eabi-ar" "COMPILER_FLAGS=  -O2 -c" "EXTRA_COMPILER_FLAGS=-mcpu=cortex-a9 -mfpu=vfpv3 -mfloat-abi=hard -nos
TRACE::2025-05-11.07:43:03::SCWBDomain::tartfiles -g -Wall -Wextra -fno-tree-loop-distribute-patterns"

TRACE::2025-05-11.07:43:03::SCWBDomain::"Running Make include in ps7_cortexa9_0/libsrc/usbps_v2_9/src"

TRACE::2025-05-11.07:43:03::SCWBDomain::make -C ps7_cortexa9_0/libsrc/usbps_v2_9/src -s include  "SHELL=CMD" "COMPILER=arm-none-eabi-gcc" "ASSEMBLER=arm-none-eabi-as" 
TRACE::2025-05-11.07:43:03::SCWBDomain::"ARCHIVER=arm-none-eabi-ar" "COMPILER_FLAGS=  -O2 -c" "EXTRA_COMPILER_FLAGS=-mcpu=cortex-a9 -mfpu=vfpv3 -mfloat-abi=hard -nosta
TRACE::2025-05-11.07:43:03::SCWBDomain::rtfiles -g -Wall -Wextra -fno-tree-loop-distribute-patterns"

TRACE::2025-05-11.07:43:03::SCWBDomain::"Running Make include in ps7_cortexa9_0/libsrc/xadcps_v2_7/src"

TRACE::2025-05-11.07:43:03::SCWBDomain::make -C ps7_cortexa9_0/libsrc/xadcps_v2_7/src -s include  "SHELL=CMD" "COMPILER=arm-none-eabi-gcc" "ASSEMBLER=arm-none-eabi-as"
TRACE::2025-05-11.07:43:03::SCWBDomain:: "ARCHIVER=arm-none-eabi-ar" "COMPILER_FLAGS=  -O2 -c" "EXTRA_COMPILER_FLAGS=-mcpu=cortex-a9 -mfpu=vfpv3 -mfloat-abi=hard -nost
TRACE::2025-05-11.07:43:03::SCWBDomain::artfiles -g -Wall -Wextra -fno-tree-loop-distribute-patterns"

TRACE::2025-05-11.07:43:03::SCWBDomain::"Running Make include in ps7_cortexa9_0/libsrc/xilffs_v5_2/src"

TRACE::2025-05-11.07:43:03::SCWBDomain::make -C ps7_cortexa9_0/libsrc/xilffs_v5_2/src -s include  "SHELL=CMD" "COMPILER=arm-none-eabi-gcc" "ASSEMBLER=arm-none-eabi-as"
TRACE::2025-05-11.07:43:03::SCWBDomain:: "ARCHIVER=arm-none-eabi-ar" "COMPILER_FLAGS=  -O2 -c" "EXTRA_COMPILER_FLAGS=-mcpu=cortex-a9 -mfpu=vfpv3 -mfloat-abi=hard -nost
TRACE::2025-05-11.07:43:03::SCWBDomain::artfiles -g -Wall -Wextra -fno-tree-loop-distribute-patterns"

TRACE::2025-05-11.07:43:03::SCWBDomain::"Running Make include in ps7_cortexa9_0/libsrc/xilrsa_v1_8/src"

TRACE::2025-05-11.07:43:03::SCWBDomain::make -C ps7_cortexa9_0/libsrc/xilrsa_v1_8/src -s include  "SHELL=CMD" "COMPILER=arm-none-eabi-gcc" "ASSEMBLER=arm-none-eabi-as"
TRACE::2025-05-11.07:43:03::SCWBDomain:: "ARCHIVER=arm-none-eabi-ar" "COMPILER_FLAGS=  -O2 -c" "EXTRA_COMPILER_FLAGS=-mcpu=cortex-a9 -mfpu=vfpv3 -mfloat-abi=hard -nost
TRACE::2025-05-11.07:43:03::SCWBDomain::artfiles -g -Wall -Wextra -fno-tree-loop-distribute-patterns"

TRACE::2025-05-11.07:43:03::SCWBDomain::"Running Make libs in ps7_cortexa9_0/libsrc/coresightps_dcc_v1_10/src"

TRACE::2025-05-11.07:43:03::SCWBDomain::make -C ps7_cortexa9_0/libsrc/coresightps_dcc_v1_10/src -s libs  "SHELL=CMD" "COMPILER=arm-none-eabi-gcc" "ASSEMBLER=arm-none-e
TRACE::2025-05-11.07:43:03::SCWBDomain::abi-as" "ARCHIVER=arm-none-eabi-ar" "COMPILER_FLAGS=  -O2 -c" "EXTRA_COMPILER_FLAGS=-mcpu=cortex-a9 -mfpu=vfpv3 -mfloat-abi=har
TRACE::2025-05-11.07:43:03::SCWBDomain::d -nostartfiles -g -Wall -Wextra -fno-tree-loop-distribute-patterns"

TRACE::2025-05-11.07:43:03::SCWBDomain::"Running Make libs in ps7_cortexa9_0/libsrc/cpu_cortexa9_v2_12/src"

TRACE::2025-05-11.07:43:03::SCWBDomain::make -C ps7_cortexa9_0/libsrc/cpu_cortexa9_v2_12/src -s libs  "SHELL=CMD" "COMPILER=arm-none-eabi-gcc" "ASSEMBLER=arm-none-eabi
TRACE::2025-05-11.07:43:03::SCWBDomain::-as" "ARCHIVER=arm-none-eabi-ar" "COMPILER_FLAGS=  -O2 -c" "EXTRA_COMPILER_FLAGS=-mcpu=cortex-a9 -mfpu=vfpv3 -mfloat-abi=hard -
TRACE::2025-05-11.07:43:03::SCWBDomain::nostartfiles -g -Wall -Wextra -fno-tree-loop-distribute-patterns"

TRACE::2025-05-11.07:43:03::SCWBDomain::"Running Make libs in ps7_cortexa9_0/libsrc/ddrps_v1_2/src"

TRACE::2025-05-11.07:43:03::SCWBDomain::make -C ps7_cortexa9_0/libsrc/ddrps_v1_2/src -s libs  "SHELL=CMD" "COMPILER=arm-none-eabi-gcc" "ASSEMBLER=arm-none-eabi-as" "AR
TRACE::2025-05-11.07:43:03::SCWBDomain::CHIVER=arm-none-eabi-ar" "COMPILER_FLAGS=  -O2 -c" "EXTRA_COMPILER_FLAGS=-mcpu=cortex-a9 -mfpu=vfpv3 -mfloat-abi=hard -nostartf
TRACE::2025-05-11.07:43:03::SCWBDomain::iles -g -Wall -Wextra -fno-tree-loop-distribute-patterns"

TRACE::2025-05-11.07:43:03::SCWBDomain::"Running Make libs in ps7_cortexa9_0/libsrc/devcfg_v3_8/src"

TRACE::2025-05-11.07:43:03::SCWBDomain::make -C ps7_cortexa9_0/libsrc/devcfg_v3_8/src -s libs  "SHELL=CMD" "COMPILER=arm-none-eabi-gcc" "ASSEMBLER=arm-none-eabi-as" "A
TRACE::2025-05-11.07:43:03::SCWBDomain::RCHIVER=arm-none-eabi-ar" "COMPILER_FLAGS=  -O2 -c" "EXTRA_COMPILER_FLAGS=-mcpu=cortex-a9 -mfpu=vfpv3 -mfloat-abi=hard -nostart
TRACE::2025-05-11.07:43:03::SCWBDomain::files -g -Wall -Wextra -fno-tree-loop-distribute-patterns"

TRACE::2025-05-11.07:43:03::SCWBDomain::"Running Make libs in ps7_cortexa9_0/libsrc/dmaps_v2_10/src"

TRACE::2025-05-11.07:43:03::SCWBDomain::make -C ps7_cortexa9_0/libsrc/dmaps_v2_10/src -s libs  "SHELL=CMD" "COMPILER=arm-none-eabi-gcc" "ASSEMBLER=arm-none-eabi-as" "A
TRACE::2025-05-11.07:43:03::SCWBDomain::RCHIVER=arm-none-eabi-ar" "COMPILER_FLAGS=  -O2 -c" "EXTRA_COMPILER_FLAGS=-mcpu=cortex-a9 -mfpu=vfpv3 -mfloat-abi=hard -nostart
TRACE::2025-05-11.07:43:03::SCWBDomain::files -g -Wall -Wextra -fno-tree-loop-distribute-patterns"

TRACE::2025-05-11.07:43:03::SCWBDomain::"Running Make libs in ps7_cortexa9_0/libsrc/emacps_v3_20/src"

TRACE::2025-05-11.07:43:04::SCWBDomain::make -C ps7_cortexa9_0/libsrc/emacps_v3_20/src -s libs  "SHELL=CMD" "COMPILER=arm-none-eabi-gcc" "ASSEMBLER=arm-none-eabi-as" "
TRACE::2025-05-11.07:43:04::SCWBDomain::ARCHIVER=arm-none-eabi-ar" "COMPILER_FLAGS=  -O2 -c" "EXTRA_COMPILER_FLAGS=-mcpu=cortex-a9 -mfpu=vfpv3 -mfloat-abi=hard -nostar
TRACE::2025-05-11.07:43:04::SCWBDomain::tfiles -g -Wall -Wextra -fno-tree-loop-distribute-patterns"

TRACE::2025-05-11.07:43:04::SCWBDomain::"Running Make libs in ps7_cortexa9_0/libsrc/gpiops_v3_13/src"

TRACE::2025-05-11.07:43:04::SCWBDomain::make -C ps7_cortexa9_0/libsrc/gpiops_v3_13/src -s libs  "SHELL=CMD" "COMPILER=arm-none-eabi-gcc" "ASSEMBLER=arm-none-eabi-as" "
TRACE::2025-05-11.07:43:04::SCWBDomain::ARCHIVER=arm-none-eabi-ar" "COMPILER_FLAGS=  -O2 -c" "EXTRA_COMPILER_FLAGS=-mcpu=cortex-a9 -mfpu=vfpv3 -mfloat-abi=hard -nostar
TRACE::2025-05-11.07:43:04::SCWBDomain::tfiles -g -Wall -Wextra -fno-tree-loop-distribute-patterns"

TRACE::2025-05-11.07:43:04::SCWBDomain::"Running Make libs in ps7_cortexa9_0/libsrc/iic_v3_11/src"

TRACE::2025-05-11.07:43:04::SCWBDomain::make -C ps7_cortexa9_0/libsrc/iic_v3_11/src -s libs  "SHELL=CMD" "COMPILER=arm-none-eabi-gcc" "ASSEMBLER=arm-none-eabi-as" "ARC
TRACE::2025-05-11.07:43:04::SCWBDomain::HIVER=arm-none-eabi-ar" "COMPILER_FLAGS=  -O2 -c" "EXTRA_COMPILER_FLAGS=-mcpu=cortex-a9 -mfpu=vfpv3 -mfloat-abi=hard -nostartfi
TRACE::2025-05-11.07:43:04::SCWBDomain::les -g -Wall -Wextra -fno-tree-loop-distribute-patterns"

TRACE::2025-05-11.07:43:04::SCWBDomain::"Running Make libs in ps7_cortexa9_0/libsrc/qspips_v3_12/src"

TRACE::2025-05-11.07:43:04::SCWBDomain::make -C ps7_cortexa9_0/libsrc/qspips_v3_12/src -s libs  "SHELL=CMD" "COMPILER=arm-none-eabi-gcc" "ASSEMBLER=arm-none-eabi-as" "
TRACE::2025-05-11.07:43:04::SCWBDomain::ARCHIVER=arm-none-eabi-ar" "COMPILER_FLAGS=  -O2 -c" "EXTRA_COMPILER_FLAGS=-mcpu=cortex-a9 -mfpu=vfpv3 -mfloat-abi=hard -nostar
TRACE::2025-05-11.07:43:04::SCWBDomain::tfiles -g -Wall -Wextra -fno-tree-loop-distribute-patterns"

TRACE::2025-05-11.07:43:04::SCWBDomain::"Running Make libs in ps7_cortexa9_0/libsrc/scugic_v5_3/src"

TRACE::2025-05-11.07:43:04::SCWBDomain::make -C ps7_cortexa9_0/libsrc/scugic_v5_3/src -s libs  "SHELL=CMD" "COMPILER=arm-none-eabi-gcc" "ASSEMBLER=arm-none-eabi-as" "A
TRACE::2025-05-11.07:43:04::SCWBDomain::RCHIVER=arm-none-eabi-ar" "COMPILER_FLAGS=  -O2 -c" "EXTRA_COMPILER_FLAGS=-mcpu=cortex-a9 -mfpu=vfpv3 -mfloat-abi=hard -nostart
TRACE::2025-05-11.07:43:04::SCWBDomain::files -g -Wall -Wextra -fno-tree-loop-distribute-patterns"

TRACE::2025-05-11.07:43:04::SCWBDomain::"Running Make libs in ps7_cortexa9_0/libsrc/scutimer_v2_6/src"

TRACE::2025-05-11.07:43:04::SCWBDomain::make -C ps7_cortexa9_0/libsrc/scutimer_v2_6/src -s libs  "SHELL=CMD" "COMPILER=arm-none-eabi-gcc" "ASSEMBLER=arm-none-eabi-as" 
TRACE::2025-05-11.07:43:04::SCWBDomain::"ARCHIVER=arm-none-eabi-ar" "COMPILER_FLAGS=  -O2 -c" "EXTRA_COMPILER_FLAGS=-mcpu=cortex-a9 -mfpu=vfpv3 -mfloat-abi=hard -nosta
TRACE::2025-05-11.07:43:04::SCWBDomain::rtfiles -g -Wall -Wextra -fno-tree-loop-distribute-patterns"

TRACE::2025-05-11.07:43:04::SCWBDomain::"Running Make libs in ps7_cortexa9_0/libsrc/scuwdt_v2_5/src"

TRACE::2025-05-11.07:43:04::SCWBDomain::make -C ps7_cortexa9_0/libsrc/scuwdt_v2_5/src -s libs  "SHELL=CMD" "COMPILER=arm-none-eabi-gcc" "ASSEMBLER=arm-none-eabi-as" "A
TRACE::2025-05-11.07:43:04::SCWBDomain::RCHIVER=arm-none-eabi-ar" "COMPILER_FLAGS=  -O2 -c" "EXTRA_COMPILER_FLAGS=-mcpu=cortex-a9 -mfpu=vfpv3 -mfloat-abi=hard -nostart
TRACE::2025-05-11.07:43:04::SCWBDomain::files -g -Wall -Wextra -fno-tree-loop-distribute-patterns"

TRACE::2025-05-11.07:43:04::SCWBDomain::"Running Make libs in ps7_cortexa9_0/libsrc/sdps_v4_3/src"

TRACE::2025-05-11.07:43:04::SCWBDomain::make -C ps7_cortexa9_0/libsrc/sdps_v4_3/src -s libs  "SHELL=CMD" "COMPILER=arm-none-eabi-gcc" "ASSEMBLER=arm-none-eabi-as" "ARC
TRACE::2025-05-11.07:43:04::SCWBDomain::HIVER=arm-none-eabi-ar" "COMPILER_FLAGS=  -O2 -c" "EXTRA_COMPILER_FLAGS=-mcpu=cortex-a9 -mfpu=vfpv3 -mfloat-abi=hard -nostartfi
TRACE::2025-05-11.07:43:04::SCWBDomain::les -g -Wall -Wextra -fno-tree-loop-distribute-patterns"

TRACE::2025-05-11.07:43:04::SCWBDomain::"Running Make libs in ps7_cortexa9_0/libsrc/standalone_v9_1/src"

TRACE::2025-05-11.07:43:04::SCWBDomain::make -C ps7_cortexa9_0/libsrc/standalone_v9_1/src -s libs  "SHELL=CMD" "COMPILER=arm-none-eabi-gcc" "ASSEMBLER=arm-none-eabi-as
TRACE::2025-05-11.07:43:04::SCWBDomain::" "ARCHIVER=arm-none-eabi-ar" "COMPILER_FLAGS=  -O2 -c" "EXTRA_COMPILER_FLAGS=-mcpu=cortex-a9 -mfpu=vfpv3 -mfloat-abi=hard -nos
TRACE::2025-05-11.07:43:04::SCWBDomain::tartfiles -g -Wall -Wextra -fno-tree-loop-distribute-patterns"

TRACE::2025-05-11.07:43:04::SCWBDomain::"Running Make libs in ps7_cortexa9_0/libsrc/tmrctr_v4_12/src"

TRACE::2025-05-11.07:43:04::SCWBDomain::make -C ps7_cortexa9_0/libsrc/tmrctr_v4_12/src -s libs  "SHELL=CMD" "COMPILER=arm-none-eabi-gcc" "ASSEMBLER=arm-none-eabi-as" "
TRACE::2025-05-11.07:43:04::SCWBDomain::ARCHIVER=arm-none-eabi-ar" "COMPILER_FLAGS=  -O2 -c" "EXTRA_COMPILER_FLAGS=-mcpu=cortex-a9 -mfpu=vfpv3 -mfloat-abi=hard -nostar
TRACE::2025-05-11.07:43:04::SCWBDomain::tfiles -g -Wall -Wextra -fno-tree-loop-distribute-patterns"

TRACE::2025-05-11.07:43:05::SCWBDomain::"Running Make libs in ps7_cortexa9_0/libsrc/uartps_v3_14/src"

TRACE::2025-05-11.07:43:05::SCWBDomain::make -C ps7_cortexa9_0/libsrc/uartps_v3_14/src -s libs  "SHELL=CMD" "COMPILER=arm-none-eabi-gcc" "ASSEMBLER=arm-none-eabi-as" "
TRACE::2025-05-11.07:43:05::SCWBDomain::ARCHIVER=arm-none-eabi-ar" "COMPILER_FLAGS=  -O2 -c" "EXTRA_COMPILER_FLAGS=-mcpu=cortex-a9 -mfpu=vfpv3 -mfloat-abi=hard -nostar
TRACE::2025-05-11.07:43:05::SCWBDomain::tfiles -g -Wall -Wextra -fno-tree-loop-distribute-patterns"

TRACE::2025-05-11.07:43:05::SCWBDomain::"Running Make libs in ps7_cortexa9_0/libsrc/usbps_v2_9/src"

TRACE::2025-05-11.07:43:05::SCWBDomain::make -C ps7_cortexa9_0/libsrc/usbps_v2_9/src -s libs  "SHELL=CMD" "COMPILER=arm-none-eabi-gcc" "ASSEMBLER=arm-none-eabi-as" "AR
TRACE::2025-05-11.07:43:05::SCWBDomain::CHIVER=arm-none-eabi-ar" "COMPILER_FLAGS=  -O2 -c" "EXTRA_COMPILER_FLAGS=-mcpu=cortex-a9 -mfpu=vfpv3 -mfloat-abi=hard -nostartf
TRACE::2025-05-11.07:43:05::SCWBDomain::iles -g -Wall -Wextra -fno-tree-loop-distribute-patterns"

TRACE::2025-05-11.07:43:05::SCWBDomain::"Running Make libs in ps7_cortexa9_0/libsrc/xadcps_v2_7/src"

TRACE::2025-05-11.07:43:05::SCWBDomain::make -C ps7_cortexa9_0/libsrc/xadcps_v2_7/src -s libs  "SHELL=CMD" "COMPILER=arm-none-eabi-gcc" "ASSEMBLER=arm-none-eabi-as" "A
TRACE::2025-05-11.07:43:05::SCWBDomain::RCHIVER=arm-none-eabi-ar" "COMPILER_FLAGS=  -O2 -c" "EXTRA_COMPILER_FLAGS=-mcpu=cortex-a9 -mfpu=vfpv3 -mfloat-abi=hard -nostart
TRACE::2025-05-11.07:43:05::SCWBDomain::files -g -Wall -Wextra -fno-tree-loop-distribute-patterns"

TRACE::2025-05-11.07:43:05::SCWBDomain::"Running Make libs in ps7_cortexa9_0/libsrc/xilffs_v5_2/src"

TRACE::2025-05-11.07:43:05::SCWBDomain::make -C ps7_cortexa9_0/libsrc/xilffs_v5_2/src -s libs  "SHELL=CMD" "COMPILER=arm-none-eabi-gcc" "ASSEMBLER=arm-none-eabi-as" "A
TRACE::2025-05-11.07:43:05::SCWBDomain::RCHIVER=arm-none-eabi-ar" "COMPILER_FLAGS=  -O2 -c" "EXTRA_COMPILER_FLAGS=-mcpu=cortex-a9 -mfpu=vfpv3 -mfloat-abi=hard -nostart
TRACE::2025-05-11.07:43:05::SCWBDomain::files -g -Wall -Wextra -fno-tree-loop-distribute-patterns"

TRACE::2025-05-11.07:43:06::SCWBDomain::'Finished building libraries parallelly.'

TRACE::2025-05-11.07:43:06::SCWBDomain::make --no-print-directory archive

TRACE::2025-05-11.07:43:06::SCWBDomain::arm-none-eabi-ar -r  ps7_cortexa9_0/lib/libxil.a ps7_cortexa9_0/lib/Motor_DriverIP.o ps7_cortexa9_0/lib/Motor_DriverIP_selftest
TRACE::2025-05-11.07:43:06::SCWBDomain::.o ps7_cortexa9_0/lib/SpeedSensor_Driver_IP.o ps7_cortexa9_0/lib/SpeedSensor_Driver_IP_selftest.o ps7_cortexa9_0/lib/_exit.o ps
TRACE::2025-05-11.07:43:06::SCWBDomain::7_cortexa9_0/lib/_open.o ps7_cortexa9_0/lib/_sbrk.o ps7_cortexa9_0/lib/abort.o ps7_cortexa9_0/lib/asm_vectors.o ps7_cortexa9_0/
TRACE::2025-05-11.07:43:06::SCWBDomain::lib/boot.o ps7_cortexa9_0/lib/close.o ps7_cortexa9_0/lib/cpputest_time.o ps7_cortexa9_0/lib/cpu_init.o ps7_cortexa9_0/lib/errno
TRACE::2025-05-11.07:43:06::SCWBDomain::.o ps7_cortexa9_0/lib/fcntl.o ps7_cortexa9_0/lib/fstat.o ps7_cortexa9_0/lib/getentropy.o ps7_cortexa9_0/lib/getpid.o ps7_cortex
TRACE::2025-05-11.07:43:06::SCWBDomain::a9_0/lib/inbyte.o ps7_cortexa9_0/lib/isatty.o ps7_cortexa9_0/lib/kill.o ps7_cortexa9_0/lib/lseek.o ps7_cortexa9_0/lib/open.o ps
TRACE::2025-05-11.07:43:06::SCWBDomain::7_cortexa9_0/lib/outbyte.o ps7_cortexa9_0/lib/print.o ps7_cortexa9_0/lib/putnum.o ps7_cortexa9_0/lib/read.o ps7_cortexa9_0/lib/
TRACE::2025-05-11.07:43:06::SCWBDomain::sbrk.o ps7_cortexa9_0/lib/sleep.o ps7_cortexa9_0/lib/time.o ps7_cortexa9_0/lib/translation_table.o ps7_cortexa9_0/lib/unlink.o 
TRACE::2025-05-11.07:43:06::SCWBDomain::ps7_cortexa9_0/lib/usleep.o ps7_cortexa9_0/lib/vectors.o ps7_cortexa9_0/lib/write.o ps7_cortexa9_0/lib/xadcps.o ps7_cortexa9_0/
TRACE::2025-05-11.07:43:06::SCWBDomain::lib/xadcps_g.o ps7_cortexa9_0/lib/xadcps_intr.o ps7_cortexa9_0/lib/xadcps_selftest.o ps7_cortexa9_0/lib/xadcps_sinit.o ps7_cort
TRACE::2025-05-11.07:43:06::SCWBDomain::exa9_0/lib/xcoresightpsdcc.o ps7_cortexa9_0/lib/xdevcfg.o ps7_cortexa9_0/lib/xdevcfg_g.o ps7_cortexa9_0/lib/xdevcfg_hw.o ps7_co
TRACE::2025-05-11.07:43:06::SCWBDomain::rtexa9_0/lib/xdevcfg_intr.o ps7_cortexa9_0/lib/xdevcfg_selftest.o ps7_cortexa9_0/lib/xdevcfg_sinit.o ps7_cortexa9_0/lib/xdmaps.
TRACE::2025-05-11.07:43:06::SCWBDomain::o ps7_cortexa9_0/lib/xdmaps_g.o ps7_cortexa9_0/lib/xdmaps_hw.o ps7_cortexa9_0/lib/xdmaps_selftest.o ps7_cortexa9_0/lib/xdmaps_s
TRACE::2025-05-11.07:43:06::SCWBDomain::init.o ps7_cortexa9_0/lib/xemacps.o ps7_cortexa9_0/lib/xemacps_bdring.o ps7_cortexa9_0/lib/xemacps_control.o ps7_cortexa9_0/lib
TRACE::2025-05-11.07:43:06::SCWBDomain::/xemacps_g.o ps7_cortexa9_0/lib/xemacps_hw.o ps7_cortexa9_0/lib/xemacps_intr.o ps7_cortexa9_0/lib/xemacps_sinit.o ps7_cortexa9_
TRACE::2025-05-11.07:43:06::SCWBDomain::0/lib/xgpiops.o ps7_cortexa9_0/lib/xgpiops_g.o ps7_cortexa9_0/lib/xgpiops_hw.o ps7_cortexa9_0/lib/xgpiops_intr.o ps7_cortexa9_0
TRACE::2025-05-11.07:43:06::SCWBDomain::/lib/xgpiops_selftest.o ps7_cortexa9_0/lib/xgpiops_sinit.o ps7_cortexa9_0/lib/xiic.o ps7_cortexa9_0/lib/xiic_dyn_master.o ps7_c
TRACE::2025-05-11.07:43:06::SCWBDomain::ortexa9_0/lib/xiic_g.o ps7_cortexa9_0/lib/xiic_intr.o ps7_cortexa9_0/lib/xiic_l.o ps7_cortexa9_0/lib/xiic_master.o ps7_cortexa9
TRACE::2025-05-11.07:43:06::SCWBDomain::_0/lib/xiic_multi_master.o ps7_cortexa9_0/lib/xiic_options.o ps7_cortexa9_0/lib/xiic_selftest.o ps7_cortexa9_0/lib/xiic_sinit.o
TRACE::2025-05-11.07:43:06::SCWBDomain:: ps7_cortexa9_0/lib/xiic_slave.o ps7_cortexa9_0/lib/xiic_stats.o ps7_cortexa9_0/lib/xil-crt0.o ps7_cortexa9_0/lib/xil_assert.o 
TRACE::2025-05-11.07:43:06::SCWBDomain::ps7_cortexa9_0/lib/xil_cache.o ps7_cortexa9_0/lib/xil_clocking.o ps7_cortexa9_0/lib/xil_exception.o ps7_cortexa9_0/lib/xil_mem.
TRACE::2025-05-11.07:43:06::SCWBDomain::o ps7_cortexa9_0/lib/xil_misc_psreset_api.o ps7_cortexa9_0/lib/xil_mmu.o ps7_cortexa9_0/lib/xil_printf.o ps7_cortexa9_0/lib/xil
TRACE::2025-05-11.07:43:06::SCWBDomain::_sleepcommon.o ps7_cortexa9_0/lib/xil_sleeptimer.o ps7_cortexa9_0/lib/xil_spinlock.o ps7_cortexa9_0/lib/xil_testcache.o ps7_cor
TRACE::2025-05-11.07:43:06::SCWBDomain::texa9_0/lib/xil_testio.o ps7_cortexa9_0/lib/xil_testmem.o ps7_cortexa9_0/lib/xil_util.o ps7_cortexa9_0/lib/xinterrupt_wrap.o ps
TRACE::2025-05-11.07:43:06::SCWBDomain::7_cortexa9_0/lib/xl2cc_counter.o ps7_cortexa9_0/lib/xplatform_info.o ps7_cortexa9_0/lib/xpm_counter.o ps7_cortexa9_0/lib/xpm_in
TRACE::2025-05-11.07:43:06::SCWBDomain::it.o ps7_cortexa9_0/lib/xqspips.o ps7_cortexa9_0/lib/xqspips_g.o ps7_cortexa9_0/lib/xqspips_hw.o ps7_cortexa9_0/lib/xqspips_opt
TRACE::2025-05-11.07:43:06::SCWBDomain::ions.o ps7_cortexa9_0/lib/xqspips_selftest.o ps7_cortexa9_0/lib/xqspips_sinit.o ps7_cortexa9_0/lib/xscugic.o ps7_cortexa9_0/lib
TRACE::2025-05-11.07:43:06::SCWBDomain::/xscugic_g.o ps7_cortexa9_0/lib/xscugic_hw.o ps7_cortexa9_0/lib/xscugic_intr.o ps7_cortexa9_0/lib/xscugic_selftest.o ps7_cortex
TRACE::2025-05-11.07:43:06::SCWBDomain::a9_0/lib/xscugic_sinit.o ps7_cortexa9_0/lib/xscutimer.o ps7_cortexa9_0/lib/xscutimer_g.o ps7_cortexa9_0/lib/xscutimer_selftest.
TRACE::2025-05-11.07:43:06::SCWBDomain::o ps7_cortexa9_0/lib/xscutimer_sinit.o ps7_cortexa9_0/lib/xscuwdt.o ps7_cortexa9_0/lib/xscuwdt_g.o ps7_cortexa9_0/lib/xscuwdt_s
TRACE::2025-05-11.07:43:06::SCWBDomain::elftest.o ps7_cortexa9_0/lib/xscuwdt_sinit.o ps7_cortexa9_0/lib/xsdps.o ps7_cortexa9_0/lib/xsdps_card.o ps7_cortexa9_0/lib/xsdp
TRACE::2025-05-11.07:43:06::SCWBDomain::s_g.o ps7_cortexa9_0/lib/xsdps_host.o ps7_cortexa9_0/lib/xsdps_options.o ps7_cortexa9_0/lib/xsdps_sinit.o ps7_cortexa9_0/lib/xt
TRACE::2025-05-11.07:43:06::SCWBDomain::ime_l.o ps7_cortexa9_0/lib/xtmrctr.o ps7_cortexa9_0/lib/xtmrctr_g.o ps7_cortexa9_0/lib/xtmrctr_intr.o ps7_cortexa9_0/lib/xtmrct
TRACE::2025-05-11.07:43:06::SCWBDomain::r_l.o ps7_cortexa9_0/lib/xtmrctr_options.o ps7_cortexa9_0/lib/xtmrctr_selftest.o ps7_cortexa9_0/lib/xtmrctr_sinit.o ps7_cortexa
TRACE::2025-05-11.07:43:06::SCWBDomain::9_0/lib/xtmrctr_stats.o ps7_cortexa9_0/lib/xuartps.o ps7_cortexa9_0/lib/xuartps_g.o ps7_cortexa9_0/lib/xuartps_hw.o ps7_cortexa
TRACE::2025-05-11.07:43:06::SCWBDomain::9_0/lib/xuartps_intr.o ps7_cortexa9_0/lib/xuartps_options.o ps7_cortexa9_0/lib/xuartps_selftest.o ps7_cortexa9_0/lib/xuartps_si
TRACE::2025-05-11.07:43:06::SCWBDomain::nit.o ps7_cortexa9_0/lib/xusbps.o ps7_cortexa9_0/lib/xusbps_endpoint.o ps7_cortexa9_0/lib/xusbps_g.o ps7_cortexa9_0/lib/xusbps_
TRACE::2025-05-11.07:43:06::SCWBDomain::hw.o ps7_cortexa9_0/lib/xusbps_intr.o ps7_cortexa9_0/lib/xusbps_sinit.o

TRACE::2025-05-11.07:43:06::SCWBDomain::'Finished building libraries'

TRACE::2025-05-11.07:43:06::SCWBDomain::make: Leaving directory 'E:/vitis_projects/auto_project/full_car/IIC_included_BITSTREAM/zynq_fsbl/zynq_fsbl_bsp'

TRACE::2025-05-11.07:43:06::SCWBDomain::arm-none-eabi-gcc  -O2 -c -MMD -MP       -mcpu=cortex-a9 -mfpu=vfpv3 -mfloat-abi=hard  -c sd.c -o sd.o -Izynq_fsbl_bsp/ps7_cort
TRACE::2025-05-11.07:43:06::SCWBDomain::exa9_0/include -I.

TRACE::2025-05-11.07:43:07::SCWBDomain::arm-none-eabi-gcc  -O2 -c -MMD -MP       -mcpu=cortex-a9 -mfpu=vfpv3 -mfloat-abi=hard  -c nand.c -o nand.o -Izynq_fsbl_bsp/ps7_
TRACE::2025-05-11.07:43:07::SCWBDomain::cortexa9_0/include -I.

TRACE::2025-05-11.07:43:07::SCWBDomain::arm-none-eabi-gcc  -O2 -c -MMD -MP       -mcpu=cortex-a9 -mfpu=vfpv3 -mfloat-abi=hard  -c nor.c -o nor.o -Izynq_fsbl_bsp/ps7_co
TRACE::2025-05-11.07:43:07::SCWBDomain::rtexa9_0/include -I.

TRACE::2025-05-11.07:43:07::SCWBDomain::arm-none-eabi-gcc  -O2 -c -MMD -MP       -mcpu=cortex-a9 -mfpu=vfpv3 -mfloat-abi=hard  -c image_mover.c -o image_mover.o -Izynq
TRACE::2025-05-11.07:43:07::SCWBDomain::_fsbl_bsp/ps7_cortexa9_0/include -I.

TRACE::2025-05-11.07:43:07::SCWBDomain::arm-none-eabi-gcc  -O2 -c -MMD -MP       -mcpu=cortex-a9 -mfpu=vfpv3 -mfloat-abi=hard  -c md5.c -o md5.o -Izynq_fsbl_bsp/ps7_co
TRACE::2025-05-11.07:43:07::SCWBDomain::rtexa9_0/include -I.

TRACE::2025-05-11.07:43:07::SCWBDomain::arm-none-eabi-gcc  -O2 -c -MMD -MP       -mcpu=cortex-a9 -mfpu=vfpv3 -mfloat-abi=hard  -c fsbl_hooks.c -o fsbl_hooks.o -Izynq_f
TRACE::2025-05-11.07:43:07::SCWBDomain::sbl_bsp/ps7_cortexa9_0/include -I.

TRACE::2025-05-11.07:43:07::SCWBDomain::arm-none-eabi-gcc  -O2 -c -MMD -MP       -mcpu=cortex-a9 -mfpu=vfpv3 -mfloat-abi=hard  -c main.c -o main.o -Izynq_fsbl_bsp/ps7_
TRACE::2025-05-11.07:43:07::SCWBDomain::cortexa9_0/include -I.

TRACE::2025-05-11.07:43:07::SCWBDomain::arm-none-eabi-gcc  -O2 -c -MMD -MP       -mcpu=cortex-a9 -mfpu=vfpv3 -mfloat-abi=hard  -c rsa.c -o rsa.o -Izynq_fsbl_bsp/ps7_co
TRACE::2025-05-11.07:43:07::SCWBDomain::rtexa9_0/include -I.

TRACE::2025-05-11.07:43:07::SCWBDomain::arm-none-eabi-gcc  -O2 -c -MMD -MP       -mcpu=cortex-a9 -mfpu=vfpv3 -mfloat-abi=hard  -c qspi.c -o qspi.o -Izynq_fsbl_bsp/ps7_
TRACE::2025-05-11.07:43:07::SCWBDomain::cortexa9_0/include -I.

TRACE::2025-05-11.07:43:07::SCWBDomain::arm-none-eabi-gcc  -O2 -c -MMD -MP       -mcpu=cortex-a9 -mfpu=vfpv3 -mfloat-abi=hard  -c ps7_init.c -o ps7_init.o -Izynq_fsbl_
TRACE::2025-05-11.07:43:07::SCWBDomain::bsp/ps7_cortexa9_0/include -I.

TRACE::2025-05-11.07:43:07::SCWBDomain::arm-none-eabi-gcc  -O2 -c -MMD -MP       -mcpu=cortex-a9 -mfpu=vfpv3 -mfloat-abi=hard  -c pcap.c -o pcap.o -Izynq_fsbl_bsp/ps7_
TRACE::2025-05-11.07:43:07::SCWBDomain::cortexa9_0/include -I.

TRACE::2025-05-11.07:43:07::SCWBDomain::arm-none-eabi-gcc  -O2 -c -MMD -MP       -mcpu=cortex-a9 -mfpu=vfpv3 -mfloat-abi=hard  -c fsbl_handoff.S -o fsbl_handoff.o -Izy
TRACE::2025-05-11.07:43:07::SCWBDomain::nq_fsbl_bsp/ps7_cortexa9_0/include -I.

TRACE::2025-05-11.07:43:07::SCWBDomain::arm-none-eabi-gcc -o fsbl.elf fsbl_handoff.o fsbl_hooks.o image_mover.o main.o md5.o nand.o nor.o pcap.o ps7_init.o qspi.o rsa.
TRACE::2025-05-11.07:43:07::SCWBDomain::o sd.o -MMD -MP       -mcpu=cortex-a9 -mfpu=vfpv3 -mfloat-abi=hard   -mcpu=cortex-a9 -mfpu=vfpv3 -mfloat-abi=hard -Wl,-build-id
TRACE::2025-05-11.07:43:07::SCWBDomain::=none -specs=Xilinx.spec  -lrsa -Wl,--start-group,-lxil,-lgcc,-lc,--end-group -Wl,--start-group,-lxilffs,-lxil,-lgcc,-lc,--end-
TRACE::2025-05-11.07:43:07::SCWBDomain::group -Wl,--start-group,-lrsa,-lxil,-lgcc,-lc,--end-group                                        -Wl,--gc-sections -Lzynq_fsbl_
TRACE::2025-05-11.07:43:07::SCWBDomain::bsp/ps7_cortexa9_0/lib -L./ -Tlscript.ld

LOG::2025-05-11.07:43:08::SCWSystem::Checking the domain standalone_ps7_cortexa9_0
LOG::2025-05-11.07:43:08::SCWSystem::Not a boot domain 
LOG::2025-05-11.07:43:08::SCWSystem::Started Processing the domain standalone_ps7_cortexa9_0
TRACE::2025-05-11.07:43:08::SCWDomain::Generating domain artifcats
TRACE::2025-05-11.07:43:08::SCWMssOS::Generating standalone artifcats
TRACE::2025-05-11.07:43:08::SCWMssOS::Copying the qemu file from  E:/vitis_projects/auto_project/full_car/IIC_included_BITSTREAM/resources/IIC_included_BITSTREAM/standalone_ps7_cortexa9_0/qemu_args.txt To E:/vitis_projects/auto_project/full_car/IIC_included_BITSTREAM/export/IIC_included_BITSTREAM/sw/IIC_included_BITSTREAM/standalone_ps7_cortexa9_0/qemu/
TRACE::2025-05-11.07:43:08::SCWMssOS:: Copying the user libraries. 
TRACE::2025-05-11.07:43:08::SCWPlatform::Trying to open the hw design at E:/vitis_projects/auto_project/full_car/IIC_included_BITSTREAM/hw/IIC_included_BITSTREAM.xsa
TRACE::2025-05-11.07:43:08::SCWPlatform::DSA given E:/vitis_projects/auto_project/full_car/IIC_included_BITSTREAM/hw/IIC_included_BITSTREAM.xsa
TRACE::2025-05-11.07:43:08::SCWPlatform::DSA absoulate path E:/vitis_projects/auto_project/full_car/IIC_included_BITSTREAM/hw/IIC_included_BITSTREAM.xsa
TRACE::2025-05-11.07:43:08::SCWPlatform::DSA directory E:/vitis_projects/auto_project/full_car/IIC_included_BITSTREAM/hw
TRACE::2025-05-11.07:43:08::SCWPlatform:: Platform Path E:/vitis_projects/auto_project/full_car/IIC_included_BITSTREAM/hw/IIC_included_BITSTREAM.xsa
TRACE::2025-05-11.07:43:08::SCWPlatform:: Unique name xilinx:pynq-z2::0.0
TRACE::2025-05-11.07:43:08::SCWPlatform::Trying to set the existing hwdb with name design_1_wrapper_0
TRACE::2025-05-11.07:43:08::SCWPlatform::Opened existing hwdb design_1_wrapper_0
TRACE::2025-05-11.07:43:08::SCWPlatform::Found the Hw Db part of the input DSA
TRACE::2025-05-11.07:43:08::SCWMssOS::Checking the sw design at  E:/vitis_projects/auto_project/full_car/IIC_included_BITSTREAM/ps7_cortexa9_0/standalone_ps7_cortexa9_0/bsp/system.mss
TRACE::2025-05-11.07:43:08::SCWMssOS::DEBUG:  swdes dump  E:/vitis_projects/auto_project/full_car/IIC_included_BITSTREAM/ps7_cortexa9_0/standalone_ps7_cortexa9_0/bsp/system.mss|system_0||
E:/vitis_projects/auto_project/full_car/IIC_included_BITSTREAM/zynq_fsbl/zynq_fsbl_bsp/system.mss|system||

TRACE::2025-05-11.07:43:08::SCWMssOS::Sw design exists and opened at  E:/vitis_projects/auto_project/full_car/IIC_included_BITSTREAM/ps7_cortexa9_0/standalone_ps7_cortexa9_0/bsp/system.mss
TRACE::2025-05-11.07:43:08::SCWMssOS::Completed writing the mss file at E:/vitis_projects/auto_project/full_car/IIC_included_BITSTREAM/ps7_cortexa9_0/standalone_ps7_cortexa9_0/bsp
TRACE::2025-05-11.07:43:08::SCWMssOS::Mss edits present, copying mssfile into export location E:/vitis_projects/auto_project/full_car/IIC_included_BITSTREAM/ps7_cortexa9_0/standalone_ps7_cortexa9_0/bsp/system.mss
TRACE::2025-05-11.07:43:08::SCWMssOS::bsp generated is upto date with the mss file. Skipping bsp generation.
TRACE::2025-05-11.07:43:08::SCWMssOS::BSP is already built. skipping the bsp build ... 
TRACE::2025-05-11.07:43:08::SCWDomain::Building the domain as part of full build :  standalone_ps7_cortexa9_0
TRACE::2025-05-11.07:43:08::SCWMssOS::doing bsp build ... 
TRACE::2025-05-11.07:43:08::SCWMssOS::System Command Ran  E: & cd  E:/vitis_projects/auto_project/full_car/IIC_included_BITSTREAM/ps7_cortexa9_0/standalone_ps7_cortexa9_0/bsp & make 
TRACE::2025-05-11.07:43:08::SCWMssOS::make --no-print-directory seq_libs

TRACE::2025-05-11.07:43:08::SCWMssOS::"Running Make include in ps7_cortexa9_0/libsrc/coresightps_dcc_v1_10/src"

TRACE::2025-05-11.07:43:08::SCWMssOS::make -C ps7_cortexa9_0/libsrc/coresightps_dcc_v1_10/src -s include  "SHELL=CMD" "COMPILER=arm-none-eabi-gcc" "ASSEMBLER=arm-non
TRACE::2025-05-11.07:43:08::SCWMssOS::e-eabi-as" "ARCHIVER=arm-none-eabi-ar" "COMPILER_FLAGS=  -O2 -c" "EXTRA_COMPILER_FLAGS=-mcpu=cortex-a9 -mfpu=vfpv3 -mfloat-abi=
TRACE::2025-05-11.07:43:08::SCWMssOS::hard -nostartfiles -g -Wall -Wextra -fno-tree-loop-distribute-patterns"

TRACE::2025-05-11.07:43:08::SCWMssOS::"Running Make include in ps7_cortexa9_0/libsrc/cpu_cortexa9_v2_12/src"

TRACE::2025-05-11.07:43:08::SCWMssOS::make -C ps7_cortexa9_0/libsrc/cpu_cortexa9_v2_12/src -s include  "SHELL=CMD" "COMPILER=arm-none-eabi-gcc" "ASSEMBLER=arm-none-e
TRACE::2025-05-11.07:43:08::SCWMssOS::abi-as" "ARCHIVER=arm-none-eabi-ar" "COMPILER_FLAGS=  -O2 -c" "EXTRA_COMPILER_FLAGS=-mcpu=cortex-a9 -mfpu=vfpv3 -mfloat-abi=har
TRACE::2025-05-11.07:43:08::SCWMssOS::d -nostartfiles -g -Wall -Wextra -fno-tree-loop-distribute-patterns"

TRACE::2025-05-11.07:43:08::SCWMssOS::"Running Make include in ps7_cortexa9_0/libsrc/ddrps_v1_2/src"

TRACE::2025-05-11.07:43:08::SCWMssOS::make -C ps7_cortexa9_0/libsrc/ddrps_v1_2/src -s include  "SHELL=CMD" "COMPILER=arm-none-eabi-gcc" "ASSEMBLER=arm-none-eabi-as" 
TRACE::2025-05-11.07:43:08::SCWMssOS::"ARCHIVER=arm-none-eabi-ar" "COMPILER_FLAGS=  -O2 -c" "EXTRA_COMPILER_FLAGS=-mcpu=cortex-a9 -mfpu=vfpv3 -mfloat-abi=hard -nosta
TRACE::2025-05-11.07:43:08::SCWMssOS::rtfiles -g -Wall -Wextra -fno-tree-loop-distribute-patterns"

TRACE::2025-05-11.07:43:08::SCWMssOS::"Running Make include in ps7_cortexa9_0/libsrc/devcfg_v3_8/src"

TRACE::2025-05-11.07:43:08::SCWMssOS::make -C ps7_cortexa9_0/libsrc/devcfg_v3_8/src -s include  "SHELL=CMD" "COMPILER=arm-none-eabi-gcc" "ASSEMBLER=arm-none-eabi-as"
TRACE::2025-05-11.07:43:08::SCWMssOS:: "ARCHIVER=arm-none-eabi-ar" "COMPILER_FLAGS=  -O2 -c" "EXTRA_COMPILER_FLAGS=-mcpu=cortex-a9 -mfpu=vfpv3 -mfloat-abi=hard -nost
TRACE::2025-05-11.07:43:08::SCWMssOS::artfiles -g -Wall -Wextra -fno-tree-loop-distribute-patterns"

TRACE::2025-05-11.07:43:08::SCWMssOS::"Running Make include in ps7_cortexa9_0/libsrc/dmaps_v2_10/src"

TRACE::2025-05-11.07:43:08::SCWMssOS::make -C ps7_cortexa9_0/libsrc/dmaps_v2_10/src -s include  "SHELL=CMD" "COMPILER=arm-none-eabi-gcc" "ASSEMBLER=arm-none-eabi-as"
TRACE::2025-05-11.07:43:08::SCWMssOS:: "ARCHIVER=arm-none-eabi-ar" "COMPILER_FLAGS=  -O2 -c" "EXTRA_COMPILER_FLAGS=-mcpu=cortex-a9 -mfpu=vfpv3 -mfloat-abi=hard -nost
TRACE::2025-05-11.07:43:08::SCWMssOS::artfiles -g -Wall -Wextra -fno-tree-loop-distribute-patterns"

TRACE::2025-05-11.07:43:08::SCWMssOS::"Running Make include in ps7_cortexa9_0/libsrc/emacps_v3_20/src"

TRACE::2025-05-11.07:43:08::SCWMssOS::make -C ps7_cortexa9_0/libsrc/emacps_v3_20/src -s include  "SHELL=CMD" "COMPILER=arm-none-eabi-gcc" "ASSEMBLER=arm-none-eabi-as
TRACE::2025-05-11.07:43:08::SCWMssOS::" "ARCHIVER=arm-none-eabi-ar" "COMPILER_FLAGS=  -O2 -c" "EXTRA_COMPILER_FLAGS=-mcpu=cortex-a9 -mfpu=vfpv3 -mfloat-abi=hard -nos
TRACE::2025-05-11.07:43:08::SCWMssOS::tartfiles -g -Wall -Wextra -fno-tree-loop-distribute-patterns"

TRACE::2025-05-11.07:43:08::SCWMssOS::"Running Make include in ps7_cortexa9_0/libsrc/gpiops_v3_13/src"

TRACE::2025-05-11.07:43:08::SCWMssOS::make -C ps7_cortexa9_0/libsrc/gpiops_v3_13/src -s include  "SHELL=CMD" "COMPILER=arm-none-eabi-gcc" "ASSEMBLER=arm-none-eabi-as
TRACE::2025-05-11.07:43:08::SCWMssOS::" "ARCHIVER=arm-none-eabi-ar" "COMPILER_FLAGS=  -O2 -c" "EXTRA_COMPILER_FLAGS=-mcpu=cortex-a9 -mfpu=vfpv3 -mfloat-abi=hard -nos
TRACE::2025-05-11.07:43:08::SCWMssOS::tartfiles -g -Wall -Wextra -fno-tree-loop-distribute-patterns"

TRACE::2025-05-11.07:43:08::SCWMssOS::"Running Make include in ps7_cortexa9_0/libsrc/iic_v3_11/src"

TRACE::2025-05-11.07:43:08::SCWMssOS::make -C ps7_cortexa9_0/libsrc/iic_v3_11/src -s include  "SHELL=CMD" "COMPILER=arm-none-eabi-gcc" "ASSEMBLER=arm-none-eabi-as" "
TRACE::2025-05-11.07:43:08::SCWMssOS::ARCHIVER=arm-none-eabi-ar" "COMPILER_FLAGS=  -O2 -c" "EXTRA_COMPILER_FLAGS=-mcpu=cortex-a9 -mfpu=vfpv3 -mfloat-abi=hard -nostar
TRACE::2025-05-11.07:43:08::SCWMssOS::tfiles -g -Wall -Wextra -fno-tree-loop-distribute-patterns"

TRACE::2025-05-11.07:43:08::SCWMssOS::"Running Make include in ps7_cortexa9_0/libsrc/Motor_DriverIP_v1_0/src"

TRACE::2025-05-11.07:43:08::SCWMssOS::make -C ps7_cortexa9_0/libsrc/Motor_DriverIP_v1_0/src -s include  "SHELL=CMD" "COMPILER=arm-none-eabi-gcc" "ASSEMBLER=arm-none-
TRACE::2025-05-11.07:43:08::SCWMssOS::eabi-as" "ARCHIVER=arm-none-eabi-ar" "COMPILER_FLAGS=  -O2 -c" "EXTRA_COMPILER_FLAGS=-mcpu=cortex-a9 -mfpu=vfpv3 -mfloat-abi=ha
TRACE::2025-05-11.07:43:08::SCWMssOS::rd -nostartfiles -g -Wall -Wextra -fno-tree-loop-distribute-patterns"

TRACE::2025-05-11.07:43:08::SCWMssOS::"Running Make include in ps7_cortexa9_0/libsrc/qspips_v3_12/src"

TRACE::2025-05-11.07:43:08::SCWMssOS::make -C ps7_cortexa9_0/libsrc/qspips_v3_12/src -s include  "SHELL=CMD" "COMPILER=arm-none-eabi-gcc" "ASSEMBLER=arm-none-eabi-as
TRACE::2025-05-11.07:43:08::SCWMssOS::" "ARCHIVER=arm-none-eabi-ar" "COMPILER_FLAGS=  -O2 -c" "EXTRA_COMPILER_FLAGS=-mcpu=cortex-a9 -mfpu=vfpv3 -mfloat-abi=hard -nos
TRACE::2025-05-11.07:43:08::SCWMssOS::tartfiles -g -Wall -Wextra -fno-tree-loop-distribute-patterns"

TRACE::2025-05-11.07:43:08::SCWMssOS::"Running Make include in ps7_cortexa9_0/libsrc/scugic_v5_3/src"

TRACE::2025-05-11.07:43:08::SCWMssOS::make -C ps7_cortexa9_0/libsrc/scugic_v5_3/src -s include  "SHELL=CMD" "COMPILER=arm-none-eabi-gcc" "ASSEMBLER=arm-none-eabi-as"
TRACE::2025-05-11.07:43:08::SCWMssOS:: "ARCHIVER=arm-none-eabi-ar" "COMPILER_FLAGS=  -O2 -c" "EXTRA_COMPILER_FLAGS=-mcpu=cortex-a9 -mfpu=vfpv3 -mfloat-abi=hard -nost
TRACE::2025-05-11.07:43:08::SCWMssOS::artfiles -g -Wall -Wextra -fno-tree-loop-distribute-patterns"

TRACE::2025-05-11.07:43:08::SCWMssOS::"Running Make include in ps7_cortexa9_0/libsrc/scutimer_v2_6/src"

TRACE::2025-05-11.07:43:08::SCWMssOS::make -C ps7_cortexa9_0/libsrc/scutimer_v2_6/src -s include  "SHELL=CMD" "COMPILER=arm-none-eabi-gcc" "ASSEMBLER=arm-none-eabi-a
TRACE::2025-05-11.07:43:08::SCWMssOS::s" "ARCHIVER=arm-none-eabi-ar" "COMPILER_FLAGS=  -O2 -c" "EXTRA_COMPILER_FLAGS=-mcpu=cortex-a9 -mfpu=vfpv3 -mfloat-abi=hard -no
TRACE::2025-05-11.07:43:08::SCWMssOS::startfiles -g -Wall -Wextra -fno-tree-loop-distribute-patterns"

TRACE::2025-05-11.07:43:08::SCWMssOS::"Running Make include in ps7_cortexa9_0/libsrc/scuwdt_v2_5/src"

TRACE::2025-05-11.07:43:08::SCWMssOS::make -C ps7_cortexa9_0/libsrc/scuwdt_v2_5/src -s include  "SHELL=CMD" "COMPILER=arm-none-eabi-gcc" "ASSEMBLER=arm-none-eabi-as"
TRACE::2025-05-11.07:43:08::SCWMssOS:: "ARCHIVER=arm-none-eabi-ar" "COMPILER_FLAGS=  -O2 -c" "EXTRA_COMPILER_FLAGS=-mcpu=cortex-a9 -mfpu=vfpv3 -mfloat-abi=hard -nost
TRACE::2025-05-11.07:43:08::SCWMssOS::artfiles -g -Wall -Wextra -fno-tree-loop-distribute-patterns"

TRACE::2025-05-11.07:43:08::SCWMssOS::"Running Make include in ps7_cortexa9_0/libsrc/sdps_v4_3/src"

TRACE::2025-05-11.07:43:08::SCWMssOS::make -C ps7_cortexa9_0/libsrc/sdps_v4_3/src -s include  "SHELL=CMD" "COMPILER=arm-none-eabi-gcc" "ASSEMBLER=arm-none-eabi-as" "
TRACE::2025-05-11.07:43:08::SCWMssOS::ARCHIVER=arm-none-eabi-ar" "COMPILER_FLAGS=  -O2 -c" "EXTRA_COMPILER_FLAGS=-mcpu=cortex-a9 -mfpu=vfpv3 -mfloat-abi=hard -nostar
TRACE::2025-05-11.07:43:08::SCWMssOS::tfiles -g -Wall -Wextra -fno-tree-loop-distribute-patterns"

TRACE::2025-05-11.07:43:08::SCWMssOS::"Running Make include in ps7_cortexa9_0/libsrc/SpeedSensor_Driver_IP_v1_0/src"

TRACE::2025-05-11.07:43:08::SCWMssOS::make -C ps7_cortexa9_0/libsrc/SpeedSensor_Driver_IP_v1_0/src -s include  "SHELL=CMD" "COMPILER=arm-none-eabi-gcc" "ASSEMBLER=ar
TRACE::2025-05-11.07:43:08::SCWMssOS::m-none-eabi-as" "ARCHIVER=arm-none-eabi-ar" "COMPILER_FLAGS=  -O2 -c" "EXTRA_COMPILER_FLAGS=-mcpu=cortex-a9 -mfpu=vfpv3 -mfloat
TRACE::2025-05-11.07:43:08::SCWMssOS::-abi=hard -nostartfiles -g -Wall -Wextra -fno-tree-loop-distribute-patterns"

TRACE::2025-05-11.07:43:08::SCWMssOS::"Running Make include in ps7_cortexa9_0/libsrc/standalone_v9_1/src"

TRACE::2025-05-11.07:43:08::SCWMssOS::make -C ps7_cortexa9_0/libsrc/standalone_v9_1/src -s include  "SHELL=CMD" "COMPILER=arm-none-eabi-gcc" "ASSEMBLER=arm-none-eabi
TRACE::2025-05-11.07:43:08::SCWMssOS::-as" "ARCHIVER=arm-none-eabi-ar" "COMPILER_FLAGS=  -O2 -c" "EXTRA_COMPILER_FLAGS=-mcpu=cortex-a9 -mfpu=vfpv3 -mfloat-abi=hard -
TRACE::2025-05-11.07:43:08::SCWMssOS::nostartfiles -g -Wall -Wextra -fno-tree-loop-distribute-patterns"

TRACE::2025-05-11.07:43:08::SCWMssOS::"Running Make include in ps7_cortexa9_0/libsrc/tmrctr_v4_12/src"

TRACE::2025-05-11.07:43:08::SCWMssOS::make -C ps7_cortexa9_0/libsrc/tmrctr_v4_12/src -s include  "SHELL=CMD" "COMPILER=arm-none-eabi-gcc" "ASSEMBLER=arm-none-eabi-as
TRACE::2025-05-11.07:43:08::SCWMssOS::" "ARCHIVER=arm-none-eabi-ar" "COMPILER_FLAGS=  -O2 -c" "EXTRA_COMPILER_FLAGS=-mcpu=cortex-a9 -mfpu=vfpv3 -mfloat-abi=hard -nos
TRACE::2025-05-11.07:43:08::SCWMssOS::tartfiles -g -Wall -Wextra -fno-tree-loop-distribute-patterns"

TRACE::2025-05-11.07:43:08::SCWMssOS::"Running Make include in ps7_cortexa9_0/libsrc/uartps_v3_14/src"

TRACE::2025-05-11.07:43:08::SCWMssOS::make -C ps7_cortexa9_0/libsrc/uartps_v3_14/src -s include  "SHELL=CMD" "COMPILER=arm-none-eabi-gcc" "ASSEMBLER=arm-none-eabi-as
TRACE::2025-05-11.07:43:08::SCWMssOS::" "ARCHIVER=arm-none-eabi-ar" "COMPILER_FLAGS=  -O2 -c" "EXTRA_COMPILER_FLAGS=-mcpu=cortex-a9 -mfpu=vfpv3 -mfloat-abi=hard -nos
TRACE::2025-05-11.07:43:08::SCWMssOS::tartfiles -g -Wall -Wextra -fno-tree-loop-distribute-patterns"

TRACE::2025-05-11.07:43:08::SCWMssOS::"Running Make include in ps7_cortexa9_0/libsrc/usbps_v2_9/src"

TRACE::2025-05-11.07:43:08::SCWMssOS::make -C ps7_cortexa9_0/libsrc/usbps_v2_9/src -s include  "SHELL=CMD" "COMPILER=arm-none-eabi-gcc" "ASSEMBLER=arm-none-eabi-as" 
TRACE::2025-05-11.07:43:08::SCWMssOS::"ARCHIVER=arm-none-eabi-ar" "COMPILER_FLAGS=  -O2 -c" "EXTRA_COMPILER_FLAGS=-mcpu=cortex-a9 -mfpu=vfpv3 -mfloat-abi=hard -nosta
TRACE::2025-05-11.07:43:08::SCWMssOS::rtfiles -g -Wall -Wextra -fno-tree-loop-distribute-patterns"

TRACE::2025-05-11.07:43:08::SCWMssOS::"Running Make include in ps7_cortexa9_0/libsrc/xadcps_v2_7/src"

TRACE::2025-05-11.07:43:08::SCWMssOS::make -C ps7_cortexa9_0/libsrc/xadcps_v2_7/src -s include  "SHELL=CMD" "COMPILER=arm-none-eabi-gcc" "ASSEMBLER=arm-none-eabi-as"
TRACE::2025-05-11.07:43:08::SCWMssOS:: "ARCHIVER=arm-none-eabi-ar" "COMPILER_FLAGS=  -O2 -c" "EXTRA_COMPILER_FLAGS=-mcpu=cortex-a9 -mfpu=vfpv3 -mfloat-abi=hard -nost
TRACE::2025-05-11.07:43:08::SCWMssOS::artfiles -g -Wall -Wextra -fno-tree-loop-distribute-patterns"

TRACE::2025-05-11.07:43:08::SCWMssOS::"Running Make libs in ps7_cortexa9_0/libsrc/Motor_DriverIP_v1_0/src"

TRACE::2025-05-11.07:43:08::SCWMssOS::make -C ps7_cortexa9_0/libsrc/Motor_DriverIP_v1_0/src -s libs  "SHELL=CMD" "COMPILER=arm-none-eabi-gcc" "ASSEMBLER=arm-none-eab
TRACE::2025-05-11.07:43:08::SCWMssOS::i-as" "ARCHIVER=arm-none-eabi-ar" "COMPILER_FLAGS=  -O2 -c" "EXTRA_COMPILER_FLAGS=-mcpu=cortex-a9 -mfpu=vfpv3 -mfloat-abi=hard 
TRACE::2025-05-11.07:43:08::SCWMssOS::-nostartfiles -g -Wall -Wextra -fno-tree-loop-distribute-patterns"

TRACE::2025-05-11.07:43:09::SCWMssOS::"Running Make libs in ps7_cortexa9_0/libsrc/SpeedSensor_Driver_IP_v1_0/src"

TRACE::2025-05-11.07:43:09::SCWMssOS::make -C ps7_cortexa9_0/libsrc/SpeedSensor_Driver_IP_v1_0/src -s libs  "SHELL=CMD" "COMPILER=arm-none-eabi-gcc" "ASSEMBLER=arm-n
TRACE::2025-05-11.07:43:09::SCWMssOS::one-eabi-as" "ARCHIVER=arm-none-eabi-ar" "COMPILER_FLAGS=  -O2 -c" "EXTRA_COMPILER_FLAGS=-mcpu=cortex-a9 -mfpu=vfpv3 -mfloat-ab
TRACE::2025-05-11.07:43:09::SCWMssOS::i=hard -nostartfiles -g -Wall -Wextra -fno-tree-loop-distribute-patterns"

TRACE::2025-05-11.07:43:09::SCWMssOS::'Finished building libraries sequentially.'

TRACE::2025-05-11.07:43:09::SCWMssOS::make -j 10 --no-print-directory par_libs

TRACE::2025-05-11.07:43:09::SCWMssOS::"Running Make include in ps7_cortexa9_0/libsrc/coresightps_dcc_v1_10/src"

TRACE::2025-05-11.07:43:09::SCWMssOS::make -C ps7_cortexa9_0/libsrc/coresightps_dcc_v1_10/src -s include  "SHELL=CMD" "COMPILER=arm-none-eabi-gcc" "ASSEMBLER=arm-non
TRACE::2025-05-11.07:43:09::SCWMssOS::e-eabi-as" "ARCHIVER=arm-none-eabi-ar" "COMPILER_FLAGS=  -O2 -c" "EXTRA_COMPILER_FLAGS=-mcpu=cortex-a9 -mfpu=vfpv3 -mfloat-abi=
TRACE::2025-05-11.07:43:09::SCWMssOS::hard -nostartfiles -g -Wall -Wextra -fno-tree-loop-distribute-patterns"

TRACE::2025-05-11.07:43:09::SCWMssOS::"Running Make include in ps7_cortexa9_0/libsrc/cpu_cortexa9_v2_12/src"

TRACE::2025-05-11.07:43:09::SCWMssOS::make -C ps7_cortexa9_0/libsrc/cpu_cortexa9_v2_12/src -s include  "SHELL=CMD" "COMPILER=arm-none-eabi-gcc" "ASSEMBLER=arm-none-e
TRACE::2025-05-11.07:43:09::SCWMssOS::abi-as" "ARCHIVER=arm-none-eabi-ar" "COMPILER_FLAGS=  -O2 -c" "EXTRA_COMPILER_FLAGS=-mcpu=cortex-a9 -mfpu=vfpv3 -mfloat-abi=har
TRACE::2025-05-11.07:43:09::SCWMssOS::d -nostartfiles -g -Wall -Wextra -fno-tree-loop-distribute-patterns"

TRACE::2025-05-11.07:43:09::SCWMssOS::"Running Make include in ps7_cortexa9_0/libsrc/ddrps_v1_2/src"

TRACE::2025-05-11.07:43:09::SCWMssOS::make -C ps7_cortexa9_0/libsrc/ddrps_v1_2/src -s include  "SHELL=CMD" "COMPILER=arm-none-eabi-gcc" "ASSEMBLER=arm-none-eabi-as" 
TRACE::2025-05-11.07:43:09::SCWMssOS::"ARCHIVER=arm-none-eabi-ar" "COMPILER_FLAGS=  -O2 -c" "EXTRA_COMPILER_FLAGS=-mcpu=cortex-a9 -mfpu=vfpv3 -mfloat-abi=hard -nosta
TRACE::2025-05-11.07:43:09::SCWMssOS::rtfiles -g -Wall -Wextra -fno-tree-loop-distribute-patterns"

TRACE::2025-05-11.07:43:09::SCWMssOS::"Running Make include in ps7_cortexa9_0/libsrc/devcfg_v3_8/src"

TRACE::2025-05-11.07:43:09::SCWMssOS::make -C ps7_cortexa9_0/libsrc/devcfg_v3_8/src -s include  "SHELL=CMD" "COMPILER=arm-none-eabi-gcc" "ASSEMBLER=arm-none-eabi-as"
TRACE::2025-05-11.07:43:09::SCWMssOS:: "ARCHIVER=arm-none-eabi-ar" "COMPILER_FLAGS=  -O2 -c" "EXTRA_COMPILER_FLAGS=-mcpu=cortex-a9 -mfpu=vfpv3 -mfloat-abi=hard -nost
TRACE::2025-05-11.07:43:09::SCWMssOS::artfiles -g -Wall -Wextra -fno-tree-loop-distribute-patterns"

TRACE::2025-05-11.07:43:09::SCWMssOS::"Running Make include in ps7_cortexa9_0/libsrc/dmaps_v2_10/src"

TRACE::2025-05-11.07:43:09::SCWMssOS::make -C ps7_cortexa9_0/libsrc/dmaps_v2_10/src -s include  "SHELL=CMD" "COMPILER=arm-none-eabi-gcc" "ASSEMBLER=arm-none-eabi-as"
TRACE::2025-05-11.07:43:09::SCWMssOS:: "ARCHIVER=arm-none-eabi-ar" "COMPILER_FLAGS=  -O2 -c" "EXTRA_COMPILER_FLAGS=-mcpu=cortex-a9 -mfpu=vfpv3 -mfloat-abi=hard -nost
TRACE::2025-05-11.07:43:09::SCWMssOS::artfiles -g -Wall -Wextra -fno-tree-loop-distribute-patterns"

TRACE::2025-05-11.07:43:09::SCWMssOS::"Running Make include in ps7_cortexa9_0/libsrc/emacps_v3_20/src"

TRACE::2025-05-11.07:43:09::SCWMssOS::make -C ps7_cortexa9_0/libsrc/emacps_v3_20/src -s include  "SHELL=CMD" "COMPILER=arm-none-eabi-gcc" "ASSEMBLER=arm-none-eabi-as
TRACE::2025-05-11.07:43:09::SCWMssOS::" "ARCHIVER=arm-none-eabi-ar" "COMPILER_FLAGS=  -O2 -c" "EXTRA_COMPILER_FLAGS=-mcpu=cortex-a9 -mfpu=vfpv3 -mfloat-abi=hard -nos
TRACE::2025-05-11.07:43:09::SCWMssOS::tartfiles -g -Wall -Wextra -fno-tree-loop-distribute-patterns"

TRACE::2025-05-11.07:43:09::SCWMssOS::"Running Make include in ps7_cortexa9_0/libsrc/gpiops_v3_13/src"

TRACE::2025-05-11.07:43:09::SCWMssOS::make -C ps7_cortexa9_0/libsrc/gpiops_v3_13/src -s include  "SHELL=CMD" "COMPILER=arm-none-eabi-gcc" "ASSEMBLER=arm-none-eabi-as
TRACE::2025-05-11.07:43:09::SCWMssOS::" "ARCHIVER=arm-none-eabi-ar" "COMPILER_FLAGS=  -O2 -c" "EXTRA_COMPILER_FLAGS=-mcpu=cortex-a9 -mfpu=vfpv3 -mfloat-abi=hard -nos
TRACE::2025-05-11.07:43:09::SCWMssOS::tartfiles -g -Wall -Wextra -fno-tree-loop-distribute-patterns"

TRACE::2025-05-11.07:43:09::SCWMssOS::"Running Make include in ps7_cortexa9_0/libsrc/iic_v3_11/src"

TRACE::2025-05-11.07:43:09::SCWMssOS::make -C ps7_cortexa9_0/libsrc/iic_v3_11/src -s include  "SHELL=CMD" "COMPILER=arm-none-eabi-gcc" "ASSEMBLER=arm-none-eabi-as" "
TRACE::2025-05-11.07:43:09::SCWMssOS::ARCHIVER=arm-none-eabi-ar" "COMPILER_FLAGS=  -O2 -c" "EXTRA_COMPILER_FLAGS=-mcpu=cortex-a9 -mfpu=vfpv3 -mfloat-abi=hard -nostar
TRACE::2025-05-11.07:43:09::SCWMssOS::tfiles -g -Wall -Wextra -fno-tree-loop-distribute-patterns"

TRACE::2025-05-11.07:43:09::SCWMssOS::"Running Make include in ps7_cortexa9_0/libsrc/Motor_DriverIP_v1_0/src"

TRACE::2025-05-11.07:43:09::SCWMssOS::make -C ps7_cortexa9_0/libsrc/Motor_DriverIP_v1_0/src -s include  "SHELL=CMD" "COMPILER=arm-none-eabi-gcc" "ASSEMBLER=arm-none-
TRACE::2025-05-11.07:43:09::SCWMssOS::eabi-as" "ARCHIVER=arm-none-eabi-ar" "COMPILER_FLAGS=  -O2 -c" "EXTRA_COMPILER_FLAGS=-mcpu=cortex-a9 -mfpu=vfpv3 -mfloat-abi=ha
TRACE::2025-05-11.07:43:09::SCWMssOS::rd -nostartfiles -g -Wall -Wextra -fno-tree-loop-distribute-patterns"

TRACE::2025-05-11.07:43:09::SCWMssOS::"Running Make include in ps7_cortexa9_0/libsrc/qspips_v3_12/src"

TRACE::2025-05-11.07:43:09::SCWMssOS::make -C ps7_cortexa9_0/libsrc/qspips_v3_12/src -s include  "SHELL=CMD" "COMPILER=arm-none-eabi-gcc" "ASSEMBLER=arm-none-eabi-as
TRACE::2025-05-11.07:43:09::SCWMssOS::" "ARCHIVER=arm-none-eabi-ar" "COMPILER_FLAGS=  -O2 -c" "EXTRA_COMPILER_FLAGS=-mcpu=cortex-a9 -mfpu=vfpv3 -mfloat-abi=hard -nos
TRACE::2025-05-11.07:43:09::SCWMssOS::tartfiles -g -Wall -Wextra -fno-tree-loop-distribute-patterns"

TRACE::2025-05-11.07:43:09::SCWMssOS::"Running Make include in ps7_cortexa9_0/libsrc/scugic_v5_3/src"

TRACE::2025-05-11.07:43:09::SCWMssOS::make -C ps7_cortexa9_0/libsrc/scugic_v5_3/src -s include  "SHELL=CMD" "COMPILER=arm-none-eabi-gcc" "ASSEMBLER=arm-none-eabi-as"
TRACE::2025-05-11.07:43:09::SCWMssOS:: "ARCHIVER=arm-none-eabi-ar" "COMPILER_FLAGS=  -O2 -c" "EXTRA_COMPILER_FLAGS=-mcpu=cortex-a9 -mfpu=vfpv3 -mfloat-abi=hard -nost
TRACE::2025-05-11.07:43:09::SCWMssOS::artfiles -g -Wall -Wextra -fno-tree-loop-distribute-patterns"

TRACE::2025-05-11.07:43:09::SCWMssOS::"Running Make include in ps7_cortexa9_0/libsrc/scutimer_v2_6/src"

TRACE::2025-05-11.07:43:09::SCWMssOS::make -C ps7_cortexa9_0/libsrc/scutimer_v2_6/src -s include  "SHELL=CMD" "COMPILER=arm-none-eabi-gcc" "ASSEMBLER=arm-none-eabi-a
TRACE::2025-05-11.07:43:09::SCWMssOS::s" "ARCHIVER=arm-none-eabi-ar" "COMPILER_FLAGS=  -O2 -c" "EXTRA_COMPILER_FLAGS=-mcpu=cortex-a9 -mfpu=vfpv3 -mfloat-abi=hard -no
TRACE::2025-05-11.07:43:09::SCWMssOS::startfiles -g -Wall -Wextra -fno-tree-loop-distribute-patterns"

TRACE::2025-05-11.07:43:09::SCWMssOS::"Running Make include in ps7_cortexa9_0/libsrc/scuwdt_v2_5/src"

TRACE::2025-05-11.07:43:09::SCWMssOS::make -C ps7_cortexa9_0/libsrc/scuwdt_v2_5/src -s include  "SHELL=CMD" "COMPILER=arm-none-eabi-gcc" "ASSEMBLER=arm-none-eabi-as"
TRACE::2025-05-11.07:43:09::SCWMssOS:: "ARCHIVER=arm-none-eabi-ar" "COMPILER_FLAGS=  -O2 -c" "EXTRA_COMPILER_FLAGS=-mcpu=cortex-a9 -mfpu=vfpv3 -mfloat-abi=hard -nost
TRACE::2025-05-11.07:43:09::SCWMssOS::artfiles -g -Wall -Wextra -fno-tree-loop-distribute-patterns"

TRACE::2025-05-11.07:43:09::SCWMssOS::"Running Make include in ps7_cortexa9_0/libsrc/sdps_v4_3/src"

TRACE::2025-05-11.07:43:09::SCWMssOS::make -C ps7_cortexa9_0/libsrc/sdps_v4_3/src -s include  "SHELL=CMD" "COMPILER=arm-none-eabi-gcc" "ASSEMBLER=arm-none-eabi-as" "
TRACE::2025-05-11.07:43:09::SCWMssOS::ARCHIVER=arm-none-eabi-ar" "COMPILER_FLAGS=  -O2 -c" "EXTRA_COMPILER_FLAGS=-mcpu=cortex-a9 -mfpu=vfpv3 -mfloat-abi=hard -nostar
TRACE::2025-05-11.07:43:09::SCWMssOS::tfiles -g -Wall -Wextra -fno-tree-loop-distribute-patterns"

TRACE::2025-05-11.07:43:09::SCWMssOS::"Running Make include in ps7_cortexa9_0/libsrc/SpeedSensor_Driver_IP_v1_0/src"

TRACE::2025-05-11.07:43:09::SCWMssOS::make -C ps7_cortexa9_0/libsrc/SpeedSensor_Driver_IP_v1_0/src -s include  "SHELL=CMD" "COMPILER=arm-none-eabi-gcc" "ASSEMBLER=ar
TRACE::2025-05-11.07:43:09::SCWMssOS::m-none-eabi-as" "ARCHIVER=arm-none-eabi-ar" "COMPILER_FLAGS=  -O2 -c" "EXTRA_COMPILER_FLAGS=-mcpu=cortex-a9 -mfpu=vfpv3 -mfloat
TRACE::2025-05-11.07:43:09::SCWMssOS::-abi=hard -nostartfiles -g -Wall -Wextra -fno-tree-loop-distribute-patterns"

TRACE::2025-05-11.07:43:09::SCWMssOS::"Running Make include in ps7_cortexa9_0/libsrc/standalone_v9_1/src"

TRACE::2025-05-11.07:43:09::SCWMssOS::make -C ps7_cortexa9_0/libsrc/standalone_v9_1/src -s include  "SHELL=CMD" "COMPILER=arm-none-eabi-gcc" "ASSEMBLER=arm-none-eabi
TRACE::2025-05-11.07:43:09::SCWMssOS::-as" "ARCHIVER=arm-none-eabi-ar" "COMPILER_FLAGS=  -O2 -c" "EXTRA_COMPILER_FLAGS=-mcpu=cortex-a9 -mfpu=vfpv3 -mfloat-abi=hard -
TRACE::2025-05-11.07:43:09::SCWMssOS::nostartfiles -g -Wall -Wextra -fno-tree-loop-distribute-patterns"

TRACE::2025-05-11.07:43:09::SCWMssOS::"Running Make include in ps7_cortexa9_0/libsrc/tmrctr_v4_12/src"

TRACE::2025-05-11.07:43:09::SCWMssOS::make -C ps7_cortexa9_0/libsrc/tmrctr_v4_12/src -s include  "SHELL=CMD" "COMPILER=arm-none-eabi-gcc" "ASSEMBLER=arm-none-eabi-as
TRACE::2025-05-11.07:43:09::SCWMssOS::" "ARCHIVER=arm-none-eabi-ar" "COMPILER_FLAGS=  -O2 -c" "EXTRA_COMPILER_FLAGS=-mcpu=cortex-a9 -mfpu=vfpv3 -mfloat-abi=hard -nos
TRACE::2025-05-11.07:43:09::SCWMssOS::tartfiles -g -Wall -Wextra -fno-tree-loop-distribute-patterns"

TRACE::2025-05-11.07:43:09::SCWMssOS::"Running Make include in ps7_cortexa9_0/libsrc/uartps_v3_14/src"

TRACE::2025-05-11.07:43:09::SCWMssOS::make -C ps7_cortexa9_0/libsrc/uartps_v3_14/src -s include  "SHELL=CMD" "COMPILER=arm-none-eabi-gcc" "ASSEMBLER=arm-none-eabi-as
TRACE::2025-05-11.07:43:09::SCWMssOS::" "ARCHIVER=arm-none-eabi-ar" "COMPILER_FLAGS=  -O2 -c" "EXTRA_COMPILER_FLAGS=-mcpu=cortex-a9 -mfpu=vfpv3 -mfloat-abi=hard -nos
TRACE::2025-05-11.07:43:09::SCWMssOS::tartfiles -g -Wall -Wextra -fno-tree-loop-distribute-patterns"

TRACE::2025-05-11.07:43:09::SCWMssOS::"Running Make include in ps7_cortexa9_0/libsrc/usbps_v2_9/src"

TRACE::2025-05-11.07:43:09::SCWMssOS::make -C ps7_cortexa9_0/libsrc/usbps_v2_9/src -s include  "SHELL=CMD" "COMPILER=arm-none-eabi-gcc" "ASSEMBLER=arm-none-eabi-as" 
TRACE::2025-05-11.07:43:09::SCWMssOS::"ARCHIVER=arm-none-eabi-ar" "COMPILER_FLAGS=  -O2 -c" "EXTRA_COMPILER_FLAGS=-mcpu=cortex-a9 -mfpu=vfpv3 -mfloat-abi=hard -nosta
TRACE::2025-05-11.07:43:09::SCWMssOS::rtfiles -g -Wall -Wextra -fno-tree-loop-distribute-patterns"

TRACE::2025-05-11.07:43:09::SCWMssOS::"Running Make include in ps7_cortexa9_0/libsrc/xadcps_v2_7/src"

TRACE::2025-05-11.07:43:09::SCWMssOS::make -C ps7_cortexa9_0/libsrc/xadcps_v2_7/src -s include  "SHELL=CMD" "COMPILER=arm-none-eabi-gcc" "ASSEMBLER=arm-none-eabi-as"
TRACE::2025-05-11.07:43:09::SCWMssOS:: "ARCHIVER=arm-none-eabi-ar" "COMPILER_FLAGS=  -O2 -c" "EXTRA_COMPILER_FLAGS=-mcpu=cortex-a9 -mfpu=vfpv3 -mfloat-abi=hard -nost
TRACE::2025-05-11.07:43:09::SCWMssOS::artfiles -g -Wall -Wextra -fno-tree-loop-distribute-patterns"

TRACE::2025-05-11.07:43:09::SCWMssOS::"Running Make libs in ps7_cortexa9_0/libsrc/coresightps_dcc_v1_10/src"

TRACE::2025-05-11.07:43:09::SCWMssOS::make -C ps7_cortexa9_0/libsrc/coresightps_dcc_v1_10/src -s libs  "SHELL=CMD" "COMPILER=arm-none-eabi-gcc" "ASSEMBLER=arm-none-e
TRACE::2025-05-11.07:43:09::SCWMssOS::abi-as" "ARCHIVER=arm-none-eabi-ar" "COMPILER_FLAGS=  -O2 -c" "EXTRA_COMPILER_FLAGS=-mcpu=cortex-a9 -mfpu=vfpv3 -mfloat-abi=har
TRACE::2025-05-11.07:43:09::SCWMssOS::d -nostartfiles -g -Wall -Wextra -fno-tree-loop-distribute-patterns"

TRACE::2025-05-11.07:43:09::SCWMssOS::"Running Make libs in ps7_cortexa9_0/libsrc/cpu_cortexa9_v2_12/src"

TRACE::2025-05-11.07:43:09::SCWMssOS::make -C ps7_cortexa9_0/libsrc/cpu_cortexa9_v2_12/src -s libs  "SHELL=CMD" "COMPILER=arm-none-eabi-gcc" "ASSEMBLER=arm-none-eabi
TRACE::2025-05-11.07:43:09::SCWMssOS::-as" "ARCHIVER=arm-none-eabi-ar" "COMPILER_FLAGS=  -O2 -c" "EXTRA_COMPILER_FLAGS=-mcpu=cortex-a9 -mfpu=vfpv3 -mfloat-abi=hard -
TRACE::2025-05-11.07:43:09::SCWMssOS::nostartfiles -g -Wall -Wextra -fno-tree-loop-distribute-patterns"

TRACE::2025-05-11.07:43:09::SCWMssOS::"Running Make libs in ps7_cortexa9_0/libsrc/ddrps_v1_2/src"

TRACE::2025-05-11.07:43:09::SCWMssOS::make -C ps7_cortexa9_0/libsrc/ddrps_v1_2/src -s libs  "SHELL=CMD" "COMPILER=arm-none-eabi-gcc" "ASSEMBLER=arm-none-eabi-as" "AR
TRACE::2025-05-11.07:43:09::SCWMssOS::CHIVER=arm-none-eabi-ar" "COMPILER_FLAGS=  -O2 -c" "EXTRA_COMPILER_FLAGS=-mcpu=cortex-a9 -mfpu=vfpv3 -mfloat-abi=hard -nostartf
TRACE::2025-05-11.07:43:09::SCWMssOS::iles -g -Wall -Wextra -fno-tree-loop-distribute-patterns"

TRACE::2025-05-11.07:43:09::SCWMssOS::"Running Make libs in ps7_cortexa9_0/libsrc/devcfg_v3_8/src"

TRACE::2025-05-11.07:43:09::SCWMssOS::make -C ps7_cortexa9_0/libsrc/devcfg_v3_8/src -s libs  "SHELL=CMD" "COMPILER=arm-none-eabi-gcc" "ASSEMBLER=arm-none-eabi-as" "A
TRACE::2025-05-11.07:43:09::SCWMssOS::RCHIVER=arm-none-eabi-ar" "COMPILER_FLAGS=  -O2 -c" "EXTRA_COMPILER_FLAGS=-mcpu=cortex-a9 -mfpu=vfpv3 -mfloat-abi=hard -nostart
TRACE::2025-05-11.07:43:09::SCWMssOS::files -g -Wall -Wextra -fno-tree-loop-distribute-patterns"

TRACE::2025-05-11.07:43:09::SCWMssOS::"Running Make libs in ps7_cortexa9_0/libsrc/dmaps_v2_10/src"

TRACE::2025-05-11.07:43:09::SCWMssOS::make -C ps7_cortexa9_0/libsrc/dmaps_v2_10/src -s libs  "SHELL=CMD" "COMPILER=arm-none-eabi-gcc" "ASSEMBLER=arm-none-eabi-as" "A
TRACE::2025-05-11.07:43:09::SCWMssOS::RCHIVER=arm-none-eabi-ar" "COMPILER_FLAGS=  -O2 -c" "EXTRA_COMPILER_FLAGS=-mcpu=cortex-a9 -mfpu=vfpv3 -mfloat-abi=hard -nostart
TRACE::2025-05-11.07:43:09::SCWMssOS::files -g -Wall -Wextra -fno-tree-loop-distribute-patterns"

TRACE::2025-05-11.07:43:09::SCWMssOS::"Running Make libs in ps7_cortexa9_0/libsrc/emacps_v3_20/src"

TRACE::2025-05-11.07:43:09::SCWMssOS::make -C ps7_cortexa9_0/libsrc/emacps_v3_20/src -s libs  "SHELL=CMD" "COMPILER=arm-none-eabi-gcc" "ASSEMBLER=arm-none-eabi-as" "
TRACE::2025-05-11.07:43:09::SCWMssOS::ARCHIVER=arm-none-eabi-ar" "COMPILER_FLAGS=  -O2 -c" "EXTRA_COMPILER_FLAGS=-mcpu=cortex-a9 -mfpu=vfpv3 -mfloat-abi=hard -nostar
TRACE::2025-05-11.07:43:09::SCWMssOS::tfiles -g -Wall -Wextra -fno-tree-loop-distribute-patterns"

TRACE::2025-05-11.07:43:09::SCWMssOS::"Running Make libs in ps7_cortexa9_0/libsrc/gpiops_v3_13/src"

TRACE::2025-05-11.07:43:09::SCWMssOS::make -C ps7_cortexa9_0/libsrc/gpiops_v3_13/src -s libs  "SHELL=CMD" "COMPILER=arm-none-eabi-gcc" "ASSEMBLER=arm-none-eabi-as" "
TRACE::2025-05-11.07:43:09::SCWMssOS::ARCHIVER=arm-none-eabi-ar" "COMPILER_FLAGS=  -O2 -c" "EXTRA_COMPILER_FLAGS=-mcpu=cortex-a9 -mfpu=vfpv3 -mfloat-abi=hard -nostar
TRACE::2025-05-11.07:43:09::SCWMssOS::tfiles -g -Wall -Wextra -fno-tree-loop-distribute-patterns"

TRACE::2025-05-11.07:43:09::SCWMssOS::"Running Make libs in ps7_cortexa9_0/libsrc/iic_v3_11/src"

TRACE::2025-05-11.07:43:09::SCWMssOS::make -C ps7_cortexa9_0/libsrc/iic_v3_11/src -s libs  "SHELL=CMD" "COMPILER=arm-none-eabi-gcc" "ASSEMBLER=arm-none-eabi-as" "ARC
TRACE::2025-05-11.07:43:09::SCWMssOS::HIVER=arm-none-eabi-ar" "COMPILER_FLAGS=  -O2 -c" "EXTRA_COMPILER_FLAGS=-mcpu=cortex-a9 -mfpu=vfpv3 -mfloat-abi=hard -nostartfi
TRACE::2025-05-11.07:43:09::SCWMssOS::les -g -Wall -Wextra -fno-tree-loop-distribute-patterns"

TRACE::2025-05-11.07:43:09::SCWMssOS::"Running Make libs in ps7_cortexa9_0/libsrc/qspips_v3_12/src"

TRACE::2025-05-11.07:43:09::SCWMssOS::make -C ps7_cortexa9_0/libsrc/qspips_v3_12/src -s libs  "SHELL=CMD" "COMPILER=arm-none-eabi-gcc" "ASSEMBLER=arm-none-eabi-as" "
TRACE::2025-05-11.07:43:09::SCWMssOS::ARCHIVER=arm-none-eabi-ar" "COMPILER_FLAGS=  -O2 -c" "EXTRA_COMPILER_FLAGS=-mcpu=cortex-a9 -mfpu=vfpv3 -mfloat-abi=hard -nostar
TRACE::2025-05-11.07:43:09::SCWMssOS::tfiles -g -Wall -Wextra -fno-tree-loop-distribute-patterns"

TRACE::2025-05-11.07:43:10::SCWMssOS::"Running Make libs in ps7_cortexa9_0/libsrc/scugic_v5_3/src"

TRACE::2025-05-11.07:43:10::SCWMssOS::make -C ps7_cortexa9_0/libsrc/scugic_v5_3/src -s libs  "SHELL=CMD" "COMPILER=arm-none-eabi-gcc" "ASSEMBLER=arm-none-eabi-as" "A
TRACE::2025-05-11.07:43:10::SCWMssOS::RCHIVER=arm-none-eabi-ar" "COMPILER_FLAGS=  -O2 -c" "EXTRA_COMPILER_FLAGS=-mcpu=cortex-a9 -mfpu=vfpv3 -mfloat-abi=hard -nostart
TRACE::2025-05-11.07:43:10::SCWMssOS::files -g -Wall -Wextra -fno-tree-loop-distribute-patterns"

TRACE::2025-05-11.07:43:10::SCWMssOS::"Running Make libs in ps7_cortexa9_0/libsrc/scutimer_v2_6/src"

TRACE::2025-05-11.07:43:10::SCWMssOS::make -C ps7_cortexa9_0/libsrc/scutimer_v2_6/src -s libs  "SHELL=CMD" "COMPILER=arm-none-eabi-gcc" "ASSEMBLER=arm-none-eabi-as" 
TRACE::2025-05-11.07:43:10::SCWMssOS::"ARCHIVER=arm-none-eabi-ar" "COMPILER_FLAGS=  -O2 -c" "EXTRA_COMPILER_FLAGS=-mcpu=cortex-a9 -mfpu=vfpv3 -mfloat-abi=hard -nosta
TRACE::2025-05-11.07:43:10::SCWMssOS::rtfiles -g -Wall -Wextra -fno-tree-loop-distribute-patterns"

TRACE::2025-05-11.07:43:10::SCWMssOS::"Running Make libs in ps7_cortexa9_0/libsrc/scuwdt_v2_5/src"

TRACE::2025-05-11.07:43:10::SCWMssOS::make -C ps7_cortexa9_0/libsrc/scuwdt_v2_5/src -s libs  "SHELL=CMD" "COMPILER=arm-none-eabi-gcc" "ASSEMBLER=arm-none-eabi-as" "A
TRACE::2025-05-11.07:43:10::SCWMssOS::RCHIVER=arm-none-eabi-ar" "COMPILER_FLAGS=  -O2 -c" "EXTRA_COMPILER_FLAGS=-mcpu=cortex-a9 -mfpu=vfpv3 -mfloat-abi=hard -nostart
TRACE::2025-05-11.07:43:10::SCWMssOS::files -g -Wall -Wextra -fno-tree-loop-distribute-patterns"

TRACE::2025-05-11.07:43:10::SCWMssOS::"Running Make libs in ps7_cortexa9_0/libsrc/sdps_v4_3/src"

TRACE::2025-05-11.07:43:10::SCWMssOS::make -C ps7_cortexa9_0/libsrc/sdps_v4_3/src -s libs  "SHELL=CMD" "COMPILER=arm-none-eabi-gcc" "ASSEMBLER=arm-none-eabi-as" "ARC
TRACE::2025-05-11.07:43:10::SCWMssOS::HIVER=arm-none-eabi-ar" "COMPILER_FLAGS=  -O2 -c" "EXTRA_COMPILER_FLAGS=-mcpu=cortex-a9 -mfpu=vfpv3 -mfloat-abi=hard -nostartfi
TRACE::2025-05-11.07:43:10::SCWMssOS::les -g -Wall -Wextra -fno-tree-loop-distribute-patterns"

TRACE::2025-05-11.07:43:10::SCWMssOS::"Running Make libs in ps7_cortexa9_0/libsrc/standalone_v9_1/src"

TRACE::2025-05-11.07:43:10::SCWMssOS::make -C ps7_cortexa9_0/libsrc/standalone_v9_1/src -s libs  "SHELL=CMD" "COMPILER=arm-none-eabi-gcc" "ASSEMBLER=arm-none-eabi-as
TRACE::2025-05-11.07:43:10::SCWMssOS::" "ARCHIVER=arm-none-eabi-ar" "COMPILER_FLAGS=  -O2 -c" "EXTRA_COMPILER_FLAGS=-mcpu=cortex-a9 -mfpu=vfpv3 -mfloat-abi=hard -nos
TRACE::2025-05-11.07:43:10::SCWMssOS::tartfiles -g -Wall -Wextra -fno-tree-loop-distribute-patterns"

TRACE::2025-05-11.07:43:10::SCWMssOS::"Running Make libs in ps7_cortexa9_0/libsrc/tmrctr_v4_12/src"

TRACE::2025-05-11.07:43:10::SCWMssOS::make -C ps7_cortexa9_0/libsrc/tmrctr_v4_12/src -s libs  "SHELL=CMD" "COMPILER=arm-none-eabi-gcc" "ASSEMBLER=arm-none-eabi-as" "
TRACE::2025-05-11.07:43:10::SCWMssOS::ARCHIVER=arm-none-eabi-ar" "COMPILER_FLAGS=  -O2 -c" "EXTRA_COMPILER_FLAGS=-mcpu=cortex-a9 -mfpu=vfpv3 -mfloat-abi=hard -nostar
TRACE::2025-05-11.07:43:10::SCWMssOS::tfiles -g -Wall -Wextra -fno-tree-loop-distribute-patterns"

TRACE::2025-05-11.07:43:10::SCWMssOS::"Running Make libs in ps7_cortexa9_0/libsrc/uartps_v3_14/src"

TRACE::2025-05-11.07:43:10::SCWMssOS::make -C ps7_cortexa9_0/libsrc/uartps_v3_14/src -s libs  "SHELL=CMD" "COMPILER=arm-none-eabi-gcc" "ASSEMBLER=arm-none-eabi-as" "
TRACE::2025-05-11.07:43:10::SCWMssOS::ARCHIVER=arm-none-eabi-ar" "COMPILER_FLAGS=  -O2 -c" "EXTRA_COMPILER_FLAGS=-mcpu=cortex-a9 -mfpu=vfpv3 -mfloat-abi=hard -nostar
TRACE::2025-05-11.07:43:10::SCWMssOS::tfiles -g -Wall -Wextra -fno-tree-loop-distribute-patterns"

TRACE::2025-05-11.07:43:10::SCWMssOS::"Running Make libs in ps7_cortexa9_0/libsrc/usbps_v2_9/src"

TRACE::2025-05-11.07:43:10::SCWMssOS::make -C ps7_cortexa9_0/libsrc/usbps_v2_9/src -s libs  "SHELL=CMD" "COMPILER=arm-none-eabi-gcc" "ASSEMBLER=arm-none-eabi-as" "AR
TRACE::2025-05-11.07:43:10::SCWMssOS::CHIVER=arm-none-eabi-ar" "COMPILER_FLAGS=  -O2 -c" "EXTRA_COMPILER_FLAGS=-mcpu=cortex-a9 -mfpu=vfpv3 -mfloat-abi=hard -nostartf
TRACE::2025-05-11.07:43:10::SCWMssOS::iles -g -Wall -Wextra -fno-tree-loop-distribute-patterns"

TRACE::2025-05-11.07:43:11::SCWMssOS::"Running Make libs in ps7_cortexa9_0/libsrc/xadcps_v2_7/src"

TRACE::2025-05-11.07:43:11::SCWMssOS::make -C ps7_cortexa9_0/libsrc/xadcps_v2_7/src -s libs  "SHELL=CMD" "COMPILER=arm-none-eabi-gcc" "ASSEMBLER=arm-none-eabi-as" "A
TRACE::2025-05-11.07:43:11::SCWMssOS::RCHIVER=arm-none-eabi-ar" "COMPILER_FLAGS=  -O2 -c" "EXTRA_COMPILER_FLAGS=-mcpu=cortex-a9 -mfpu=vfpv3 -mfloat-abi=hard -nostart
TRACE::2025-05-11.07:43:11::SCWMssOS::files -g -Wall -Wextra -fno-tree-loop-distribute-patterns"

TRACE::2025-05-11.07:43:12::SCWMssOS::'Finished building libraries parallelly.'

TRACE::2025-05-11.07:43:12::SCWMssOS::make --no-print-directory archive

TRACE::2025-05-11.07:43:12::SCWMssOS::arm-none-eabi-ar -r  ps7_cortexa9_0/lib/libxil.a ps7_cortexa9_0/lib/Motor_DriverIP.o ps7_cortexa9_0/lib/Motor_DriverIP_selftest
TRACE::2025-05-11.07:43:12::SCWMssOS::.o ps7_cortexa9_0/lib/SpeedSensor_Driver_IP.o ps7_cortexa9_0/lib/SpeedSensor_Driver_IP_selftest.o ps7_cortexa9_0/lib/_exit.o ps
TRACE::2025-05-11.07:43:12::SCWMssOS::7_cortexa9_0/lib/_open.o ps7_cortexa9_0/lib/_sbrk.o ps7_cortexa9_0/lib/abort.o ps7_cortexa9_0/lib/asm_vectors.o ps7_cortexa9_0/
TRACE::2025-05-11.07:43:12::SCWMssOS::lib/boot.o ps7_cortexa9_0/lib/close.o ps7_cortexa9_0/lib/cpputest_time.o ps7_cortexa9_0/lib/cpu_init.o ps7_cortexa9_0/lib/errno
TRACE::2025-05-11.07:43:12::SCWMssOS::.o ps7_cortexa9_0/lib/fcntl.o ps7_cortexa9_0/lib/fstat.o ps7_cortexa9_0/lib/getentropy.o ps7_cortexa9_0/lib/getpid.o ps7_cortex
TRACE::2025-05-11.07:43:12::SCWMssOS::a9_0/lib/inbyte.o ps7_cortexa9_0/lib/isatty.o ps7_cortexa9_0/lib/kill.o ps7_cortexa9_0/lib/lseek.o ps7_cortexa9_0/lib/open.o ps
TRACE::2025-05-11.07:43:12::SCWMssOS::7_cortexa9_0/lib/outbyte.o ps7_cortexa9_0/lib/print.o ps7_cortexa9_0/lib/putnum.o ps7_cortexa9_0/lib/read.o ps7_cortexa9_0/lib/
TRACE::2025-05-11.07:43:12::SCWMssOS::sbrk.o ps7_cortexa9_0/lib/sleep.o ps7_cortexa9_0/lib/time.o ps7_cortexa9_0/lib/translation_table.o ps7_cortexa9_0/lib/unlink.o 
TRACE::2025-05-11.07:43:12::SCWMssOS::ps7_cortexa9_0/lib/usleep.o ps7_cortexa9_0/lib/vectors.o ps7_cortexa9_0/lib/write.o ps7_cortexa9_0/lib/xadcps.o ps7_cortexa9_0/
TRACE::2025-05-11.07:43:12::SCWMssOS::lib/xadcps_g.o ps7_cortexa9_0/lib/xadcps_intr.o ps7_cortexa9_0/lib/xadcps_selftest.o ps7_cortexa9_0/lib/xadcps_sinit.o ps7_cort
TRACE::2025-05-11.07:43:12::SCWMssOS::exa9_0/lib/xcoresightpsdcc.o ps7_cortexa9_0/lib/xdevcfg.o ps7_cortexa9_0/lib/xdevcfg_g.o ps7_cortexa9_0/lib/xdevcfg_hw.o ps7_co
TRACE::2025-05-11.07:43:12::SCWMssOS::rtexa9_0/lib/xdevcfg_intr.o ps7_cortexa9_0/lib/xdevcfg_selftest.o ps7_cortexa9_0/lib/xdevcfg_sinit.o ps7_cortexa9_0/lib/xdmaps.
TRACE::2025-05-11.07:43:12::SCWMssOS::o ps7_cortexa9_0/lib/xdmaps_g.o ps7_cortexa9_0/lib/xdmaps_hw.o ps7_cortexa9_0/lib/xdmaps_selftest.o ps7_cortexa9_0/lib/xdmaps_s
TRACE::2025-05-11.07:43:12::SCWMssOS::init.o ps7_cortexa9_0/lib/xemacps.o ps7_cortexa9_0/lib/xemacps_bdring.o ps7_cortexa9_0/lib/xemacps_control.o ps7_cortexa9_0/lib
TRACE::2025-05-11.07:43:12::SCWMssOS::/xemacps_g.o ps7_cortexa9_0/lib/xemacps_hw.o ps7_cortexa9_0/lib/xemacps_intr.o ps7_cortexa9_0/lib/xemacps_sinit.o ps7_cortexa9_
TRACE::2025-05-11.07:43:12::SCWMssOS::0/lib/xgpiops.o ps7_cortexa9_0/lib/xgpiops_g.o ps7_cortexa9_0/lib/xgpiops_hw.o ps7_cortexa9_0/lib/xgpiops_intr.o ps7_cortexa9_0
TRACE::2025-05-11.07:43:12::SCWMssOS::/lib/xgpiops_selftest.o ps7_cortexa9_0/lib/xgpiops_sinit.o ps7_cortexa9_0/lib/xiic.o ps7_cortexa9_0/lib/xiic_dyn_master.o ps7_c
TRACE::2025-05-11.07:43:12::SCWMssOS::ortexa9_0/lib/xiic_g.o ps7_cortexa9_0/lib/xiic_intr.o ps7_cortexa9_0/lib/xiic_l.o ps7_cortexa9_0/lib/xiic_master.o ps7_cortexa9
TRACE::2025-05-11.07:43:12::SCWMssOS::_0/lib/xiic_multi_master.o ps7_cortexa9_0/lib/xiic_options.o ps7_cortexa9_0/lib/xiic_selftest.o ps7_cortexa9_0/lib/xiic_sinit.o
TRACE::2025-05-11.07:43:12::SCWMssOS:: ps7_cortexa9_0/lib/xiic_slave.o ps7_cortexa9_0/lib/xiic_stats.o ps7_cortexa9_0/lib/xil-crt0.o ps7_cortexa9_0/lib/xil_assert.o 
TRACE::2025-05-11.07:43:12::SCWMssOS::ps7_cortexa9_0/lib/xil_cache.o ps7_cortexa9_0/lib/xil_clocking.o ps7_cortexa9_0/lib/xil_exception.o ps7_cortexa9_0/lib/xil_mem.
TRACE::2025-05-11.07:43:12::SCWMssOS::o ps7_cortexa9_0/lib/xil_misc_psreset_api.o ps7_cortexa9_0/lib/xil_mmu.o ps7_cortexa9_0/lib/xil_printf.o ps7_cortexa9_0/lib/xil
TRACE::2025-05-11.07:43:12::SCWMssOS::_sleepcommon.o ps7_cortexa9_0/lib/xil_sleeptimer.o ps7_cortexa9_0/lib/xil_spinlock.o ps7_cortexa9_0/lib/xil_testcache.o ps7_cor
TRACE::2025-05-11.07:43:12::SCWMssOS::texa9_0/lib/xil_testio.o ps7_cortexa9_0/lib/xil_testmem.o ps7_cortexa9_0/lib/xil_util.o ps7_cortexa9_0/lib/xinterrupt_wrap.o ps
TRACE::2025-05-11.07:43:12::SCWMssOS::7_cortexa9_0/lib/xl2cc_counter.o ps7_cortexa9_0/lib/xplatform_info.o ps7_cortexa9_0/lib/xpm_counter.o ps7_cortexa9_0/lib/xpm_in
TRACE::2025-05-11.07:43:12::SCWMssOS::it.o ps7_cortexa9_0/lib/xqspips.o ps7_cortexa9_0/lib/xqspips_g.o ps7_cortexa9_0/lib/xqspips_hw.o ps7_cortexa9_0/lib/xqspips_opt
TRACE::2025-05-11.07:43:12::SCWMssOS::ions.o ps7_cortexa9_0/lib/xqspips_selftest.o ps7_cortexa9_0/lib/xqspips_sinit.o ps7_cortexa9_0/lib/xscugic.o ps7_cortexa9_0/lib
TRACE::2025-05-11.07:43:12::SCWMssOS::/xscugic_g.o ps7_cortexa9_0/lib/xscugic_hw.o ps7_cortexa9_0/lib/xscugic_intr.o ps7_cortexa9_0/lib/xscugic_selftest.o ps7_cortex
TRACE::2025-05-11.07:43:12::SCWMssOS::a9_0/lib/xscugic_sinit.o ps7_cortexa9_0/lib/xscutimer.o ps7_cortexa9_0/lib/xscutimer_g.o ps7_cortexa9_0/lib/xscutimer_selftest.
TRACE::2025-05-11.07:43:12::SCWMssOS::o ps7_cortexa9_0/lib/xscutimer_sinit.o ps7_cortexa9_0/lib/xscuwdt.o ps7_cortexa9_0/lib/xscuwdt_g.o ps7_cortexa9_0/lib/xscuwdt_s
TRACE::2025-05-11.07:43:12::SCWMssOS::elftest.o ps7_cortexa9_0/lib/xscuwdt_sinit.o ps7_cortexa9_0/lib/xsdps.o ps7_cortexa9_0/lib/xsdps_card.o ps7_cortexa9_0/lib/xsdp
TRACE::2025-05-11.07:43:12::SCWMssOS::s_g.o ps7_cortexa9_0/lib/xsdps_host.o ps7_cortexa9_0/lib/xsdps_options.o ps7_cortexa9_0/lib/xsdps_sinit.o ps7_cortexa9_0/lib/xt
TRACE::2025-05-11.07:43:12::SCWMssOS::ime_l.o ps7_cortexa9_0/lib/xtmrctr.o ps7_cortexa9_0/lib/xtmrctr_g.o ps7_cortexa9_0/lib/xtmrctr_intr.o ps7_cortexa9_0/lib/xtmrct
TRACE::2025-05-11.07:43:12::SCWMssOS::r_l.o ps7_cortexa9_0/lib/xtmrctr_options.o ps7_cortexa9_0/lib/xtmrctr_selftest.o ps7_cortexa9_0/lib/xtmrctr_sinit.o ps7_cortexa
TRACE::2025-05-11.07:43:12::SCWMssOS::9_0/lib/xtmrctr_stats.o ps7_cortexa9_0/lib/xuartps.o ps7_cortexa9_0/lib/xuartps_g.o ps7_cortexa9_0/lib/xuartps_hw.o ps7_cortexa
TRACE::2025-05-11.07:43:12::SCWMssOS::9_0/lib/xuartps_intr.o ps7_cortexa9_0/lib/xuartps_options.o ps7_cortexa9_0/lib/xuartps_selftest.o ps7_cortexa9_0/lib/xuartps_si
TRACE::2025-05-11.07:43:12::SCWMssOS::nit.o ps7_cortexa9_0/lib/xusbps.o ps7_cortexa9_0/lib/xusbps_endpoint.o ps7_cortexa9_0/lib/xusbps_g.o ps7_cortexa9_0/lib/xusbps_
TRACE::2025-05-11.07:43:12::SCWMssOS::hw.o ps7_cortexa9_0/lib/xusbps_intr.o ps7_cortexa9_0/lib/xusbps_sinit.o

TRACE::2025-05-11.07:43:12::SCWMssOS::'Finished building libraries'

TRACE::2025-05-11.07:43:12::SCWMssOS::Copying to export directory.
TRACE::2025-05-11.07:43:12::SCWMssOS:: Checking if to create the Supporting Applications
TRACE::2025-05-11.07:43:12::SCWMssOS:: No Linux domain exists, trying to generate FSBL 
LOG::2025-05-11.07:43:12::SCWSystem::Completed Processing the domain standalone_ps7_cortexa9_0
LOG::2025-05-11.07:43:12::SCWSystem::Completed Processing the sysconfig IIC_included_BITSTREAM
LOG::2025-05-11.07:43:12::SCWPlatform::Completed generating the artifacts for system configuration IIC_included_BITSTREAM
TRACE::2025-05-11.07:43:12::SCWPlatform::Started preparing the platform 
TRACE::2025-05-11.07:43:12::SCWSystem::Writing the bif file for system config IIC_included_BITSTREAM
TRACE::2025-05-11.07:43:12::SCWSystem::dir created 
TRACE::2025-05-11.07:43:12::SCWSystem::Writing the bif 
TRACE::2025-05-11.07:43:12::SCWPlatform::Started writing the spfm file 
TRACE::2025-05-11.07:43:12::SCWPlatform::Started writing the xpfm file 
TRACE::2025-05-11.07:43:12::SCWPlatform::Completed generating the platform
TRACE::2025-05-11.07:43:12::SCWMssOS::Saving the mss changes E:/vitis_projects/auto_project/full_car/IIC_included_BITSTREAM/zynq_fsbl/zynq_fsbl_bsp/system.mss
TRACE::2025-05-11.07:43:12::SCWMssOS::Found a swdesign opened with the mssfile.
TRACE::2025-05-11.07:43:12::SCWMssOS::Completed writemss as part of save.
TRACE::2025-05-11.07:43:12::SCWMssOS::Commit changes completed.
TRACE::2025-05-11.07:43:12::SCWMssOS::Saving the mss changes E:/vitis_projects/auto_project/full_car/IIC_included_BITSTREAM/ps7_cortexa9_0/standalone_ps7_cortexa9_0/bsp/system.mss
TRACE::2025-05-11.07:43:12::SCWMssOS::Found a swdesign opened with the mssfile.
TRACE::2025-05-11.07:43:12::SCWMssOS::Completed writemss as part of save.
TRACE::2025-05-11.07:43:12::SCWMssOS::Commit changes completed.
TRACE::2025-05-11.07:43:12::SCWPlatform::Trying to open the hw design at E:/vitis_projects/auto_project/full_car/IIC_included_BITSTREAM/hw/IIC_included_BITSTREAM.xsa
TRACE::2025-05-11.07:43:12::SCWPlatform::DSA given E:/vitis_projects/auto_project/full_car/IIC_included_BITSTREAM/hw/IIC_included_BITSTREAM.xsa
TRACE::2025-05-11.07:43:12::SCWPlatform::DSA absoulate path E:/vitis_projects/auto_project/full_car/IIC_included_BITSTREAM/hw/IIC_included_BITSTREAM.xsa
TRACE::2025-05-11.07:43:12::SCWPlatform::DSA directory E:/vitis_projects/auto_project/full_car/IIC_included_BITSTREAM/hw
TRACE::2025-05-11.07:43:12::SCWPlatform:: Platform Path E:/vitis_projects/auto_project/full_car/IIC_included_BITSTREAM/hw/IIC_included_BITSTREAM.xsa
TRACE::2025-05-11.07:43:12::SCWPlatform:: Unique name xilinx:pynq-z2::0.0
TRACE::2025-05-11.07:43:12::SCWPlatform::Trying to set the existing hwdb with name design_1_wrapper_0
TRACE::2025-05-11.07:43:12::SCWPlatform::Opened existing hwdb design_1_wrapper_0
TRACE::2025-05-11.07:43:12::SCWPlatform::Found the Hw Db part of the input DSA
TRACE::2025-05-11.07:43:12::SCWMssOS::Checking the sw design at  E:/vitis_projects/auto_project/full_car/IIC_included_BITSTREAM/zynq_fsbl/zynq_fsbl_bsp/system.mss
TRACE::2025-05-11.07:43:12::SCWMssOS::DEBUG:  swdes dump  E:/vitis_projects/auto_project/full_car/IIC_included_BITSTREAM/ps7_cortexa9_0/standalone_ps7_cortexa9_0/bsp/system.mss|system_0||
E:/vitis_projects/auto_project/full_car/IIC_included_BITSTREAM/zynq_fsbl/zynq_fsbl_bsp/system.mss|system||

TRACE::2025-05-11.07:43:12::SCWMssOS::Sw design exists and opened at  E:/vitis_projects/auto_project/full_car/IIC_included_BITSTREAM/zynq_fsbl/zynq_fsbl_bsp/system.mss
TRACE::2025-05-11.07:43:12::SCWPlatform::Trying to open the hw design at E:/vitis_projects/auto_project/full_car/IIC_included_BITSTREAM/hw/IIC_included_BITSTREAM.xsa
TRACE::2025-05-11.07:43:12::SCWPlatform::DSA given E:/vitis_projects/auto_project/full_car/IIC_included_BITSTREAM/hw/IIC_included_BITSTREAM.xsa
TRACE::2025-05-11.07:43:12::SCWPlatform::DSA absoulate path E:/vitis_projects/auto_project/full_car/IIC_included_BITSTREAM/hw/IIC_included_BITSTREAM.xsa
TRACE::2025-05-11.07:43:12::SCWPlatform::DSA directory E:/vitis_projects/auto_project/full_car/IIC_included_BITSTREAM/hw
TRACE::2025-05-11.07:43:12::SCWPlatform:: Platform Path E:/vitis_projects/auto_project/full_car/IIC_included_BITSTREAM/hw/IIC_included_BITSTREAM.xsa
TRACE::2025-05-11.07:43:12::SCWPlatform:: Unique name xilinx:pynq-z2::0.0
TRACE::2025-05-11.07:43:12::SCWPlatform::Trying to set the existing hwdb with name design_1_wrapper_0
TRACE::2025-05-11.07:43:12::SCWPlatform::Opened existing hwdb design_1_wrapper_0
TRACE::2025-05-11.07:43:12::SCWPlatform::Found the Hw Db part of the input DSA
TRACE::2025-05-11.07:43:12::SCWMssOS::Checking the sw design at  E:/vitis_projects/auto_project/full_car/IIC_included_BITSTREAM/zynq_fsbl/zynq_fsbl_bsp/system.mss
TRACE::2025-05-11.07:43:12::SCWMssOS::DEBUG:  swdes dump  E:/vitis_projects/auto_project/full_car/IIC_included_BITSTREAM/ps7_cortexa9_0/standalone_ps7_cortexa9_0/bsp/system.mss|system_0||
E:/vitis_projects/auto_project/full_car/IIC_included_BITSTREAM/zynq_fsbl/zynq_fsbl_bsp/system.mss|system||

TRACE::2025-05-11.07:43:12::SCWMssOS::Sw design exists and opened at  E:/vitis_projects/auto_project/full_car/IIC_included_BITSTREAM/zynq_fsbl/zynq_fsbl_bsp/system.mss
TRACE::2025-05-11.07:43:12::SCWPlatform::Trying to open the hw design at E:/vitis_projects/auto_project/full_car/IIC_included_BITSTREAM/hw/IIC_included_BITSTREAM.xsa
TRACE::2025-05-11.07:43:12::SCWPlatform::DSA given E:/vitis_projects/auto_project/full_car/IIC_included_BITSTREAM/hw/IIC_included_BITSTREAM.xsa
TRACE::2025-05-11.07:43:12::SCWPlatform::DSA absoulate path E:/vitis_projects/auto_project/full_car/IIC_included_BITSTREAM/hw/IIC_included_BITSTREAM.xsa
TRACE::2025-05-11.07:43:12::SCWPlatform::DSA directory E:/vitis_projects/auto_project/full_car/IIC_included_BITSTREAM/hw
TRACE::2025-05-11.07:43:12::SCWPlatform:: Platform Path E:/vitis_projects/auto_project/full_car/IIC_included_BITSTREAM/hw/IIC_included_BITSTREAM.xsa
TRACE::2025-05-11.07:43:12::SCWPlatform:: Unique name xilinx:pynq-z2::0.0
TRACE::2025-05-11.07:43:12::SCWPlatform::Trying to set the existing hwdb with name design_1_wrapper_0
TRACE::2025-05-11.07:43:12::SCWPlatform::Opened existing hwdb design_1_wrapper_0
TRACE::2025-05-11.07:43:12::SCWPlatform::Found the Hw Db part of the input DSA
TRACE::2025-05-11.07:43:12::SCWMssOS::Checking the sw design at  E:/vitis_projects/auto_project/full_car/IIC_included_BITSTREAM/zynq_fsbl/zynq_fsbl_bsp/system.mss
TRACE::2025-05-11.07:43:12::SCWMssOS::DEBUG:  swdes dump  E:/vitis_projects/auto_project/full_car/IIC_included_BITSTREAM/ps7_cortexa9_0/standalone_ps7_cortexa9_0/bsp/system.mss|system_0||
E:/vitis_projects/auto_project/full_car/IIC_included_BITSTREAM/zynq_fsbl/zynq_fsbl_bsp/system.mss|system||

TRACE::2025-05-11.07:43:12::SCWMssOS::Sw design exists and opened at  E:/vitis_projects/auto_project/full_car/IIC_included_BITSTREAM/zynq_fsbl/zynq_fsbl_bsp/system.mss
TRACE::2025-05-11.07:43:12::SCWPlatform::Trying to open the hw design at E:/vitis_projects/auto_project/full_car/IIC_included_BITSTREAM/hw/IIC_included_BITSTREAM.xsa
TRACE::2025-05-11.07:43:12::SCWPlatform::DSA given E:/vitis_projects/auto_project/full_car/IIC_included_BITSTREAM/hw/IIC_included_BITSTREAM.xsa
TRACE::2025-05-11.07:43:12::SCWPlatform::DSA absoulate path E:/vitis_projects/auto_project/full_car/IIC_included_BITSTREAM/hw/IIC_included_BITSTREAM.xsa
TRACE::2025-05-11.07:43:12::SCWPlatform::DSA directory E:/vitis_projects/auto_project/full_car/IIC_included_BITSTREAM/hw
TRACE::2025-05-11.07:43:12::SCWPlatform:: Platform Path E:/vitis_projects/auto_project/full_car/IIC_included_BITSTREAM/hw/IIC_included_BITSTREAM.xsa
TRACE::2025-05-11.07:43:12::SCWPlatform:: Unique name xilinx:pynq-z2::0.0
TRACE::2025-05-11.07:43:12::SCWPlatform::Trying to set the existing hwdb with name design_1_wrapper_0
TRACE::2025-05-11.07:43:12::SCWPlatform::Opened existing hwdb design_1_wrapper_0
TRACE::2025-05-11.07:43:12::SCWPlatform::Found the Hw Db part of the input DSA
TRACE::2025-05-11.07:43:12::SCWMssOS::Checking the sw design at  E:/vitis_projects/auto_project/full_car/IIC_included_BITSTREAM/ps7_cortexa9_0/standalone_ps7_cortexa9_0/bsp/system.mss
TRACE::2025-05-11.07:43:12::SCWMssOS::DEBUG:  swdes dump  E:/vitis_projects/auto_project/full_car/IIC_included_BITSTREAM/ps7_cortexa9_0/standalone_ps7_cortexa9_0/bsp/system.mss|system_0||
E:/vitis_projects/auto_project/full_car/IIC_included_BITSTREAM/zynq_fsbl/zynq_fsbl_bsp/system.mss|system||

TRACE::2025-05-11.07:43:12::SCWMssOS::Sw design exists and opened at  E:/vitis_projects/auto_project/full_car/IIC_included_BITSTREAM/ps7_cortexa9_0/standalone_ps7_cortexa9_0/bsp/system.mss
TRACE::2025-05-11.07:43:12::SCWPlatform::Trying to open the hw design at E:/vitis_projects/auto_project/full_car/IIC_included_BITSTREAM/hw/IIC_included_BITSTREAM.xsa
TRACE::2025-05-11.07:43:12::SCWPlatform::DSA given E:/vitis_projects/auto_project/full_car/IIC_included_BITSTREAM/hw/IIC_included_BITSTREAM.xsa
TRACE::2025-05-11.07:43:12::SCWPlatform::DSA absoulate path E:/vitis_projects/auto_project/full_car/IIC_included_BITSTREAM/hw/IIC_included_BITSTREAM.xsa
TRACE::2025-05-11.07:43:12::SCWPlatform::DSA directory E:/vitis_projects/auto_project/full_car/IIC_included_BITSTREAM/hw
TRACE::2025-05-11.07:43:12::SCWPlatform:: Platform Path E:/vitis_projects/auto_project/full_car/IIC_included_BITSTREAM/hw/IIC_included_BITSTREAM.xsa
TRACE::2025-05-11.07:43:12::SCWPlatform:: Unique name xilinx:pynq-z2::0.0
TRACE::2025-05-11.07:43:12::SCWPlatform::Trying to set the existing hwdb with name design_1_wrapper_0
TRACE::2025-05-11.07:43:12::SCWPlatform::Opened existing hwdb design_1_wrapper_0
TRACE::2025-05-11.07:43:12::SCWPlatform::Found the Hw Db part of the input DSA
TRACE::2025-05-11.07:43:12::SCWMssOS::Checking the sw design at  E:/vitis_projects/auto_project/full_car/IIC_included_BITSTREAM/ps7_cortexa9_0/standalone_ps7_cortexa9_0/bsp/system.mss
TRACE::2025-05-11.07:43:12::SCWMssOS::DEBUG:  swdes dump  E:/vitis_projects/auto_project/full_car/IIC_included_BITSTREAM/ps7_cortexa9_0/standalone_ps7_cortexa9_0/bsp/system.mss|system_0||
E:/vitis_projects/auto_project/full_car/IIC_included_BITSTREAM/zynq_fsbl/zynq_fsbl_bsp/system.mss|system||

TRACE::2025-05-11.07:43:12::SCWMssOS::Sw design exists and opened at  E:/vitis_projects/auto_project/full_car/IIC_included_BITSTREAM/ps7_cortexa9_0/standalone_ps7_cortexa9_0/bsp/system.mss
TRACE::2025-05-11.07:43:12::SCWPlatform::Trying to open the hw design at E:/vitis_projects/auto_project/full_car/IIC_included_BITSTREAM/hw/IIC_included_BITSTREAM.xsa
TRACE::2025-05-11.07:43:12::SCWPlatform::DSA given E:/vitis_projects/auto_project/full_car/IIC_included_BITSTREAM/hw/IIC_included_BITSTREAM.xsa
TRACE::2025-05-11.07:43:12::SCWPlatform::DSA absoulate path E:/vitis_projects/auto_project/full_car/IIC_included_BITSTREAM/hw/IIC_included_BITSTREAM.xsa
TRACE::2025-05-11.07:43:12::SCWPlatform::DSA directory E:/vitis_projects/auto_project/full_car/IIC_included_BITSTREAM/hw
TRACE::2025-05-11.07:43:12::SCWPlatform:: Platform Path E:/vitis_projects/auto_project/full_car/IIC_included_BITSTREAM/hw/IIC_included_BITSTREAM.xsa
TRACE::2025-05-11.07:43:12::SCWPlatform:: Unique name xilinx:pynq-z2::0.0
TRACE::2025-05-11.07:43:12::SCWPlatform::Trying to set the existing hwdb with name design_1_wrapper_0
TRACE::2025-05-11.07:43:12::SCWPlatform::Opened existing hwdb design_1_wrapper_0
TRACE::2025-05-11.07:43:12::SCWPlatform::Found the Hw Db part of the input DSA
TRACE::2025-05-11.07:43:12::SCWMssOS::Checking the sw design at  E:/vitis_projects/auto_project/full_car/IIC_included_BITSTREAM/ps7_cortexa9_0/standalone_ps7_cortexa9_0/bsp/system.mss
TRACE::2025-05-11.07:43:12::SCWMssOS::DEBUG:  swdes dump  E:/vitis_projects/auto_project/full_car/IIC_included_BITSTREAM/ps7_cortexa9_0/standalone_ps7_cortexa9_0/bsp/system.mss|system_0||
E:/vitis_projects/auto_project/full_car/IIC_included_BITSTREAM/zynq_fsbl/zynq_fsbl_bsp/system.mss|system||

TRACE::2025-05-11.07:43:12::SCWMssOS::Sw design exists and opened at  E:/vitis_projects/auto_project/full_car/IIC_included_BITSTREAM/ps7_cortexa9_0/standalone_ps7_cortexa9_0/bsp/system.mss
TRACE::2025-05-11.07:43:12::SCWWriter::formatted JSON is {
	"platformName":	"IIC_included_BITSTREAM",
	"sprVersion":	"2.0",
	"mode":	"gui",
	"dsaType":	"Fixed",
	"platformDesc":	"IIC_included_BITSTREAM",
	"platHandOff":	"E:/Projects_E_drive/SOC_labos/xsa_files/IIC_included_BITSTREAM.xsa",
	"platIntHandOff":	"<platformDir>/hw/IIC_included_BITSTREAM.xsa",
	"deviceType":	"zynq",
	"platIsPrebuiltAutogen":	"false",
	"platIsNoBootBsp":	"false",
	"platFsblTarget":	"ps7_cortexa9_0",
	"hasFsblMakeHasChanges":	"false",
	"hasPmufwMakeHasChanges":	"false",
	"fsblExtraCompilerFlags":	"-MMD -MP       -mcpu=cortex-a9 -mfpu=vfpv3 -mfloat-abi=hard ",
	"platPreBuiltFlag":	false,
	"platformSamplesDir":	"",
	"platActiveSys":	"IIC_included_BITSTREAM",
	"systems":	[{
			"systemName":	"IIC_included_BITSTREAM",
			"systemDesc":	"IIC_included_BITSTREAM",
			"sysIsBootAutoGen":	"true",
			"systemDispName":	"IIC_included_BITSTREAM",
			"sysActiveDom":	"standalone_ps7_cortexa9_0",
			"sysDefaultDom":	"standalone_ps7_cortexa9_0",
			"domains":	[{
					"domainName":	"zynq_fsbl",
					"domainDispName":	"zynq_fsbl",
					"domainDesc":	"FSBL Application BSP - Auto Generated.",
					"processors":	"ps7_cortexa9_0",
					"os":	"standalone",
					"sdxOs":	"standalone",
					"debugEnable":	"",
					"domRuntimes":	["cpp"],
					"swRepo":	"",
					"mssOsVer":	"9.1",
					"mssFile":	"",
					"md5Digest":	"bdf62030c4d081aa908b060af63a4581",
					"compatibleApp":	"zynq_fsbl",
					"domType":	"bootDomain",
					"arch":	"32-bit",
					"appSettings":	{
						"appCompilerFlags":	"",
						"appLinkerFlags":	""
					},
					"addedLibs":	["xilffs:5.2", "xilrsa:1.8"],
					"libOptions":	{
						"libsContainingOptions":	[]
					},
					"prebuiltLibs":	{
						"prebuiltIncPath":	[],
						"prebuiltLibPath":	[]
					},
					"isolation":	{
					}
				}, {
					"domainName":	"standalone_ps7_cortexa9_0",
					"domainDispName":	"standalone_ps7_cortexa9_0",
					"domainDesc":	"standalone_ps7_cortexa9_0",
					"processors":	"ps7_cortexa9_0",
					"os":	"standalone",
					"sdxOs":	"standalone",
					"qemuArgs":	"<platformDir>/resources/IIC_included_BITSTREAM/standalone_ps7_cortexa9_0/qemu_args.txt",
					"qemuData":	"<platformDir>/resources/IIC_included_BITSTREAM/standalone_ps7_cortexa9_0/qemu",
					"debugEnable":	"False",
					"domRuntimes":	["cpp"],
					"swRepo":	"",
					"mssOsVer":	"9.1",
					"mssFile":	"",
					"md5Digest":	"86a62c3fd6eb6fed97012a85f0ab1156",
					"compatibleApp":	"hello_world",
					"domType":	"mssDomain",
					"arch":	"32-bit",
					"appSettings":	{
						"appCompilerFlags":	"",
						"appLinkerFlags":	""
					},
					"addedLibs":	[],
					"libOptions":	{
						"libsContainingOptions":	[]
					},
					"prebuiltLibs":	{
						"prebuiltIncPath":	[],
						"prebuiltLibPath":	[]
					},
					"isolation":	{
					}
				}]
		}]
}
KEYINFO::2025-05-11.07:43:12::SCWPlatform::updated the xpfm file.
TRACE::2025-05-11.07:43:12::SCWPlatform::Trying to open the hw design at E:/vitis_projects/auto_project/full_car/IIC_included_BITSTREAM/hw/IIC_included_BITSTREAM.xsa
TRACE::2025-05-11.07:43:12::SCWPlatform::DSA given E:/vitis_projects/auto_project/full_car/IIC_included_BITSTREAM/hw/IIC_included_BITSTREAM.xsa
TRACE::2025-05-11.07:43:12::SCWPlatform::DSA absoulate path E:/vitis_projects/auto_project/full_car/IIC_included_BITSTREAM/hw/IIC_included_BITSTREAM.xsa
TRACE::2025-05-11.07:43:12::SCWPlatform::DSA directory E:/vitis_projects/auto_project/full_car/IIC_included_BITSTREAM/hw
TRACE::2025-05-11.07:43:12::SCWPlatform:: Platform Path E:/vitis_projects/auto_project/full_car/IIC_included_BITSTREAM/hw/IIC_included_BITSTREAM.xsa
TRACE::2025-05-11.07:43:12::SCWPlatform:: Unique name xilinx:pynq-z2::0.0
TRACE::2025-05-11.07:43:12::SCWPlatform::Trying to set the existing hwdb with name design_1_wrapper_0
TRACE::2025-05-11.07:43:12::SCWPlatform::Opened existing hwdb design_1_wrapper_0
TRACE::2025-05-11.07:43:12::SCWPlatform::Found the Hw Db part of the input DSA
TRACE::2025-05-11.07:43:12::SCWMssOS::Checking the sw design at  E:/vitis_projects/auto_project/full_car/IIC_included_BITSTREAM/ps7_cortexa9_0/standalone_ps7_cortexa9_0/bsp/system.mss
TRACE::2025-05-11.07:43:12::SCWMssOS::DEBUG:  swdes dump  E:/vitis_projects/auto_project/full_car/IIC_included_BITSTREAM/ps7_cortexa9_0/standalone_ps7_cortexa9_0/bsp/system.mss|system_0||
E:/vitis_projects/auto_project/full_car/IIC_included_BITSTREAM/zynq_fsbl/zynq_fsbl_bsp/system.mss|system||

TRACE::2025-05-11.07:43:12::SCWMssOS::Sw design exists and opened at  E:/vitis_projects/auto_project/full_car/IIC_included_BITSTREAM/ps7_cortexa9_0/standalone_ps7_cortexa9_0/bsp/system.mss
TRACE::2025-05-11.09:20:23::SCWPlatform::Clearing the existing platform
TRACE::2025-05-11.09:20:23::SCWSystem::Clearing the existing sysconfig
TRACE::2025-05-11.09:20:23::SCWBDomain::clearing the fsbl build
TRACE::2025-05-11.09:20:23::SCWMssOS::Removing the swdes entry for  E:/vitis_projects/auto_project/full_car/IIC_included_BITSTREAM/zynq_fsbl/zynq_fsbl_bsp/system.mss
TRACE::2025-05-11.09:20:23::SCWMssOS::Removing the swdes entry for  E:/vitis_projects/auto_project/full_car/IIC_included_BITSTREAM/ps7_cortexa9_0/standalone_ps7_cortexa9_0/bsp/system.mss
TRACE::2025-05-11.09:20:23::SCWSystem::Clearing the domains completed.
TRACE::2025-05-11.09:20:23::SCWPlatform::Clearing the opened hw db.
TRACE::2025-05-11.09:20:23::SCWPlatform::DSA given E:/vitis_projects/auto_project/full_car/IIC_included_BITSTREAM/hw/IIC_included_BITSTREAM.xsa
TRACE::2025-05-11.09:20:23::SCWPlatform::DSA absoulate path E:/vitis_projects/auto_project/full_car/IIC_included_BITSTREAM/hw/IIC_included_BITSTREAM.xsa
TRACE::2025-05-11.09:20:23::SCWPlatform:: Platform location is E:/vitis_projects/auto_project/full_car/IIC_included_BITSTREAM/hw
TRACE::2025-05-11.09:20:23::SCWPlatform:: Platform Path E:/vitis_projects/auto_project/full_car/IIC_included_BITSTREAM/hw/IIC_included_BITSTREAM.xsa
TRACE::2025-05-11.09:20:23::SCWPlatform:: Unique name xilinx:pynq-z2::0.0
TRACE::2025-05-11.09:20:23::SCWPlatform::Removing the HwDB with name E:/vitis_projects/auto_project/full_car/IIC_included_BITSTREAM/hw/IIC_included_BITSTREAM.xsa
TRACE::2025-05-11.09:20:23::SCWPlatform::Trying to open the hw design at E:/vitis_projects/auto_project/full_car/IIC_included_BITSTREAM/hw/IIC_included_BITSTREAM.xsa
TRACE::2025-05-11.09:20:23::SCWPlatform::DSA given E:/vitis_projects/auto_project/full_car/IIC_included_BITSTREAM/hw/IIC_included_BITSTREAM.xsa
TRACE::2025-05-11.09:20:23::SCWPlatform::DSA absoulate path E:/vitis_projects/auto_project/full_car/IIC_included_BITSTREAM/hw/IIC_included_BITSTREAM.xsa
TRACE::2025-05-11.09:20:23::SCWPlatform::DSA directory E:/vitis_projects/auto_project/full_car/IIC_included_BITSTREAM/hw
TRACE::2025-05-11.09:20:23::SCWPlatform:: Platform Path E:/vitis_projects/auto_project/full_car/IIC_included_BITSTREAM/hw/IIC_included_BITSTREAM.xsa
TRACE::2025-05-11.09:20:23::SCWPlatform:: Unique name xilinx:pynq-z2::0.0
TRACE::2025-05-11.09:20:23::SCWPlatform::Do not have an existing db opened. 
TRACE::2025-05-11.09:20:25::SCWPlatform::Opened new HwDB with name design_1_wrapper_2
TRACE::2025-05-11.09:20:25::SCWReader::Active system found as  IIC_included_BITSTREAM
TRACE::2025-05-11.09:20:25::SCWReader::Handling sysconfig IIC_included_BITSTREAM
TRACE::2025-05-11.09:20:25::SCWDomain::checking for install qemu data   : 
TRACE::2025-05-11.09:20:25::SCWDomain:: Using the QEMU Data from install at  : E:/Vitis/2024.1/data/emulation/platforms/zynq/sw/a9_standalone/qemu/
TRACE::2025-05-11.09:20:25::SCWDomain:: Using the QEMU args  from install at  : E:/Vitis/2024.1/data/emulation/platforms/zynq/sw/a9_standalone/qemu/qemu_args.txt
TRACE::2025-05-11.09:20:25::SCWPlatform::Trying to open the hw design at E:/vitis_projects/auto_project/full_car/IIC_included_BITSTREAM/hw/IIC_included_BITSTREAM.xsa
TRACE::2025-05-11.09:20:25::SCWPlatform::DSA given E:/vitis_projects/auto_project/full_car/IIC_included_BITSTREAM/hw/IIC_included_BITSTREAM.xsa
TRACE::2025-05-11.09:20:25::SCWPlatform::DSA absoulate path E:/vitis_projects/auto_project/full_car/IIC_included_BITSTREAM/hw/IIC_included_BITSTREAM.xsa
TRACE::2025-05-11.09:20:25::SCWPlatform::DSA directory E:/vitis_projects/auto_project/full_car/IIC_included_BITSTREAM/hw
TRACE::2025-05-11.09:20:25::SCWPlatform:: Platform Path E:/vitis_projects/auto_project/full_car/IIC_included_BITSTREAM/hw/IIC_included_BITSTREAM.xsa
TRACE::2025-05-11.09:20:25::SCWPlatform:: Unique name xilinx:pynq-z2::0.0
TRACE::2025-05-11.09:20:25::SCWPlatform::Trying to set the existing hwdb with name design_1_wrapper_2
TRACE::2025-05-11.09:20:25::SCWPlatform::Opened existing hwdb design_1_wrapper_2
TRACE::2025-05-11.09:20:25::SCWPlatform::Found the Hw Db part of the input DSA
TRACE::2025-05-11.09:20:25::SCWPlatform::Trying to open the hw design at E:/vitis_projects/auto_project/full_car/IIC_included_BITSTREAM/hw/IIC_included_BITSTREAM.xsa
TRACE::2025-05-11.09:20:25::SCWPlatform::DSA given E:/vitis_projects/auto_project/full_car/IIC_included_BITSTREAM/hw/IIC_included_BITSTREAM.xsa
TRACE::2025-05-11.09:20:25::SCWPlatform::DSA absoulate path E:/vitis_projects/auto_project/full_car/IIC_included_BITSTREAM/hw/IIC_included_BITSTREAM.xsa
TRACE::2025-05-11.09:20:25::SCWPlatform::DSA directory E:/vitis_projects/auto_project/full_car/IIC_included_BITSTREAM/hw
TRACE::2025-05-11.09:20:25::SCWPlatform:: Platform Path E:/vitis_projects/auto_project/full_car/IIC_included_BITSTREAM/hw/IIC_included_BITSTREAM.xsa
TRACE::2025-05-11.09:20:25::SCWPlatform:: Unique name xilinx:pynq-z2::0.0
TRACE::2025-05-11.09:20:25::SCWPlatform::Trying to set the existing hwdb with name design_1_wrapper_2
TRACE::2025-05-11.09:20:25::SCWPlatform::Opened existing hwdb design_1_wrapper_2
TRACE::2025-05-11.09:20:25::SCWPlatform::Found the Hw Db part of the input DSA
TRACE::2025-05-11.09:20:25::SCWPlatform::Trying to open the hw design at E:/vitis_projects/auto_project/full_car/IIC_included_BITSTREAM/hw/IIC_included_BITSTREAM.xsa
TRACE::2025-05-11.09:20:25::SCWPlatform::DSA given E:/vitis_projects/auto_project/full_car/IIC_included_BITSTREAM/hw/IIC_included_BITSTREAM.xsa
TRACE::2025-05-11.09:20:25::SCWPlatform::DSA absoulate path E:/vitis_projects/auto_project/full_car/IIC_included_BITSTREAM/hw/IIC_included_BITSTREAM.xsa
TRACE::2025-05-11.09:20:25::SCWPlatform::DSA directory E:/vitis_projects/auto_project/full_car/IIC_included_BITSTREAM/hw
TRACE::2025-05-11.09:20:25::SCWPlatform:: Platform Path E:/vitis_projects/auto_project/full_car/IIC_included_BITSTREAM/hw/IIC_included_BITSTREAM.xsa
TRACE::2025-05-11.09:20:25::SCWPlatform:: Unique name xilinx:pynq-z2::0.0
TRACE::2025-05-11.09:20:25::SCWPlatform::Trying to set the existing hwdb with name design_1_wrapper_2
TRACE::2025-05-11.09:20:25::SCWPlatform::Opened existing hwdb design_1_wrapper_2
TRACE::2025-05-11.09:20:25::SCWPlatform::Found the Hw Db part of the input DSA
TRACE::2025-05-11.09:20:25::SCWReader::Boot application domain added for zynq_fsbl
TRACE::2025-05-11.09:20:25::SCWPlatform::Trying to open the hw design at E:/vitis_projects/auto_project/full_car/IIC_included_BITSTREAM/hw/IIC_included_BITSTREAM.xsa
TRACE::2025-05-11.09:20:25::SCWPlatform::DSA given E:/vitis_projects/auto_project/full_car/IIC_included_BITSTREAM/hw/IIC_included_BITSTREAM.xsa
TRACE::2025-05-11.09:20:25::SCWPlatform::DSA absoulate path E:/vitis_projects/auto_project/full_car/IIC_included_BITSTREAM/hw/IIC_included_BITSTREAM.xsa
TRACE::2025-05-11.09:20:25::SCWPlatform::DSA directory E:/vitis_projects/auto_project/full_car/IIC_included_BITSTREAM/hw
TRACE::2025-05-11.09:20:25::SCWPlatform:: Platform Path E:/vitis_projects/auto_project/full_car/IIC_included_BITSTREAM/hw/IIC_included_BITSTREAM.xsa
TRACE::2025-05-11.09:20:25::SCWPlatform:: Unique name xilinx:pynq-z2::0.0
TRACE::2025-05-11.09:20:25::SCWPlatform::Trying to set the existing hwdb with name design_1_wrapper_2
TRACE::2025-05-11.09:20:25::SCWPlatform::Opened existing hwdb design_1_wrapper_2
TRACE::2025-05-11.09:20:25::SCWPlatform::Found the Hw Db part of the input DSA
TRACE::2025-05-11.09:20:25::SCWMssOS::Checking the sw design at  E:/vitis_projects/auto_project/full_car/IIC_included_BITSTREAM/zynq_fsbl/zynq_fsbl_bsp/system.mss
TRACE::2025-05-11.09:20:25::SCWMssOS::DEBUG:  swdes dump  
TRACE::2025-05-11.09:20:25::SCWMssOS::No sw design opened at  E:/vitis_projects/auto_project/full_car/IIC_included_BITSTREAM/zynq_fsbl/zynq_fsbl_bsp/system.mss
TRACE::2025-05-11.09:20:25::SCWMssOS::mss exists loading the mss file  E:/vitis_projects/auto_project/full_car/IIC_included_BITSTREAM/zynq_fsbl/zynq_fsbl_bsp/system.mss
TRACE::2025-05-11.09:20:25::SCWMssOS::Opened the sw design from mss  E:/vitis_projects/auto_project/full_car/IIC_included_BITSTREAM/zynq_fsbl/zynq_fsbl_bsp/system.mss
TRACE::2025-05-11.09:20:25::SCWMssOS::Adding the swdes entry E:/vitis_projects/auto_project/full_car/IIC_included_BITSTREAM/zynq_fsbl/zynq_fsbl_bsp/system.mss with des name system
TRACE::2025-05-11.09:20:25::SCWMssOS::updating the scw layer about changes
TRACE::2025-05-11.09:20:25::SCWMssOS::Opened the sw design.  E:/vitis_projects/auto_project/full_car/IIC_included_BITSTREAM/zynq_fsbl/zynq_fsbl_bsp/system.mss
TRACE::2025-05-11.09:20:25::SCWPlatform::Trying to open the hw design at E:/vitis_projects/auto_project/full_car/IIC_included_BITSTREAM/hw/IIC_included_BITSTREAM.xsa
TRACE::2025-05-11.09:20:25::SCWPlatform::DSA given E:/vitis_projects/auto_project/full_car/IIC_included_BITSTREAM/hw/IIC_included_BITSTREAM.xsa
TRACE::2025-05-11.09:20:25::SCWPlatform::DSA absoulate path E:/vitis_projects/auto_project/full_car/IIC_included_BITSTREAM/hw/IIC_included_BITSTREAM.xsa
TRACE::2025-05-11.09:20:25::SCWPlatform::DSA directory E:/vitis_projects/auto_project/full_car/IIC_included_BITSTREAM/hw
TRACE::2025-05-11.09:20:25::SCWPlatform:: Platform Path E:/vitis_projects/auto_project/full_car/IIC_included_BITSTREAM/hw/IIC_included_BITSTREAM.xsa
TRACE::2025-05-11.09:20:25::SCWPlatform:: Unique name xilinx:pynq-z2::0.0
TRACE::2025-05-11.09:20:25::SCWPlatform::Trying to set the existing hwdb with name design_1_wrapper_2
TRACE::2025-05-11.09:20:25::SCWPlatform::Opened existing hwdb design_1_wrapper_2
TRACE::2025-05-11.09:20:25::SCWPlatform::Found the Hw Db part of the input DSA
TRACE::2025-05-11.09:20:25::SCWMssOS::Checking the sw design at  E:/vitis_projects/auto_project/full_car/IIC_included_BITSTREAM/zynq_fsbl/zynq_fsbl_bsp/system.mss
TRACE::2025-05-11.09:20:25::SCWMssOS::DEBUG:  swdes dump  E:/vitis_projects/auto_project/full_car/IIC_included_BITSTREAM/zynq_fsbl/zynq_fsbl_bsp/system.mss|system||

TRACE::2025-05-11.09:20:25::SCWMssOS::Sw design exists and opened at  E:/vitis_projects/auto_project/full_car/IIC_included_BITSTREAM/zynq_fsbl/zynq_fsbl_bsp/system.mss
TRACE::2025-05-11.09:20:25::SCWMssOS:: library already available in sw design:  xilffs:5.2
TRACE::2025-05-11.09:20:25::SCWPlatform::Trying to open the hw design at E:/vitis_projects/auto_project/full_car/IIC_included_BITSTREAM/hw/IIC_included_BITSTREAM.xsa
TRACE::2025-05-11.09:20:25::SCWPlatform::DSA given E:/vitis_projects/auto_project/full_car/IIC_included_BITSTREAM/hw/IIC_included_BITSTREAM.xsa
TRACE::2025-05-11.09:20:25::SCWPlatform::DSA absoulate path E:/vitis_projects/auto_project/full_car/IIC_included_BITSTREAM/hw/IIC_included_BITSTREAM.xsa
TRACE::2025-05-11.09:20:25::SCWPlatform::DSA directory E:/vitis_projects/auto_project/full_car/IIC_included_BITSTREAM/hw
TRACE::2025-05-11.09:20:25::SCWPlatform:: Platform Path E:/vitis_projects/auto_project/full_car/IIC_included_BITSTREAM/hw/IIC_included_BITSTREAM.xsa
TRACE::2025-05-11.09:20:25::SCWPlatform:: Unique name xilinx:pynq-z2::0.0
TRACE::2025-05-11.09:20:25::SCWPlatform::Trying to set the existing hwdb with name design_1_wrapper_2
TRACE::2025-05-11.09:20:25::SCWPlatform::Opened existing hwdb design_1_wrapper_2
TRACE::2025-05-11.09:20:25::SCWPlatform::Found the Hw Db part of the input DSA
TRACE::2025-05-11.09:20:25::SCWMssOS::Checking the sw design at  E:/vitis_projects/auto_project/full_car/IIC_included_BITSTREAM/zynq_fsbl/zynq_fsbl_bsp/system.mss
TRACE::2025-05-11.09:20:25::SCWMssOS::DEBUG:  swdes dump  E:/vitis_projects/auto_project/full_car/IIC_included_BITSTREAM/zynq_fsbl/zynq_fsbl_bsp/system.mss|system||

TRACE::2025-05-11.09:20:25::SCWMssOS::Sw design exists and opened at  E:/vitis_projects/auto_project/full_car/IIC_included_BITSTREAM/zynq_fsbl/zynq_fsbl_bsp/system.mss
TRACE::2025-05-11.09:20:25::SCWMssOS:: library already available in sw design:  xilrsa:1.8
TRACE::2025-05-11.09:20:25::SCWMssOS::Saving the mss changes E:/vitis_projects/auto_project/full_car/IIC_included_BITSTREAM/zynq_fsbl/zynq_fsbl_bsp/system.mss
TRACE::2025-05-11.09:20:25::SCWMssOS::Found a swdesign opened with the mssfile.
TRACE::2025-05-11.09:20:25::SCWMssOS::Completed writemss as part of save.
TRACE::2025-05-11.09:20:25::SCWMssOS::Commit changes completed.
TRACE::2025-05-11.09:20:25::SCWReader::Adding prebuilt librarypaths as   
TRACE::2025-05-11.09:20:25::SCWReader::Adding prebuilt incpaths  as   
TRACE::2025-05-11.09:20:25::SCWPlatform::Trying to open the hw design at E:/vitis_projects/auto_project/full_car/IIC_included_BITSTREAM/hw/IIC_included_BITSTREAM.xsa
TRACE::2025-05-11.09:20:25::SCWPlatform::DSA given E:/vitis_projects/auto_project/full_car/IIC_included_BITSTREAM/hw/IIC_included_BITSTREAM.xsa
TRACE::2025-05-11.09:20:25::SCWPlatform::DSA absoulate path E:/vitis_projects/auto_project/full_car/IIC_included_BITSTREAM/hw/IIC_included_BITSTREAM.xsa
TRACE::2025-05-11.09:20:25::SCWPlatform::DSA directory E:/vitis_projects/auto_project/full_car/IIC_included_BITSTREAM/hw
TRACE::2025-05-11.09:20:25::SCWPlatform:: Platform Path E:/vitis_projects/auto_project/full_car/IIC_included_BITSTREAM/hw/IIC_included_BITSTREAM.xsa
TRACE::2025-05-11.09:20:25::SCWPlatform:: Unique name xilinx:pynq-z2::0.0
TRACE::2025-05-11.09:20:25::SCWPlatform::Trying to set the existing hwdb with name design_1_wrapper_2
TRACE::2025-05-11.09:20:25::SCWPlatform::Opened existing hwdb design_1_wrapper_2
TRACE::2025-05-11.09:20:25::SCWPlatform::Found the Hw Db part of the input DSA
TRACE::2025-05-11.09:20:25::SCWMssOS::Checking the sw design at  E:/vitis_projects/auto_project/full_car/IIC_included_BITSTREAM/zynq_fsbl/zynq_fsbl_bsp/system.mss
TRACE::2025-05-11.09:20:25::SCWMssOS::DEBUG:  swdes dump  E:/vitis_projects/auto_project/full_car/IIC_included_BITSTREAM/zynq_fsbl/zynq_fsbl_bsp/system.mss|system||

TRACE::2025-05-11.09:20:25::SCWMssOS::Sw design exists and opened at  E:/vitis_projects/auto_project/full_car/IIC_included_BITSTREAM/zynq_fsbl/zynq_fsbl_bsp/system.mss
TRACE::2025-05-11.09:20:25::SCWReader::No isolation master present  
TRACE::2025-05-11.09:20:25::SCWDomain::checking for install qemu data   : 
TRACE::2025-05-11.09:20:25::SCWDomain:: Using the QEMU Data from install at  : E:/Vitis/2024.1/data/emulation/platforms/zynq/sw/a9_standalone/qemu/
TRACE::2025-05-11.09:20:25::SCWDomain:: Using the QEMU args  from install at  : E:/Vitis/2024.1/data/emulation/platforms/zynq/sw/a9_standalone/qemu/qemu_args.txt
TRACE::2025-05-11.09:20:25::SCWPlatform::Trying to open the hw design at E:/vitis_projects/auto_project/full_car/IIC_included_BITSTREAM/hw/IIC_included_BITSTREAM.xsa
TRACE::2025-05-11.09:20:25::SCWPlatform::DSA given E:/vitis_projects/auto_project/full_car/IIC_included_BITSTREAM/hw/IIC_included_BITSTREAM.xsa
TRACE::2025-05-11.09:20:25::SCWPlatform::DSA absoulate path E:/vitis_projects/auto_project/full_car/IIC_included_BITSTREAM/hw/IIC_included_BITSTREAM.xsa
TRACE::2025-05-11.09:20:25::SCWPlatform::DSA directory E:/vitis_projects/auto_project/full_car/IIC_included_BITSTREAM/hw
TRACE::2025-05-11.09:20:25::SCWPlatform:: Platform Path E:/vitis_projects/auto_project/full_car/IIC_included_BITSTREAM/hw/IIC_included_BITSTREAM.xsa
TRACE::2025-05-11.09:20:25::SCWPlatform:: Unique name xilinx:pynq-z2::0.0
TRACE::2025-05-11.09:20:25::SCWPlatform::Trying to set the existing hwdb with name design_1_wrapper_2
TRACE::2025-05-11.09:20:25::SCWPlatform::Opened existing hwdb design_1_wrapper_2
TRACE::2025-05-11.09:20:25::SCWPlatform::Found the Hw Db part of the input DSA
TRACE::2025-05-11.09:20:25::SCWPlatform::Trying to open the hw design at E:/vitis_projects/auto_project/full_car/IIC_included_BITSTREAM/hw/IIC_included_BITSTREAM.xsa
TRACE::2025-05-11.09:20:25::SCWPlatform::DSA given E:/vitis_projects/auto_project/full_car/IIC_included_BITSTREAM/hw/IIC_included_BITSTREAM.xsa
TRACE::2025-05-11.09:20:25::SCWPlatform::DSA absoulate path E:/vitis_projects/auto_project/full_car/IIC_included_BITSTREAM/hw/IIC_included_BITSTREAM.xsa
TRACE::2025-05-11.09:20:25::SCWPlatform::DSA directory E:/vitis_projects/auto_project/full_car/IIC_included_BITSTREAM/hw
TRACE::2025-05-11.09:20:25::SCWPlatform:: Platform Path E:/vitis_projects/auto_project/full_car/IIC_included_BITSTREAM/hw/IIC_included_BITSTREAM.xsa
TRACE::2025-05-11.09:20:25::SCWPlatform:: Unique name xilinx:pynq-z2::0.0
TRACE::2025-05-11.09:20:25::SCWPlatform::Trying to set the existing hwdb with name design_1_wrapper_2
TRACE::2025-05-11.09:20:25::SCWPlatform::Opened existing hwdb design_1_wrapper_2
TRACE::2025-05-11.09:20:25::SCWPlatform::Found the Hw Db part of the input DSA
TRACE::2025-05-11.09:20:25::SCWPlatform::Trying to open the hw design at E:/vitis_projects/auto_project/full_car/IIC_included_BITSTREAM/hw/IIC_included_BITSTREAM.xsa
TRACE::2025-05-11.09:20:25::SCWPlatform::DSA given E:/vitis_projects/auto_project/full_car/IIC_included_BITSTREAM/hw/IIC_included_BITSTREAM.xsa
TRACE::2025-05-11.09:20:25::SCWPlatform::DSA absoulate path E:/vitis_projects/auto_project/full_car/IIC_included_BITSTREAM/hw/IIC_included_BITSTREAM.xsa
TRACE::2025-05-11.09:20:25::SCWPlatform::DSA directory E:/vitis_projects/auto_project/full_car/IIC_included_BITSTREAM/hw
TRACE::2025-05-11.09:20:25::SCWPlatform:: Platform Path E:/vitis_projects/auto_project/full_car/IIC_included_BITSTREAM/hw/IIC_included_BITSTREAM.xsa
TRACE::2025-05-11.09:20:25::SCWPlatform:: Unique name xilinx:pynq-z2::0.0
TRACE::2025-05-11.09:20:25::SCWPlatform::Trying to set the existing hwdb with name design_1_wrapper_2
TRACE::2025-05-11.09:20:25::SCWPlatform::Opened existing hwdb design_1_wrapper_2
TRACE::2025-05-11.09:20:25::SCWPlatform::Found the Hw Db part of the input DSA
TRACE::2025-05-11.09:20:25::SCWMssOS::Checking the sw design at  E:/vitis_projects/auto_project/full_car/IIC_included_BITSTREAM/ps7_cortexa9_0/standalone_ps7_cortexa9_0/bsp/system.mss
TRACE::2025-05-11.09:20:25::SCWMssOS::DEBUG:  swdes dump  E:/vitis_projects/auto_project/full_car/IIC_included_BITSTREAM/zynq_fsbl/zynq_fsbl_bsp/system.mss|system||

TRACE::2025-05-11.09:20:25::SCWMssOS::No sw design opened at  E:/vitis_projects/auto_project/full_car/IIC_included_BITSTREAM/ps7_cortexa9_0/standalone_ps7_cortexa9_0/bsp/system.mss
TRACE::2025-05-11.09:20:25::SCWMssOS::mss exists loading the mss file  E:/vitis_projects/auto_project/full_car/IIC_included_BITSTREAM/ps7_cortexa9_0/standalone_ps7_cortexa9_0/bsp/system.mss
TRACE::2025-05-11.09:20:25::SCWMssOS::Opened the sw design from mss  E:/vitis_projects/auto_project/full_car/IIC_included_BITSTREAM/ps7_cortexa9_0/standalone_ps7_cortexa9_0/bsp/system.mss
TRACE::2025-05-11.09:20:25::SCWMssOS::Adding the swdes entry E:/vitis_projects/auto_project/full_car/IIC_included_BITSTREAM/ps7_cortexa9_0/standalone_ps7_cortexa9_0/bsp/system.mss with des name system_0
TRACE::2025-05-11.09:20:25::SCWMssOS::updating the scw layer about changes
TRACE::2025-05-11.09:20:25::SCWMssOS::Opened the sw design.  E:/vitis_projects/auto_project/full_car/IIC_included_BITSTREAM/ps7_cortexa9_0/standalone_ps7_cortexa9_0/bsp/system.mss
TRACE::2025-05-11.09:20:25::SCWMssOS::Saving the mss changes E:/vitis_projects/auto_project/full_car/IIC_included_BITSTREAM/ps7_cortexa9_0/standalone_ps7_cortexa9_0/bsp/system.mss
TRACE::2025-05-11.09:20:25::SCWMssOS::Found a swdesign opened with the mssfile.
TRACE::2025-05-11.09:20:25::SCWMssOS::Completed writemss as part of save.
TRACE::2025-05-11.09:20:25::SCWMssOS::Commit changes completed.
TRACE::2025-05-11.09:20:25::SCWReader::Adding prebuilt librarypaths as   
TRACE::2025-05-11.09:20:25::SCWReader::Adding prebuilt incpaths  as   
TRACE::2025-05-11.09:20:25::SCWPlatform::Trying to open the hw design at E:/vitis_projects/auto_project/full_car/IIC_included_BITSTREAM/hw/IIC_included_BITSTREAM.xsa
TRACE::2025-05-11.09:20:25::SCWPlatform::DSA given E:/vitis_projects/auto_project/full_car/IIC_included_BITSTREAM/hw/IIC_included_BITSTREAM.xsa
TRACE::2025-05-11.09:20:25::SCWPlatform::DSA absoulate path E:/vitis_projects/auto_project/full_car/IIC_included_BITSTREAM/hw/IIC_included_BITSTREAM.xsa
TRACE::2025-05-11.09:20:25::SCWPlatform::DSA directory E:/vitis_projects/auto_project/full_car/IIC_included_BITSTREAM/hw
TRACE::2025-05-11.09:20:25::SCWPlatform:: Platform Path E:/vitis_projects/auto_project/full_car/IIC_included_BITSTREAM/hw/IIC_included_BITSTREAM.xsa
TRACE::2025-05-11.09:20:25::SCWPlatform:: Unique name xilinx:pynq-z2::0.0
TRACE::2025-05-11.09:20:25::SCWPlatform::Trying to set the existing hwdb with name design_1_wrapper_2
TRACE::2025-05-11.09:20:25::SCWPlatform::Opened existing hwdb design_1_wrapper_2
TRACE::2025-05-11.09:20:25::SCWPlatform::Found the Hw Db part of the input DSA
TRACE::2025-05-11.09:20:25::SCWMssOS::Checking the sw design at  E:/vitis_projects/auto_project/full_car/IIC_included_BITSTREAM/ps7_cortexa9_0/standalone_ps7_cortexa9_0/bsp/system.mss
TRACE::2025-05-11.09:20:25::SCWMssOS::DEBUG:  swdes dump  E:/vitis_projects/auto_project/full_car/IIC_included_BITSTREAM/ps7_cortexa9_0/standalone_ps7_cortexa9_0/bsp/system.mss|system_0||
E:/vitis_projects/auto_project/full_car/IIC_included_BITSTREAM/zynq_fsbl/zynq_fsbl_bsp/system.mss|system||

TRACE::2025-05-11.09:20:25::SCWMssOS::Sw design exists and opened at  E:/vitis_projects/auto_project/full_car/IIC_included_BITSTREAM/ps7_cortexa9_0/standalone_ps7_cortexa9_0/bsp/system.mss
TRACE::2025-05-11.09:20:25::SCWReader::No isolation master present  
TRACE::2025-05-11.09:20:25::SCWPlatform::Trying to open the hw design at E:/vitis_projects/auto_project/full_car/IIC_included_BITSTREAM/hw/IIC_included_BITSTREAM.xsa
TRACE::2025-05-11.09:20:25::SCWPlatform::DSA given E:/vitis_projects/auto_project/full_car/IIC_included_BITSTREAM/hw/IIC_included_BITSTREAM.xsa
TRACE::2025-05-11.09:20:25::SCWPlatform::DSA absoulate path E:/vitis_projects/auto_project/full_car/IIC_included_BITSTREAM/hw/IIC_included_BITSTREAM.xsa
TRACE::2025-05-11.09:20:25::SCWPlatform::DSA directory E:/vitis_projects/auto_project/full_car/IIC_included_BITSTREAM/hw
TRACE::2025-05-11.09:20:25::SCWPlatform:: Platform Path E:/vitis_projects/auto_project/full_car/IIC_included_BITSTREAM/hw/IIC_included_BITSTREAM.xsa
TRACE::2025-05-11.09:20:25::SCWPlatform:: Unique name xilinx:pynq-z2::0.0
TRACE::2025-05-11.09:20:25::SCWPlatform::Trying to set the existing hwdb with name design_1_wrapper_2
TRACE::2025-05-11.09:20:25::SCWPlatform::Opened existing hwdb design_1_wrapper_2
TRACE::2025-05-11.09:20:25::SCWPlatform::Found the Hw Db part of the input DSA
TRACE::2025-05-11.09:20:25::SCWMssOS::Checking the sw design at  E:/vitis_projects/auto_project/full_car/IIC_included_BITSTREAM/zynq_fsbl/zynq_fsbl_bsp/system.mss
TRACE::2025-05-11.09:20:25::SCWMssOS::DEBUG:  swdes dump  E:/vitis_projects/auto_project/full_car/IIC_included_BITSTREAM/ps7_cortexa9_0/standalone_ps7_cortexa9_0/bsp/system.mss|system_0||
E:/vitis_projects/auto_project/full_car/IIC_included_BITSTREAM/zynq_fsbl/zynq_fsbl_bsp/system.mss|system||

TRACE::2025-05-11.09:20:25::SCWMssOS::Sw design exists and opened at  E:/vitis_projects/auto_project/full_car/IIC_included_BITSTREAM/zynq_fsbl/zynq_fsbl_bsp/system.mss
TRACE::2025-05-11.09:20:26::SCWMssOS::In reload Mss file.
TRACE::2025-05-11.09:20:26::SCWPlatform::Trying to open the hw design at E:/vitis_projects/auto_project/full_car/IIC_included_BITSTREAM/hw/IIC_included_BITSTREAM.xsa
TRACE::2025-05-11.09:20:26::SCWPlatform::DSA given E:/vitis_projects/auto_project/full_car/IIC_included_BITSTREAM/hw/IIC_included_BITSTREAM.xsa
TRACE::2025-05-11.09:20:26::SCWPlatform::DSA absoulate path E:/vitis_projects/auto_project/full_car/IIC_included_BITSTREAM/hw/IIC_included_BITSTREAM.xsa
TRACE::2025-05-11.09:20:26::SCWPlatform::DSA directory E:/vitis_projects/auto_project/full_car/IIC_included_BITSTREAM/hw
TRACE::2025-05-11.09:20:26::SCWPlatform:: Platform Path E:/vitis_projects/auto_project/full_car/IIC_included_BITSTREAM/hw/IIC_included_BITSTREAM.xsa
TRACE::2025-05-11.09:20:26::SCWPlatform:: Unique name xilinx:pynq-z2::0.0
TRACE::2025-05-11.09:20:26::SCWPlatform::Trying to set the existing hwdb with name design_1_wrapper_2
TRACE::2025-05-11.09:20:26::SCWPlatform::Opened existing hwdb design_1_wrapper_2
TRACE::2025-05-11.09:20:26::SCWPlatform::Found the Hw Db part of the input DSA
TRACE::2025-05-11.09:20:26::SCWMssOS::Checking the sw design at  E:/vitis_projects/auto_project/full_car/IIC_included_BITSTREAM/zynq_fsbl/zynq_fsbl_bsp/system.mss
TRACE::2025-05-11.09:20:26::SCWMssOS::DEBUG:  swdes dump  E:/vitis_projects/auto_project/full_car/IIC_included_BITSTREAM/ps7_cortexa9_0/standalone_ps7_cortexa9_0/bsp/system.mss|system_0||

TRACE::2025-05-11.09:20:26::SCWMssOS::No sw design opened at  E:/vitis_projects/auto_project/full_car/IIC_included_BITSTREAM/zynq_fsbl/zynq_fsbl_bsp/system.mss
TRACE::2025-05-11.09:20:26::SCWMssOS::mss exists loading the mss file  E:/vitis_projects/auto_project/full_car/IIC_included_BITSTREAM/zynq_fsbl/zynq_fsbl_bsp/system.mss
TRACE::2025-05-11.09:20:26::SCWMssOS::Opened the sw design from mss  E:/vitis_projects/auto_project/full_car/IIC_included_BITSTREAM/zynq_fsbl/zynq_fsbl_bsp/system.mss
TRACE::2025-05-11.09:20:26::SCWMssOS::Adding the swdes entry E:/vitis_projects/auto_project/full_car/IIC_included_BITSTREAM/zynq_fsbl/zynq_fsbl_bsp/system.mss with des name system
TRACE::2025-05-11.09:20:26::SCWMssOS::updating the scw layer about changes
TRACE::2025-05-11.09:20:26::SCWMssOS::Opened the sw design.  E:/vitis_projects/auto_project/full_car/IIC_included_BITSTREAM/zynq_fsbl/zynq_fsbl_bsp/system.mss
TRACE::2025-05-11.09:20:26::SCWPlatform::Trying to open the hw design at E:/vitis_projects/auto_project/full_car/IIC_included_BITSTREAM/hw/IIC_included_BITSTREAM.xsa
TRACE::2025-05-11.09:20:26::SCWPlatform::DSA given E:/vitis_projects/auto_project/full_car/IIC_included_BITSTREAM/hw/IIC_included_BITSTREAM.xsa
TRACE::2025-05-11.09:20:26::SCWPlatform::DSA absoulate path E:/vitis_projects/auto_project/full_car/IIC_included_BITSTREAM/hw/IIC_included_BITSTREAM.xsa
TRACE::2025-05-11.09:20:26::SCWPlatform::DSA directory E:/vitis_projects/auto_project/full_car/IIC_included_BITSTREAM/hw
TRACE::2025-05-11.09:20:26::SCWPlatform:: Platform Path E:/vitis_projects/auto_project/full_car/IIC_included_BITSTREAM/hw/IIC_included_BITSTREAM.xsa
TRACE::2025-05-11.09:20:26::SCWPlatform:: Unique name xilinx:pynq-z2::0.0
TRACE::2025-05-11.09:20:26::SCWPlatform::Trying to set the existing hwdb with name design_1_wrapper_2
TRACE::2025-05-11.09:20:26::SCWPlatform::Opened existing hwdb design_1_wrapper_2
TRACE::2025-05-11.09:20:26::SCWPlatform::Found the Hw Db part of the input DSA
TRACE::2025-05-11.09:20:26::SCWMssOS::Checking the sw design at  E:/vitis_projects/auto_project/full_car/IIC_included_BITSTREAM/zynq_fsbl/zynq_fsbl_bsp/system.mss
TRACE::2025-05-11.09:20:26::SCWMssOS::DEBUG:  swdes dump  E:/vitis_projects/auto_project/full_car/IIC_included_BITSTREAM/ps7_cortexa9_0/standalone_ps7_cortexa9_0/bsp/system.mss|system_0||
E:/vitis_projects/auto_project/full_car/IIC_included_BITSTREAM/zynq_fsbl/zynq_fsbl_bsp/system.mss|system||

TRACE::2025-05-11.09:20:26::SCWMssOS::Sw design exists and opened at  E:/vitis_projects/auto_project/full_car/IIC_included_BITSTREAM/zynq_fsbl/zynq_fsbl_bsp/system.mss
TRACE::2025-05-11.09:20:26::SCWMssOS:: library already available in sw design:  xilffs:5.2
TRACE::2025-05-11.09:20:26::SCWPlatform::Trying to open the hw design at E:/vitis_projects/auto_project/full_car/IIC_included_BITSTREAM/hw/IIC_included_BITSTREAM.xsa
TRACE::2025-05-11.09:20:26::SCWPlatform::DSA given E:/vitis_projects/auto_project/full_car/IIC_included_BITSTREAM/hw/IIC_included_BITSTREAM.xsa
TRACE::2025-05-11.09:20:26::SCWPlatform::DSA absoulate path E:/vitis_projects/auto_project/full_car/IIC_included_BITSTREAM/hw/IIC_included_BITSTREAM.xsa
TRACE::2025-05-11.09:20:26::SCWPlatform::DSA directory E:/vitis_projects/auto_project/full_car/IIC_included_BITSTREAM/hw
TRACE::2025-05-11.09:20:26::SCWPlatform:: Platform Path E:/vitis_projects/auto_project/full_car/IIC_included_BITSTREAM/hw/IIC_included_BITSTREAM.xsa
TRACE::2025-05-11.09:20:26::SCWPlatform:: Unique name xilinx:pynq-z2::0.0
TRACE::2025-05-11.09:20:26::SCWPlatform::Trying to set the existing hwdb with name design_1_wrapper_2
TRACE::2025-05-11.09:20:26::SCWPlatform::Opened existing hwdb design_1_wrapper_2
TRACE::2025-05-11.09:20:26::SCWPlatform::Found the Hw Db part of the input DSA
TRACE::2025-05-11.09:20:26::SCWMssOS::Checking the sw design at  E:/vitis_projects/auto_project/full_car/IIC_included_BITSTREAM/zynq_fsbl/zynq_fsbl_bsp/system.mss
TRACE::2025-05-11.09:20:26::SCWMssOS::DEBUG:  swdes dump  E:/vitis_projects/auto_project/full_car/IIC_included_BITSTREAM/ps7_cortexa9_0/standalone_ps7_cortexa9_0/bsp/system.mss|system_0||
E:/vitis_projects/auto_project/full_car/IIC_included_BITSTREAM/zynq_fsbl/zynq_fsbl_bsp/system.mss|system||

TRACE::2025-05-11.09:20:26::SCWMssOS::Sw design exists and opened at  E:/vitis_projects/auto_project/full_car/IIC_included_BITSTREAM/zynq_fsbl/zynq_fsbl_bsp/system.mss
TRACE::2025-05-11.09:20:26::SCWMssOS:: library already available in sw design:  xilrsa:1.8
TRACE::2025-05-11.09:20:26::SCWMssOS::Saving the mss changes E:/vitis_projects/auto_project/full_car/IIC_included_BITSTREAM/zynq_fsbl/zynq_fsbl_bsp/system.mss
TRACE::2025-05-11.09:20:26::SCWMssOS::Found a swdesign opened with the mssfile.
TRACE::2025-05-11.09:20:26::SCWMssOS::Completed writemss as part of save.
TRACE::2025-05-11.09:20:26::SCWMssOS::Commit changes completed.
TRACE::2025-05-11.09:20:26::SCWPlatform::Trying to open the hw design at E:/vitis_projects/auto_project/full_car/IIC_included_BITSTREAM/hw/IIC_included_BITSTREAM.xsa
TRACE::2025-05-11.09:20:26::SCWPlatform::DSA given E:/vitis_projects/auto_project/full_car/IIC_included_BITSTREAM/hw/IIC_included_BITSTREAM.xsa
TRACE::2025-05-11.09:20:26::SCWPlatform::DSA absoulate path E:/vitis_projects/auto_project/full_car/IIC_included_BITSTREAM/hw/IIC_included_BITSTREAM.xsa
TRACE::2025-05-11.09:20:26::SCWPlatform::DSA directory E:/vitis_projects/auto_project/full_car/IIC_included_BITSTREAM/hw
TRACE::2025-05-11.09:20:26::SCWPlatform:: Platform Path E:/vitis_projects/auto_project/full_car/IIC_included_BITSTREAM/hw/IIC_included_BITSTREAM.xsa
TRACE::2025-05-11.09:20:26::SCWPlatform:: Unique name xilinx:pynq-z2::0.0
TRACE::2025-05-11.09:20:26::SCWPlatform::Trying to set the existing hwdb with name design_1_wrapper_2
TRACE::2025-05-11.09:20:26::SCWPlatform::Opened existing hwdb design_1_wrapper_2
TRACE::2025-05-11.09:20:26::SCWPlatform::Found the Hw Db part of the input DSA
TRACE::2025-05-11.09:20:26::SCWMssOS::Checking the sw design at  E:/vitis_projects/auto_project/full_car/IIC_included_BITSTREAM/zynq_fsbl/zynq_fsbl_bsp/system.mss
TRACE::2025-05-11.09:20:26::SCWMssOS::DEBUG:  swdes dump  E:/vitis_projects/auto_project/full_car/IIC_included_BITSTREAM/ps7_cortexa9_0/standalone_ps7_cortexa9_0/bsp/system.mss|system_0||
E:/vitis_projects/auto_project/full_car/IIC_included_BITSTREAM/zynq_fsbl/zynq_fsbl_bsp/system.mss|system||

TRACE::2025-05-11.09:20:26::SCWMssOS::Sw design exists and opened at  E:/vitis_projects/auto_project/full_car/IIC_included_BITSTREAM/zynq_fsbl/zynq_fsbl_bsp/system.mss
TRACE::2025-05-11.09:20:26::SCWMssOS::Removing the swdes entry for  E:/vitis_projects/auto_project/full_car/IIC_included_BITSTREAM/zynq_fsbl/zynq_fsbl_bsp/system.mss
TRACE::2025-05-11.09:20:26::SCWPlatform::Trying to open the hw design at E:/vitis_projects/auto_project/full_car/IIC_included_BITSTREAM/hw/IIC_included_BITSTREAM.xsa
TRACE::2025-05-11.09:20:26::SCWPlatform::DSA given E:/vitis_projects/auto_project/full_car/IIC_included_BITSTREAM/hw/IIC_included_BITSTREAM.xsa
TRACE::2025-05-11.09:20:26::SCWPlatform::DSA absoulate path E:/vitis_projects/auto_project/full_car/IIC_included_BITSTREAM/hw/IIC_included_BITSTREAM.xsa
TRACE::2025-05-11.09:20:26::SCWPlatform::DSA directory E:/vitis_projects/auto_project/full_car/IIC_included_BITSTREAM/hw
TRACE::2025-05-11.09:20:26::SCWPlatform:: Platform Path E:/vitis_projects/auto_project/full_car/IIC_included_BITSTREAM/hw/IIC_included_BITSTREAM.xsa
TRACE::2025-05-11.09:20:26::SCWPlatform:: Unique name xilinx:pynq-z2::0.0
TRACE::2025-05-11.09:20:26::SCWPlatform::Trying to set the existing hwdb with name design_1_wrapper_2
TRACE::2025-05-11.09:20:26::SCWPlatform::Opened existing hwdb design_1_wrapper_2
TRACE::2025-05-11.09:20:26::SCWPlatform::Found the Hw Db part of the input DSA
TRACE::2025-05-11.09:20:26::SCWMssOS::Checking the sw design at  E:/vitis_projects/auto_project/full_car/IIC_included_BITSTREAM/ps7_cortexa9_0/standalone_ps7_cortexa9_0/bsp/system.mss
TRACE::2025-05-11.09:20:26::SCWMssOS::DEBUG:  swdes dump  E:/vitis_projects/auto_project/full_car/IIC_included_BITSTREAM/ps7_cortexa9_0/standalone_ps7_cortexa9_0/bsp/system.mss|system_0||

TRACE::2025-05-11.09:20:26::SCWMssOS::Sw design exists and opened at  E:/vitis_projects/auto_project/full_car/IIC_included_BITSTREAM/ps7_cortexa9_0/standalone_ps7_cortexa9_0/bsp/system.mss
TRACE::2025-05-11.09:20:26::SCWMssOS::In reload Mss file.
TRACE::2025-05-11.09:20:26::SCWPlatform::Trying to open the hw design at E:/vitis_projects/auto_project/full_car/IIC_included_BITSTREAM/hw/IIC_included_BITSTREAM.xsa
TRACE::2025-05-11.09:20:26::SCWPlatform::DSA given E:/vitis_projects/auto_project/full_car/IIC_included_BITSTREAM/hw/IIC_included_BITSTREAM.xsa
TRACE::2025-05-11.09:20:26::SCWPlatform::DSA absoulate path E:/vitis_projects/auto_project/full_car/IIC_included_BITSTREAM/hw/IIC_included_BITSTREAM.xsa
TRACE::2025-05-11.09:20:26::SCWPlatform::DSA directory E:/vitis_projects/auto_project/full_car/IIC_included_BITSTREAM/hw
TRACE::2025-05-11.09:20:26::SCWPlatform:: Platform Path E:/vitis_projects/auto_project/full_car/IIC_included_BITSTREAM/hw/IIC_included_BITSTREAM.xsa
TRACE::2025-05-11.09:20:26::SCWPlatform:: Unique name xilinx:pynq-z2::0.0
TRACE::2025-05-11.09:20:26::SCWPlatform::Trying to set the existing hwdb with name design_1_wrapper_2
TRACE::2025-05-11.09:20:26::SCWPlatform::Opened existing hwdb design_1_wrapper_2
TRACE::2025-05-11.09:20:26::SCWPlatform::Found the Hw Db part of the input DSA
TRACE::2025-05-11.09:20:26::SCWMssOS::Checking the sw design at  E:/vitis_projects/auto_project/full_car/IIC_included_BITSTREAM/ps7_cortexa9_0/standalone_ps7_cortexa9_0/bsp/system.mss
TRACE::2025-05-11.09:20:26::SCWMssOS::DEBUG:  swdes dump  
TRACE::2025-05-11.09:20:26::SCWMssOS::No sw design opened at  E:/vitis_projects/auto_project/full_car/IIC_included_BITSTREAM/ps7_cortexa9_0/standalone_ps7_cortexa9_0/bsp/system.mss
TRACE::2025-05-11.09:20:26::SCWMssOS::mss exists loading the mss file  E:/vitis_projects/auto_project/full_car/IIC_included_BITSTREAM/ps7_cortexa9_0/standalone_ps7_cortexa9_0/bsp/system.mss
TRACE::2025-05-11.09:20:26::SCWMssOS::Opened the sw design from mss  E:/vitis_projects/auto_project/full_car/IIC_included_BITSTREAM/ps7_cortexa9_0/standalone_ps7_cortexa9_0/bsp/system.mss
TRACE::2025-05-11.09:20:26::SCWMssOS::Adding the swdes entry E:/vitis_projects/auto_project/full_car/IIC_included_BITSTREAM/ps7_cortexa9_0/standalone_ps7_cortexa9_0/bsp/system.mss with des name system
TRACE::2025-05-11.09:20:26::SCWMssOS::updating the scw layer about changes
TRACE::2025-05-11.09:20:26::SCWMssOS::Opened the sw design.  E:/vitis_projects/auto_project/full_car/IIC_included_BITSTREAM/ps7_cortexa9_0/standalone_ps7_cortexa9_0/bsp/system.mss
TRACE::2025-05-11.09:20:26::SCWMssOS::Saving the mss changes E:/vitis_projects/auto_project/full_car/IIC_included_BITSTREAM/ps7_cortexa9_0/standalone_ps7_cortexa9_0/bsp/system.mss
TRACE::2025-05-11.09:20:26::SCWMssOS::Found a swdesign opened with the mssfile.
TRACE::2025-05-11.09:20:26::SCWMssOS::Completed writemss as part of save.
TRACE::2025-05-11.09:20:26::SCWMssOS::Commit changes completed.
TRACE::2025-05-11.09:20:26::SCWPlatform::Trying to open the hw design at E:/vitis_projects/auto_project/full_car/IIC_included_BITSTREAM/hw/IIC_included_BITSTREAM.xsa
TRACE::2025-05-11.09:20:26::SCWPlatform::DSA given E:/vitis_projects/auto_project/full_car/IIC_included_BITSTREAM/hw/IIC_included_BITSTREAM.xsa
TRACE::2025-05-11.09:20:26::SCWPlatform::DSA absoulate path E:/vitis_projects/auto_project/full_car/IIC_included_BITSTREAM/hw/IIC_included_BITSTREAM.xsa
TRACE::2025-05-11.09:20:26::SCWPlatform::DSA directory E:/vitis_projects/auto_project/full_car/IIC_included_BITSTREAM/hw
TRACE::2025-05-11.09:20:26::SCWPlatform:: Platform Path E:/vitis_projects/auto_project/full_car/IIC_included_BITSTREAM/hw/IIC_included_BITSTREAM.xsa
TRACE::2025-05-11.09:20:26::SCWPlatform:: Unique name xilinx:pynq-z2::0.0
TRACE::2025-05-11.09:20:26::SCWPlatform::Trying to set the existing hwdb with name design_1_wrapper_2
TRACE::2025-05-11.09:20:26::SCWPlatform::Opened existing hwdb design_1_wrapper_2
TRACE::2025-05-11.09:20:26::SCWPlatform::Found the Hw Db part of the input DSA
TRACE::2025-05-11.09:20:26::SCWMssOS::Checking the sw design at  E:/vitis_projects/auto_project/full_car/IIC_included_BITSTREAM/ps7_cortexa9_0/standalone_ps7_cortexa9_0/bsp/system.mss
TRACE::2025-05-11.09:20:26::SCWMssOS::DEBUG:  swdes dump  E:/vitis_projects/auto_project/full_car/IIC_included_BITSTREAM/ps7_cortexa9_0/standalone_ps7_cortexa9_0/bsp/system.mss|system||

TRACE::2025-05-11.09:20:26::SCWMssOS::Sw design exists and opened at  E:/vitis_projects/auto_project/full_car/IIC_included_BITSTREAM/ps7_cortexa9_0/standalone_ps7_cortexa9_0/bsp/system.mss
TRACE::2025-05-11.09:20:26::SCWMssOS::Removing the swdes entry for  E:/vitis_projects/auto_project/full_car/IIC_included_BITSTREAM/ps7_cortexa9_0/standalone_ps7_cortexa9_0/bsp/system.mss
LOG::2025-05-11.09:46:49::SCWPlatform::Started generating the artifacts platform IIC_included_BITSTREAM
TRACE::2025-05-11.09:46:49::SCWPlatform::Sanity checking of platform is completed
LOG::2025-05-11.09:46:49::SCWPlatform::Started generating the artifacts for system configuration IIC_included_BITSTREAM
LOG::2025-05-11.09:46:49::SCWSystem::Checking the domain zynq_fsbl
LOG::2025-05-11.09:46:49::SCWSystem::Doing application build for :  zynq_fsbl
TRACE::2025-05-11.09:46:49::SCWBDomain::Not a forced makefile updation, No changes are present. 
TRACE::2025-05-11.09:46:49::SCWDomain::Skipping the build for domain :  zynq_fsbl
LOG::2025-05-11.09:46:49::SCWSystem::Checking the domain standalone_ps7_cortexa9_0
LOG::2025-05-11.09:46:49::SCWSystem::Not a boot domain 
LOG::2025-05-11.09:46:49::SCWSystem::Started Processing the domain standalone_ps7_cortexa9_0
TRACE::2025-05-11.09:46:49::SCWDomain::Generating domain artifcats
TRACE::2025-05-11.09:46:49::SCWMssOS::Generating standalone artifcats
TRACE::2025-05-11.09:46:49::SCWMssOS::Copying the qemu file from  E:/vitis_projects/auto_project/full_car/IIC_included_BITSTREAM/resources/IIC_included_BITSTREAM/standalone_ps7_cortexa9_0/qemu_args.txt To E:/vitis_projects/auto_project/full_car/IIC_included_BITSTREAM/export/IIC_included_BITSTREAM/sw/IIC_included_BITSTREAM/qemu/
TRACE::2025-05-11.09:46:49::SCWMssOS::Copying the qemu file from  E:/vitis_projects/auto_project/full_car/IIC_included_BITSTREAM/resources/IIC_included_BITSTREAM/standalone_ps7_cortexa9_0/qemu_args.txt To E:/vitis_projects/auto_project/full_car/IIC_included_BITSTREAM/export/IIC_included_BITSTREAM/sw/IIC_included_BITSTREAM/standalone_ps7_cortexa9_0/qemu/
TRACE::2025-05-11.09:46:49::SCWMssOS:: Copying the user libraries. 
TRACE::2025-05-11.09:46:49::SCWPlatform::Trying to open the hw design at E:/vitis_projects/auto_project/full_car/IIC_included_BITSTREAM/hw/IIC_included_BITSTREAM.xsa
TRACE::2025-05-11.09:46:49::SCWPlatform::DSA given E:/vitis_projects/auto_project/full_car/IIC_included_BITSTREAM/hw/IIC_included_BITSTREAM.xsa
TRACE::2025-05-11.09:46:49::SCWPlatform::DSA absoulate path E:/vitis_projects/auto_project/full_car/IIC_included_BITSTREAM/hw/IIC_included_BITSTREAM.xsa
TRACE::2025-05-11.09:46:49::SCWPlatform::DSA directory E:/vitis_projects/auto_project/full_car/IIC_included_BITSTREAM/hw
TRACE::2025-05-11.09:46:49::SCWPlatform:: Platform Path E:/vitis_projects/auto_project/full_car/IIC_included_BITSTREAM/hw/IIC_included_BITSTREAM.xsa
TRACE::2025-05-11.09:46:49::SCWPlatform:: Unique name xilinx:pynq-z2::0.0
TRACE::2025-05-11.09:46:49::SCWPlatform::Trying to set the existing hwdb with name design_1_wrapper_2
TRACE::2025-05-11.09:46:49::SCWPlatform::Opened existing hwdb design_1_wrapper_2
TRACE::2025-05-11.09:46:49::SCWPlatform::Found the Hw Db part of the input DSA
TRACE::2025-05-11.09:46:49::SCWMssOS::Checking the sw design at  E:/vitis_projects/auto_project/full_car/IIC_included_BITSTREAM/ps7_cortexa9_0/standalone_ps7_cortexa9_0/bsp/system.mss
TRACE::2025-05-11.09:46:49::SCWMssOS::DEBUG:  swdes dump  
TRACE::2025-05-11.09:46:49::SCWMssOS::No sw design opened at  E:/vitis_projects/auto_project/full_car/IIC_included_BITSTREAM/ps7_cortexa9_0/standalone_ps7_cortexa9_0/bsp/system.mss
TRACE::2025-05-11.09:46:49::SCWMssOS::mss exists loading the mss file  E:/vitis_projects/auto_project/full_car/IIC_included_BITSTREAM/ps7_cortexa9_0/standalone_ps7_cortexa9_0/bsp/system.mss
TRACE::2025-05-11.09:46:49::SCWMssOS::Opened the sw design from mss  E:/vitis_projects/auto_project/full_car/IIC_included_BITSTREAM/ps7_cortexa9_0/standalone_ps7_cortexa9_0/bsp/system.mss
TRACE::2025-05-11.09:46:49::SCWMssOS::Adding the swdes entry E:/vitis_projects/auto_project/full_car/IIC_included_BITSTREAM/ps7_cortexa9_0/standalone_ps7_cortexa9_0/bsp/system.mss with des name system
TRACE::2025-05-11.09:46:49::SCWMssOS::updating the scw layer about changes
TRACE::2025-05-11.09:46:49::SCWMssOS::Opened the sw design.  E:/vitis_projects/auto_project/full_car/IIC_included_BITSTREAM/ps7_cortexa9_0/standalone_ps7_cortexa9_0/bsp/system.mss
TRACE::2025-05-11.09:46:49::SCWMssOS::Completed writing the mss file at E:/vitis_projects/auto_project/full_car/IIC_included_BITSTREAM/ps7_cortexa9_0/standalone_ps7_cortexa9_0/bsp
TRACE::2025-05-11.09:46:49::SCWMssOS::Mss edits present, copying mssfile into export location E:/vitis_projects/auto_project/full_car/IIC_included_BITSTREAM/ps7_cortexa9_0/standalone_ps7_cortexa9_0/bsp/system.mss
TRACE::2025-05-11.09:46:49::SCWMssOS::bsp generated is upto date with the mss file. Skipping bsp generation.
TRACE::2025-05-11.09:46:49::SCWMssOS::BSP is already built. skipping the bsp build ... 
TRACE::2025-05-11.09:46:49::SCWDomain::Skipping the build for domain :  standalone_ps7_cortexa9_0
TRACE::2025-05-11.09:46:49::SCWMssOS::skipping the bsp build ... 
TRACE::2025-05-11.09:46:49::SCWMssOS::Copying to export directory.
TRACE::2025-05-11.09:46:49::SCWMssOS:: Checking if to create the Supporting Applications
TRACE::2025-05-11.09:46:49::SCWMssOS:: No Linux domain exists, trying to generate FSBL 
LOG::2025-05-11.09:46:49::SCWSystem::Completed Processing the domain standalone_ps7_cortexa9_0
LOG::2025-05-11.09:46:49::SCWSystem::Completed Processing the sysconfig IIC_included_BITSTREAM
LOG::2025-05-11.09:46:49::SCWPlatform::Completed generating the artifacts for system configuration IIC_included_BITSTREAM
TRACE::2025-05-11.09:46:49::SCWPlatform::Started preparing the platform 
TRACE::2025-05-11.09:46:49::SCWSystem::Writing the bif file for system config IIC_included_BITSTREAM
TRACE::2025-05-11.09:46:49::SCWSystem::dir created 
TRACE::2025-05-11.09:46:49::SCWSystem::Writing the bif 
TRACE::2025-05-11.09:46:49::SCWPlatform::Started writing the spfm file 
TRACE::2025-05-11.09:46:49::SCWPlatform::Started writing the xpfm file 
TRACE::2025-05-11.09:46:49::SCWPlatform::Completed generating the platform
TRACE::2025-05-11.09:46:49::SCWMssOS::Saving the mss changes E:/vitis_projects/auto_project/full_car/IIC_included_BITSTREAM/zynq_fsbl/zynq_fsbl_bsp/system.mss
TRACE::2025-05-11.09:46:49::SCWMssOS::Adding the swdes entry, mss present, able to open swdb E:/vitis_projects/auto_project/full_car/IIC_included_BITSTREAM/zynq_fsbl/zynq_fsbl_bsp/system.mss with des name system_0
TRACE::2025-05-11.09:46:49::SCWMssOS::Writing the mss file completed E:/vitis_projects/auto_project/full_car/IIC_included_BITSTREAM/zynq_fsbl/zynq_fsbl_bsp/system.mss
TRACE::2025-05-11.09:46:49::SCWMssOS::Commit changes completed.
TRACE::2025-05-11.09:46:49::SCWMssOS::Saving the mss changes E:/vitis_projects/auto_project/full_car/IIC_included_BITSTREAM/ps7_cortexa9_0/standalone_ps7_cortexa9_0/bsp/system.mss
TRACE::2025-05-11.09:46:49::SCWMssOS::Found a swdesign opened with the mssfile.
TRACE::2025-05-11.09:46:49::SCWMssOS::Completed writemss as part of save.
TRACE::2025-05-11.09:46:49::SCWMssOS::Commit changes completed.
TRACE::2025-05-11.09:46:49::SCWPlatform::Trying to open the hw design at E:/vitis_projects/auto_project/full_car/IIC_included_BITSTREAM/hw/IIC_included_BITSTREAM.xsa
TRACE::2025-05-11.09:46:49::SCWPlatform::DSA given E:/vitis_projects/auto_project/full_car/IIC_included_BITSTREAM/hw/IIC_included_BITSTREAM.xsa
TRACE::2025-05-11.09:46:49::SCWPlatform::DSA absoulate path E:/vitis_projects/auto_project/full_car/IIC_included_BITSTREAM/hw/IIC_included_BITSTREAM.xsa
TRACE::2025-05-11.09:46:49::SCWPlatform::DSA directory E:/vitis_projects/auto_project/full_car/IIC_included_BITSTREAM/hw
TRACE::2025-05-11.09:46:49::SCWPlatform:: Platform Path E:/vitis_projects/auto_project/full_car/IIC_included_BITSTREAM/hw/IIC_included_BITSTREAM.xsa
TRACE::2025-05-11.09:46:49::SCWPlatform:: Unique name xilinx:pynq-z2::0.0
TRACE::2025-05-11.09:46:49::SCWPlatform::Trying to set the existing hwdb with name design_1_wrapper_2
TRACE::2025-05-11.09:46:49::SCWPlatform::Opened existing hwdb design_1_wrapper_2
TRACE::2025-05-11.09:46:49::SCWPlatform::Found the Hw Db part of the input DSA
TRACE::2025-05-11.09:46:49::SCWMssOS::Checking the sw design at  E:/vitis_projects/auto_project/full_car/IIC_included_BITSTREAM/zynq_fsbl/zynq_fsbl_bsp/system.mss
TRACE::2025-05-11.09:46:49::SCWMssOS::DEBUG:  swdes dump  E:/vitis_projects/auto_project/full_car/IIC_included_BITSTREAM/ps7_cortexa9_0/standalone_ps7_cortexa9_0/bsp/system.mss|system||
E:/vitis_projects/auto_project/full_car/IIC_included_BITSTREAM/zynq_fsbl/zynq_fsbl_bsp/system.mss|system_0||

TRACE::2025-05-11.09:46:49::SCWMssOS::Sw design exists and opened at  E:/vitis_projects/auto_project/full_car/IIC_included_BITSTREAM/zynq_fsbl/zynq_fsbl_bsp/system.mss
TRACE::2025-05-11.09:46:49::SCWPlatform::Trying to open the hw design at E:/vitis_projects/auto_project/full_car/IIC_included_BITSTREAM/hw/IIC_included_BITSTREAM.xsa
TRACE::2025-05-11.09:46:49::SCWPlatform::DSA given E:/vitis_projects/auto_project/full_car/IIC_included_BITSTREAM/hw/IIC_included_BITSTREAM.xsa
TRACE::2025-05-11.09:46:49::SCWPlatform::DSA absoulate path E:/vitis_projects/auto_project/full_car/IIC_included_BITSTREAM/hw/IIC_included_BITSTREAM.xsa
TRACE::2025-05-11.09:46:49::SCWPlatform::DSA directory E:/vitis_projects/auto_project/full_car/IIC_included_BITSTREAM/hw
TRACE::2025-05-11.09:46:49::SCWPlatform:: Platform Path E:/vitis_projects/auto_project/full_car/IIC_included_BITSTREAM/hw/IIC_included_BITSTREAM.xsa
TRACE::2025-05-11.09:46:49::SCWPlatform:: Unique name xilinx:pynq-z2::0.0
TRACE::2025-05-11.09:46:49::SCWPlatform::Trying to set the existing hwdb with name design_1_wrapper_2
TRACE::2025-05-11.09:46:49::SCWPlatform::Opened existing hwdb design_1_wrapper_2
TRACE::2025-05-11.09:46:49::SCWPlatform::Found the Hw Db part of the input DSA
TRACE::2025-05-11.09:46:49::SCWMssOS::Checking the sw design at  E:/vitis_projects/auto_project/full_car/IIC_included_BITSTREAM/ps7_cortexa9_0/standalone_ps7_cortexa9_0/bsp/system.mss
TRACE::2025-05-11.09:46:49::SCWMssOS::DEBUG:  swdes dump  E:/vitis_projects/auto_project/full_car/IIC_included_BITSTREAM/ps7_cortexa9_0/standalone_ps7_cortexa9_0/bsp/system.mss|system||
E:/vitis_projects/auto_project/full_car/IIC_included_BITSTREAM/zynq_fsbl/zynq_fsbl_bsp/system.mss|system_0||

TRACE::2025-05-11.09:46:49::SCWMssOS::Sw design exists and opened at  E:/vitis_projects/auto_project/full_car/IIC_included_BITSTREAM/ps7_cortexa9_0/standalone_ps7_cortexa9_0/bsp/system.mss
TRACE::2025-05-11.09:46:49::SCWWriter::formatted JSON is {
	"platformName":	"IIC_included_BITSTREAM",
	"sprVersion":	"2.0",
	"mode":	"gui",
	"dsaType":	"Fixed",
	"platformDesc":	"IIC_included_BITSTREAM",
	"platHandOff":	"E:/Projects_E_drive/SOC_labos/xsa_files/IIC_included_BITSTREAM.xsa",
	"platIntHandOff":	"<platformDir>/hw/IIC_included_BITSTREAM.xsa",
	"deviceType":	"zynq",
	"platIsPrebuiltAutogen":	"false",
	"platIsNoBootBsp":	"false",
	"hasFsblMakeHasChanges":	"false",
	"hasPmufwMakeHasChanges":	"false",
	"fsblExtraCompilerFlags":	"-MMD -MP       -mcpu=cortex-a9 -mfpu=vfpv3 -mfloat-abi=hard ",
	"platPreBuiltFlag":	false,
	"platformSamplesDir":	"",
	"platActiveSys":	"IIC_included_BITSTREAM",
	"systems":	[{
			"systemName":	"IIC_included_BITSTREAM",
			"systemDesc":	"IIC_included_BITSTREAM",
			"sysIsBootAutoGen":	"true",
			"systemDispName":	"IIC_included_BITSTREAM",
			"sysActiveDom":	"standalone_ps7_cortexa9_0",
			"sysDefaultDom":	"standalone_ps7_cortexa9_0",
			"domains":	[{
					"domainName":	"zynq_fsbl",
					"domainDispName":	"zynq_fsbl",
					"domainDesc":	"FSBL Application BSP - Auto Generated.",
					"processors":	"ps7_cortexa9_0",
					"os":	"standalone",
					"sdxOs":	"standalone",
					"debugEnable":	"",
					"domRuntimes":	["cpp"],
					"swRepo":	"",
					"mssOsVer":	"9.1",
					"mssFile":	"",
					"md5Digest":	"bdf62030c4d081aa908b060af63a4581",
					"compatibleApp":	"zynq_fsbl",
					"domType":	"bootDomain",
					"arch":	"32-bit",
					"appSettings":	{
						"appCompilerFlags":	"",
						"appLinkerFlags":	""
					},
					"addedLibs":	["xilffs:5.2", "xilrsa:1.8"],
					"libOptions":	{
						"libsContainingOptions":	[]
					},
					"prebuiltLibs":	{
						"prebuiltIncPath":	[],
						"prebuiltLibPath":	[]
					},
					"isolation":	{
					}
				}, {
					"domainName":	"standalone_ps7_cortexa9_0",
					"domainDispName":	"standalone_ps7_cortexa9_0",
					"domainDesc":	"standalone_ps7_cortexa9_0",
					"processors":	"ps7_cortexa9_0",
					"os":	"standalone",
					"sdxOs":	"standalone",
					"qemuArgs":	"<platformDir>/resources/IIC_included_BITSTREAM/standalone_ps7_cortexa9_0/qemu_args.txt",
					"qemuData":	"<platformDir>/resources/IIC_included_BITSTREAM/standalone_ps7_cortexa9_0/qemu",
					"debugEnable":	"False",
					"domRuntimes":	["cpp"],
					"swRepo":	"",
					"mssOsVer":	"9.1",
					"mssFile":	"",
					"md5Digest":	"86a62c3fd6eb6fed97012a85f0ab1156",
					"compatibleApp":	"",
					"domType":	"mssDomain",
					"arch":	"32-bit",
					"appSettings":	{
						"appCompilerFlags":	"",
						"appLinkerFlags":	""
					},
					"addedLibs":	[],
					"libOptions":	{
						"libsContainingOptions":	[]
					},
					"prebuiltLibs":	{
						"prebuiltIncPath":	[],
						"prebuiltLibPath":	[]
					},
					"isolation":	{
					}
				}]
		}]
}
KEYINFO::2025-05-11.09:46:49::SCWPlatform::updated the xpfm file.
TRACE::2025-05-11.09:46:49::SCWPlatform::Trying to open the hw design at E:/vitis_projects/auto_project/full_car/IIC_included_BITSTREAM/hw/IIC_included_BITSTREAM.xsa
TRACE::2025-05-11.09:46:49::SCWPlatform::DSA given E:/vitis_projects/auto_project/full_car/IIC_included_BITSTREAM/hw/IIC_included_BITSTREAM.xsa
TRACE::2025-05-11.09:46:49::SCWPlatform::DSA absoulate path E:/vitis_projects/auto_project/full_car/IIC_included_BITSTREAM/hw/IIC_included_BITSTREAM.xsa
TRACE::2025-05-11.09:46:49::SCWPlatform::DSA directory E:/vitis_projects/auto_project/full_car/IIC_included_BITSTREAM/hw
TRACE::2025-05-11.09:46:49::SCWPlatform:: Platform Path E:/vitis_projects/auto_project/full_car/IIC_included_BITSTREAM/hw/IIC_included_BITSTREAM.xsa
TRACE::2025-05-11.09:46:49::SCWPlatform:: Unique name xilinx:pynq-z2::0.0
TRACE::2025-05-11.09:46:49::SCWPlatform::Trying to set the existing hwdb with name design_1_wrapper_2
TRACE::2025-05-11.09:46:49::SCWPlatform::Opened existing hwdb design_1_wrapper_2
TRACE::2025-05-11.09:46:49::SCWPlatform::Found the Hw Db part of the input DSA
TRACE::2025-05-11.09:46:49::SCWMssOS::Checking the sw design at  E:/vitis_projects/auto_project/full_car/IIC_included_BITSTREAM/ps7_cortexa9_0/standalone_ps7_cortexa9_0/bsp/system.mss
TRACE::2025-05-11.09:46:49::SCWMssOS::DEBUG:  swdes dump  E:/vitis_projects/auto_project/full_car/IIC_included_BITSTREAM/ps7_cortexa9_0/standalone_ps7_cortexa9_0/bsp/system.mss|system||
E:/vitis_projects/auto_project/full_car/IIC_included_BITSTREAM/zynq_fsbl/zynq_fsbl_bsp/system.mss|system_0||

TRACE::2025-05-11.09:46:49::SCWMssOS::Sw design exists and opened at  E:/vitis_projects/auto_project/full_car/IIC_included_BITSTREAM/ps7_cortexa9_0/standalone_ps7_cortexa9_0/bsp/system.mss
TRACE::2025-05-11.16:01:04::SCWPlatform::Trying to open the hw design at E:/vitis_projects/auto_project/full_car/IIC_included_BITSTREAM/hw/IIC_included_BITSTREAM.xsa
TRACE::2025-05-11.16:01:04::SCWPlatform::DSA given E:/vitis_projects/auto_project/full_car/IIC_included_BITSTREAM/hw/IIC_included_BITSTREAM.xsa
TRACE::2025-05-11.16:01:04::SCWPlatform::DSA absoulate path E:/vitis_projects/auto_project/full_car/IIC_included_BITSTREAM/hw/IIC_included_BITSTREAM.xsa
TRACE::2025-05-11.16:01:04::SCWPlatform::DSA directory E:/vitis_projects/auto_project/full_car/IIC_included_BITSTREAM/hw
TRACE::2025-05-11.16:01:04::SCWPlatform:: Platform Path E:/vitis_projects/auto_project/full_car/IIC_included_BITSTREAM/hw/IIC_included_BITSTREAM.xsa
TRACE::2025-05-11.16:01:04::SCWPlatform:: Unique name xilinx:pynq-z2::0.0
TRACE::2025-05-11.16:01:04::SCWPlatform::Do not have an existing db opened. 
TRACE::2025-05-11.16:01:05::SCWPlatform::Opened new HwDB with name design_1_wrapper
TRACE::2025-05-11.16:01:05::SCWReader::Active system found as  IIC_included_BITSTREAM
TRACE::2025-05-11.16:01:05::SCWReader::Handling sysconfig IIC_included_BITSTREAM
TRACE::2025-05-11.16:01:05::SCWDomain::checking for install qemu data   : 
TRACE::2025-05-11.16:01:05::SCWDomain:: Using the QEMU Data from install at  : E:/Vitis/2024.1/data/emulation/platforms/zynq/sw/a9_standalone/qemu/
TRACE::2025-05-11.16:01:05::SCWDomain:: Using the QEMU args  from install at  : E:/Vitis/2024.1/data/emulation/platforms/zynq/sw/a9_standalone/qemu/qemu_args.txt
TRACE::2025-05-11.16:01:05::SCWPlatform::Trying to open the hw design at E:/vitis_projects/auto_project/full_car/IIC_included_BITSTREAM/hw/IIC_included_BITSTREAM.xsa
TRACE::2025-05-11.16:01:05::SCWPlatform::DSA given E:/vitis_projects/auto_project/full_car/IIC_included_BITSTREAM/hw/IIC_included_BITSTREAM.xsa
TRACE::2025-05-11.16:01:05::SCWPlatform::DSA absoulate path E:/vitis_projects/auto_project/full_car/IIC_included_BITSTREAM/hw/IIC_included_BITSTREAM.xsa
TRACE::2025-05-11.16:01:05::SCWPlatform::DSA directory E:/vitis_projects/auto_project/full_car/IIC_included_BITSTREAM/hw
TRACE::2025-05-11.16:01:05::SCWPlatform:: Platform Path E:/vitis_projects/auto_project/full_car/IIC_included_BITSTREAM/hw/IIC_included_BITSTREAM.xsa
TRACE::2025-05-11.16:01:05::SCWPlatform:: Unique name xilinx:pynq-z2::0.0
TRACE::2025-05-11.16:01:05::SCWPlatform::Trying to set the existing hwdb with name design_1_wrapper
TRACE::2025-05-11.16:01:05::SCWPlatform::Opened existing hwdb design_1_wrapper
TRACE::2025-05-11.16:01:05::SCWPlatform::Found the Hw Db part of the input DSA
TRACE::2025-05-11.16:01:05::SCWPlatform::Trying to open the hw design at E:/vitis_projects/auto_project/full_car/IIC_included_BITSTREAM/hw/IIC_included_BITSTREAM.xsa
TRACE::2025-05-11.16:01:05::SCWPlatform::DSA given E:/vitis_projects/auto_project/full_car/IIC_included_BITSTREAM/hw/IIC_included_BITSTREAM.xsa
TRACE::2025-05-11.16:01:05::SCWPlatform::DSA absoulate path E:/vitis_projects/auto_project/full_car/IIC_included_BITSTREAM/hw/IIC_included_BITSTREAM.xsa
TRACE::2025-05-11.16:01:05::SCWPlatform::DSA directory E:/vitis_projects/auto_project/full_car/IIC_included_BITSTREAM/hw
TRACE::2025-05-11.16:01:05::SCWPlatform:: Platform Path E:/vitis_projects/auto_project/full_car/IIC_included_BITSTREAM/hw/IIC_included_BITSTREAM.xsa
TRACE::2025-05-11.16:01:05::SCWPlatform:: Unique name xilinx:pynq-z2::0.0
TRACE::2025-05-11.16:01:05::SCWPlatform::Trying to set the existing hwdb with name design_1_wrapper
TRACE::2025-05-11.16:01:05::SCWPlatform::Opened existing hwdb design_1_wrapper
TRACE::2025-05-11.16:01:05::SCWPlatform::Found the Hw Db part of the input DSA
TRACE::2025-05-11.16:01:05::SCWPlatform::Trying to open the hw design at E:/vitis_projects/auto_project/full_car/IIC_included_BITSTREAM/hw/IIC_included_BITSTREAM.xsa
TRACE::2025-05-11.16:01:05::SCWPlatform::DSA given E:/vitis_projects/auto_project/full_car/IIC_included_BITSTREAM/hw/IIC_included_BITSTREAM.xsa
TRACE::2025-05-11.16:01:05::SCWPlatform::DSA absoulate path E:/vitis_projects/auto_project/full_car/IIC_included_BITSTREAM/hw/IIC_included_BITSTREAM.xsa
TRACE::2025-05-11.16:01:05::SCWPlatform::DSA directory E:/vitis_projects/auto_project/full_car/IIC_included_BITSTREAM/hw
TRACE::2025-05-11.16:01:05::SCWPlatform:: Platform Path E:/vitis_projects/auto_project/full_car/IIC_included_BITSTREAM/hw/IIC_included_BITSTREAM.xsa
TRACE::2025-05-11.16:01:05::SCWPlatform:: Unique name xilinx:pynq-z2::0.0
TRACE::2025-05-11.16:01:05::SCWPlatform::Trying to set the existing hwdb with name design_1_wrapper
TRACE::2025-05-11.16:01:05::SCWPlatform::Opened existing hwdb design_1_wrapper
TRACE::2025-05-11.16:01:05::SCWPlatform::Found the Hw Db part of the input DSA
TRACE::2025-05-11.16:01:05::SCWReader::Boot application domain added for zynq_fsbl
TRACE::2025-05-11.16:01:05::SCWPlatform::Trying to open the hw design at E:/vitis_projects/auto_project/full_car/IIC_included_BITSTREAM/hw/IIC_included_BITSTREAM.xsa
TRACE::2025-05-11.16:01:05::SCWPlatform::DSA given E:/vitis_projects/auto_project/full_car/IIC_included_BITSTREAM/hw/IIC_included_BITSTREAM.xsa
TRACE::2025-05-11.16:01:05::SCWPlatform::DSA absoulate path E:/vitis_projects/auto_project/full_car/IIC_included_BITSTREAM/hw/IIC_included_BITSTREAM.xsa
TRACE::2025-05-11.16:01:05::SCWPlatform::DSA directory E:/vitis_projects/auto_project/full_car/IIC_included_BITSTREAM/hw
TRACE::2025-05-11.16:01:05::SCWPlatform:: Platform Path E:/vitis_projects/auto_project/full_car/IIC_included_BITSTREAM/hw/IIC_included_BITSTREAM.xsa
TRACE::2025-05-11.16:01:05::SCWPlatform:: Unique name xilinx:pynq-z2::0.0
TRACE::2025-05-11.16:01:05::SCWPlatform::Trying to set the existing hwdb with name design_1_wrapper
TRACE::2025-05-11.16:01:05::SCWPlatform::Opened existing hwdb design_1_wrapper
TRACE::2025-05-11.16:01:05::SCWPlatform::Found the Hw Db part of the input DSA
TRACE::2025-05-11.16:01:05::SCWMssOS::Checking the sw design at  E:/vitis_projects/auto_project/full_car/IIC_included_BITSTREAM/zynq_fsbl/zynq_fsbl_bsp/system.mss
TRACE::2025-05-11.16:01:05::SCWMssOS::DEBUG:  swdes dump  
TRACE::2025-05-11.16:01:05::SCWMssOS::No sw design opened at  E:/vitis_projects/auto_project/full_car/IIC_included_BITSTREAM/zynq_fsbl/zynq_fsbl_bsp/system.mss
TRACE::2025-05-11.16:01:05::SCWMssOS::mss exists loading the mss file  E:/vitis_projects/auto_project/full_car/IIC_included_BITSTREAM/zynq_fsbl/zynq_fsbl_bsp/system.mss
TRACE::2025-05-11.16:01:05::SCWMssOS::Opened the sw design from mss  E:/vitis_projects/auto_project/full_car/IIC_included_BITSTREAM/zynq_fsbl/zynq_fsbl_bsp/system.mss
TRACE::2025-05-11.16:01:05::SCWMssOS::Adding the swdes entry E:/vitis_projects/auto_project/full_car/IIC_included_BITSTREAM/zynq_fsbl/zynq_fsbl_bsp/system.mss with des name system
TRACE::2025-05-11.16:01:05::SCWMssOS::updating the scw layer about changes
TRACE::2025-05-11.16:01:05::SCWMssOS::Opened the sw design.  E:/vitis_projects/auto_project/full_car/IIC_included_BITSTREAM/zynq_fsbl/zynq_fsbl_bsp/system.mss
TRACE::2025-05-11.16:01:05::SCWPlatform::Trying to open the hw design at E:/vitis_projects/auto_project/full_car/IIC_included_BITSTREAM/hw/IIC_included_BITSTREAM.xsa
TRACE::2025-05-11.16:01:05::SCWPlatform::DSA given E:/vitis_projects/auto_project/full_car/IIC_included_BITSTREAM/hw/IIC_included_BITSTREAM.xsa
TRACE::2025-05-11.16:01:05::SCWPlatform::DSA absoulate path E:/vitis_projects/auto_project/full_car/IIC_included_BITSTREAM/hw/IIC_included_BITSTREAM.xsa
TRACE::2025-05-11.16:01:05::SCWPlatform::DSA directory E:/vitis_projects/auto_project/full_car/IIC_included_BITSTREAM/hw
TRACE::2025-05-11.16:01:05::SCWPlatform:: Platform Path E:/vitis_projects/auto_project/full_car/IIC_included_BITSTREAM/hw/IIC_included_BITSTREAM.xsa
TRACE::2025-05-11.16:01:05::SCWPlatform:: Unique name xilinx:pynq-z2::0.0
TRACE::2025-05-11.16:01:05::SCWPlatform::Trying to set the existing hwdb with name design_1_wrapper
TRACE::2025-05-11.16:01:05::SCWPlatform::Opened existing hwdb design_1_wrapper
TRACE::2025-05-11.16:01:05::SCWPlatform::Found the Hw Db part of the input DSA
TRACE::2025-05-11.16:01:05::SCWMssOS::Checking the sw design at  E:/vitis_projects/auto_project/full_car/IIC_included_BITSTREAM/zynq_fsbl/zynq_fsbl_bsp/system.mss
TRACE::2025-05-11.16:01:05::SCWMssOS::DEBUG:  swdes dump  E:/vitis_projects/auto_project/full_car/IIC_included_BITSTREAM/zynq_fsbl/zynq_fsbl_bsp/system.mss|system||

TRACE::2025-05-11.16:01:05::SCWMssOS::Sw design exists and opened at  E:/vitis_projects/auto_project/full_car/IIC_included_BITSTREAM/zynq_fsbl/zynq_fsbl_bsp/system.mss
TRACE::2025-05-11.16:01:05::SCWMssOS:: library already available in sw design:  xilffs:5.2
TRACE::2025-05-11.16:01:05::SCWPlatform::Trying to open the hw design at E:/vitis_projects/auto_project/full_car/IIC_included_BITSTREAM/hw/IIC_included_BITSTREAM.xsa
TRACE::2025-05-11.16:01:05::SCWPlatform::DSA given E:/vitis_projects/auto_project/full_car/IIC_included_BITSTREAM/hw/IIC_included_BITSTREAM.xsa
TRACE::2025-05-11.16:01:05::SCWPlatform::DSA absoulate path E:/vitis_projects/auto_project/full_car/IIC_included_BITSTREAM/hw/IIC_included_BITSTREAM.xsa
TRACE::2025-05-11.16:01:05::SCWPlatform::DSA directory E:/vitis_projects/auto_project/full_car/IIC_included_BITSTREAM/hw
TRACE::2025-05-11.16:01:05::SCWPlatform:: Platform Path E:/vitis_projects/auto_project/full_car/IIC_included_BITSTREAM/hw/IIC_included_BITSTREAM.xsa
TRACE::2025-05-11.16:01:05::SCWPlatform:: Unique name xilinx:pynq-z2::0.0
TRACE::2025-05-11.16:01:05::SCWPlatform::Trying to set the existing hwdb with name design_1_wrapper
TRACE::2025-05-11.16:01:05::SCWPlatform::Opened existing hwdb design_1_wrapper
TRACE::2025-05-11.16:01:05::SCWPlatform::Found the Hw Db part of the input DSA
TRACE::2025-05-11.16:01:05::SCWMssOS::Checking the sw design at  E:/vitis_projects/auto_project/full_car/IIC_included_BITSTREAM/zynq_fsbl/zynq_fsbl_bsp/system.mss
TRACE::2025-05-11.16:01:05::SCWMssOS::DEBUG:  swdes dump  E:/vitis_projects/auto_project/full_car/IIC_included_BITSTREAM/zynq_fsbl/zynq_fsbl_bsp/system.mss|system||

TRACE::2025-05-11.16:01:05::SCWMssOS::Sw design exists and opened at  E:/vitis_projects/auto_project/full_car/IIC_included_BITSTREAM/zynq_fsbl/zynq_fsbl_bsp/system.mss
TRACE::2025-05-11.16:01:05::SCWMssOS:: library already available in sw design:  xilrsa:1.8
TRACE::2025-05-11.16:01:05::SCWMssOS::Saving the mss changes E:/vitis_projects/auto_project/full_car/IIC_included_BITSTREAM/zynq_fsbl/zynq_fsbl_bsp/system.mss
TRACE::2025-05-11.16:01:05::SCWMssOS::Found a swdesign opened with the mssfile.
TRACE::2025-05-11.16:01:05::SCWMssOS::Completed writemss as part of save.
TRACE::2025-05-11.16:01:05::SCWMssOS::Commit changes completed.
TRACE::2025-05-11.16:01:05::SCWReader::Adding prebuilt librarypaths as   
TRACE::2025-05-11.16:01:05::SCWReader::Adding prebuilt incpaths  as   
TRACE::2025-05-11.16:01:05::SCWPlatform::Trying to open the hw design at E:/vitis_projects/auto_project/full_car/IIC_included_BITSTREAM/hw/IIC_included_BITSTREAM.xsa
TRACE::2025-05-11.16:01:05::SCWPlatform::DSA given E:/vitis_projects/auto_project/full_car/IIC_included_BITSTREAM/hw/IIC_included_BITSTREAM.xsa
TRACE::2025-05-11.16:01:05::SCWPlatform::DSA absoulate path E:/vitis_projects/auto_project/full_car/IIC_included_BITSTREAM/hw/IIC_included_BITSTREAM.xsa
TRACE::2025-05-11.16:01:05::SCWPlatform::DSA directory E:/vitis_projects/auto_project/full_car/IIC_included_BITSTREAM/hw
TRACE::2025-05-11.16:01:05::SCWPlatform:: Platform Path E:/vitis_projects/auto_project/full_car/IIC_included_BITSTREAM/hw/IIC_included_BITSTREAM.xsa
TRACE::2025-05-11.16:01:05::SCWPlatform:: Unique name xilinx:pynq-z2::0.0
TRACE::2025-05-11.16:01:05::SCWPlatform::Trying to set the existing hwdb with name design_1_wrapper
TRACE::2025-05-11.16:01:05::SCWPlatform::Opened existing hwdb design_1_wrapper
TRACE::2025-05-11.16:01:05::SCWPlatform::Found the Hw Db part of the input DSA
TRACE::2025-05-11.16:01:05::SCWMssOS::Checking the sw design at  E:/vitis_projects/auto_project/full_car/IIC_included_BITSTREAM/zynq_fsbl/zynq_fsbl_bsp/system.mss
TRACE::2025-05-11.16:01:05::SCWMssOS::DEBUG:  swdes dump  E:/vitis_projects/auto_project/full_car/IIC_included_BITSTREAM/zynq_fsbl/zynq_fsbl_bsp/system.mss|system||

TRACE::2025-05-11.16:01:05::SCWMssOS::Sw design exists and opened at  E:/vitis_projects/auto_project/full_car/IIC_included_BITSTREAM/zynq_fsbl/zynq_fsbl_bsp/system.mss
TRACE::2025-05-11.16:01:05::SCWReader::No isolation master present  
TRACE::2025-05-11.16:01:05::SCWDomain::checking for install qemu data   : 
TRACE::2025-05-11.16:01:05::SCWDomain:: Using the QEMU Data from install at  : E:/Vitis/2024.1/data/emulation/platforms/zynq/sw/a9_standalone/qemu/
TRACE::2025-05-11.16:01:05::SCWDomain:: Using the QEMU args  from install at  : E:/Vitis/2024.1/data/emulation/platforms/zynq/sw/a9_standalone/qemu/qemu_args.txt
TRACE::2025-05-11.16:01:05::SCWPlatform::Trying to open the hw design at E:/vitis_projects/auto_project/full_car/IIC_included_BITSTREAM/hw/IIC_included_BITSTREAM.xsa
TRACE::2025-05-11.16:01:05::SCWPlatform::DSA given E:/vitis_projects/auto_project/full_car/IIC_included_BITSTREAM/hw/IIC_included_BITSTREAM.xsa
TRACE::2025-05-11.16:01:05::SCWPlatform::DSA absoulate path E:/vitis_projects/auto_project/full_car/IIC_included_BITSTREAM/hw/IIC_included_BITSTREAM.xsa
TRACE::2025-05-11.16:01:05::SCWPlatform::DSA directory E:/vitis_projects/auto_project/full_car/IIC_included_BITSTREAM/hw
TRACE::2025-05-11.16:01:05::SCWPlatform:: Platform Path E:/vitis_projects/auto_project/full_car/IIC_included_BITSTREAM/hw/IIC_included_BITSTREAM.xsa
TRACE::2025-05-11.16:01:05::SCWPlatform:: Unique name xilinx:pynq-z2::0.0
TRACE::2025-05-11.16:01:05::SCWPlatform::Trying to set the existing hwdb with name design_1_wrapper
TRACE::2025-05-11.16:01:05::SCWPlatform::Opened existing hwdb design_1_wrapper
TRACE::2025-05-11.16:01:05::SCWPlatform::Found the Hw Db part of the input DSA
TRACE::2025-05-11.16:01:05::SCWPlatform::Trying to open the hw design at E:/vitis_projects/auto_project/full_car/IIC_included_BITSTREAM/hw/IIC_included_BITSTREAM.xsa
TRACE::2025-05-11.16:01:05::SCWPlatform::DSA given E:/vitis_projects/auto_project/full_car/IIC_included_BITSTREAM/hw/IIC_included_BITSTREAM.xsa
TRACE::2025-05-11.16:01:05::SCWPlatform::DSA absoulate path E:/vitis_projects/auto_project/full_car/IIC_included_BITSTREAM/hw/IIC_included_BITSTREAM.xsa
TRACE::2025-05-11.16:01:05::SCWPlatform::DSA directory E:/vitis_projects/auto_project/full_car/IIC_included_BITSTREAM/hw
TRACE::2025-05-11.16:01:05::SCWPlatform:: Platform Path E:/vitis_projects/auto_project/full_car/IIC_included_BITSTREAM/hw/IIC_included_BITSTREAM.xsa
TRACE::2025-05-11.16:01:05::SCWPlatform:: Unique name xilinx:pynq-z2::0.0
TRACE::2025-05-11.16:01:05::SCWPlatform::Trying to set the existing hwdb with name design_1_wrapper
TRACE::2025-05-11.16:01:05::SCWPlatform::Opened existing hwdb design_1_wrapper
TRACE::2025-05-11.16:01:05::SCWPlatform::Found the Hw Db part of the input DSA
TRACE::2025-05-11.16:01:05::SCWPlatform::Trying to open the hw design at E:/vitis_projects/auto_project/full_car/IIC_included_BITSTREAM/hw/IIC_included_BITSTREAM.xsa
TRACE::2025-05-11.16:01:05::SCWPlatform::DSA given E:/vitis_projects/auto_project/full_car/IIC_included_BITSTREAM/hw/IIC_included_BITSTREAM.xsa
TRACE::2025-05-11.16:01:05::SCWPlatform::DSA absoulate path E:/vitis_projects/auto_project/full_car/IIC_included_BITSTREAM/hw/IIC_included_BITSTREAM.xsa
TRACE::2025-05-11.16:01:05::SCWPlatform::DSA directory E:/vitis_projects/auto_project/full_car/IIC_included_BITSTREAM/hw
TRACE::2025-05-11.16:01:05::SCWPlatform:: Platform Path E:/vitis_projects/auto_project/full_car/IIC_included_BITSTREAM/hw/IIC_included_BITSTREAM.xsa
TRACE::2025-05-11.16:01:05::SCWPlatform:: Unique name xilinx:pynq-z2::0.0
TRACE::2025-05-11.16:01:05::SCWPlatform::Trying to set the existing hwdb with name design_1_wrapper
TRACE::2025-05-11.16:01:05::SCWPlatform::Opened existing hwdb design_1_wrapper
TRACE::2025-05-11.16:01:05::SCWPlatform::Found the Hw Db part of the input DSA
TRACE::2025-05-11.16:01:05::SCWMssOS::Checking the sw design at  E:/vitis_projects/auto_project/full_car/IIC_included_BITSTREAM/ps7_cortexa9_0/standalone_ps7_cortexa9_0/bsp/system.mss
TRACE::2025-05-11.16:01:05::SCWMssOS::DEBUG:  swdes dump  E:/vitis_projects/auto_project/full_car/IIC_included_BITSTREAM/zynq_fsbl/zynq_fsbl_bsp/system.mss|system||

TRACE::2025-05-11.16:01:05::SCWMssOS::No sw design opened at  E:/vitis_projects/auto_project/full_car/IIC_included_BITSTREAM/ps7_cortexa9_0/standalone_ps7_cortexa9_0/bsp/system.mss
TRACE::2025-05-11.16:01:05::SCWMssOS::mss exists loading the mss file  E:/vitis_projects/auto_project/full_car/IIC_included_BITSTREAM/ps7_cortexa9_0/standalone_ps7_cortexa9_0/bsp/system.mss
TRACE::2025-05-11.16:01:05::SCWMssOS::Opened the sw design from mss  E:/vitis_projects/auto_project/full_car/IIC_included_BITSTREAM/ps7_cortexa9_0/standalone_ps7_cortexa9_0/bsp/system.mss
TRACE::2025-05-11.16:01:05::SCWMssOS::Adding the swdes entry E:/vitis_projects/auto_project/full_car/IIC_included_BITSTREAM/ps7_cortexa9_0/standalone_ps7_cortexa9_0/bsp/system.mss with des name system_0
TRACE::2025-05-11.16:01:05::SCWMssOS::updating the scw layer about changes
TRACE::2025-05-11.16:01:06::SCWMssOS::Opened the sw design.  E:/vitis_projects/auto_project/full_car/IIC_included_BITSTREAM/ps7_cortexa9_0/standalone_ps7_cortexa9_0/bsp/system.mss
TRACE::2025-05-11.16:01:06::SCWMssOS::Saving the mss changes E:/vitis_projects/auto_project/full_car/IIC_included_BITSTREAM/ps7_cortexa9_0/standalone_ps7_cortexa9_0/bsp/system.mss
TRACE::2025-05-11.16:01:06::SCWMssOS::Found a swdesign opened with the mssfile.
TRACE::2025-05-11.16:01:06::SCWMssOS::Completed writemss as part of save.
TRACE::2025-05-11.16:01:06::SCWMssOS::Commit changes completed.
TRACE::2025-05-11.16:01:06::SCWReader::Adding prebuilt librarypaths as   
TRACE::2025-05-11.16:01:06::SCWReader::Adding prebuilt incpaths  as   
TRACE::2025-05-11.16:01:06::SCWPlatform::Trying to open the hw design at E:/vitis_projects/auto_project/full_car/IIC_included_BITSTREAM/hw/IIC_included_BITSTREAM.xsa
TRACE::2025-05-11.16:01:06::SCWPlatform::DSA given E:/vitis_projects/auto_project/full_car/IIC_included_BITSTREAM/hw/IIC_included_BITSTREAM.xsa
TRACE::2025-05-11.16:01:06::SCWPlatform::DSA absoulate path E:/vitis_projects/auto_project/full_car/IIC_included_BITSTREAM/hw/IIC_included_BITSTREAM.xsa
TRACE::2025-05-11.16:01:06::SCWPlatform::DSA directory E:/vitis_projects/auto_project/full_car/IIC_included_BITSTREAM/hw
TRACE::2025-05-11.16:01:06::SCWPlatform:: Platform Path E:/vitis_projects/auto_project/full_car/IIC_included_BITSTREAM/hw/IIC_included_BITSTREAM.xsa
TRACE::2025-05-11.16:01:06::SCWPlatform:: Unique name xilinx:pynq-z2::0.0
TRACE::2025-05-11.16:01:06::SCWPlatform::Trying to set the existing hwdb with name design_1_wrapper
TRACE::2025-05-11.16:01:06::SCWPlatform::Opened existing hwdb design_1_wrapper
TRACE::2025-05-11.16:01:06::SCWPlatform::Found the Hw Db part of the input DSA
TRACE::2025-05-11.16:01:06::SCWMssOS::Checking the sw design at  E:/vitis_projects/auto_project/full_car/IIC_included_BITSTREAM/ps7_cortexa9_0/standalone_ps7_cortexa9_0/bsp/system.mss
TRACE::2025-05-11.16:01:06::SCWMssOS::DEBUG:  swdes dump  E:/vitis_projects/auto_project/full_car/IIC_included_BITSTREAM/ps7_cortexa9_0/standalone_ps7_cortexa9_0/bsp/system.mss|system_0||
E:/vitis_projects/auto_project/full_car/IIC_included_BITSTREAM/zynq_fsbl/zynq_fsbl_bsp/system.mss|system||

TRACE::2025-05-11.16:01:06::SCWMssOS::Sw design exists and opened at  E:/vitis_projects/auto_project/full_car/IIC_included_BITSTREAM/ps7_cortexa9_0/standalone_ps7_cortexa9_0/bsp/system.mss
TRACE::2025-05-11.16:01:06::SCWReader::No isolation master present  
TRACE::2025-05-11.16:01:48::SCWPlatform::DSA given E:/vitis_projects/auto_project/full_car/IIC_included_BITSTREAM/tempdsa/IIC_UPDATED_GPIO.xsa
TRACE::2025-05-11.16:01:48::SCWPlatform::DSA absoulate path E:/vitis_projects/auto_project/full_car/IIC_included_BITSTREAM/tempdsa/IIC_UPDATED_GPIO.xsa
TRACE::2025-05-11.16:01:48::SCWPlatform:: Platform location is E:/vitis_projects/auto_project/full_car/IIC_included_BITSTREAM/tempdsa
TRACE::2025-05-11.16:01:48::SCWPlatform:: Platform Path E:/vitis_projects/auto_project/full_car/IIC_included_BITSTREAM/tempdsa/IIC_UPDATED_GPIO.xsa
TRACE::2025-05-11.16:01:48::SCWPlatform:: Unique name xilinx:pynq-z2::0.0
TRACE::2025-05-11.16:01:49::SCWPlatform::Found the Hw Db part of the input DSA
TRACE::2025-05-11.16:01:49::SCWMssOS::Doing hw sync for the mss in domain: zynq_fsbl
TRACE::2025-05-11.16:01:49::SCWPlatform::Trying to open the hw design at E:/vitis_projects/auto_project/full_car/IIC_included_BITSTREAM/hw/IIC_included_BITSTREAM.xsa
TRACE::2025-05-11.16:01:49::SCWPlatform::DSA given E:/vitis_projects/auto_project/full_car/IIC_included_BITSTREAM/hw/IIC_included_BITSTREAM.xsa
TRACE::2025-05-11.16:01:49::SCWPlatform::DSA absoulate path E:/vitis_projects/auto_project/full_car/IIC_included_BITSTREAM/hw/IIC_included_BITSTREAM.xsa
TRACE::2025-05-11.16:01:49::SCWPlatform::DSA directory E:/vitis_projects/auto_project/full_car/IIC_included_BITSTREAM/hw
TRACE::2025-05-11.16:01:49::SCWPlatform:: Platform Path E:/vitis_projects/auto_project/full_car/IIC_included_BITSTREAM/hw/IIC_included_BITSTREAM.xsa
TRACE::2025-05-11.16:01:49::SCWPlatform:: Unique name xilinx:pynq-z2::0.0
TRACE::2025-05-11.16:01:49::SCWPlatform::Trying to set the existing hwdb with name design_1_wrapper
TRACE::2025-05-11.16:01:49::SCWPlatform::Opened existing hwdb design_1_wrapper
TRACE::2025-05-11.16:01:49::SCWPlatform::Found the Hw Db part of the input DSA
TRACE::2025-05-11.16:01:49::SCWPlatform::Trying to open the hw design at E:/vitis_projects/auto_project/full_car/IIC_included_BITSTREAM/hw/IIC_included_BITSTREAM.xsa
TRACE::2025-05-11.16:01:49::SCWPlatform::DSA given E:/vitis_projects/auto_project/full_car/IIC_included_BITSTREAM/hw/IIC_included_BITSTREAM.xsa
TRACE::2025-05-11.16:01:49::SCWPlatform::DSA absoulate path E:/vitis_projects/auto_project/full_car/IIC_included_BITSTREAM/hw/IIC_included_BITSTREAM.xsa
TRACE::2025-05-11.16:01:49::SCWPlatform::DSA directory E:/vitis_projects/auto_project/full_car/IIC_included_BITSTREAM/hw
TRACE::2025-05-11.16:01:49::SCWPlatform:: Platform Path E:/vitis_projects/auto_project/full_car/IIC_included_BITSTREAM/hw/IIC_included_BITSTREAM.xsa
TRACE::2025-05-11.16:01:49::SCWPlatform:: Unique name xilinx:pynq-z2::0.0
TRACE::2025-05-11.16:01:49::SCWPlatform::Trying to set the existing hwdb with name design_1_wrapper
TRACE::2025-05-11.16:01:49::SCWPlatform::Opened existing hwdb design_1_wrapper
TRACE::2025-05-11.16:01:49::SCWPlatform::Found the Hw Db part of the input DSA
TRACE::2025-05-11.16:01:49::SCWMssOS::Checking the sw design at  E:/vitis_projects/auto_project/full_car/IIC_included_BITSTREAM/zynq_fsbl/zynq_fsbl_bsp/system.mss
TRACE::2025-05-11.16:01:49::SCWMssOS::DEBUG:  swdes dump  E:/vitis_projects/auto_project/full_car/IIC_included_BITSTREAM/ps7_cortexa9_0/standalone_ps7_cortexa9_0/bsp/system.mss|system_0||
E:/vitis_projects/auto_project/full_car/IIC_included_BITSTREAM/zynq_fsbl/zynq_fsbl_bsp/system.mss|system||

TRACE::2025-05-11.16:01:49::SCWMssOS::Sw design exists and opened at  E:/vitis_projects/auto_project/full_car/IIC_included_BITSTREAM/zynq_fsbl/zynq_fsbl_bsp/system.mss
TRACE::2025-05-11.16:01:49::SCWPlatform::Trying to open the hw design at E:/vitis_projects/auto_project/full_car/IIC_included_BITSTREAM/tempdsa/IIC_UPDATED_GPIO.xsa
TRACE::2025-05-11.16:01:49::SCWPlatform::DSA given E:/vitis_projects/auto_project/full_car/IIC_included_BITSTREAM/tempdsa/IIC_UPDATED_GPIO.xsa
TRACE::2025-05-11.16:01:49::SCWPlatform::DSA absoulate path E:/vitis_projects/auto_project/full_car/IIC_included_BITSTREAM/tempdsa/IIC_UPDATED_GPIO.xsa
TRACE::2025-05-11.16:01:49::SCWPlatform::DSA directory E:/vitis_projects/auto_project/full_car/IIC_included_BITSTREAM/tempdsa
TRACE::2025-05-11.16:01:49::SCWPlatform:: Platform Path E:/vitis_projects/auto_project/full_car/IIC_included_BITSTREAM/tempdsa/IIC_UPDATED_GPIO.xsa
TRACE::2025-05-11.16:01:49::SCWPlatform:: Unique name xilinx:pynq-z2::0.0
TRACE::2025-05-11.16:01:49::SCWPlatform::update - Opened existing hwdb design_1_wrapper_0
TRACE::2025-05-11.16:01:49::SCWPlatform::Found the Hw Db part of the input DSA
TRACE::2025-05-11.16:01:49::SCWMssOS::Doing hw sync for the mss in domain: standalone_ps7_cortexa9_0
TRACE::2025-05-11.16:01:49::SCWPlatform::Trying to open the hw design at E:/vitis_projects/auto_project/full_car/IIC_included_BITSTREAM/hw/IIC_included_BITSTREAM.xsa
TRACE::2025-05-11.16:01:49::SCWPlatform::DSA given E:/vitis_projects/auto_project/full_car/IIC_included_BITSTREAM/hw/IIC_included_BITSTREAM.xsa
TRACE::2025-05-11.16:01:49::SCWPlatform::DSA absoulate path E:/vitis_projects/auto_project/full_car/IIC_included_BITSTREAM/hw/IIC_included_BITSTREAM.xsa
TRACE::2025-05-11.16:01:49::SCWPlatform::DSA directory E:/vitis_projects/auto_project/full_car/IIC_included_BITSTREAM/hw
TRACE::2025-05-11.16:01:49::SCWPlatform:: Platform Path E:/vitis_projects/auto_project/full_car/IIC_included_BITSTREAM/hw/IIC_included_BITSTREAM.xsa
TRACE::2025-05-11.16:01:49::SCWPlatform:: Unique name xilinx:pynq-z2::0.0
TRACE::2025-05-11.16:01:49::SCWPlatform::Trying to set the existing hwdb with name design_1_wrapper
TRACE::2025-05-11.16:01:49::SCWPlatform::Opened existing hwdb design_1_wrapper
TRACE::2025-05-11.16:01:49::SCWPlatform::Found the Hw Db part of the input DSA
TRACE::2025-05-11.16:01:49::SCWPlatform::Trying to open the hw design at E:/vitis_projects/auto_project/full_car/IIC_included_BITSTREAM/hw/IIC_included_BITSTREAM.xsa
TRACE::2025-05-11.16:01:49::SCWPlatform::DSA given E:/vitis_projects/auto_project/full_car/IIC_included_BITSTREAM/hw/IIC_included_BITSTREAM.xsa
TRACE::2025-05-11.16:01:49::SCWPlatform::DSA absoulate path E:/vitis_projects/auto_project/full_car/IIC_included_BITSTREAM/hw/IIC_included_BITSTREAM.xsa
TRACE::2025-05-11.16:01:49::SCWPlatform::DSA directory E:/vitis_projects/auto_project/full_car/IIC_included_BITSTREAM/hw
TRACE::2025-05-11.16:01:49::SCWPlatform:: Platform Path E:/vitis_projects/auto_project/full_car/IIC_included_BITSTREAM/hw/IIC_included_BITSTREAM.xsa
TRACE::2025-05-11.16:01:49::SCWPlatform:: Unique name xilinx:pynq-z2::0.0
TRACE::2025-05-11.16:01:49::SCWPlatform::Trying to set the existing hwdb with name design_1_wrapper
TRACE::2025-05-11.16:01:49::SCWPlatform::Opened existing hwdb design_1_wrapper
TRACE::2025-05-11.16:01:49::SCWPlatform::Found the Hw Db part of the input DSA
TRACE::2025-05-11.16:01:49::SCWMssOS::Checking the sw design at  E:/vitis_projects/auto_project/full_car/IIC_included_BITSTREAM/ps7_cortexa9_0/standalone_ps7_cortexa9_0/bsp/system.mss
TRACE::2025-05-11.16:01:49::SCWMssOS::DEBUG:  swdes dump  E:/vitis_projects/auto_project/full_car/IIC_included_BITSTREAM/ps7_cortexa9_0/standalone_ps7_cortexa9_0/bsp/system.mss|system_0||
E:/vitis_projects/auto_project/full_car/IIC_included_BITSTREAM/zynq_fsbl/zynq_fsbl_bsp/system.mss|system||

TRACE::2025-05-11.16:01:49::SCWMssOS::Sw design exists and opened at  E:/vitis_projects/auto_project/full_car/IIC_included_BITSTREAM/ps7_cortexa9_0/standalone_ps7_cortexa9_0/bsp/system.mss
TRACE::2025-05-11.16:01:49::SCWPlatform::Trying to open the hw design at E:/vitis_projects/auto_project/full_car/IIC_included_BITSTREAM/tempdsa/IIC_UPDATED_GPIO.xsa
TRACE::2025-05-11.16:01:49::SCWPlatform::DSA given E:/vitis_projects/auto_project/full_car/IIC_included_BITSTREAM/tempdsa/IIC_UPDATED_GPIO.xsa
TRACE::2025-05-11.16:01:49::SCWPlatform::DSA absoulate path E:/vitis_projects/auto_project/full_car/IIC_included_BITSTREAM/tempdsa/IIC_UPDATED_GPIO.xsa
TRACE::2025-05-11.16:01:49::SCWPlatform::DSA directory E:/vitis_projects/auto_project/full_car/IIC_included_BITSTREAM/tempdsa
TRACE::2025-05-11.16:01:49::SCWPlatform:: Platform Path E:/vitis_projects/auto_project/full_car/IIC_included_BITSTREAM/tempdsa/IIC_UPDATED_GPIO.xsa
TRACE::2025-05-11.16:01:49::SCWPlatform:: Unique name xilinx:pynq-z2::0.0
TRACE::2025-05-11.16:01:49::SCWPlatform::update - Opened existing hwdb design_1_wrapper_0
TRACE::2025-05-11.16:01:49::SCWPlatform::Found the Hw Db part of the input DSA
TRACE::2025-05-11.16:01:49::SCWMssOS::Saving the mss changes E:/vitis_projects/auto_project/full_car/IIC_included_BITSTREAM/zynq_fsbl/zynq_fsbl_bsp/system.mss
TRACE::2025-05-11.16:01:49::SCWMssOS::Found a swdesign opened with the mssfile.
TRACE::2025-05-11.16:01:49::SCWMssOS::Completed writemss as part of save.
TRACE::2025-05-11.16:01:49::SCWMssOS::Commit changes completed.
TRACE::2025-05-11.16:01:49::SCWMssOS::Completed hw sync for the mss in domain: zynq_fsbl
TRACE::2025-05-11.16:01:49::SCWMssOS::Removing the swdes entry for  E:/vitis_projects/auto_project/full_car/IIC_included_BITSTREAM/zynq_fsbl/zynq_fsbl_bsp/system.mss
TRACE::2025-05-11.16:01:49::SCWMssOS::Saving the mss changes E:/vitis_projects/auto_project/full_car/IIC_included_BITSTREAM/ps7_cortexa9_0/standalone_ps7_cortexa9_0/bsp/system.mss
TRACE::2025-05-11.16:01:49::SCWMssOS::Found a swdesign opened with the mssfile.
TRACE::2025-05-11.16:01:49::SCWMssOS::Completed writemss as part of save.
TRACE::2025-05-11.16:01:49::SCWMssOS::Commit changes completed.
TRACE::2025-05-11.16:01:49::SCWMssOS::Completed hw sync for the mss in domain: standalone_ps7_cortexa9_0
TRACE::2025-05-11.16:01:49::SCWMssOS::Removing the swdes entry for  E:/vitis_projects/auto_project/full_car/IIC_included_BITSTREAM/ps7_cortexa9_0/standalone_ps7_cortexa9_0/bsp/system.mss
TRACE::2025-05-11.16:01:49::SCWPlatform::Trying to open the hw design at E:/vitis_projects/auto_project/full_car/IIC_included_BITSTREAM/hw/IIC_UPDATED_GPIO.xsa
TRACE::2025-05-11.16:01:49::SCWPlatform::DSA given E:/vitis_projects/auto_project/full_car/IIC_included_BITSTREAM/hw/IIC_UPDATED_GPIO.xsa
TRACE::2025-05-11.16:01:49::SCWPlatform::DSA absoulate path E:/vitis_projects/auto_project/full_car/IIC_included_BITSTREAM/hw/IIC_UPDATED_GPIO.xsa
TRACE::2025-05-11.16:01:49::SCWPlatform::DSA directory E:/vitis_projects/auto_project/full_car/IIC_included_BITSTREAM/hw
TRACE::2025-05-11.16:01:50::SCWPlatform:: Platform Path E:/vitis_projects/auto_project/full_car/IIC_included_BITSTREAM/hw/IIC_UPDATED_GPIO.xsa
TRACE::2025-05-11.16:01:50::SCWPlatform:: Unique name xilinx:pynq-z2::0.0
TRACE::2025-05-11.16:01:50::SCWPlatform::Do not have an existing db opened. 
TRACE::2025-05-11.16:01:51::SCWPlatform::Opened new HwDB with name design_1_wrapper_1
TRACE::2025-05-11.16:01:51::SCWMssOS::Saving the mss changes E:/vitis_projects/auto_project/full_car/IIC_included_BITSTREAM/zynq_fsbl/zynq_fsbl_bsp/system.mss
TRACE::2025-05-11.16:01:51::SCWMssOS::Adding the swdes entry, mss present, able to open swdb E:/vitis_projects/auto_project/full_car/IIC_included_BITSTREAM/zynq_fsbl/zynq_fsbl_bsp/system.mss with des name system
TRACE::2025-05-11.16:01:51::SCWMssOS::Writing the mss file completed E:/vitis_projects/auto_project/full_car/IIC_included_BITSTREAM/zynq_fsbl/zynq_fsbl_bsp/system.mss
TRACE::2025-05-11.16:01:51::SCWMssOS::Commit changes completed.
TRACE::2025-05-11.16:01:51::SCWMssOS::Saving the mss changes E:/vitis_projects/auto_project/full_car/IIC_included_BITSTREAM/ps7_cortexa9_0/standalone_ps7_cortexa9_0/bsp/system.mss
TRACE::2025-05-11.16:01:51::SCWMssOS::Adding the swdes entry, mss present, able to open swdb E:/vitis_projects/auto_project/full_car/IIC_included_BITSTREAM/ps7_cortexa9_0/standalone_ps7_cortexa9_0/bsp/system.mss with des name system_0
TRACE::2025-05-11.16:01:51::SCWMssOS::Writing the mss file completed E:/vitis_projects/auto_project/full_car/IIC_included_BITSTREAM/ps7_cortexa9_0/standalone_ps7_cortexa9_0/bsp/system.mss
TRACE::2025-05-11.16:01:51::SCWMssOS::Commit changes completed.
TRACE::2025-05-11.16:01:51::SCWPlatform::Trying to open the hw design at E:/vitis_projects/auto_project/full_car/IIC_included_BITSTREAM/hw/IIC_UPDATED_GPIO.xsa
TRACE::2025-05-11.16:01:51::SCWPlatform::DSA given E:/vitis_projects/auto_project/full_car/IIC_included_BITSTREAM/hw/IIC_UPDATED_GPIO.xsa
TRACE::2025-05-11.16:01:51::SCWPlatform::DSA absoulate path E:/vitis_projects/auto_project/full_car/IIC_included_BITSTREAM/hw/IIC_UPDATED_GPIO.xsa
TRACE::2025-05-11.16:01:51::SCWPlatform::DSA directory E:/vitis_projects/auto_project/full_car/IIC_included_BITSTREAM/hw
TRACE::2025-05-11.16:01:51::SCWPlatform:: Platform Path E:/vitis_projects/auto_project/full_car/IIC_included_BITSTREAM/hw/IIC_UPDATED_GPIO.xsa
TRACE::2025-05-11.16:01:51::SCWPlatform:: Unique name xilinx:pynq-z2::0.0
TRACE::2025-05-11.16:01:51::SCWPlatform::Trying to set the existing hwdb with name design_1_wrapper_1
TRACE::2025-05-11.16:01:51::SCWPlatform::Opened existing hwdb design_1_wrapper_1
TRACE::2025-05-11.16:01:51::SCWPlatform::Found the Hw Db part of the input DSA
TRACE::2025-05-11.16:01:51::SCWMssOS::Checking the sw design at  E:/vitis_projects/auto_project/full_car/IIC_included_BITSTREAM/zynq_fsbl/zynq_fsbl_bsp/system.mss
TRACE::2025-05-11.16:01:51::SCWMssOS::DEBUG:  swdes dump  E:/vitis_projects/auto_project/full_car/IIC_included_BITSTREAM/ps7_cortexa9_0/standalone_ps7_cortexa9_0/bsp/system.mss|system_0||
E:/vitis_projects/auto_project/full_car/IIC_included_BITSTREAM/zynq_fsbl/zynq_fsbl_bsp/system.mss|system||

TRACE::2025-05-11.16:01:51::SCWMssOS::Sw design exists and opened at  E:/vitis_projects/auto_project/full_car/IIC_included_BITSTREAM/zynq_fsbl/zynq_fsbl_bsp/system.mss
TRACE::2025-05-11.16:01:51::SCWPlatform::Trying to open the hw design at E:/vitis_projects/auto_project/full_car/IIC_included_BITSTREAM/hw/IIC_UPDATED_GPIO.xsa
TRACE::2025-05-11.16:01:51::SCWPlatform::DSA given E:/vitis_projects/auto_project/full_car/IIC_included_BITSTREAM/hw/IIC_UPDATED_GPIO.xsa
TRACE::2025-05-11.16:01:51::SCWPlatform::DSA absoulate path E:/vitis_projects/auto_project/full_car/IIC_included_BITSTREAM/hw/IIC_UPDATED_GPIO.xsa
TRACE::2025-05-11.16:01:51::SCWPlatform::DSA directory E:/vitis_projects/auto_project/full_car/IIC_included_BITSTREAM/hw
TRACE::2025-05-11.16:01:51::SCWPlatform:: Platform Path E:/vitis_projects/auto_project/full_car/IIC_included_BITSTREAM/hw/IIC_UPDATED_GPIO.xsa
TRACE::2025-05-11.16:01:51::SCWPlatform:: Unique name xilinx:pynq-z2::0.0
TRACE::2025-05-11.16:01:51::SCWPlatform::Trying to set the existing hwdb with name design_1_wrapper_1
TRACE::2025-05-11.16:01:51::SCWPlatform::Opened existing hwdb design_1_wrapper_1
TRACE::2025-05-11.16:01:51::SCWPlatform::Found the Hw Db part of the input DSA
TRACE::2025-05-11.16:01:51::SCWMssOS::Checking the sw design at  E:/vitis_projects/auto_project/full_car/IIC_included_BITSTREAM/ps7_cortexa9_0/standalone_ps7_cortexa9_0/bsp/system.mss
TRACE::2025-05-11.16:01:51::SCWMssOS::DEBUG:  swdes dump  E:/vitis_projects/auto_project/full_car/IIC_included_BITSTREAM/ps7_cortexa9_0/standalone_ps7_cortexa9_0/bsp/system.mss|system_0||
E:/vitis_projects/auto_project/full_car/IIC_included_BITSTREAM/zynq_fsbl/zynq_fsbl_bsp/system.mss|system||

TRACE::2025-05-11.16:01:51::SCWMssOS::Sw design exists and opened at  E:/vitis_projects/auto_project/full_car/IIC_included_BITSTREAM/ps7_cortexa9_0/standalone_ps7_cortexa9_0/bsp/system.mss
TRACE::2025-05-11.16:01:51::SCWWriter::formatted JSON is {
	"platformName":	"IIC_included_BITSTREAM",
	"sprVersion":	"2.0",
	"mode":	"gui",
	"dsaType":	"Fixed",
	"platformDesc":	"IIC_included_BITSTREAM",
	"platHandOff":	"E:/Projects_E_drive/SOC_labos/xsa_files/IIC_UPDATED_GPIO.xsa",
	"platIntHandOff":	"<platformDir>/hw/IIC_UPDATED_GPIO.xsa",
	"deviceType":	"zynq",
	"platIsPrebuiltAutogen":	"false",
	"platIsNoBootBsp":	"false",
	"hasFsblMakeHasChanges":	"false",
	"hasPmufwMakeHasChanges":	"false",
	"fsblExtraCompilerFlags":	"-MMD -MP       -mcpu=cortex-a9 -mfpu=vfpv3 -mfloat-abi=hard ",
	"platPreBuiltFlag":	false,
	"platformSamplesDir":	"",
	"platActiveSys":	"IIC_included_BITSTREAM",
	"systems":	[{
			"systemName":	"IIC_included_BITSTREAM",
			"systemDesc":	"IIC_included_BITSTREAM",
			"sysIsBootAutoGen":	"true",
			"systemDispName":	"IIC_included_BITSTREAM",
			"sysActiveDom":	"standalone_ps7_cortexa9_0",
			"sysDefaultDom":	"standalone_ps7_cortexa9_0",
			"domains":	[{
					"domainName":	"zynq_fsbl",
					"domainDispName":	"zynq_fsbl",
					"domainDesc":	"FSBL Application BSP - Auto Generated.",
					"processors":	"ps7_cortexa9_0",
					"os":	"standalone",
					"sdxOs":	"standalone",
					"debugEnable":	"",
					"domRuntimes":	["cpp"],
					"swRepo":	"",
					"mssOsVer":	"9.1",
					"mssFile":	"",
					"md5Digest":	"bdf62030c4d081aa908b060af63a45811",
					"compatibleApp":	"zynq_fsbl",
					"domType":	"bootDomain",
					"arch":	"32-bit",
					"appSettings":	{
						"appCompilerFlags":	"",
						"appLinkerFlags":	""
					},
					"addedLibs":	["xilffs:5.2", "xilrsa:1.8"],
					"libOptions":	{
						"libsContainingOptions":	[]
					},
					"prebuiltLibs":	{
						"prebuiltIncPath":	[],
						"prebuiltLibPath":	[]
					},
					"isolation":	{
					}
				}, {
					"domainName":	"standalone_ps7_cortexa9_0",
					"domainDispName":	"standalone_ps7_cortexa9_0",
					"domainDesc":	"standalone_ps7_cortexa9_0",
					"processors":	"ps7_cortexa9_0",
					"os":	"standalone",
					"sdxOs":	"standalone",
					"qemuArgs":	"<platformDir>/resources/IIC_included_BITSTREAM/standalone_ps7_cortexa9_0/qemu_args.txt",
					"qemuData":	"<platformDir>/resources/IIC_included_BITSTREAM/standalone_ps7_cortexa9_0/qemu",
					"debugEnable":	"False",
					"domRuntimes":	["cpp"],
					"swRepo":	"",
					"mssOsVer":	"9.1",
					"mssFile":	"",
					"md5Digest":	"86a62c3fd6eb6fed97012a85f0ab11561",
					"compatibleApp":	"",
					"domType":	"mssDomain",
					"arch":	"32-bit",
					"appSettings":	{
						"appCompilerFlags":	"",
						"appLinkerFlags":	""
					},
					"addedLibs":	[],
					"libOptions":	{
						"libsContainingOptions":	[]
					},
					"prebuiltLibs":	{
						"prebuiltIncPath":	[],
						"prebuiltLibPath":	[]
					},
					"isolation":	{
					}
				}]
		}]
}
TRACE::2025-05-11.16:04:29::SCWBDomain::System Command Ran  E:&  cd  E:/vitis_projects/auto_project/full_car/IIC_included_BITSTREAM/zynq_fsbl & make clean
TRACE::2025-05-11.16:04:30::SCWBDomain::rm -rf  sd.o  nand.o  image_mover.o  md5.o  fsbl_hooks.o  main.o  nor.o  qspi.o  rsa.o  ps7_init.o  pcap.o  fsbl_handoff.o zynq
TRACE::2025-05-11.16:04:30::SCWBDomain::_fsbl_bsp/ps7_cortexa9_0/lib/libxil.a fsbl.elf *.o

TRACE::2025-05-11.16:04:30::SCWBDomain::System Command Ran  E:&  cd  E:/vitis_projects/auto_project/full_car/IIC_included_BITSTREAM/zynq_fsbl/zynq_fsbl_bsp & make clean
TRACE::2025-05-11.16:04:30::SCWBDomain::make -C ps7_cortexa9_0/libsrc/coresightps_dcc_v1_10/src -s clean 

TRACE::2025-05-11.16:04:30::SCWBDomain::make -C ps7_cortexa9_0/libsrc/cpu_cortexa9_v2_12/src -s clean 

TRACE::2025-05-11.16:04:30::SCWBDomain::make -C ps7_cortexa9_0/libsrc/ddrps_v1_2/src -s clean 

TRACE::2025-05-11.16:04:30::SCWBDomain::make -C ps7_cortexa9_0/libsrc/devcfg_v3_8/src -s clean 

TRACE::2025-05-11.16:04:30::SCWBDomain::make -C ps7_cortexa9_0/libsrc/dmaps_v2_10/src -s clean 

TRACE::2025-05-11.16:04:30::SCWBDomain::make -C ps7_cortexa9_0/libsrc/emacps_v3_20/src -s clean 

TRACE::2025-05-11.16:04:30::SCWBDomain::make -C ps7_cortexa9_0/libsrc/gpiops_v3_13/src -s clean 

TRACE::2025-05-11.16:04:30::SCWBDomain::make -C ps7_cortexa9_0/libsrc/iic_v3_11/src -s clean 

TRACE::2025-05-11.16:04:30::SCWBDomain::make -C ps7_cortexa9_0/libsrc/Motor_DriverIP_v1_0/src -s clean 

TRACE::2025-05-11.16:04:30::SCWBDomain::make -C ps7_cortexa9_0/libsrc/qspips_v3_12/src -s clean 

TRACE::2025-05-11.16:04:30::SCWBDomain::make -C ps7_cortexa9_0/libsrc/scugic_v5_3/src -s clean 

TRACE::2025-05-11.16:04:30::SCWBDomain::make -C ps7_cortexa9_0/libsrc/scutimer_v2_6/src -s clean 

TRACE::2025-05-11.16:04:30::SCWBDomain::make -C ps7_cortexa9_0/libsrc/scuwdt_v2_5/src -s clean 

TRACE::2025-05-11.16:04:31::SCWBDomain::make -C ps7_cortexa9_0/libsrc/sdps_v4_3/src -s clean 

TRACE::2025-05-11.16:04:31::SCWBDomain::make -C ps7_cortexa9_0/libsrc/SpeedSensor_Driver_IP_v1_0/src -s clean 

TRACE::2025-05-11.16:04:31::SCWBDomain::make -C ps7_cortexa9_0/libsrc/standalone_v9_1/src -s clean 

TRACE::2025-05-11.16:04:31::SCWBDomain::make -C ps7_cortexa9_0/libsrc/tmrctr_v4_12/src -s clean 

TRACE::2025-05-11.16:04:31::SCWBDomain::make -C ps7_cortexa9_0/libsrc/uartps_v3_14/src -s clean 

TRACE::2025-05-11.16:04:31::SCWBDomain::make -C ps7_cortexa9_0/libsrc/usbps_v2_9/src -s clean 

TRACE::2025-05-11.16:04:31::SCWBDomain::make -C ps7_cortexa9_0/libsrc/xadcps_v2_7/src -s clean 

TRACE::2025-05-11.16:04:31::SCWBDomain::make -C ps7_cortexa9_0/libsrc/xilffs_v5_2/src -s clean 

TRACE::2025-05-11.16:04:31::SCWBDomain::make -C ps7_cortexa9_0/libsrc/xilrsa_v1_8/src -s clean 

TRACE::2025-05-11.16:04:32::SCWBDomain::rm -f ps7_cortexa9_0/lib/libxil.a

TRACE::2025-05-11.16:04:32::SCWMssOS::cleaning the bsp 
TRACE::2025-05-11.16:04:32::SCWMssOS::System Command Ran  E: & cd  E:/vitis_projects/auto_project/full_car/IIC_included_BITSTREAM/ps7_cortexa9_0/standalone_ps7_cortexa9_0/bsp & make clean 
TRACE::2025-05-11.16:04:32::SCWMssOS::make -C ps7_cortexa9_0/libsrc/coresightps_dcc_v1_10/src -s clean 

TRACE::2025-05-11.16:04:32::SCWMssOS::make -C ps7_cortexa9_0/libsrc/cpu_cortexa9_v2_12/src -s clean 

TRACE::2025-05-11.16:04:32::SCWMssOS::make -C ps7_cortexa9_0/libsrc/ddrps_v1_2/src -s clean 

TRACE::2025-05-11.16:04:32::SCWMssOS::make -C ps7_cortexa9_0/libsrc/devcfg_v3_8/src -s clean 

TRACE::2025-05-11.16:04:32::SCWMssOS::make -C ps7_cortexa9_0/libsrc/dmaps_v2_10/src -s clean 

TRACE::2025-05-11.16:04:32::SCWMssOS::make -C ps7_cortexa9_0/libsrc/emacps_v3_20/src -s clean 

TRACE::2025-05-11.16:04:32::SCWMssOS::make -C ps7_cortexa9_0/libsrc/gpiops_v3_13/src -s clean 

TRACE::2025-05-11.16:04:32::SCWMssOS::make -C ps7_cortexa9_0/libsrc/iic_v3_11/src -s clean 

TRACE::2025-05-11.16:04:32::SCWMssOS::make -C ps7_cortexa9_0/libsrc/Motor_DriverIP_v1_0/src -s clean 

TRACE::2025-05-11.16:04:32::SCWMssOS::make -C ps7_cortexa9_0/libsrc/qspips_v3_12/src -s clean 

TRACE::2025-05-11.16:04:32::SCWMssOS::make -C ps7_cortexa9_0/libsrc/scugic_v5_3/src -s clean 

TRACE::2025-05-11.16:04:32::SCWMssOS::make -C ps7_cortexa9_0/libsrc/scutimer_v2_6/src -s clean 

TRACE::2025-05-11.16:04:32::SCWMssOS::make -C ps7_cortexa9_0/libsrc/scuwdt_v2_5/src -s clean 

TRACE::2025-05-11.16:04:32::SCWMssOS::make -C ps7_cortexa9_0/libsrc/sdps_v4_3/src -s clean 

TRACE::2025-05-11.16:04:32::SCWMssOS::make -C ps7_cortexa9_0/libsrc/SpeedSensor_Driver_IP_v1_0/src -s clean 

TRACE::2025-05-11.16:04:32::SCWMssOS::make -C ps7_cortexa9_0/libsrc/standalone_v9_1/src -s clean 

TRACE::2025-05-11.16:04:33::SCWMssOS::make -C ps7_cortexa9_0/libsrc/tmrctr_v4_12/src -s clean 

TRACE::2025-05-11.16:04:33::SCWMssOS::make -C ps7_cortexa9_0/libsrc/uartps_v3_14/src -s clean 

TRACE::2025-05-11.16:04:33::SCWMssOS::make -C ps7_cortexa9_0/libsrc/usbps_v2_9/src -s clean 

TRACE::2025-05-11.16:04:33::SCWMssOS::make -C ps7_cortexa9_0/libsrc/xadcps_v2_7/src -s clean 

TRACE::2025-05-11.16:04:33::SCWMssOS::rm -f ps7_cortexa9_0/lib/libxil.a

LOG::2025-05-11.16:04:35::SCWPlatform::Started generating the artifacts platform IIC_included_BITSTREAM
TRACE::2025-05-11.16:04:35::SCWPlatform::Sanity checking of platform is completed
LOG::2025-05-11.16:04:35::SCWPlatform::Started generating the artifacts for system configuration IIC_included_BITSTREAM
LOG::2025-05-11.16:04:35::SCWSystem::Checking the domain zynq_fsbl
LOG::2025-05-11.16:04:35::SCWSystem::Doing application build for :  zynq_fsbl
TRACE::2025-05-11.16:04:35::SCWBDomain::Not a forced makefile updation, No changes are present. 
TRACE::2025-05-11.16:04:35::SCWDomain::Building the domain as part of full build :  zynq_fsbl
TRACE::2025-05-11.16:04:35::SCWPlatform::Trying to open the hw design at E:/vitis_projects/auto_project/full_car/IIC_included_BITSTREAM/hw/IIC_UPDATED_GPIO.xsa
TRACE::2025-05-11.16:04:35::SCWPlatform::DSA given E:/vitis_projects/auto_project/full_car/IIC_included_BITSTREAM/hw/IIC_UPDATED_GPIO.xsa
TRACE::2025-05-11.16:04:35::SCWPlatform::DSA absoulate path E:/vitis_projects/auto_project/full_car/IIC_included_BITSTREAM/hw/IIC_UPDATED_GPIO.xsa
TRACE::2025-05-11.16:04:35::SCWPlatform::DSA directory E:/vitis_projects/auto_project/full_car/IIC_included_BITSTREAM/hw
TRACE::2025-05-11.16:04:35::SCWPlatform:: Platform Path E:/vitis_projects/auto_project/full_car/IIC_included_BITSTREAM/hw/IIC_UPDATED_GPIO.xsa
TRACE::2025-05-11.16:04:35::SCWPlatform:: Unique name xilinx:pynq-z2::0.0
TRACE::2025-05-11.16:04:35::SCWPlatform::Trying to set the existing hwdb with name design_1_wrapper_1
TRACE::2025-05-11.16:04:35::SCWPlatform::Opened existing hwdb design_1_wrapper_1
TRACE::2025-05-11.16:04:35::SCWPlatform::Found the Hw Db part of the input DSA
TRACE::2025-05-11.16:04:35::SCWMssOS::Checking the sw design at  E:/vitis_projects/auto_project/full_car/IIC_included_BITSTREAM/zynq_fsbl/zynq_fsbl_bsp/system.mss
TRACE::2025-05-11.16:04:35::SCWMssOS::DEBUG:  swdes dump  E:/vitis_projects/auto_project/full_car/IIC_included_BITSTREAM/ps7_cortexa9_0/standalone_ps7_cortexa9_0/bsp/system.mss|system_0||
E:/vitis_projects/auto_project/full_car/IIC_included_BITSTREAM/zynq_fsbl/zynq_fsbl_bsp/system.mss|system||

TRACE::2025-05-11.16:04:35::SCWMssOS::Sw design exists and opened at  E:/vitis_projects/auto_project/full_car/IIC_included_BITSTREAM/zynq_fsbl/zynq_fsbl_bsp/system.mss
TRACE::2025-05-11.16:04:35::SCWBDomain::Completed writing the mss file at E:/vitis_projects/auto_project/full_car/IIC_included_BITSTREAM/zynq_fsbl/zynq_fsbl_bsp
TRACE::2025-05-11.16:04:35::SCWBDomain::bsp generated is stale removing and regenerating. 
TRACE::2025-05-11.16:04:37::SCWBDomain::Updating the makefile used for building the Application zynq_fsbl
TRACE::2025-05-11.16:04:37::SCWPlatform::Trying to open the hw design at E:/vitis_projects/auto_project/full_car/IIC_included_BITSTREAM/hw/IIC_UPDATED_GPIO.xsa
TRACE::2025-05-11.16:04:37::SCWPlatform::DSA given E:/vitis_projects/auto_project/full_car/IIC_included_BITSTREAM/hw/IIC_UPDATED_GPIO.xsa
TRACE::2025-05-11.16:04:37::SCWPlatform::DSA absoulate path E:/vitis_projects/auto_project/full_car/IIC_included_BITSTREAM/hw/IIC_UPDATED_GPIO.xsa
TRACE::2025-05-11.16:04:37::SCWPlatform::DSA directory E:/vitis_projects/auto_project/full_car/IIC_included_BITSTREAM/hw
TRACE::2025-05-11.16:04:37::SCWPlatform:: Platform Path E:/vitis_projects/auto_project/full_car/IIC_included_BITSTREAM/hw/IIC_UPDATED_GPIO.xsa
TRACE::2025-05-11.16:04:37::SCWPlatform:: Unique name xilinx:pynq-z2::0.0
TRACE::2025-05-11.16:04:37::SCWPlatform::Trying to set the existing hwdb with name design_1_wrapper_1
TRACE::2025-05-11.16:04:37::SCWPlatform::Opened existing hwdb design_1_wrapper_1
TRACE::2025-05-11.16:04:37::SCWPlatform::Found the Hw Db part of the input DSA
TRACE::2025-05-11.16:04:37::SCWMssOS::Checking the sw design at  E:/vitis_projects/auto_project/full_car/IIC_included_BITSTREAM/zynq_fsbl/zynq_fsbl_bsp/system.mss
TRACE::2025-05-11.16:04:37::SCWMssOS::DEBUG:  swdes dump  E:/vitis_projects/auto_project/full_car/IIC_included_BITSTREAM/ps7_cortexa9_0/standalone_ps7_cortexa9_0/bsp/system.mss|system_0||

TRACE::2025-05-11.16:04:37::SCWMssOS::No sw design opened at  E:/vitis_projects/auto_project/full_car/IIC_included_BITSTREAM/zynq_fsbl/zynq_fsbl_bsp/system.mss
TRACE::2025-05-11.16:04:37::SCWMssOS::mss exists loading the mss file  E:/vitis_projects/auto_project/full_car/IIC_included_BITSTREAM/zynq_fsbl/zynq_fsbl_bsp/system.mss
TRACE::2025-05-11.16:04:37::SCWMssOS::Opened the sw design from mss  E:/vitis_projects/auto_project/full_car/IIC_included_BITSTREAM/zynq_fsbl/zynq_fsbl_bsp/system.mss
TRACE::2025-05-11.16:04:37::SCWMssOS::Adding the swdes entry E:/vitis_projects/auto_project/full_car/IIC_included_BITSTREAM/zynq_fsbl/zynq_fsbl_bsp/system.mss with des name system
TRACE::2025-05-11.16:04:37::SCWMssOS::updating the scw layer about changes
TRACE::2025-05-11.16:04:37::SCWMssOS::Opened the sw design.  E:/vitis_projects/auto_project/full_car/IIC_included_BITSTREAM/zynq_fsbl/zynq_fsbl_bsp/system.mss
TRACE::2025-05-11.16:04:42::SCWBDomain::removing the temporary location in _platform.
TRACE::2025-05-11.16:04:42::SCWBDomain::Makefile is Updated.
TRACE::2025-05-11.16:04:42::SCWBDomain::doing clean.
TRACE::2025-05-11.16:04:42::SCWBDomain::System Command Ran  E:&  cd  E:/vitis_projects/auto_project/full_car/IIC_included_BITSTREAM/zynq_fsbl & make clean
TRACE::2025-05-11.16:04:42::SCWBDomain::rm -rf  sd.o  nand.o  image_mover.o  md5.o  fsbl_hooks.o  main.o  rsa.o  nor.o  qspi.o  ps7_init.o  pcap.o  fsbl_handoff.o zynq
TRACE::2025-05-11.16:04:42::SCWBDomain::_fsbl_bsp/ps7_cortexa9_0/lib/libxil.a fsbl.elf *.o

TRACE::2025-05-11.16:04:42::SCWBDomain::System Command Ran  E:&  cd  E:/vitis_projects/auto_project/full_car/IIC_included_BITSTREAM/zynq_fsbl& make -C  zynq_fsbl_bsp & make 
TRACE::2025-05-11.16:04:42::SCWBDomain::make: Entering directory 'E:/vitis_projects/auto_project/full_car/IIC_included_BITSTREAM/zynq_fsbl/zynq_fsbl_bsp'

TRACE::2025-05-11.16:04:42::SCWBDomain::make --no-print-directory seq_libs

TRACE::2025-05-11.16:04:42::SCWBDomain::"Running Make include in ps7_cortexa9_0/libsrc/coresightps_dcc_v1_10/src"

TRACE::2025-05-11.16:04:42::SCWBDomain::make -C ps7_cortexa9_0/libsrc/coresightps_dcc_v1_10/src -s include  "SHELL=CMD" "COMPILER=arm-none-eabi-gcc" "ASSEMBLER=arm-non
TRACE::2025-05-11.16:04:42::SCWBDomain::e-eabi-as" "ARCHIVER=arm-none-eabi-ar" "COMPILER_FLAGS=  -O2 -c" "EXTRA_COMPILER_FLAGS=-mcpu=cortex-a9 -mfpu=vfpv3 -mfloat-abi=
TRACE::2025-05-11.16:04:42::SCWBDomain::hard -nostartfiles -g -Wall -Wextra -fno-tree-loop-distribute-patterns"

TRACE::2025-05-11.16:04:42::SCWBDomain::"Running Make include in ps7_cortexa9_0/libsrc/cpu_cortexa9_v2_12/src"

TRACE::2025-05-11.16:04:42::SCWBDomain::make -C ps7_cortexa9_0/libsrc/cpu_cortexa9_v2_12/src -s include  "SHELL=CMD" "COMPILER=arm-none-eabi-gcc" "ASSEMBLER=arm-none-e
TRACE::2025-05-11.16:04:42::SCWBDomain::abi-as" "ARCHIVER=arm-none-eabi-ar" "COMPILER_FLAGS=  -O2 -c" "EXTRA_COMPILER_FLAGS=-mcpu=cortex-a9 -mfpu=vfpv3 -mfloat-abi=har
TRACE::2025-05-11.16:04:42::SCWBDomain::d -nostartfiles -g -Wall -Wextra -fno-tree-loop-distribute-patterns"

TRACE::2025-05-11.16:04:42::SCWBDomain::"Running Make include in ps7_cortexa9_0/libsrc/ddrps_v1_2/src"

TRACE::2025-05-11.16:04:42::SCWBDomain::make -C ps7_cortexa9_0/libsrc/ddrps_v1_2/src -s include  "SHELL=CMD" "COMPILER=arm-none-eabi-gcc" "ASSEMBLER=arm-none-eabi-as" 
TRACE::2025-05-11.16:04:42::SCWBDomain::"ARCHIVER=arm-none-eabi-ar" "COMPILER_FLAGS=  -O2 -c" "EXTRA_COMPILER_FLAGS=-mcpu=cortex-a9 -mfpu=vfpv3 -mfloat-abi=hard -nosta
TRACE::2025-05-11.16:04:42::SCWBDomain::rtfiles -g -Wall -Wextra -fno-tree-loop-distribute-patterns"

TRACE::2025-05-11.16:04:42::SCWBDomain::"Running Make include in ps7_cortexa9_0/libsrc/devcfg_v3_8/src"

TRACE::2025-05-11.16:04:42::SCWBDomain::make -C ps7_cortexa9_0/libsrc/devcfg_v3_8/src -s include  "SHELL=CMD" "COMPILER=arm-none-eabi-gcc" "ASSEMBLER=arm-none-eabi-as"
TRACE::2025-05-11.16:04:42::SCWBDomain:: "ARCHIVER=arm-none-eabi-ar" "COMPILER_FLAGS=  -O2 -c" "EXTRA_COMPILER_FLAGS=-mcpu=cortex-a9 -mfpu=vfpv3 -mfloat-abi=hard -nost
TRACE::2025-05-11.16:04:42::SCWBDomain::artfiles -g -Wall -Wextra -fno-tree-loop-distribute-patterns"

TRACE::2025-05-11.16:04:42::SCWBDomain::"Running Make include in ps7_cortexa9_0/libsrc/dmaps_v2_10/src"

TRACE::2025-05-11.16:04:42::SCWBDomain::make -C ps7_cortexa9_0/libsrc/dmaps_v2_10/src -s include  "SHELL=CMD" "COMPILER=arm-none-eabi-gcc" "ASSEMBLER=arm-none-eabi-as"
TRACE::2025-05-11.16:04:42::SCWBDomain:: "ARCHIVER=arm-none-eabi-ar" "COMPILER_FLAGS=  -O2 -c" "EXTRA_COMPILER_FLAGS=-mcpu=cortex-a9 -mfpu=vfpv3 -mfloat-abi=hard -nost
TRACE::2025-05-11.16:04:42::SCWBDomain::artfiles -g -Wall -Wextra -fno-tree-loop-distribute-patterns"

TRACE::2025-05-11.16:04:42::SCWBDomain::"Running Make include in ps7_cortexa9_0/libsrc/emacps_v3_20/src"

TRACE::2025-05-11.16:04:42::SCWBDomain::make -C ps7_cortexa9_0/libsrc/emacps_v3_20/src -s include  "SHELL=CMD" "COMPILER=arm-none-eabi-gcc" "ASSEMBLER=arm-none-eabi-as
TRACE::2025-05-11.16:04:42::SCWBDomain::" "ARCHIVER=arm-none-eabi-ar" "COMPILER_FLAGS=  -O2 -c" "EXTRA_COMPILER_FLAGS=-mcpu=cortex-a9 -mfpu=vfpv3 -mfloat-abi=hard -nos
TRACE::2025-05-11.16:04:42::SCWBDomain::tartfiles -g -Wall -Wextra -fno-tree-loop-distribute-patterns"

TRACE::2025-05-11.16:04:42::SCWBDomain::"Running Make include in ps7_cortexa9_0/libsrc/gpiops_v3_13/src"

TRACE::2025-05-11.16:04:42::SCWBDomain::make -C ps7_cortexa9_0/libsrc/gpiops_v3_13/src -s include  "SHELL=CMD" "COMPILER=arm-none-eabi-gcc" "ASSEMBLER=arm-none-eabi-as
TRACE::2025-05-11.16:04:42::SCWBDomain::" "ARCHIVER=arm-none-eabi-ar" "COMPILER_FLAGS=  -O2 -c" "EXTRA_COMPILER_FLAGS=-mcpu=cortex-a9 -mfpu=vfpv3 -mfloat-abi=hard -nos
TRACE::2025-05-11.16:04:42::SCWBDomain::tartfiles -g -Wall -Wextra -fno-tree-loop-distribute-patterns"

TRACE::2025-05-11.16:04:42::SCWBDomain::"Running Make include in ps7_cortexa9_0/libsrc/iic_v3_11/src"

TRACE::2025-05-11.16:04:42::SCWBDomain::make -C ps7_cortexa9_0/libsrc/iic_v3_11/src -s include  "SHELL=CMD" "COMPILER=arm-none-eabi-gcc" "ASSEMBLER=arm-none-eabi-as" "
TRACE::2025-05-11.16:04:42::SCWBDomain::ARCHIVER=arm-none-eabi-ar" "COMPILER_FLAGS=  -O2 -c" "EXTRA_COMPILER_FLAGS=-mcpu=cortex-a9 -mfpu=vfpv3 -mfloat-abi=hard -nostar
TRACE::2025-05-11.16:04:42::SCWBDomain::tfiles -g -Wall -Wextra -fno-tree-loop-distribute-patterns"

TRACE::2025-05-11.16:04:43::SCWBDomain::"Running Make include in ps7_cortexa9_0/libsrc/Motor_DriverIP_v1_0/src"

TRACE::2025-05-11.16:04:43::SCWBDomain::make -C ps7_cortexa9_0/libsrc/Motor_DriverIP_v1_0/src -s include  "SHELL=CMD" "COMPILER=arm-none-eabi-gcc" "ASSEMBLER=arm-none-
TRACE::2025-05-11.16:04:43::SCWBDomain::eabi-as" "ARCHIVER=arm-none-eabi-ar" "COMPILER_FLAGS=  -O2 -c" "EXTRA_COMPILER_FLAGS=-mcpu=cortex-a9 -mfpu=vfpv3 -mfloat-abi=ha
TRACE::2025-05-11.16:04:43::SCWBDomain::rd -nostartfiles -g -Wall -Wextra -fno-tree-loop-distribute-patterns"

TRACE::2025-05-11.16:04:43::SCWBDomain::"Running Make include in ps7_cortexa9_0/libsrc/qspips_v3_12/src"

TRACE::2025-05-11.16:04:43::SCWBDomain::make -C ps7_cortexa9_0/libsrc/qspips_v3_12/src -s include  "SHELL=CMD" "COMPILER=arm-none-eabi-gcc" "ASSEMBLER=arm-none-eabi-as
TRACE::2025-05-11.16:04:43::SCWBDomain::" "ARCHIVER=arm-none-eabi-ar" "COMPILER_FLAGS=  -O2 -c" "EXTRA_COMPILER_FLAGS=-mcpu=cortex-a9 -mfpu=vfpv3 -mfloat-abi=hard -nos
TRACE::2025-05-11.16:04:43::SCWBDomain::tartfiles -g -Wall -Wextra -fno-tree-loop-distribute-patterns"

TRACE::2025-05-11.16:04:43::SCWBDomain::"Running Make include in ps7_cortexa9_0/libsrc/scugic_v5_3/src"

TRACE::2025-05-11.16:04:43::SCWBDomain::make -C ps7_cortexa9_0/libsrc/scugic_v5_3/src -s include  "SHELL=CMD" "COMPILER=arm-none-eabi-gcc" "ASSEMBLER=arm-none-eabi-as"
TRACE::2025-05-11.16:04:43::SCWBDomain:: "ARCHIVER=arm-none-eabi-ar" "COMPILER_FLAGS=  -O2 -c" "EXTRA_COMPILER_FLAGS=-mcpu=cortex-a9 -mfpu=vfpv3 -mfloat-abi=hard -nost
TRACE::2025-05-11.16:04:43::SCWBDomain::artfiles -g -Wall -Wextra -fno-tree-loop-distribute-patterns"

TRACE::2025-05-11.16:04:43::SCWBDomain::"Running Make include in ps7_cortexa9_0/libsrc/scutimer_v2_6/src"

TRACE::2025-05-11.16:04:43::SCWBDomain::make -C ps7_cortexa9_0/libsrc/scutimer_v2_6/src -s include  "SHELL=CMD" "COMPILER=arm-none-eabi-gcc" "ASSEMBLER=arm-none-eabi-a
TRACE::2025-05-11.16:04:43::SCWBDomain::s" "ARCHIVER=arm-none-eabi-ar" "COMPILER_FLAGS=  -O2 -c" "EXTRA_COMPILER_FLAGS=-mcpu=cortex-a9 -mfpu=vfpv3 -mfloat-abi=hard -no
TRACE::2025-05-11.16:04:43::SCWBDomain::startfiles -g -Wall -Wextra -fno-tree-loop-distribute-patterns"

TRACE::2025-05-11.16:04:43::SCWBDomain::"Running Make include in ps7_cortexa9_0/libsrc/scuwdt_v2_5/src"

TRACE::2025-05-11.16:04:43::SCWBDomain::make -C ps7_cortexa9_0/libsrc/scuwdt_v2_5/src -s include  "SHELL=CMD" "COMPILER=arm-none-eabi-gcc" "ASSEMBLER=arm-none-eabi-as"
TRACE::2025-05-11.16:04:43::SCWBDomain:: "ARCHIVER=arm-none-eabi-ar" "COMPILER_FLAGS=  -O2 -c" "EXTRA_COMPILER_FLAGS=-mcpu=cortex-a9 -mfpu=vfpv3 -mfloat-abi=hard -nost
TRACE::2025-05-11.16:04:43::SCWBDomain::artfiles -g -Wall -Wextra -fno-tree-loop-distribute-patterns"

TRACE::2025-05-11.16:04:43::SCWBDomain::"Running Make include in ps7_cortexa9_0/libsrc/sdps_v4_3/src"

TRACE::2025-05-11.16:04:43::SCWBDomain::make -C ps7_cortexa9_0/libsrc/sdps_v4_3/src -s include  "SHELL=CMD" "COMPILER=arm-none-eabi-gcc" "ASSEMBLER=arm-none-eabi-as" "
TRACE::2025-05-11.16:04:43::SCWBDomain::ARCHIVER=arm-none-eabi-ar" "COMPILER_FLAGS=  -O2 -c" "EXTRA_COMPILER_FLAGS=-mcpu=cortex-a9 -mfpu=vfpv3 -mfloat-abi=hard -nostar
TRACE::2025-05-11.16:04:43::SCWBDomain::tfiles -g -Wall -Wextra -fno-tree-loop-distribute-patterns"

TRACE::2025-05-11.16:04:43::SCWBDomain::"Running Make include in ps7_cortexa9_0/libsrc/SpeedSensor_Driver_IP_v1_0/src"

TRACE::2025-05-11.16:04:43::SCWBDomain::make -C ps7_cortexa9_0/libsrc/SpeedSensor_Driver_IP_v1_0/src -s include  "SHELL=CMD" "COMPILER=arm-none-eabi-gcc" "ASSEMBLER=ar
TRACE::2025-05-11.16:04:43::SCWBDomain::m-none-eabi-as" "ARCHIVER=arm-none-eabi-ar" "COMPILER_FLAGS=  -O2 -c" "EXTRA_COMPILER_FLAGS=-mcpu=cortex-a9 -mfpu=vfpv3 -mfloat
TRACE::2025-05-11.16:04:43::SCWBDomain::-abi=hard -nostartfiles -g -Wall -Wextra -fno-tree-loop-distribute-patterns"

TRACE::2025-05-11.16:04:43::SCWBDomain::"Running Make include in ps7_cortexa9_0/libsrc/standalone_v9_1/src"

TRACE::2025-05-11.16:04:43::SCWBDomain::make -C ps7_cortexa9_0/libsrc/standalone_v9_1/src -s include  "SHELL=CMD" "COMPILER=arm-none-eabi-gcc" "ASSEMBLER=arm-none-eabi
TRACE::2025-05-11.16:04:43::SCWBDomain::-as" "ARCHIVER=arm-none-eabi-ar" "COMPILER_FLAGS=  -O2 -c" "EXTRA_COMPILER_FLAGS=-mcpu=cortex-a9 -mfpu=vfpv3 -mfloat-abi=hard -
TRACE::2025-05-11.16:04:43::SCWBDomain::nostartfiles -g -Wall -Wextra -fno-tree-loop-distribute-patterns"

TRACE::2025-05-11.16:04:44::SCWBDomain::"Running Make include in ps7_cortexa9_0/libsrc/tmrctr_v4_12/src"

TRACE::2025-05-11.16:04:44::SCWBDomain::make -C ps7_cortexa9_0/libsrc/tmrctr_v4_12/src -s include  "SHELL=CMD" "COMPILER=arm-none-eabi-gcc" "ASSEMBLER=arm-none-eabi-as
TRACE::2025-05-11.16:04:44::SCWBDomain::" "ARCHIVER=arm-none-eabi-ar" "COMPILER_FLAGS=  -O2 -c" "EXTRA_COMPILER_FLAGS=-mcpu=cortex-a9 -mfpu=vfpv3 -mfloat-abi=hard -nos
TRACE::2025-05-11.16:04:44::SCWBDomain::tartfiles -g -Wall -Wextra -fno-tree-loop-distribute-patterns"

TRACE::2025-05-11.16:04:44::SCWBDomain::"Running Make include in ps7_cortexa9_0/libsrc/uartps_v3_14/src"

TRACE::2025-05-11.16:04:44::SCWBDomain::make -C ps7_cortexa9_0/libsrc/uartps_v3_14/src -s include  "SHELL=CMD" "COMPILER=arm-none-eabi-gcc" "ASSEMBLER=arm-none-eabi-as
TRACE::2025-05-11.16:04:44::SCWBDomain::" "ARCHIVER=arm-none-eabi-ar" "COMPILER_FLAGS=  -O2 -c" "EXTRA_COMPILER_FLAGS=-mcpu=cortex-a9 -mfpu=vfpv3 -mfloat-abi=hard -nos
TRACE::2025-05-11.16:04:44::SCWBDomain::tartfiles -g -Wall -Wextra -fno-tree-loop-distribute-patterns"

TRACE::2025-05-11.16:04:44::SCWBDomain::"Running Make include in ps7_cortexa9_0/libsrc/usbps_v2_9/src"

TRACE::2025-05-11.16:04:44::SCWBDomain::make -C ps7_cortexa9_0/libsrc/usbps_v2_9/src -s include  "SHELL=CMD" "COMPILER=arm-none-eabi-gcc" "ASSEMBLER=arm-none-eabi-as" 
TRACE::2025-05-11.16:04:44::SCWBDomain::"ARCHIVER=arm-none-eabi-ar" "COMPILER_FLAGS=  -O2 -c" "EXTRA_COMPILER_FLAGS=-mcpu=cortex-a9 -mfpu=vfpv3 -mfloat-abi=hard -nosta
TRACE::2025-05-11.16:04:44::SCWBDomain::rtfiles -g -Wall -Wextra -fno-tree-loop-distribute-patterns"

TRACE::2025-05-11.16:04:44::SCWBDomain::"Running Make include in ps7_cortexa9_0/libsrc/xadcps_v2_7/src"

TRACE::2025-05-11.16:04:44::SCWBDomain::make -C ps7_cortexa9_0/libsrc/xadcps_v2_7/src -s include  "SHELL=CMD" "COMPILER=arm-none-eabi-gcc" "ASSEMBLER=arm-none-eabi-as"
TRACE::2025-05-11.16:04:44::SCWBDomain:: "ARCHIVER=arm-none-eabi-ar" "COMPILER_FLAGS=  -O2 -c" "EXTRA_COMPILER_FLAGS=-mcpu=cortex-a9 -mfpu=vfpv3 -mfloat-abi=hard -nost
TRACE::2025-05-11.16:04:44::SCWBDomain::artfiles -g -Wall -Wextra -fno-tree-loop-distribute-patterns"

TRACE::2025-05-11.16:04:44::SCWBDomain::"Running Make include in ps7_cortexa9_0/libsrc/xilffs_v5_2/src"

TRACE::2025-05-11.16:04:44::SCWBDomain::make -C ps7_cortexa9_0/libsrc/xilffs_v5_2/src -s include  "SHELL=CMD" "COMPILER=arm-none-eabi-gcc" "ASSEMBLER=arm-none-eabi-as"
TRACE::2025-05-11.16:04:44::SCWBDomain:: "ARCHIVER=arm-none-eabi-ar" "COMPILER_FLAGS=  -O2 -c" "EXTRA_COMPILER_FLAGS=-mcpu=cortex-a9 -mfpu=vfpv3 -mfloat-abi=hard -nost
TRACE::2025-05-11.16:04:44::SCWBDomain::artfiles -g -Wall -Wextra -fno-tree-loop-distribute-patterns"

TRACE::2025-05-11.16:04:44::SCWBDomain::"Running Make include in ps7_cortexa9_0/libsrc/xilrsa_v1_8/src"

TRACE::2025-05-11.16:04:44::SCWBDomain::make -C ps7_cortexa9_0/libsrc/xilrsa_v1_8/src -s include  "SHELL=CMD" "COMPILER=arm-none-eabi-gcc" "ASSEMBLER=arm-none-eabi-as"
TRACE::2025-05-11.16:04:44::SCWBDomain:: "ARCHIVER=arm-none-eabi-ar" "COMPILER_FLAGS=  -O2 -c" "EXTRA_COMPILER_FLAGS=-mcpu=cortex-a9 -mfpu=vfpv3 -mfloat-abi=hard -nost
TRACE::2025-05-11.16:04:44::SCWBDomain::artfiles -g -Wall -Wextra -fno-tree-loop-distribute-patterns"

TRACE::2025-05-11.16:04:44::SCWBDomain::"Running Make libs in ps7_cortexa9_0/libsrc/Motor_DriverIP_v1_0/src"

TRACE::2025-05-11.16:04:44::SCWBDomain::make -C ps7_cortexa9_0/libsrc/Motor_DriverIP_v1_0/src -s libs  "SHELL=CMD" "COMPILER=arm-none-eabi-gcc" "ASSEMBLER=arm-none-eab
TRACE::2025-05-11.16:04:44::SCWBDomain::i-as" "ARCHIVER=arm-none-eabi-ar" "COMPILER_FLAGS=  -O2 -c" "EXTRA_COMPILER_FLAGS=-mcpu=cortex-a9 -mfpu=vfpv3 -mfloat-abi=hard 
TRACE::2025-05-11.16:04:44::SCWBDomain::-nostartfiles -g -Wall -Wextra -fno-tree-loop-distribute-patterns"

TRACE::2025-05-11.16:04:44::SCWBDomain::"Compiling Motor_DriverIP..."

TRACE::2025-05-11.16:04:44::SCWBDomain::make: Leaving directory 'E:/vitis_projects/auto_project/full_car/IIC_included_BITSTREAM/zynq_fsbl/zynq_fsbl_bsp'

TRACE::2025-05-11.16:04:44::SCWBDomain::make -C zynq_fsbl_bsp

TRACE::2025-05-11.16:04:44::SCWBDomain::make[1]: Entering directory 'E:/vitis_projects/auto_project/full_car/IIC_included_BITSTREAM/zynq_fsbl/zynq_fsbl_bsp'

TRACE::2025-05-11.16:04:44::SCWBDomain::make --no-print-directory seq_libs

TRACE::2025-05-11.16:04:44::SCWBDomain::"Running Make include in ps7_cortexa9_0/libsrc/coresightps_dcc_v1_10/src"

TRACE::2025-05-11.16:04:44::SCWBDomain::make -C ps7_cortexa9_0/libsrc/coresightps_dcc_v1_10/src -s include  "SHELL=CMD" "COMPILER=arm-none-eabi-gcc" "ASSEMBLER=arm-non
TRACE::2025-05-11.16:04:44::SCWBDomain::e-eabi-as" "ARCHIVER=arm-none-eabi-ar" "COMPILER_FLAGS=  -O2 -c" "EXTRA_COMPILER_FLAGS=-mcpu=cortex-a9 -mfpu=vfpv3 -mfloat-abi=
TRACE::2025-05-11.16:04:44::SCWBDomain::hard -nostartfiles -g -Wall -Wextra -fno-tree-loop-distribute-patterns"

TRACE::2025-05-11.16:04:44::SCWBDomain::"Running Make include in ps7_cortexa9_0/libsrc/cpu_cortexa9_v2_12/src"

TRACE::2025-05-11.16:04:44::SCWBDomain::make -C ps7_cortexa9_0/libsrc/cpu_cortexa9_v2_12/src -s include  "SHELL=CMD" "COMPILER=arm-none-eabi-gcc" "ASSEMBLER=arm-none-e
TRACE::2025-05-11.16:04:44::SCWBDomain::abi-as" "ARCHIVER=arm-none-eabi-ar" "COMPILER_FLAGS=  -O2 -c" "EXTRA_COMPILER_FLAGS=-mcpu=cortex-a9 -mfpu=vfpv3 -mfloat-abi=har
TRACE::2025-05-11.16:04:44::SCWBDomain::d -nostartfiles -g -Wall -Wextra -fno-tree-loop-distribute-patterns"

TRACE::2025-05-11.16:04:44::SCWBDomain::"Running Make include in ps7_cortexa9_0/libsrc/ddrps_v1_2/src"

TRACE::2025-05-11.16:04:44::SCWBDomain::make -C ps7_cortexa9_0/libsrc/ddrps_v1_2/src -s include  "SHELL=CMD" "COMPILER=arm-none-eabi-gcc" "ASSEMBLER=arm-none-eabi-as" 
TRACE::2025-05-11.16:04:44::SCWBDomain::"ARCHIVER=arm-none-eabi-ar" "COMPILER_FLAGS=  -O2 -c" "EXTRA_COMPILER_FLAGS=-mcpu=cortex-a9 -mfpu=vfpv3 -mfloat-abi=hard -nosta
TRACE::2025-05-11.16:04:44::SCWBDomain::rtfiles -g -Wall -Wextra -fno-tree-loop-distribute-patterns"

TRACE::2025-05-11.16:04:44::SCWBDomain::"Running Make include in ps7_cortexa9_0/libsrc/devcfg_v3_8/src"

TRACE::2025-05-11.16:04:44::SCWBDomain::make -C ps7_cortexa9_0/libsrc/devcfg_v3_8/src -s include  "SHELL=CMD" "COMPILER=arm-none-eabi-gcc" "ASSEMBLER=arm-none-eabi-as"
TRACE::2025-05-11.16:04:44::SCWBDomain:: "ARCHIVER=arm-none-eabi-ar" "COMPILER_FLAGS=  -O2 -c" "EXTRA_COMPILER_FLAGS=-mcpu=cortex-a9 -mfpu=vfpv3 -mfloat-abi=hard -nost
TRACE::2025-05-11.16:04:44::SCWBDomain::artfiles -g -Wall -Wextra -fno-tree-loop-distribute-patterns"

TRACE::2025-05-11.16:04:45::SCWBDomain::"Running Make include in ps7_cortexa9_0/libsrc/dmaps_v2_10/src"

TRACE::2025-05-11.16:04:45::SCWBDomain::make -C ps7_cortexa9_0/libsrc/dmaps_v2_10/src -s include  "SHELL=CMD" "COMPILER=arm-none-eabi-gcc" "ASSEMBLER=arm-none-eabi-as"
TRACE::2025-05-11.16:04:45::SCWBDomain:: "ARCHIVER=arm-none-eabi-ar" "COMPILER_FLAGS=  -O2 -c" "EXTRA_COMPILER_FLAGS=-mcpu=cortex-a9 -mfpu=vfpv3 -mfloat-abi=hard -nost
TRACE::2025-05-11.16:04:45::SCWBDomain::artfiles -g -Wall -Wextra -fno-tree-loop-distribute-patterns"

TRACE::2025-05-11.16:04:45::SCWBDomain::"Running Make include in ps7_cortexa9_0/libsrc/emacps_v3_20/src"

TRACE::2025-05-11.16:04:45::SCWBDomain::make -C ps7_cortexa9_0/libsrc/emacps_v3_20/src -s include  "SHELL=CMD" "COMPILER=arm-none-eabi-gcc" "ASSEMBLER=arm-none-eabi-as
TRACE::2025-05-11.16:04:45::SCWBDomain::" "ARCHIVER=arm-none-eabi-ar" "COMPILER_FLAGS=  -O2 -c" "EXTRA_COMPILER_FLAGS=-mcpu=cortex-a9 -mfpu=vfpv3 -mfloat-abi=hard -nos
TRACE::2025-05-11.16:04:45::SCWBDomain::tartfiles -g -Wall -Wextra -fno-tree-loop-distribute-patterns"

TRACE::2025-05-11.16:04:45::SCWBDomain::"Running Make include in ps7_cortexa9_0/libsrc/gpiops_v3_13/src"

TRACE::2025-05-11.16:04:45::SCWBDomain::make -C ps7_cortexa9_0/libsrc/gpiops_v3_13/src -s include  "SHELL=CMD" "COMPILER=arm-none-eabi-gcc" "ASSEMBLER=arm-none-eabi-as
TRACE::2025-05-11.16:04:45::SCWBDomain::" "ARCHIVER=arm-none-eabi-ar" "COMPILER_FLAGS=  -O2 -c" "EXTRA_COMPILER_FLAGS=-mcpu=cortex-a9 -mfpu=vfpv3 -mfloat-abi=hard -nos
TRACE::2025-05-11.16:04:45::SCWBDomain::tartfiles -g -Wall -Wextra -fno-tree-loop-distribute-patterns"

TRACE::2025-05-11.16:04:45::SCWBDomain::"Running Make include in ps7_cortexa9_0/libsrc/iic_v3_11/src"

TRACE::2025-05-11.16:04:45::SCWBDomain::make -C ps7_cortexa9_0/libsrc/iic_v3_11/src -s include  "SHELL=CMD" "COMPILER=arm-none-eabi-gcc" "ASSEMBLER=arm-none-eabi-as" "
TRACE::2025-05-11.16:04:45::SCWBDomain::ARCHIVER=arm-none-eabi-ar" "COMPILER_FLAGS=  -O2 -c" "EXTRA_COMPILER_FLAGS=-mcpu=cortex-a9 -mfpu=vfpv3 -mfloat-abi=hard -nostar
TRACE::2025-05-11.16:04:45::SCWBDomain::tfiles -g -Wall -Wextra -fno-tree-loop-distribute-patterns"

TRACE::2025-05-11.16:04:45::SCWBDomain::"Running Make include in ps7_cortexa9_0/libsrc/Motor_DriverIP_v1_0/src"

TRACE::2025-05-11.16:04:45::SCWBDomain::make -C ps7_cortexa9_0/libsrc/Motor_DriverIP_v1_0/src -s include  "SHELL=CMD" "COMPILER=arm-none-eabi-gcc" "ASSEMBLER=arm-none-
TRACE::2025-05-11.16:04:45::SCWBDomain::eabi-as" "ARCHIVER=arm-none-eabi-ar" "COMPILER_FLAGS=  -O2 -c" "EXTRA_COMPILER_FLAGS=-mcpu=cortex-a9 -mfpu=vfpv3 -mfloat-abi=ha
TRACE::2025-05-11.16:04:45::SCWBDomain::rd -nostartfiles -g -Wall -Wextra -fno-tree-loop-distribute-patterns"

TRACE::2025-05-11.16:04:45::SCWBDomain::"Running Make include in ps7_cortexa9_0/libsrc/qspips_v3_12/src"

TRACE::2025-05-11.16:04:45::SCWBDomain::make -C ps7_cortexa9_0/libsrc/qspips_v3_12/src -s include  "SHELL=CMD" "COMPILER=arm-none-eabi-gcc" "ASSEMBLER=arm-none-eabi-as
TRACE::2025-05-11.16:04:45::SCWBDomain::" "ARCHIVER=arm-none-eabi-ar" "COMPILER_FLAGS=  -O2 -c" "EXTRA_COMPILER_FLAGS=-mcpu=cortex-a9 -mfpu=vfpv3 -mfloat-abi=hard -nos
TRACE::2025-05-11.16:04:45::SCWBDomain::tartfiles -g -Wall -Wextra -fno-tree-loop-distribute-patterns"

TRACE::2025-05-11.16:04:45::SCWBDomain::"Running Make include in ps7_cortexa9_0/libsrc/scugic_v5_3/src"

TRACE::2025-05-11.16:04:45::SCWBDomain::make -C ps7_cortexa9_0/libsrc/scugic_v5_3/src -s include  "SHELL=CMD" "COMPILER=arm-none-eabi-gcc" "ASSEMBLER=arm-none-eabi-as"
TRACE::2025-05-11.16:04:45::SCWBDomain:: "ARCHIVER=arm-none-eabi-ar" "COMPILER_FLAGS=  -O2 -c" "EXTRA_COMPILER_FLAGS=-mcpu=cortex-a9 -mfpu=vfpv3 -mfloat-abi=hard -nost
TRACE::2025-05-11.16:04:45::SCWBDomain::artfiles -g -Wall -Wextra -fno-tree-loop-distribute-patterns"

TRACE::2025-05-11.16:04:45::SCWBDomain::"Running Make include in ps7_cortexa9_0/libsrc/scutimer_v2_6/src"

TRACE::2025-05-11.16:04:45::SCWBDomain::make -C ps7_cortexa9_0/libsrc/scutimer_v2_6/src -s include  "SHELL=CMD" "COMPILER=arm-none-eabi-gcc" "ASSEMBLER=arm-none-eabi-a
TRACE::2025-05-11.16:04:45::SCWBDomain::s" "ARCHIVER=arm-none-eabi-ar" "COMPILER_FLAGS=  -O2 -c" "EXTRA_COMPILER_FLAGS=-mcpu=cortex-a9 -mfpu=vfpv3 -mfloat-abi=hard -no
TRACE::2025-05-11.16:04:45::SCWBDomain::startfiles -g -Wall -Wextra -fno-tree-loop-distribute-patterns"

TRACE::2025-05-11.16:04:45::SCWBDomain::"Running Make include in ps7_cortexa9_0/libsrc/scuwdt_v2_5/src"

TRACE::2025-05-11.16:04:45::SCWBDomain::make -C ps7_cortexa9_0/libsrc/scuwdt_v2_5/src -s include  "SHELL=CMD" "COMPILER=arm-none-eabi-gcc" "ASSEMBLER=arm-none-eabi-as"
TRACE::2025-05-11.16:04:45::SCWBDomain:: "ARCHIVER=arm-none-eabi-ar" "COMPILER_FLAGS=  -O2 -c" "EXTRA_COMPILER_FLAGS=-mcpu=cortex-a9 -mfpu=vfpv3 -mfloat-abi=hard -nost
TRACE::2025-05-11.16:04:45::SCWBDomain::artfiles -g -Wall -Wextra -fno-tree-loop-distribute-patterns"

TRACE::2025-05-11.16:04:45::SCWBDomain::"Running Make include in ps7_cortexa9_0/libsrc/sdps_v4_3/src"

TRACE::2025-05-11.16:04:45::SCWBDomain::make -C ps7_cortexa9_0/libsrc/sdps_v4_3/src -s include  "SHELL=CMD" "COMPILER=arm-none-eabi-gcc" "ASSEMBLER=arm-none-eabi-as" "
TRACE::2025-05-11.16:04:45::SCWBDomain::ARCHIVER=arm-none-eabi-ar" "COMPILER_FLAGS=  -O2 -c" "EXTRA_COMPILER_FLAGS=-mcpu=cortex-a9 -mfpu=vfpv3 -mfloat-abi=hard -nostar
TRACE::2025-05-11.16:04:45::SCWBDomain::tfiles -g -Wall -Wextra -fno-tree-loop-distribute-patterns"

TRACE::2025-05-11.16:04:45::SCWBDomain::"Running Make include in ps7_cortexa9_0/libsrc/SpeedSensor_Driver_IP_v1_0/src"

TRACE::2025-05-11.16:04:45::SCWBDomain::make -C ps7_cortexa9_0/libsrc/SpeedSensor_Driver_IP_v1_0/src -s include  "SHELL=CMD" "COMPILER=arm-none-eabi-gcc" "ASSEMBLER=ar
TRACE::2025-05-11.16:04:45::SCWBDomain::m-none-eabi-as" "ARCHIVER=arm-none-eabi-ar" "COMPILER_FLAGS=  -O2 -c" "EXTRA_COMPILER_FLAGS=-mcpu=cortex-a9 -mfpu=vfpv3 -mfloat
TRACE::2025-05-11.16:04:45::SCWBDomain::-abi=hard -nostartfiles -g -Wall -Wextra -fno-tree-loop-distribute-patterns"

TRACE::2025-05-11.16:04:45::SCWBDomain::"Running Make include in ps7_cortexa9_0/libsrc/standalone_v9_1/src"

TRACE::2025-05-11.16:04:45::SCWBDomain::make -C ps7_cortexa9_0/libsrc/standalone_v9_1/src -s include  "SHELL=CMD" "COMPILER=arm-none-eabi-gcc" "ASSEMBLER=arm-none-eabi
TRACE::2025-05-11.16:04:45::SCWBDomain::-as" "ARCHIVER=arm-none-eabi-ar" "COMPILER_FLAGS=  -O2 -c" "EXTRA_COMPILER_FLAGS=-mcpu=cortex-a9 -mfpu=vfpv3 -mfloat-abi=hard -
TRACE::2025-05-11.16:04:45::SCWBDomain::nostartfiles -g -Wall -Wextra -fno-tree-loop-distribute-patterns"

TRACE::2025-05-11.16:04:45::SCWBDomain::"Running Make include in ps7_cortexa9_0/libsrc/tmrctr_v4_12/src"

TRACE::2025-05-11.16:04:45::SCWBDomain::make -C ps7_cortexa9_0/libsrc/tmrctr_v4_12/src -s include  "SHELL=CMD" "COMPILER=arm-none-eabi-gcc" "ASSEMBLER=arm-none-eabi-as
TRACE::2025-05-11.16:04:45::SCWBDomain::" "ARCHIVER=arm-none-eabi-ar" "COMPILER_FLAGS=  -O2 -c" "EXTRA_COMPILER_FLAGS=-mcpu=cortex-a9 -mfpu=vfpv3 -mfloat-abi=hard -nos
TRACE::2025-05-11.16:04:45::SCWBDomain::tartfiles -g -Wall -Wextra -fno-tree-loop-distribute-patterns"

TRACE::2025-05-11.16:04:45::SCWBDomain::"Running Make include in ps7_cortexa9_0/libsrc/uartps_v3_14/src"

TRACE::2025-05-11.16:04:45::SCWBDomain::make -C ps7_cortexa9_0/libsrc/uartps_v3_14/src -s include  "SHELL=CMD" "COMPILER=arm-none-eabi-gcc" "ASSEMBLER=arm-none-eabi-as
TRACE::2025-05-11.16:04:45::SCWBDomain::" "ARCHIVER=arm-none-eabi-ar" "COMPILER_FLAGS=  -O2 -c" "EXTRA_COMPILER_FLAGS=-mcpu=cortex-a9 -mfpu=vfpv3 -mfloat-abi=hard -nos
TRACE::2025-05-11.16:04:45::SCWBDomain::tartfiles -g -Wall -Wextra -fno-tree-loop-distribute-patterns"

TRACE::2025-05-11.16:04:45::SCWBDomain::"Running Make include in ps7_cortexa9_0/libsrc/usbps_v2_9/src"

TRACE::2025-05-11.16:04:45::SCWBDomain::make -C ps7_cortexa9_0/libsrc/usbps_v2_9/src -s include  "SHELL=CMD" "COMPILER=arm-none-eabi-gcc" "ASSEMBLER=arm-none-eabi-as" 
TRACE::2025-05-11.16:04:45::SCWBDomain::"ARCHIVER=arm-none-eabi-ar" "COMPILER_FLAGS=  -O2 -c" "EXTRA_COMPILER_FLAGS=-mcpu=cortex-a9 -mfpu=vfpv3 -mfloat-abi=hard -nosta
TRACE::2025-05-11.16:04:45::SCWBDomain::rtfiles -g -Wall -Wextra -fno-tree-loop-distribute-patterns"

TRACE::2025-05-11.16:04:45::SCWBDomain::"Running Make include in ps7_cortexa9_0/libsrc/xadcps_v2_7/src"

TRACE::2025-05-11.16:04:45::SCWBDomain::make -C ps7_cortexa9_0/libsrc/xadcps_v2_7/src -s include  "SHELL=CMD" "COMPILER=arm-none-eabi-gcc" "ASSEMBLER=arm-none-eabi-as"
TRACE::2025-05-11.16:04:45::SCWBDomain:: "ARCHIVER=arm-none-eabi-ar" "COMPILER_FLAGS=  -O2 -c" "EXTRA_COMPILER_FLAGS=-mcpu=cortex-a9 -mfpu=vfpv3 -mfloat-abi=hard -nost
TRACE::2025-05-11.16:04:45::SCWBDomain::artfiles -g -Wall -Wextra -fno-tree-loop-distribute-patterns"

TRACE::2025-05-11.16:04:45::SCWBDomain::"Running Make include in ps7_cortexa9_0/libsrc/xilffs_v5_2/src"

TRACE::2025-05-11.16:04:45::SCWBDomain::make -C ps7_cortexa9_0/libsrc/xilffs_v5_2/src -s include  "SHELL=CMD" "COMPILER=arm-none-eabi-gcc" "ASSEMBLER=arm-none-eabi-as"
TRACE::2025-05-11.16:04:45::SCWBDomain:: "ARCHIVER=arm-none-eabi-ar" "COMPILER_FLAGS=  -O2 -c" "EXTRA_COMPILER_FLAGS=-mcpu=cortex-a9 -mfpu=vfpv3 -mfloat-abi=hard -nost
TRACE::2025-05-11.16:04:45::SCWBDomain::artfiles -g -Wall -Wextra -fno-tree-loop-distribute-patterns"

TRACE::2025-05-11.16:04:45::SCWBDomain::"Running Make include in ps7_cortexa9_0/libsrc/xilrsa_v1_8/src"

TRACE::2025-05-11.16:04:45::SCWBDomain::make -C ps7_cortexa9_0/libsrc/xilrsa_v1_8/src -s include  "SHELL=CMD" "COMPILER=arm-none-eabi-gcc" "ASSEMBLER=arm-none-eabi-as"
TRACE::2025-05-11.16:04:45::SCWBDomain:: "ARCHIVER=arm-none-eabi-ar" "COMPILER_FLAGS=  -O2 -c" "EXTRA_COMPILER_FLAGS=-mcpu=cortex-a9 -mfpu=vfpv3 -mfloat-abi=hard -nost
TRACE::2025-05-11.16:04:45::SCWBDomain::artfiles -g -Wall -Wextra -fno-tree-loop-distribute-patterns"

TRACE::2025-05-11.16:04:45::SCWBDomain::"Running Make libs in ps7_cortexa9_0/libsrc/Motor_DriverIP_v1_0/src"

TRACE::2025-05-11.16:04:45::SCWBDomain::make -C ps7_cortexa9_0/libsrc/Motor_DriverIP_v1_0/src -s libs  "SHELL=CMD" "COMPILER=arm-none-eabi-gcc" "ASSEMBLER=arm-none-eab
TRACE::2025-05-11.16:04:45::SCWBDomain::i-as" "ARCHIVER=arm-none-eabi-ar" "COMPILER_FLAGS=  -O2 -c" "EXTRA_COMPILER_FLAGS=-mcpu=cortex-a9 -mfpu=vfpv3 -mfloat-abi=hard 
TRACE::2025-05-11.16:04:45::SCWBDomain::-nostartfiles -g -Wall -Wextra -fno-tree-loop-distribute-patterns"

TRACE::2025-05-11.16:04:45::SCWBDomain::"Compiling Motor_DriverIP..."

TRACE::2025-05-11.16:04:45::SCWBDomain::make[1]: Leaving directory 'E:/vitis_projects/auto_project/full_car/IIC_included_BITSTREAM/zynq_fsbl/zynq_fsbl_bsp'

ERROR::2025-05-11.16:04:45::SCWBDomain::Failed to build the  zynq_fsbl application.
LOG::2025-05-11.16:04:45::SCWSystem::Checking the domain standalone_ps7_cortexa9_0
LOG::2025-05-11.16:04:45::SCWSystem::Not a boot domain 
LOG::2025-05-11.16:04:45::SCWSystem::Started Processing the domain standalone_ps7_cortexa9_0
TRACE::2025-05-11.16:04:45::SCWDomain::Generating domain artifcats
TRACE::2025-05-11.16:04:45::SCWMssOS::Generating standalone artifcats
TRACE::2025-05-11.16:04:45::SCWMssOS::Copying the qemu file from  E:/vitis_projects/auto_project/full_car/IIC_included_BITSTREAM/resources/IIC_included_BITSTREAM/standalone_ps7_cortexa9_0/qemu_args.txt To E:/vitis_projects/auto_project/full_car/IIC_included_BITSTREAM/export/IIC_included_BITSTREAM/sw/IIC_included_BITSTREAM/qemu/
TRACE::2025-05-11.16:04:45::SCWMssOS::Copying the qemu file from  E:/vitis_projects/auto_project/full_car/IIC_included_BITSTREAM/resources/IIC_included_BITSTREAM/standalone_ps7_cortexa9_0/qemu_args.txt To E:/vitis_projects/auto_project/full_car/IIC_included_BITSTREAM/export/IIC_included_BITSTREAM/sw/IIC_included_BITSTREAM/standalone_ps7_cortexa9_0/qemu/
TRACE::2025-05-11.16:04:45::SCWMssOS:: Copying the user libraries. 
TRACE::2025-05-11.16:04:45::SCWPlatform::Trying to open the hw design at E:/vitis_projects/auto_project/full_car/IIC_included_BITSTREAM/hw/IIC_UPDATED_GPIO.xsa
TRACE::2025-05-11.16:04:45::SCWPlatform::DSA given E:/vitis_projects/auto_project/full_car/IIC_included_BITSTREAM/hw/IIC_UPDATED_GPIO.xsa
TRACE::2025-05-11.16:04:45::SCWPlatform::DSA absoulate path E:/vitis_projects/auto_project/full_car/IIC_included_BITSTREAM/hw/IIC_UPDATED_GPIO.xsa
TRACE::2025-05-11.16:04:45::SCWPlatform::DSA directory E:/vitis_projects/auto_project/full_car/IIC_included_BITSTREAM/hw
TRACE::2025-05-11.16:04:45::SCWPlatform:: Platform Path E:/vitis_projects/auto_project/full_car/IIC_included_BITSTREAM/hw/IIC_UPDATED_GPIO.xsa
TRACE::2025-05-11.16:04:45::SCWPlatform:: Unique name xilinx:pynq-z2::0.0
TRACE::2025-05-11.16:04:45::SCWPlatform::Trying to set the existing hwdb with name design_1_wrapper_1
TRACE::2025-05-11.16:04:45::SCWPlatform::Opened existing hwdb design_1_wrapper_1
TRACE::2025-05-11.16:04:45::SCWPlatform::Found the Hw Db part of the input DSA
TRACE::2025-05-11.16:04:45::SCWMssOS::Checking the sw design at  E:/vitis_projects/auto_project/full_car/IIC_included_BITSTREAM/ps7_cortexa9_0/standalone_ps7_cortexa9_0/bsp/system.mss
TRACE::2025-05-11.16:04:45::SCWMssOS::DEBUG:  swdes dump  E:/vitis_projects/auto_project/full_car/IIC_included_BITSTREAM/ps7_cortexa9_0/standalone_ps7_cortexa9_0/bsp/system.mss|system_0||
E:/vitis_projects/auto_project/full_car/IIC_included_BITSTREAM/zynq_fsbl/zynq_fsbl_bsp/system.mss|system||

TRACE::2025-05-11.16:04:45::SCWMssOS::Sw design exists and opened at  E:/vitis_projects/auto_project/full_car/IIC_included_BITSTREAM/ps7_cortexa9_0/standalone_ps7_cortexa9_0/bsp/system.mss
TRACE::2025-05-11.16:04:45::SCWMssOS::Completed writing the mss file at E:/vitis_projects/auto_project/full_car/IIC_included_BITSTREAM/ps7_cortexa9_0/standalone_ps7_cortexa9_0/bsp
TRACE::2025-05-11.16:04:45::SCWMssOS::Mss edits present, copying mssfile into export location E:/vitis_projects/auto_project/full_car/IIC_included_BITSTREAM/ps7_cortexa9_0/standalone_ps7_cortexa9_0/bsp/system.mss
TRACE::2025-05-11.16:04:45::SCWMssOS::bsp generated is stale removing and regenerating. 
TRACE::2025-05-11.16:04:46::SCWMssOS::doing bsp build ... 
TRACE::2025-05-11.16:04:46::SCWMssOS::System Command Ran  E: & cd  E:/vitis_projects/auto_project/full_car/IIC_included_BITSTREAM/ps7_cortexa9_0/standalone_ps7_cortexa9_0/bsp & make 
TRACE::2025-05-11.16:04:46::SCWMssOS::make --no-print-directory seq_libs

TRACE::2025-05-11.16:04:46::SCWMssOS::"Running Make include in ps7_cortexa9_0/libsrc/coresightps_dcc_v1_10/src"

TRACE::2025-05-11.16:04:46::SCWMssOS::make -C ps7_cortexa9_0/libsrc/coresightps_dcc_v1_10/src -s include  "SHELL=CMD" "COMPILER=arm-none-eabi-gcc" "ASSEMBLER=arm-non
TRACE::2025-05-11.16:04:46::SCWMssOS::e-eabi-as" "ARCHIVER=arm-none-eabi-ar" "COMPILER_FLAGS=  -O2 -c" "EXTRA_COMPILER_FLAGS=-mcpu=cortex-a9 -mfpu=vfpv3 -mfloat-abi=
TRACE::2025-05-11.16:04:46::SCWMssOS::hard -nostartfiles -g -Wall -Wextra -fno-tree-loop-distribute-patterns"

TRACE::2025-05-11.16:04:46::SCWMssOS::"Running Make include in ps7_cortexa9_0/libsrc/cpu_cortexa9_v2_12/src"

TRACE::2025-05-11.16:04:46::SCWMssOS::make -C ps7_cortexa9_0/libsrc/cpu_cortexa9_v2_12/src -s include  "SHELL=CMD" "COMPILER=arm-none-eabi-gcc" "ASSEMBLER=arm-none-e
TRACE::2025-05-11.16:04:46::SCWMssOS::abi-as" "ARCHIVER=arm-none-eabi-ar" "COMPILER_FLAGS=  -O2 -c" "EXTRA_COMPILER_FLAGS=-mcpu=cortex-a9 -mfpu=vfpv3 -mfloat-abi=har
TRACE::2025-05-11.16:04:46::SCWMssOS::d -nostartfiles -g -Wall -Wextra -fno-tree-loop-distribute-patterns"

TRACE::2025-05-11.16:04:46::SCWMssOS::"Running Make include in ps7_cortexa9_0/libsrc/ddrps_v1_2/src"

TRACE::2025-05-11.16:04:46::SCWMssOS::make -C ps7_cortexa9_0/libsrc/ddrps_v1_2/src -s include  "SHELL=CMD" "COMPILER=arm-none-eabi-gcc" "ASSEMBLER=arm-none-eabi-as" 
TRACE::2025-05-11.16:04:46::SCWMssOS::"ARCHIVER=arm-none-eabi-ar" "COMPILER_FLAGS=  -O2 -c" "EXTRA_COMPILER_FLAGS=-mcpu=cortex-a9 -mfpu=vfpv3 -mfloat-abi=hard -nosta
TRACE::2025-05-11.16:04:46::SCWMssOS::rtfiles -g -Wall -Wextra -fno-tree-loop-distribute-patterns"

TRACE::2025-05-11.16:04:46::SCWMssOS::"Running Make include in ps7_cortexa9_0/libsrc/devcfg_v3_8/src"

TRACE::2025-05-11.16:04:46::SCWMssOS::make -C ps7_cortexa9_0/libsrc/devcfg_v3_8/src -s include  "SHELL=CMD" "COMPILER=arm-none-eabi-gcc" "ASSEMBLER=arm-none-eabi-as"
TRACE::2025-05-11.16:04:46::SCWMssOS:: "ARCHIVER=arm-none-eabi-ar" "COMPILER_FLAGS=  -O2 -c" "EXTRA_COMPILER_FLAGS=-mcpu=cortex-a9 -mfpu=vfpv3 -mfloat-abi=hard -nost
TRACE::2025-05-11.16:04:46::SCWMssOS::artfiles -g -Wall -Wextra -fno-tree-loop-distribute-patterns"

TRACE::2025-05-11.16:04:46::SCWMssOS::"Running Make include in ps7_cortexa9_0/libsrc/dmaps_v2_10/src"

TRACE::2025-05-11.16:04:46::SCWMssOS::make -C ps7_cortexa9_0/libsrc/dmaps_v2_10/src -s include  "SHELL=CMD" "COMPILER=arm-none-eabi-gcc" "ASSEMBLER=arm-none-eabi-as"
TRACE::2025-05-11.16:04:46::SCWMssOS:: "ARCHIVER=arm-none-eabi-ar" "COMPILER_FLAGS=  -O2 -c" "EXTRA_COMPILER_FLAGS=-mcpu=cortex-a9 -mfpu=vfpv3 -mfloat-abi=hard -nost
TRACE::2025-05-11.16:04:46::SCWMssOS::artfiles -g -Wall -Wextra -fno-tree-loop-distribute-patterns"

TRACE::2025-05-11.16:04:46::SCWMssOS::"Running Make include in ps7_cortexa9_0/libsrc/emacps_v3_20/src"

TRACE::2025-05-11.16:04:46::SCWMssOS::make -C ps7_cortexa9_0/libsrc/emacps_v3_20/src -s include  "SHELL=CMD" "COMPILER=arm-none-eabi-gcc" "ASSEMBLER=arm-none-eabi-as
TRACE::2025-05-11.16:04:46::SCWMssOS::" "ARCHIVER=arm-none-eabi-ar" "COMPILER_FLAGS=  -O2 -c" "EXTRA_COMPILER_FLAGS=-mcpu=cortex-a9 -mfpu=vfpv3 -mfloat-abi=hard -nos
TRACE::2025-05-11.16:04:46::SCWMssOS::tartfiles -g -Wall -Wextra -fno-tree-loop-distribute-patterns"

TRACE::2025-05-11.16:04:47::SCWMssOS::"Running Make include in ps7_cortexa9_0/libsrc/gpiops_v3_13/src"

TRACE::2025-05-11.16:04:47::SCWMssOS::make -C ps7_cortexa9_0/libsrc/gpiops_v3_13/src -s include  "SHELL=CMD" "COMPILER=arm-none-eabi-gcc" "ASSEMBLER=arm-none-eabi-as
TRACE::2025-05-11.16:04:47::SCWMssOS::" "ARCHIVER=arm-none-eabi-ar" "COMPILER_FLAGS=  -O2 -c" "EXTRA_COMPILER_FLAGS=-mcpu=cortex-a9 -mfpu=vfpv3 -mfloat-abi=hard -nos
TRACE::2025-05-11.16:04:47::SCWMssOS::tartfiles -g -Wall -Wextra -fno-tree-loop-distribute-patterns"

TRACE::2025-05-11.16:04:47::SCWMssOS::"Running Make include in ps7_cortexa9_0/libsrc/iic_v3_11/src"

TRACE::2025-05-11.16:04:47::SCWMssOS::make -C ps7_cortexa9_0/libsrc/iic_v3_11/src -s include  "SHELL=CMD" "COMPILER=arm-none-eabi-gcc" "ASSEMBLER=arm-none-eabi-as" "
TRACE::2025-05-11.16:04:47::SCWMssOS::ARCHIVER=arm-none-eabi-ar" "COMPILER_FLAGS=  -O2 -c" "EXTRA_COMPILER_FLAGS=-mcpu=cortex-a9 -mfpu=vfpv3 -mfloat-abi=hard -nostar
TRACE::2025-05-11.16:04:47::SCWMssOS::tfiles -g -Wall -Wextra -fno-tree-loop-distribute-patterns"

TRACE::2025-05-11.16:04:47::SCWMssOS::"Running Make include in ps7_cortexa9_0/libsrc/Motor_DriverIP_v1_0/src"

TRACE::2025-05-11.16:04:47::SCWMssOS::make -C ps7_cortexa9_0/libsrc/Motor_DriverIP_v1_0/src -s include  "SHELL=CMD" "COMPILER=arm-none-eabi-gcc" "ASSEMBLER=arm-none-
TRACE::2025-05-11.16:04:47::SCWMssOS::eabi-as" "ARCHIVER=arm-none-eabi-ar" "COMPILER_FLAGS=  -O2 -c" "EXTRA_COMPILER_FLAGS=-mcpu=cortex-a9 -mfpu=vfpv3 -mfloat-abi=ha
TRACE::2025-05-11.16:04:47::SCWMssOS::rd -nostartfiles -g -Wall -Wextra -fno-tree-loop-distribute-patterns"

TRACE::2025-05-11.16:04:47::SCWMssOS::"Running Make include in ps7_cortexa9_0/libsrc/qspips_v3_12/src"

TRACE::2025-05-11.16:04:47::SCWMssOS::make -C ps7_cortexa9_0/libsrc/qspips_v3_12/src -s include  "SHELL=CMD" "COMPILER=arm-none-eabi-gcc" "ASSEMBLER=arm-none-eabi-as
TRACE::2025-05-11.16:04:47::SCWMssOS::" "ARCHIVER=arm-none-eabi-ar" "COMPILER_FLAGS=  -O2 -c" "EXTRA_COMPILER_FLAGS=-mcpu=cortex-a9 -mfpu=vfpv3 -mfloat-abi=hard -nos
TRACE::2025-05-11.16:04:47::SCWMssOS::tartfiles -g -Wall -Wextra -fno-tree-loop-distribute-patterns"

TRACE::2025-05-11.16:04:47::SCWMssOS::"Running Make include in ps7_cortexa9_0/libsrc/scugic_v5_3/src"

TRACE::2025-05-11.16:04:47::SCWMssOS::make -C ps7_cortexa9_0/libsrc/scugic_v5_3/src -s include  "SHELL=CMD" "COMPILER=arm-none-eabi-gcc" "ASSEMBLER=arm-none-eabi-as"
TRACE::2025-05-11.16:04:47::SCWMssOS:: "ARCHIVER=arm-none-eabi-ar" "COMPILER_FLAGS=  -O2 -c" "EXTRA_COMPILER_FLAGS=-mcpu=cortex-a9 -mfpu=vfpv3 -mfloat-abi=hard -nost
TRACE::2025-05-11.16:04:47::SCWMssOS::artfiles -g -Wall -Wextra -fno-tree-loop-distribute-patterns"

TRACE::2025-05-11.16:04:47::SCWMssOS::"Running Make include in ps7_cortexa9_0/libsrc/scutimer_v2_6/src"

TRACE::2025-05-11.16:04:47::SCWMssOS::make -C ps7_cortexa9_0/libsrc/scutimer_v2_6/src -s include  "SHELL=CMD" "COMPILER=arm-none-eabi-gcc" "ASSEMBLER=arm-none-eabi-a
TRACE::2025-05-11.16:04:47::SCWMssOS::s" "ARCHIVER=arm-none-eabi-ar" "COMPILER_FLAGS=  -O2 -c" "EXTRA_COMPILER_FLAGS=-mcpu=cortex-a9 -mfpu=vfpv3 -mfloat-abi=hard -no
TRACE::2025-05-11.16:04:47::SCWMssOS::startfiles -g -Wall -Wextra -fno-tree-loop-distribute-patterns"

TRACE::2025-05-11.16:04:47::SCWMssOS::"Running Make include in ps7_cortexa9_0/libsrc/scuwdt_v2_5/src"

TRACE::2025-05-11.16:04:47::SCWMssOS::make -C ps7_cortexa9_0/libsrc/scuwdt_v2_5/src -s include  "SHELL=CMD" "COMPILER=arm-none-eabi-gcc" "ASSEMBLER=arm-none-eabi-as"
TRACE::2025-05-11.16:04:47::SCWMssOS:: "ARCHIVER=arm-none-eabi-ar" "COMPILER_FLAGS=  -O2 -c" "EXTRA_COMPILER_FLAGS=-mcpu=cortex-a9 -mfpu=vfpv3 -mfloat-abi=hard -nost
TRACE::2025-05-11.16:04:47::SCWMssOS::artfiles -g -Wall -Wextra -fno-tree-loop-distribute-patterns"

TRACE::2025-05-11.16:04:47::SCWMssOS::"Running Make include in ps7_cortexa9_0/libsrc/sdps_v4_3/src"

TRACE::2025-05-11.16:04:47::SCWMssOS::make -C ps7_cortexa9_0/libsrc/sdps_v4_3/src -s include  "SHELL=CMD" "COMPILER=arm-none-eabi-gcc" "ASSEMBLER=arm-none-eabi-as" "
TRACE::2025-05-11.16:04:47::SCWMssOS::ARCHIVER=arm-none-eabi-ar" "COMPILER_FLAGS=  -O2 -c" "EXTRA_COMPILER_FLAGS=-mcpu=cortex-a9 -mfpu=vfpv3 -mfloat-abi=hard -nostar
TRACE::2025-05-11.16:04:47::SCWMssOS::tfiles -g -Wall -Wextra -fno-tree-loop-distribute-patterns"

TRACE::2025-05-11.16:04:47::SCWMssOS::"Running Make include in ps7_cortexa9_0/libsrc/SpeedSensor_Driver_IP_v1_0/src"

TRACE::2025-05-11.16:04:47::SCWMssOS::make -C ps7_cortexa9_0/libsrc/SpeedSensor_Driver_IP_v1_0/src -s include  "SHELL=CMD" "COMPILER=arm-none-eabi-gcc" "ASSEMBLER=ar
TRACE::2025-05-11.16:04:47::SCWMssOS::m-none-eabi-as" "ARCHIVER=arm-none-eabi-ar" "COMPILER_FLAGS=  -O2 -c" "EXTRA_COMPILER_FLAGS=-mcpu=cortex-a9 -mfpu=vfpv3 -mfloat
TRACE::2025-05-11.16:04:47::SCWMssOS::-abi=hard -nostartfiles -g -Wall -Wextra -fno-tree-loop-distribute-patterns"

TRACE::2025-05-11.16:04:47::SCWMssOS::"Running Make include in ps7_cortexa9_0/libsrc/standalone_v9_1/src"

TRACE::2025-05-11.16:04:47::SCWMssOS::make -C ps7_cortexa9_0/libsrc/standalone_v9_1/src -s include  "SHELL=CMD" "COMPILER=arm-none-eabi-gcc" "ASSEMBLER=arm-none-eabi
TRACE::2025-05-11.16:04:47::SCWMssOS::-as" "ARCHIVER=arm-none-eabi-ar" "COMPILER_FLAGS=  -O2 -c" "EXTRA_COMPILER_FLAGS=-mcpu=cortex-a9 -mfpu=vfpv3 -mfloat-abi=hard -
TRACE::2025-05-11.16:04:47::SCWMssOS::nostartfiles -g -Wall -Wextra -fno-tree-loop-distribute-patterns"

TRACE::2025-05-11.16:04:48::SCWMssOS::"Running Make include in ps7_cortexa9_0/libsrc/tmrctr_v4_12/src"

TRACE::2025-05-11.16:04:48::SCWMssOS::make -C ps7_cortexa9_0/libsrc/tmrctr_v4_12/src -s include  "SHELL=CMD" "COMPILER=arm-none-eabi-gcc" "ASSEMBLER=arm-none-eabi-as
TRACE::2025-05-11.16:04:48::SCWMssOS::" "ARCHIVER=arm-none-eabi-ar" "COMPILER_FLAGS=  -O2 -c" "EXTRA_COMPILER_FLAGS=-mcpu=cortex-a9 -mfpu=vfpv3 -mfloat-abi=hard -nos
TRACE::2025-05-11.16:04:48::SCWMssOS::tartfiles -g -Wall -Wextra -fno-tree-loop-distribute-patterns"

TRACE::2025-05-11.16:04:48::SCWMssOS::"Running Make include in ps7_cortexa9_0/libsrc/uartps_v3_14/src"

TRACE::2025-05-11.16:04:48::SCWMssOS::make -C ps7_cortexa9_0/libsrc/uartps_v3_14/src -s include  "SHELL=CMD" "COMPILER=arm-none-eabi-gcc" "ASSEMBLER=arm-none-eabi-as
TRACE::2025-05-11.16:04:48::SCWMssOS::" "ARCHIVER=arm-none-eabi-ar" "COMPILER_FLAGS=  -O2 -c" "EXTRA_COMPILER_FLAGS=-mcpu=cortex-a9 -mfpu=vfpv3 -mfloat-abi=hard -nos
TRACE::2025-05-11.16:04:48::SCWMssOS::tartfiles -g -Wall -Wextra -fno-tree-loop-distribute-patterns"

TRACE::2025-05-11.16:04:48::SCWMssOS::"Running Make include in ps7_cortexa9_0/libsrc/usbps_v2_9/src"

TRACE::2025-05-11.16:04:48::SCWMssOS::make -C ps7_cortexa9_0/libsrc/usbps_v2_9/src -s include  "SHELL=CMD" "COMPILER=arm-none-eabi-gcc" "ASSEMBLER=arm-none-eabi-as" 
TRACE::2025-05-11.16:04:48::SCWMssOS::"ARCHIVER=arm-none-eabi-ar" "COMPILER_FLAGS=  -O2 -c" "EXTRA_COMPILER_FLAGS=-mcpu=cortex-a9 -mfpu=vfpv3 -mfloat-abi=hard -nosta
TRACE::2025-05-11.16:04:48::SCWMssOS::rtfiles -g -Wall -Wextra -fno-tree-loop-distribute-patterns"

TRACE::2025-05-11.16:04:48::SCWMssOS::"Running Make include in ps7_cortexa9_0/libsrc/xadcps_v2_7/src"

TRACE::2025-05-11.16:04:48::SCWMssOS::make -C ps7_cortexa9_0/libsrc/xadcps_v2_7/src -s include  "SHELL=CMD" "COMPILER=arm-none-eabi-gcc" "ASSEMBLER=arm-none-eabi-as"
TRACE::2025-05-11.16:04:48::SCWMssOS:: "ARCHIVER=arm-none-eabi-ar" "COMPILER_FLAGS=  -O2 -c" "EXTRA_COMPILER_FLAGS=-mcpu=cortex-a9 -mfpu=vfpv3 -mfloat-abi=hard -nost
TRACE::2025-05-11.16:04:48::SCWMssOS::artfiles -g -Wall -Wextra -fno-tree-loop-distribute-patterns"

TRACE::2025-05-11.16:04:48::SCWMssOS::"Running Make libs in ps7_cortexa9_0/libsrc/Motor_DriverIP_v1_0/src"

TRACE::2025-05-11.16:04:48::SCWMssOS::make -C ps7_cortexa9_0/libsrc/Motor_DriverIP_v1_0/src -s libs  "SHELL=CMD" "COMPILER=arm-none-eabi-gcc" "ASSEMBLER=arm-none-eab
TRACE::2025-05-11.16:04:48::SCWMssOS::i-as" "ARCHIVER=arm-none-eabi-ar" "COMPILER_FLAGS=  -O2 -c" "EXTRA_COMPILER_FLAGS=-mcpu=cortex-a9 -mfpu=vfpv3 -mfloat-abi=hard 
TRACE::2025-05-11.16:04:48::SCWMssOS::-nostartfiles -g -Wall -Wextra -fno-tree-loop-distribute-patterns"

TRACE::2025-05-11.16:04:48::SCWMssOS::"Compiling Motor_DriverIP..."

ERROR::2025-05-11.16:04:48::SCWMssOS::Failed to build  the bsp sources for domain - standalone_ps7_cortexa9_0
ERROR::2025-05-11.16:04:48::SCWSystem::Error in Processing the domain standalone_ps7_cortexa9_0
LOG::2025-05-11.16:05:44::SCWPlatform::Started generating the artifacts platform IIC_included_BITSTREAM
TRACE::2025-05-11.16:05:44::SCWPlatform::Sanity checking of platform is completed
LOG::2025-05-11.16:05:44::SCWPlatform::Started generating the artifacts for system configuration IIC_included_BITSTREAM
LOG::2025-05-11.16:05:44::SCWSystem::Checking the domain zynq_fsbl
LOG::2025-05-11.16:05:44::SCWSystem::Doing application build for :  zynq_fsbl
TRACE::2025-05-11.16:05:44::SCWBDomain::Not a forced makefile updation, No changes are present. 
TRACE::2025-05-11.16:05:44::SCWDomain::Building the domain as part of full build :  zynq_fsbl
TRACE::2025-05-11.16:05:44::SCWPlatform::Trying to open the hw design at E:/vitis_projects/auto_project/full_car/IIC_included_BITSTREAM/hw/IIC_UPDATED_GPIO.xsa
TRACE::2025-05-11.16:05:44::SCWPlatform::DSA given E:/vitis_projects/auto_project/full_car/IIC_included_BITSTREAM/hw/IIC_UPDATED_GPIO.xsa
TRACE::2025-05-11.16:05:44::SCWPlatform::DSA absoulate path E:/vitis_projects/auto_project/full_car/IIC_included_BITSTREAM/hw/IIC_UPDATED_GPIO.xsa
TRACE::2025-05-11.16:05:44::SCWPlatform::DSA directory E:/vitis_projects/auto_project/full_car/IIC_included_BITSTREAM/hw
TRACE::2025-05-11.16:05:44::SCWPlatform:: Platform Path E:/vitis_projects/auto_project/full_car/IIC_included_BITSTREAM/hw/IIC_UPDATED_GPIO.xsa
TRACE::2025-05-11.16:05:44::SCWPlatform:: Unique name xilinx:pynq-z2::0.0
TRACE::2025-05-11.16:05:44::SCWPlatform::Trying to set the existing hwdb with name design_1_wrapper_1
TRACE::2025-05-11.16:05:44::SCWPlatform::Opened existing hwdb design_1_wrapper_1
TRACE::2025-05-11.16:05:44::SCWPlatform::Found the Hw Db part of the input DSA
TRACE::2025-05-11.16:05:44::SCWMssOS::Checking the sw design at  E:/vitis_projects/auto_project/full_car/IIC_included_BITSTREAM/zynq_fsbl/zynq_fsbl_bsp/system.mss
TRACE::2025-05-11.16:05:44::SCWMssOS::DEBUG:  swdes dump  E:/vitis_projects/auto_project/full_car/IIC_included_BITSTREAM/zynq_fsbl/zynq_fsbl_bsp/system.mss|system||

KEYINFO::2025-05-11.16:05:44::SCWMssOS::Could not open the swdb for system
KEYINFO::2025-05-11.16:05:44::SCWMssOS::Could not open the sw design at  system
ERROR: [Hsi 55-1558] Software Design system is not found

TRACE::2025-05-11.16:05:44::SCWMssOS::Cleared the swdb table entry
TRACE::2025-05-11.16:05:44::SCWMssOS::No sw design opened at  E:/vitis_projects/auto_project/full_car/IIC_included_BITSTREAM/zynq_fsbl/zynq_fsbl_bsp/system.mss
TRACE::2025-05-11.16:05:44::SCWMssOS::mss exists loading the mss file  E:/vitis_projects/auto_project/full_car/IIC_included_BITSTREAM/zynq_fsbl/zynq_fsbl_bsp/system.mss
TRACE::2025-05-11.16:05:44::SCWMssOS::Opened the sw design from mss  E:/vitis_projects/auto_project/full_car/IIC_included_BITSTREAM/zynq_fsbl/zynq_fsbl_bsp/system.mss
TRACE::2025-05-11.16:05:44::SCWMssOS::Adding the swdes entry E:/vitis_projects/auto_project/full_car/IIC_included_BITSTREAM/zynq_fsbl/zynq_fsbl_bsp/system.mss with des name system
TRACE::2025-05-11.16:05:44::SCWMssOS::updating the scw layer about changes
TRACE::2025-05-11.16:05:44::SCWMssOS::Opened the sw design.  E:/vitis_projects/auto_project/full_car/IIC_included_BITSTREAM/zynq_fsbl/zynq_fsbl_bsp/system.mss
TRACE::2025-05-11.16:05:44::SCWBDomain::Completed writing the mss file at E:/vitis_projects/auto_project/full_car/IIC_included_BITSTREAM/zynq_fsbl/zynq_fsbl_bsp
TRACE::2025-05-11.16:05:44::SCWBDomain::bsp generated is upto date with the mss file. Skipping bsp generation.
TRACE::2025-05-11.16:05:44::SCWBDomain::Not a forced makefile updation, No changes are present. 
TRACE::2025-05-11.16:05:44::SCWBDomain::System Command Ran  E:&  cd  E:/vitis_projects/auto_project/full_car/IIC_included_BITSTREAM/zynq_fsbl& make -C  zynq_fsbl_bsp & make 
TRACE::2025-05-11.16:05:44::SCWBDomain::make: Entering directory 'E:/vitis_projects/auto_project/full_car/IIC_included_BITSTREAM/zynq_fsbl/zynq_fsbl_bsp'

TRACE::2025-05-11.16:05:44::SCWBDomain::make --no-print-directory seq_libs

TRACE::2025-05-11.16:05:44::SCWBDomain::"Running Make include in ps7_cortexa9_0/libsrc/coresightps_dcc_v1_10/src"

TRACE::2025-05-11.16:05:44::SCWBDomain::make -C ps7_cortexa9_0/libsrc/coresightps_dcc_v1_10/src -s include  "SHELL=CMD" "COMPILER=arm-none-eabi-gcc" "ASSEMBLER=arm-non
TRACE::2025-05-11.16:05:44::SCWBDomain::e-eabi-as" "ARCHIVER=arm-none-eabi-ar" "COMPILER_FLAGS=  -O2 -c" "EXTRA_COMPILER_FLAGS=-mcpu=cortex-a9 -mfpu=vfpv3 -mfloat-abi=
TRACE::2025-05-11.16:05:44::SCWBDomain::hard -nostartfiles -g -Wall -Wextra -fno-tree-loop-distribute-patterns"

TRACE::2025-05-11.16:05:44::SCWBDomain::"Running Make include in ps7_cortexa9_0/libsrc/cpu_cortexa9_v2_12/src"

TRACE::2025-05-11.16:05:44::SCWBDomain::make -C ps7_cortexa9_0/libsrc/cpu_cortexa9_v2_12/src -s include  "SHELL=CMD" "COMPILER=arm-none-eabi-gcc" "ASSEMBLER=arm-none-e
TRACE::2025-05-11.16:05:44::SCWBDomain::abi-as" "ARCHIVER=arm-none-eabi-ar" "COMPILER_FLAGS=  -O2 -c" "EXTRA_COMPILER_FLAGS=-mcpu=cortex-a9 -mfpu=vfpv3 -mfloat-abi=har
TRACE::2025-05-11.16:05:44::SCWBDomain::d -nostartfiles -g -Wall -Wextra -fno-tree-loop-distribute-patterns"

TRACE::2025-05-11.16:05:44::SCWBDomain::"Running Make include in ps7_cortexa9_0/libsrc/ddrps_v1_2/src"

TRACE::2025-05-11.16:05:44::SCWBDomain::make -C ps7_cortexa9_0/libsrc/ddrps_v1_2/src -s include  "SHELL=CMD" "COMPILER=arm-none-eabi-gcc" "ASSEMBLER=arm-none-eabi-as" 
TRACE::2025-05-11.16:05:44::SCWBDomain::"ARCHIVER=arm-none-eabi-ar" "COMPILER_FLAGS=  -O2 -c" "EXTRA_COMPILER_FLAGS=-mcpu=cortex-a9 -mfpu=vfpv3 -mfloat-abi=hard -nosta
TRACE::2025-05-11.16:05:44::SCWBDomain::rtfiles -g -Wall -Wextra -fno-tree-loop-distribute-patterns"

TRACE::2025-05-11.16:05:44::SCWBDomain::"Running Make include in ps7_cortexa9_0/libsrc/devcfg_v3_8/src"

TRACE::2025-05-11.16:05:44::SCWBDomain::make -C ps7_cortexa9_0/libsrc/devcfg_v3_8/src -s include  "SHELL=CMD" "COMPILER=arm-none-eabi-gcc" "ASSEMBLER=arm-none-eabi-as"
TRACE::2025-05-11.16:05:44::SCWBDomain:: "ARCHIVER=arm-none-eabi-ar" "COMPILER_FLAGS=  -O2 -c" "EXTRA_COMPILER_FLAGS=-mcpu=cortex-a9 -mfpu=vfpv3 -mfloat-abi=hard -nost
TRACE::2025-05-11.16:05:44::SCWBDomain::artfiles -g -Wall -Wextra -fno-tree-loop-distribute-patterns"

TRACE::2025-05-11.16:05:44::SCWBDomain::"Running Make include in ps7_cortexa9_0/libsrc/dmaps_v2_10/src"

TRACE::2025-05-11.16:05:44::SCWBDomain::make -C ps7_cortexa9_0/libsrc/dmaps_v2_10/src -s include  "SHELL=CMD" "COMPILER=arm-none-eabi-gcc" "ASSEMBLER=arm-none-eabi-as"
TRACE::2025-05-11.16:05:44::SCWBDomain:: "ARCHIVER=arm-none-eabi-ar" "COMPILER_FLAGS=  -O2 -c" "EXTRA_COMPILER_FLAGS=-mcpu=cortex-a9 -mfpu=vfpv3 -mfloat-abi=hard -nost
TRACE::2025-05-11.16:05:44::SCWBDomain::artfiles -g -Wall -Wextra -fno-tree-loop-distribute-patterns"

TRACE::2025-05-11.16:05:44::SCWBDomain::"Running Make include in ps7_cortexa9_0/libsrc/emacps_v3_20/src"

TRACE::2025-05-11.16:05:44::SCWBDomain::make -C ps7_cortexa9_0/libsrc/emacps_v3_20/src -s include  "SHELL=CMD" "COMPILER=arm-none-eabi-gcc" "ASSEMBLER=arm-none-eabi-as
TRACE::2025-05-11.16:05:44::SCWBDomain::" "ARCHIVER=arm-none-eabi-ar" "COMPILER_FLAGS=  -O2 -c" "EXTRA_COMPILER_FLAGS=-mcpu=cortex-a9 -mfpu=vfpv3 -mfloat-abi=hard -nos
TRACE::2025-05-11.16:05:44::SCWBDomain::tartfiles -g -Wall -Wextra -fno-tree-loop-distribute-patterns"

TRACE::2025-05-11.16:05:44::SCWBDomain::"Running Make include in ps7_cortexa9_0/libsrc/gpiops_v3_13/src"

TRACE::2025-05-11.16:05:44::SCWBDomain::make -C ps7_cortexa9_0/libsrc/gpiops_v3_13/src -s include  "SHELL=CMD" "COMPILER=arm-none-eabi-gcc" "ASSEMBLER=arm-none-eabi-as
TRACE::2025-05-11.16:05:44::SCWBDomain::" "ARCHIVER=arm-none-eabi-ar" "COMPILER_FLAGS=  -O2 -c" "EXTRA_COMPILER_FLAGS=-mcpu=cortex-a9 -mfpu=vfpv3 -mfloat-abi=hard -nos
TRACE::2025-05-11.16:05:44::SCWBDomain::tartfiles -g -Wall -Wextra -fno-tree-loop-distribute-patterns"

TRACE::2025-05-11.16:05:44::SCWBDomain::"Running Make include in ps7_cortexa9_0/libsrc/iic_v3_11/src"

TRACE::2025-05-11.16:05:44::SCWBDomain::make -C ps7_cortexa9_0/libsrc/iic_v3_11/src -s include  "SHELL=CMD" "COMPILER=arm-none-eabi-gcc" "ASSEMBLER=arm-none-eabi-as" "
TRACE::2025-05-11.16:05:44::SCWBDomain::ARCHIVER=arm-none-eabi-ar" "COMPILER_FLAGS=  -O2 -c" "EXTRA_COMPILER_FLAGS=-mcpu=cortex-a9 -mfpu=vfpv3 -mfloat-abi=hard -nostar
TRACE::2025-05-11.16:05:44::SCWBDomain::tfiles -g -Wall -Wextra -fno-tree-loop-distribute-patterns"

TRACE::2025-05-11.16:05:44::SCWBDomain::"Running Make include in ps7_cortexa9_0/libsrc/Motor_DriverIP_v1_0/src"

TRACE::2025-05-11.16:05:44::SCWBDomain::make -C ps7_cortexa9_0/libsrc/Motor_DriverIP_v1_0/src -s include  "SHELL=CMD" "COMPILER=arm-none-eabi-gcc" "ASSEMBLER=arm-none-
TRACE::2025-05-11.16:05:44::SCWBDomain::eabi-as" "ARCHIVER=arm-none-eabi-ar" "COMPILER_FLAGS=  -O2 -c" "EXTRA_COMPILER_FLAGS=-mcpu=cortex-a9 -mfpu=vfpv3 -mfloat-abi=ha
TRACE::2025-05-11.16:05:44::SCWBDomain::rd -nostartfiles -g -Wall -Wextra -fno-tree-loop-distribute-patterns"

TRACE::2025-05-11.16:05:44::SCWBDomain::"Running Make include in ps7_cortexa9_0/libsrc/qspips_v3_12/src"

TRACE::2025-05-11.16:05:44::SCWBDomain::make -C ps7_cortexa9_0/libsrc/qspips_v3_12/src -s include  "SHELL=CMD" "COMPILER=arm-none-eabi-gcc" "ASSEMBLER=arm-none-eabi-as
TRACE::2025-05-11.16:05:44::SCWBDomain::" "ARCHIVER=arm-none-eabi-ar" "COMPILER_FLAGS=  -O2 -c" "EXTRA_COMPILER_FLAGS=-mcpu=cortex-a9 -mfpu=vfpv3 -mfloat-abi=hard -nos
TRACE::2025-05-11.16:05:44::SCWBDomain::tartfiles -g -Wall -Wextra -fno-tree-loop-distribute-patterns"

TRACE::2025-05-11.16:05:44::SCWBDomain::"Running Make include in ps7_cortexa9_0/libsrc/scugic_v5_3/src"

TRACE::2025-05-11.16:05:44::SCWBDomain::make -C ps7_cortexa9_0/libsrc/scugic_v5_3/src -s include  "SHELL=CMD" "COMPILER=arm-none-eabi-gcc" "ASSEMBLER=arm-none-eabi-as"
TRACE::2025-05-11.16:05:44::SCWBDomain:: "ARCHIVER=arm-none-eabi-ar" "COMPILER_FLAGS=  -O2 -c" "EXTRA_COMPILER_FLAGS=-mcpu=cortex-a9 -mfpu=vfpv3 -mfloat-abi=hard -nost
TRACE::2025-05-11.16:05:44::SCWBDomain::artfiles -g -Wall -Wextra -fno-tree-loop-distribute-patterns"

TRACE::2025-05-11.16:05:44::SCWBDomain::"Running Make include in ps7_cortexa9_0/libsrc/scutimer_v2_6/src"

TRACE::2025-05-11.16:05:44::SCWBDomain::make -C ps7_cortexa9_0/libsrc/scutimer_v2_6/src -s include  "SHELL=CMD" "COMPILER=arm-none-eabi-gcc" "ASSEMBLER=arm-none-eabi-a
TRACE::2025-05-11.16:05:44::SCWBDomain::s" "ARCHIVER=arm-none-eabi-ar" "COMPILER_FLAGS=  -O2 -c" "EXTRA_COMPILER_FLAGS=-mcpu=cortex-a9 -mfpu=vfpv3 -mfloat-abi=hard -no
TRACE::2025-05-11.16:05:44::SCWBDomain::startfiles -g -Wall -Wextra -fno-tree-loop-distribute-patterns"

TRACE::2025-05-11.16:05:44::SCWBDomain::"Running Make include in ps7_cortexa9_0/libsrc/scuwdt_v2_5/src"

TRACE::2025-05-11.16:05:44::SCWBDomain::make -C ps7_cortexa9_0/libsrc/scuwdt_v2_5/src -s include  "SHELL=CMD" "COMPILER=arm-none-eabi-gcc" "ASSEMBLER=arm-none-eabi-as"
TRACE::2025-05-11.16:05:44::SCWBDomain:: "ARCHIVER=arm-none-eabi-ar" "COMPILER_FLAGS=  -O2 -c" "EXTRA_COMPILER_FLAGS=-mcpu=cortex-a9 -mfpu=vfpv3 -mfloat-abi=hard -nost
TRACE::2025-05-11.16:05:44::SCWBDomain::artfiles -g -Wall -Wextra -fno-tree-loop-distribute-patterns"

TRACE::2025-05-11.16:05:44::SCWBDomain::"Running Make include in ps7_cortexa9_0/libsrc/sdps_v4_3/src"

TRACE::2025-05-11.16:05:44::SCWBDomain::make -C ps7_cortexa9_0/libsrc/sdps_v4_3/src -s include  "SHELL=CMD" "COMPILER=arm-none-eabi-gcc" "ASSEMBLER=arm-none-eabi-as" "
TRACE::2025-05-11.16:05:44::SCWBDomain::ARCHIVER=arm-none-eabi-ar" "COMPILER_FLAGS=  -O2 -c" "EXTRA_COMPILER_FLAGS=-mcpu=cortex-a9 -mfpu=vfpv3 -mfloat-abi=hard -nostar
TRACE::2025-05-11.16:05:44::SCWBDomain::tfiles -g -Wall -Wextra -fno-tree-loop-distribute-patterns"

TRACE::2025-05-11.16:05:44::SCWBDomain::"Running Make include in ps7_cortexa9_0/libsrc/SpeedSensor_Driver_IP_v1_0/src"

TRACE::2025-05-11.16:05:44::SCWBDomain::make -C ps7_cortexa9_0/libsrc/SpeedSensor_Driver_IP_v1_0/src -s include  "SHELL=CMD" "COMPILER=arm-none-eabi-gcc" "ASSEMBLER=ar
TRACE::2025-05-11.16:05:44::SCWBDomain::m-none-eabi-as" "ARCHIVER=arm-none-eabi-ar" "COMPILER_FLAGS=  -O2 -c" "EXTRA_COMPILER_FLAGS=-mcpu=cortex-a9 -mfpu=vfpv3 -mfloat
TRACE::2025-05-11.16:05:44::SCWBDomain::-abi=hard -nostartfiles -g -Wall -Wextra -fno-tree-loop-distribute-patterns"

TRACE::2025-05-11.16:05:44::SCWBDomain::"Running Make include in ps7_cortexa9_0/libsrc/standalone_v9_1/src"

TRACE::2025-05-11.16:05:44::SCWBDomain::make -C ps7_cortexa9_0/libsrc/standalone_v9_1/src -s include  "SHELL=CMD" "COMPILER=arm-none-eabi-gcc" "ASSEMBLER=arm-none-eabi
TRACE::2025-05-11.16:05:44::SCWBDomain::-as" "ARCHIVER=arm-none-eabi-ar" "COMPILER_FLAGS=  -O2 -c" "EXTRA_COMPILER_FLAGS=-mcpu=cortex-a9 -mfpu=vfpv3 -mfloat-abi=hard -
TRACE::2025-05-11.16:05:44::SCWBDomain::nostartfiles -g -Wall -Wextra -fno-tree-loop-distribute-patterns"

TRACE::2025-05-11.16:05:44::SCWBDomain::"Running Make include in ps7_cortexa9_0/libsrc/tmrctr_v4_12/src"

TRACE::2025-05-11.16:05:44::SCWBDomain::make -C ps7_cortexa9_0/libsrc/tmrctr_v4_12/src -s include  "SHELL=CMD" "COMPILER=arm-none-eabi-gcc" "ASSEMBLER=arm-none-eabi-as
TRACE::2025-05-11.16:05:44::SCWBDomain::" "ARCHIVER=arm-none-eabi-ar" "COMPILER_FLAGS=  -O2 -c" "EXTRA_COMPILER_FLAGS=-mcpu=cortex-a9 -mfpu=vfpv3 -mfloat-abi=hard -nos
TRACE::2025-05-11.16:05:44::SCWBDomain::tartfiles -g -Wall -Wextra -fno-tree-loop-distribute-patterns"

TRACE::2025-05-11.16:05:44::SCWBDomain::"Running Make include in ps7_cortexa9_0/libsrc/uartps_v3_14/src"

TRACE::2025-05-11.16:05:44::SCWBDomain::make -C ps7_cortexa9_0/libsrc/uartps_v3_14/src -s include  "SHELL=CMD" "COMPILER=arm-none-eabi-gcc" "ASSEMBLER=arm-none-eabi-as
TRACE::2025-05-11.16:05:44::SCWBDomain::" "ARCHIVER=arm-none-eabi-ar" "COMPILER_FLAGS=  -O2 -c" "EXTRA_COMPILER_FLAGS=-mcpu=cortex-a9 -mfpu=vfpv3 -mfloat-abi=hard -nos
TRACE::2025-05-11.16:05:44::SCWBDomain::tartfiles -g -Wall -Wextra -fno-tree-loop-distribute-patterns"

TRACE::2025-05-11.16:05:44::SCWBDomain::"Running Make include in ps7_cortexa9_0/libsrc/usbps_v2_9/src"

TRACE::2025-05-11.16:05:44::SCWBDomain::make -C ps7_cortexa9_0/libsrc/usbps_v2_9/src -s include  "SHELL=CMD" "COMPILER=arm-none-eabi-gcc" "ASSEMBLER=arm-none-eabi-as" 
TRACE::2025-05-11.16:05:44::SCWBDomain::"ARCHIVER=arm-none-eabi-ar" "COMPILER_FLAGS=  -O2 -c" "EXTRA_COMPILER_FLAGS=-mcpu=cortex-a9 -mfpu=vfpv3 -mfloat-abi=hard -nosta
TRACE::2025-05-11.16:05:44::SCWBDomain::rtfiles -g -Wall -Wextra -fno-tree-loop-distribute-patterns"

TRACE::2025-05-11.16:05:44::SCWBDomain::"Running Make include in ps7_cortexa9_0/libsrc/xadcps_v2_7/src"

TRACE::2025-05-11.16:05:44::SCWBDomain::make -C ps7_cortexa9_0/libsrc/xadcps_v2_7/src -s include  "SHELL=CMD" "COMPILER=arm-none-eabi-gcc" "ASSEMBLER=arm-none-eabi-as"
TRACE::2025-05-11.16:05:44::SCWBDomain:: "ARCHIVER=arm-none-eabi-ar" "COMPILER_FLAGS=  -O2 -c" "EXTRA_COMPILER_FLAGS=-mcpu=cortex-a9 -mfpu=vfpv3 -mfloat-abi=hard -nost
TRACE::2025-05-11.16:05:44::SCWBDomain::artfiles -g -Wall -Wextra -fno-tree-loop-distribute-patterns"

TRACE::2025-05-11.16:05:44::SCWBDomain::"Running Make include in ps7_cortexa9_0/libsrc/xilffs_v5_2/src"

TRACE::2025-05-11.16:05:44::SCWBDomain::make -C ps7_cortexa9_0/libsrc/xilffs_v5_2/src -s include  "SHELL=CMD" "COMPILER=arm-none-eabi-gcc" "ASSEMBLER=arm-none-eabi-as"
TRACE::2025-05-11.16:05:44::SCWBDomain:: "ARCHIVER=arm-none-eabi-ar" "COMPILER_FLAGS=  -O2 -c" "EXTRA_COMPILER_FLAGS=-mcpu=cortex-a9 -mfpu=vfpv3 -mfloat-abi=hard -nost
TRACE::2025-05-11.16:05:44::SCWBDomain::artfiles -g -Wall -Wextra -fno-tree-loop-distribute-patterns"

TRACE::2025-05-11.16:05:44::SCWBDomain::"Running Make include in ps7_cortexa9_0/libsrc/xilrsa_v1_8/src"

TRACE::2025-05-11.16:05:44::SCWBDomain::make -C ps7_cortexa9_0/libsrc/xilrsa_v1_8/src -s include  "SHELL=CMD" "COMPILER=arm-none-eabi-gcc" "ASSEMBLER=arm-none-eabi-as"
TRACE::2025-05-11.16:05:44::SCWBDomain:: "ARCHIVER=arm-none-eabi-ar" "COMPILER_FLAGS=  -O2 -c" "EXTRA_COMPILER_FLAGS=-mcpu=cortex-a9 -mfpu=vfpv3 -mfloat-abi=hard -nost
TRACE::2025-05-11.16:05:44::SCWBDomain::artfiles -g -Wall -Wextra -fno-tree-loop-distribute-patterns"

TRACE::2025-05-11.16:05:44::SCWBDomain::"Running Make libs in ps7_cortexa9_0/libsrc/Motor_DriverIP_v1_0/src"

TRACE::2025-05-11.16:05:44::SCWBDomain::make -C ps7_cortexa9_0/libsrc/Motor_DriverIP_v1_0/src -s libs  "SHELL=CMD" "COMPILER=arm-none-eabi-gcc" "ASSEMBLER=arm-none-eab
TRACE::2025-05-11.16:05:44::SCWBDomain::i-as" "ARCHIVER=arm-none-eabi-ar" "COMPILER_FLAGS=  -O2 -c" "EXTRA_COMPILER_FLAGS=-mcpu=cortex-a9 -mfpu=vfpv3 -mfloat-abi=hard 
TRACE::2025-05-11.16:05:44::SCWBDomain::-nostartfiles -g -Wall -Wextra -fno-tree-loop-distribute-patterns"

TRACE::2025-05-11.16:05:45::SCWBDomain::"Running Make libs in ps7_cortexa9_0/libsrc/SpeedSensor_Driver_IP_v1_0/src"

TRACE::2025-05-11.16:05:45::SCWBDomain::make -C ps7_cortexa9_0/libsrc/SpeedSensor_Driver_IP_v1_0/src -s libs  "SHELL=CMD" "COMPILER=arm-none-eabi-gcc" "ASSEMBLER=arm-n
TRACE::2025-05-11.16:05:45::SCWBDomain::one-eabi-as" "ARCHIVER=arm-none-eabi-ar" "COMPILER_FLAGS=  -O2 -c" "EXTRA_COMPILER_FLAGS=-mcpu=cortex-a9 -mfpu=vfpv3 -mfloat-ab
TRACE::2025-05-11.16:05:45::SCWBDomain::i=hard -nostartfiles -g -Wall -Wextra -fno-tree-loop-distribute-patterns"

TRACE::2025-05-11.16:05:45::SCWBDomain::"Running Make libs in ps7_cortexa9_0/libsrc/xilrsa_v1_8/src"

TRACE::2025-05-11.16:05:45::SCWBDomain::make -C ps7_cortexa9_0/libsrc/xilrsa_v1_8/src -s libs  "SHELL=CMD" "COMPILER=arm-none-eabi-gcc" "ASSEMBLER=arm-none-eabi-as" "A
TRACE::2025-05-11.16:05:45::SCWBDomain::RCHIVER=arm-none-eabi-ar" "COMPILER_FLAGS=  -O2 -c" "EXTRA_COMPILER_FLAGS=-mcpu=cortex-a9 -mfpu=vfpv3 -mfloat-abi=hard -nostart
TRACE::2025-05-11.16:05:45::SCWBDomain::files -g -Wall -Wextra -fno-tree-loop-distribute-patterns"

TRACE::2025-05-11.16:05:45::SCWBDomain::'Finished building libraries sequentially.'

TRACE::2025-05-11.16:05:45::SCWBDomain::make -j 10 --no-print-directory par_libs

TRACE::2025-05-11.16:05:45::SCWBDomain::"Running Make include in ps7_cortexa9_0/libsrc/coresightps_dcc_v1_10/src"

TRACE::2025-05-11.16:05:45::SCWBDomain::make -C ps7_cortexa9_0/libsrc/coresightps_dcc_v1_10/src -s include  "SHELL=CMD" "COMPILER=arm-none-eabi-gcc" "ASSEMBLER=arm-non
TRACE::2025-05-11.16:05:45::SCWBDomain::e-eabi-as" "ARCHIVER=arm-none-eabi-ar" "COMPILER_FLAGS=  -O2 -c" "EXTRA_COMPILER_FLAGS=-mcpu=cortex-a9 -mfpu=vfpv3 -mfloat-abi=
TRACE::2025-05-11.16:05:45::SCWBDomain::hard -nostartfiles -g -Wall -Wextra -fno-tree-loop-distribute-patterns"

TRACE::2025-05-11.16:05:45::SCWBDomain::"Running Make include in ps7_cortexa9_0/libsrc/cpu_cortexa9_v2_12/src"

TRACE::2025-05-11.16:05:45::SCWBDomain::make -C ps7_cortexa9_0/libsrc/cpu_cortexa9_v2_12/src -s include  "SHELL=CMD" "COMPILER=arm-none-eabi-gcc" "ASSEMBLER=arm-none-e
TRACE::2025-05-11.16:05:45::SCWBDomain::abi-as" "ARCHIVER=arm-none-eabi-ar" "COMPILER_FLAGS=  -O2 -c" "EXTRA_COMPILER_FLAGS=-mcpu=cortex-a9 -mfpu=vfpv3 -mfloat-abi=har
TRACE::2025-05-11.16:05:45::SCWBDomain::d -nostartfiles -g -Wall -Wextra -fno-tree-loop-distribute-patterns"

TRACE::2025-05-11.16:05:45::SCWBDomain::"Running Make include in ps7_cortexa9_0/libsrc/ddrps_v1_2/src"

TRACE::2025-05-11.16:05:45::SCWBDomain::make -C ps7_cortexa9_0/libsrc/ddrps_v1_2/src -s include  "SHELL=CMD" "COMPILER=arm-none-eabi-gcc" "ASSEMBLER=arm-none-eabi-as" 
TRACE::2025-05-11.16:05:45::SCWBDomain::"ARCHIVER=arm-none-eabi-ar" "COMPILER_FLAGS=  -O2 -c" "EXTRA_COMPILER_FLAGS=-mcpu=cortex-a9 -mfpu=vfpv3 -mfloat-abi=hard -nosta
TRACE::2025-05-11.16:05:45::SCWBDomain::rtfiles -g -Wall -Wextra -fno-tree-loop-distribute-patterns"

TRACE::2025-05-11.16:05:45::SCWBDomain::"Running Make include in ps7_cortexa9_0/libsrc/devcfg_v3_8/src"

TRACE::2025-05-11.16:05:45::SCWBDomain::make -C ps7_cortexa9_0/libsrc/devcfg_v3_8/src -s include  "SHELL=CMD" "COMPILER=arm-none-eabi-gcc" "ASSEMBLER=arm-none-eabi-as"
TRACE::2025-05-11.16:05:45::SCWBDomain:: "ARCHIVER=arm-none-eabi-ar" "COMPILER_FLAGS=  -O2 -c" "EXTRA_COMPILER_FLAGS=-mcpu=cortex-a9 -mfpu=vfpv3 -mfloat-abi=hard -nost
TRACE::2025-05-11.16:05:45::SCWBDomain::artfiles -g -Wall -Wextra -fno-tree-loop-distribute-patterns"

TRACE::2025-05-11.16:05:45::SCWBDomain::"Running Make include in ps7_cortexa9_0/libsrc/dmaps_v2_10/src"

TRACE::2025-05-11.16:05:45::SCWBDomain::make -C ps7_cortexa9_0/libsrc/dmaps_v2_10/src -s include  "SHELL=CMD" "COMPILER=arm-none-eabi-gcc" "ASSEMBLER=arm-none-eabi-as"
TRACE::2025-05-11.16:05:45::SCWBDomain:: "ARCHIVER=arm-none-eabi-ar" "COMPILER_FLAGS=  -O2 -c" "EXTRA_COMPILER_FLAGS=-mcpu=cortex-a9 -mfpu=vfpv3 -mfloat-abi=hard -nost
TRACE::2025-05-11.16:05:45::SCWBDomain::artfiles -g -Wall -Wextra -fno-tree-loop-distribute-patterns"

TRACE::2025-05-11.16:05:45::SCWBDomain::"Running Make include in ps7_cortexa9_0/libsrc/emacps_v3_20/src"

TRACE::2025-05-11.16:05:45::SCWBDomain::make -C ps7_cortexa9_0/libsrc/emacps_v3_20/src -s include  "SHELL=CMD" "COMPILER=arm-none-eabi-gcc" "ASSEMBLER=arm-none-eabi-as
TRACE::2025-05-11.16:05:45::SCWBDomain::" "ARCHIVER=arm-none-eabi-ar" "COMPILER_FLAGS=  -O2 -c" "EXTRA_COMPILER_FLAGS=-mcpu=cortex-a9 -mfpu=vfpv3 -mfloat-abi=hard -nos
TRACE::2025-05-11.16:05:45::SCWBDomain::tartfiles -g -Wall -Wextra -fno-tree-loop-distribute-patterns"

TRACE::2025-05-11.16:05:45::SCWBDomain::"Running Make include in ps7_cortexa9_0/libsrc/gpiops_v3_13/src"

TRACE::2025-05-11.16:05:45::SCWBDomain::make -C ps7_cortexa9_0/libsrc/gpiops_v3_13/src -s include  "SHELL=CMD" "COMPILER=arm-none-eabi-gcc" "ASSEMBLER=arm-none-eabi-as
TRACE::2025-05-11.16:05:45::SCWBDomain::" "ARCHIVER=arm-none-eabi-ar" "COMPILER_FLAGS=  -O2 -c" "EXTRA_COMPILER_FLAGS=-mcpu=cortex-a9 -mfpu=vfpv3 -mfloat-abi=hard -nos
TRACE::2025-05-11.16:05:45::SCWBDomain::tartfiles -g -Wall -Wextra -fno-tree-loop-distribute-patterns"

TRACE::2025-05-11.16:05:45::SCWBDomain::"Running Make include in ps7_cortexa9_0/libsrc/iic_v3_11/src"

TRACE::2025-05-11.16:05:45::SCWBDomain::make -C ps7_cortexa9_0/libsrc/iic_v3_11/src -s include  "SHELL=CMD" "COMPILER=arm-none-eabi-gcc" "ASSEMBLER=arm-none-eabi-as" "
TRACE::2025-05-11.16:05:45::SCWBDomain::ARCHIVER=arm-none-eabi-ar" "COMPILER_FLAGS=  -O2 -c" "EXTRA_COMPILER_FLAGS=-mcpu=cortex-a9 -mfpu=vfpv3 -mfloat-abi=hard -nostar
TRACE::2025-05-11.16:05:45::SCWBDomain::tfiles -g -Wall -Wextra -fno-tree-loop-distribute-patterns"

TRACE::2025-05-11.16:05:45::SCWBDomain::"Running Make include in ps7_cortexa9_0/libsrc/Motor_DriverIP_v1_0/src"

TRACE::2025-05-11.16:05:45::SCWBDomain::make -C ps7_cortexa9_0/libsrc/Motor_DriverIP_v1_0/src -s include  "SHELL=CMD" "COMPILER=arm-none-eabi-gcc" "ASSEMBLER=arm-none-
TRACE::2025-05-11.16:05:45::SCWBDomain::eabi-as" "ARCHIVER=arm-none-eabi-ar" "COMPILER_FLAGS=  -O2 -c" "EXTRA_COMPILER_FLAGS=-mcpu=cortex-a9 -mfpu=vfpv3 -mfloat-abi=ha
TRACE::2025-05-11.16:05:45::SCWBDomain::rd -nostartfiles -g -Wall -Wextra -fno-tree-loop-distribute-patterns"

TRACE::2025-05-11.16:05:45::SCWBDomain::"Running Make include in ps7_cortexa9_0/libsrc/qspips_v3_12/src"

TRACE::2025-05-11.16:05:45::SCWBDomain::make -C ps7_cortexa9_0/libsrc/qspips_v3_12/src -s include  "SHELL=CMD" "COMPILER=arm-none-eabi-gcc" "ASSEMBLER=arm-none-eabi-as
TRACE::2025-05-11.16:05:45::SCWBDomain::" "ARCHIVER=arm-none-eabi-ar" "COMPILER_FLAGS=  -O2 -c" "EXTRA_COMPILER_FLAGS=-mcpu=cortex-a9 -mfpu=vfpv3 -mfloat-abi=hard -nos
TRACE::2025-05-11.16:05:45::SCWBDomain::tartfiles -g -Wall -Wextra -fno-tree-loop-distribute-patterns"

TRACE::2025-05-11.16:05:45::SCWBDomain::"Running Make include in ps7_cortexa9_0/libsrc/scugic_v5_3/src"

TRACE::2025-05-11.16:05:45::SCWBDomain::make -C ps7_cortexa9_0/libsrc/scugic_v5_3/src -s include  "SHELL=CMD" "COMPILER=arm-none-eabi-gcc" "ASSEMBLER=arm-none-eabi-as"
TRACE::2025-05-11.16:05:45::SCWBDomain:: "ARCHIVER=arm-none-eabi-ar" "COMPILER_FLAGS=  -O2 -c" "EXTRA_COMPILER_FLAGS=-mcpu=cortex-a9 -mfpu=vfpv3 -mfloat-abi=hard -nost
TRACE::2025-05-11.16:05:45::SCWBDomain::artfiles -g -Wall -Wextra -fno-tree-loop-distribute-patterns"

TRACE::2025-05-11.16:05:45::SCWBDomain::"Running Make include in ps7_cortexa9_0/libsrc/scutimer_v2_6/src"

TRACE::2025-05-11.16:05:45::SCWBDomain::make -C ps7_cortexa9_0/libsrc/scutimer_v2_6/src -s include  "SHELL=CMD" "COMPILER=arm-none-eabi-gcc" "ASSEMBLER=arm-none-eabi-a
TRACE::2025-05-11.16:05:45::SCWBDomain::s" "ARCHIVER=arm-none-eabi-ar" "COMPILER_FLAGS=  -O2 -c" "EXTRA_COMPILER_FLAGS=-mcpu=cortex-a9 -mfpu=vfpv3 -mfloat-abi=hard -no
TRACE::2025-05-11.16:05:45::SCWBDomain::startfiles -g -Wall -Wextra -fno-tree-loop-distribute-patterns"

TRACE::2025-05-11.16:05:45::SCWBDomain::"Running Make include in ps7_cortexa9_0/libsrc/scuwdt_v2_5/src"

TRACE::2025-05-11.16:05:45::SCWBDomain::make -C ps7_cortexa9_0/libsrc/scuwdt_v2_5/src -s include  "SHELL=CMD" "COMPILER=arm-none-eabi-gcc" "ASSEMBLER=arm-none-eabi-as"
TRACE::2025-05-11.16:05:45::SCWBDomain:: "ARCHIVER=arm-none-eabi-ar" "COMPILER_FLAGS=  -O2 -c" "EXTRA_COMPILER_FLAGS=-mcpu=cortex-a9 -mfpu=vfpv3 -mfloat-abi=hard -nost
TRACE::2025-05-11.16:05:45::SCWBDomain::artfiles -g -Wall -Wextra -fno-tree-loop-distribute-patterns"

TRACE::2025-05-11.16:05:45::SCWBDomain::"Running Make include in ps7_cortexa9_0/libsrc/sdps_v4_3/src"

TRACE::2025-05-11.16:05:45::SCWBDomain::make -C ps7_cortexa9_0/libsrc/sdps_v4_3/src -s include  "SHELL=CMD" "COMPILER=arm-none-eabi-gcc" "ASSEMBLER=arm-none-eabi-as" "
TRACE::2025-05-11.16:05:45::SCWBDomain::ARCHIVER=arm-none-eabi-ar" "COMPILER_FLAGS=  -O2 -c" "EXTRA_COMPILER_FLAGS=-mcpu=cortex-a9 -mfpu=vfpv3 -mfloat-abi=hard -nostar
TRACE::2025-05-11.16:05:45::SCWBDomain::tfiles -g -Wall -Wextra -fno-tree-loop-distribute-patterns"

TRACE::2025-05-11.16:05:45::SCWBDomain::"Running Make include in ps7_cortexa9_0/libsrc/SpeedSensor_Driver_IP_v1_0/src"

TRACE::2025-05-11.16:05:45::SCWBDomain::make -C ps7_cortexa9_0/libsrc/SpeedSensor_Driver_IP_v1_0/src -s include  "SHELL=CMD" "COMPILER=arm-none-eabi-gcc" "ASSEMBLER=ar
TRACE::2025-05-11.16:05:45::SCWBDomain::m-none-eabi-as" "ARCHIVER=arm-none-eabi-ar" "COMPILER_FLAGS=  -O2 -c" "EXTRA_COMPILER_FLAGS=-mcpu=cortex-a9 -mfpu=vfpv3 -mfloat
TRACE::2025-05-11.16:05:45::SCWBDomain::-abi=hard -nostartfiles -g -Wall -Wextra -fno-tree-loop-distribute-patterns"

TRACE::2025-05-11.16:05:45::SCWBDomain::"Running Make include in ps7_cortexa9_0/libsrc/standalone_v9_1/src"

TRACE::2025-05-11.16:05:45::SCWBDomain::make -C ps7_cortexa9_0/libsrc/standalone_v9_1/src -s include  "SHELL=CMD" "COMPILER=arm-none-eabi-gcc" "ASSEMBLER=arm-none-eabi
TRACE::2025-05-11.16:05:45::SCWBDomain::-as" "ARCHIVER=arm-none-eabi-ar" "COMPILER_FLAGS=  -O2 -c" "EXTRA_COMPILER_FLAGS=-mcpu=cortex-a9 -mfpu=vfpv3 -mfloat-abi=hard -
TRACE::2025-05-11.16:05:45::SCWBDomain::nostartfiles -g -Wall -Wextra -fno-tree-loop-distribute-patterns"

TRACE::2025-05-11.16:05:45::SCWBDomain::"Running Make include in ps7_cortexa9_0/libsrc/tmrctr_v4_12/src"

TRACE::2025-05-11.16:05:45::SCWBDomain::make -C ps7_cortexa9_0/libsrc/tmrctr_v4_12/src -s include  "SHELL=CMD" "COMPILER=arm-none-eabi-gcc" "ASSEMBLER=arm-none-eabi-as
TRACE::2025-05-11.16:05:45::SCWBDomain::" "ARCHIVER=arm-none-eabi-ar" "COMPILER_FLAGS=  -O2 -c" "EXTRA_COMPILER_FLAGS=-mcpu=cortex-a9 -mfpu=vfpv3 -mfloat-abi=hard -nos
TRACE::2025-05-11.16:05:45::SCWBDomain::tartfiles -g -Wall -Wextra -fno-tree-loop-distribute-patterns"

TRACE::2025-05-11.16:05:45::SCWBDomain::"Running Make include in ps7_cortexa9_0/libsrc/uartps_v3_14/src"

TRACE::2025-05-11.16:05:45::SCWBDomain::make -C ps7_cortexa9_0/libsrc/uartps_v3_14/src -s include  "SHELL=CMD" "COMPILER=arm-none-eabi-gcc" "ASSEMBLER=arm-none-eabi-as
TRACE::2025-05-11.16:05:45::SCWBDomain::" "ARCHIVER=arm-none-eabi-ar" "COMPILER_FLAGS=  -O2 -c" "EXTRA_COMPILER_FLAGS=-mcpu=cortex-a9 -mfpu=vfpv3 -mfloat-abi=hard -nos
TRACE::2025-05-11.16:05:45::SCWBDomain::tartfiles -g -Wall -Wextra -fno-tree-loop-distribute-patterns"

TRACE::2025-05-11.16:05:45::SCWBDomain::"Running Make include in ps7_cortexa9_0/libsrc/usbps_v2_9/src"

TRACE::2025-05-11.16:05:46::SCWBDomain::make -C ps7_cortexa9_0/libsrc/usbps_v2_9/src -s include  "SHELL=CMD" "COMPILER=arm-none-eabi-gcc" "ASSEMBLER=arm-none-eabi-as" 
TRACE::2025-05-11.16:05:46::SCWBDomain::"ARCHIVER=arm-none-eabi-ar" "COMPILER_FLAGS=  -O2 -c" "EXTRA_COMPILER_FLAGS=-mcpu=cortex-a9 -mfpu=vfpv3 -mfloat-abi=hard -nosta
TRACE::2025-05-11.16:05:46::SCWBDomain::rtfiles -g -Wall -Wextra -fno-tree-loop-distribute-patterns"

TRACE::2025-05-11.16:05:46::SCWBDomain::"Running Make include in ps7_cortexa9_0/libsrc/xadcps_v2_7/src"

TRACE::2025-05-11.16:05:46::SCWBDomain::make -C ps7_cortexa9_0/libsrc/xadcps_v2_7/src -s include  "SHELL=CMD" "COMPILER=arm-none-eabi-gcc" "ASSEMBLER=arm-none-eabi-as"
TRACE::2025-05-11.16:05:46::SCWBDomain:: "ARCHIVER=arm-none-eabi-ar" "COMPILER_FLAGS=  -O2 -c" "EXTRA_COMPILER_FLAGS=-mcpu=cortex-a9 -mfpu=vfpv3 -mfloat-abi=hard -nost
TRACE::2025-05-11.16:05:46::SCWBDomain::artfiles -g -Wall -Wextra -fno-tree-loop-distribute-patterns"

TRACE::2025-05-11.16:05:46::SCWBDomain::"Running Make include in ps7_cortexa9_0/libsrc/xilffs_v5_2/src"

TRACE::2025-05-11.16:05:46::SCWBDomain::make -C ps7_cortexa9_0/libsrc/xilffs_v5_2/src -s include  "SHELL=CMD" "COMPILER=arm-none-eabi-gcc" "ASSEMBLER=arm-none-eabi-as"
TRACE::2025-05-11.16:05:46::SCWBDomain:: "ARCHIVER=arm-none-eabi-ar" "COMPILER_FLAGS=  -O2 -c" "EXTRA_COMPILER_FLAGS=-mcpu=cortex-a9 -mfpu=vfpv3 -mfloat-abi=hard -nost
TRACE::2025-05-11.16:05:46::SCWBDomain::artfiles -g -Wall -Wextra -fno-tree-loop-distribute-patterns"

TRACE::2025-05-11.16:05:46::SCWBDomain::"Running Make include in ps7_cortexa9_0/libsrc/xilrsa_v1_8/src"

TRACE::2025-05-11.16:05:46::SCWBDomain::make -C ps7_cortexa9_0/libsrc/xilrsa_v1_8/src -s include  "SHELL=CMD" "COMPILER=arm-none-eabi-gcc" "ASSEMBLER=arm-none-eabi-as"
TRACE::2025-05-11.16:05:46::SCWBDomain:: "ARCHIVER=arm-none-eabi-ar" "COMPILER_FLAGS=  -O2 -c" "EXTRA_COMPILER_FLAGS=-mcpu=cortex-a9 -mfpu=vfpv3 -mfloat-abi=hard -nost
TRACE::2025-05-11.16:05:46::SCWBDomain::artfiles -g -Wall -Wextra -fno-tree-loop-distribute-patterns"

TRACE::2025-05-11.16:05:46::SCWBDomain::"Running Make libs in ps7_cortexa9_0/libsrc/coresightps_dcc_v1_10/src"

TRACE::2025-05-11.16:05:46::SCWBDomain::make -C ps7_cortexa9_0/libsrc/coresightps_dcc_v1_10/src -s libs  "SHELL=CMD" "COMPILER=arm-none-eabi-gcc" "ASSEMBLER=arm-none-e
TRACE::2025-05-11.16:05:46::SCWBDomain::abi-as" "ARCHIVER=arm-none-eabi-ar" "COMPILER_FLAGS=  -O2 -c" "EXTRA_COMPILER_FLAGS=-mcpu=cortex-a9 -mfpu=vfpv3 -mfloat-abi=har
TRACE::2025-05-11.16:05:46::SCWBDomain::d -nostartfiles -g -Wall -Wextra -fno-tree-loop-distribute-patterns"

TRACE::2025-05-11.16:05:46::SCWBDomain::"Running Make libs in ps7_cortexa9_0/libsrc/cpu_cortexa9_v2_12/src"

TRACE::2025-05-11.16:05:46::SCWBDomain::make -C ps7_cortexa9_0/libsrc/cpu_cortexa9_v2_12/src -s libs  "SHELL=CMD" "COMPILER=arm-none-eabi-gcc" "ASSEMBLER=arm-none-eabi
TRACE::2025-05-11.16:05:46::SCWBDomain::-as" "ARCHIVER=arm-none-eabi-ar" "COMPILER_FLAGS=  -O2 -c" "EXTRA_COMPILER_FLAGS=-mcpu=cortex-a9 -mfpu=vfpv3 -mfloat-abi=hard -
TRACE::2025-05-11.16:05:46::SCWBDomain::nostartfiles -g -Wall -Wextra -fno-tree-loop-distribute-patterns"

TRACE::2025-05-11.16:05:46::SCWBDomain::"Running Make libs in ps7_cortexa9_0/libsrc/ddrps_v1_2/src"

TRACE::2025-05-11.16:05:46::SCWBDomain::make -C ps7_cortexa9_0/libsrc/ddrps_v1_2/src -s libs  "SHELL=CMD" "COMPILER=arm-none-eabi-gcc" "ASSEMBLER=arm-none-eabi-as" "AR
TRACE::2025-05-11.16:05:46::SCWBDomain::CHIVER=arm-none-eabi-ar" "COMPILER_FLAGS=  -O2 -c" "EXTRA_COMPILER_FLAGS=-mcpu=cortex-a9 -mfpu=vfpv3 -mfloat-abi=hard -nostartf
TRACE::2025-05-11.16:05:46::SCWBDomain::iles -g -Wall -Wextra -fno-tree-loop-distribute-patterns"

TRACE::2025-05-11.16:05:46::SCWBDomain::"Running Make libs in ps7_cortexa9_0/libsrc/devcfg_v3_8/src"

TRACE::2025-05-11.16:05:46::SCWBDomain::make -C ps7_cortexa9_0/libsrc/devcfg_v3_8/src -s libs  "SHELL=CMD" "COMPILER=arm-none-eabi-gcc" "ASSEMBLER=arm-none-eabi-as" "A
TRACE::2025-05-11.16:05:46::SCWBDomain::RCHIVER=arm-none-eabi-ar" "COMPILER_FLAGS=  -O2 -c" "EXTRA_COMPILER_FLAGS=-mcpu=cortex-a9 -mfpu=vfpv3 -mfloat-abi=hard -nostart
TRACE::2025-05-11.16:05:46::SCWBDomain::files -g -Wall -Wextra -fno-tree-loop-distribute-patterns"

TRACE::2025-05-11.16:05:46::SCWBDomain::"Running Make libs in ps7_cortexa9_0/libsrc/dmaps_v2_10/src"

TRACE::2025-05-11.16:05:46::SCWBDomain::make -C ps7_cortexa9_0/libsrc/dmaps_v2_10/src -s libs  "SHELL=CMD" "COMPILER=arm-none-eabi-gcc" "ASSEMBLER=arm-none-eabi-as" "A
TRACE::2025-05-11.16:05:46::SCWBDomain::RCHIVER=arm-none-eabi-ar" "COMPILER_FLAGS=  -O2 -c" "EXTRA_COMPILER_FLAGS=-mcpu=cortex-a9 -mfpu=vfpv3 -mfloat-abi=hard -nostart
TRACE::2025-05-11.16:05:46::SCWBDomain::files -g -Wall -Wextra -fno-tree-loop-distribute-patterns"

TRACE::2025-05-11.16:05:46::SCWBDomain::"Running Make libs in ps7_cortexa9_0/libsrc/emacps_v3_20/src"

TRACE::2025-05-11.16:05:46::SCWBDomain::make -C ps7_cortexa9_0/libsrc/emacps_v3_20/src -s libs  "SHELL=CMD" "COMPILER=arm-none-eabi-gcc" "ASSEMBLER=arm-none-eabi-as" "
TRACE::2025-05-11.16:05:46::SCWBDomain::ARCHIVER=arm-none-eabi-ar" "COMPILER_FLAGS=  -O2 -c" "EXTRA_COMPILER_FLAGS=-mcpu=cortex-a9 -mfpu=vfpv3 -mfloat-abi=hard -nostar
TRACE::2025-05-11.16:05:46::SCWBDomain::tfiles -g -Wall -Wextra -fno-tree-loop-distribute-patterns"

TRACE::2025-05-11.16:05:46::SCWBDomain::"Running Make libs in ps7_cortexa9_0/libsrc/gpiops_v3_13/src"

TRACE::2025-05-11.16:05:46::SCWBDomain::make -C ps7_cortexa9_0/libsrc/gpiops_v3_13/src -s libs  "SHELL=CMD" "COMPILER=arm-none-eabi-gcc" "ASSEMBLER=arm-none-eabi-as" "
TRACE::2025-05-11.16:05:46::SCWBDomain::ARCHIVER=arm-none-eabi-ar" "COMPILER_FLAGS=  -O2 -c" "EXTRA_COMPILER_FLAGS=-mcpu=cortex-a9 -mfpu=vfpv3 -mfloat-abi=hard -nostar
TRACE::2025-05-11.16:05:46::SCWBDomain::tfiles -g -Wall -Wextra -fno-tree-loop-distribute-patterns"

TRACE::2025-05-11.16:05:46::SCWBDomain::"Running Make libs in ps7_cortexa9_0/libsrc/iic_v3_11/src"

TRACE::2025-05-11.16:05:46::SCWBDomain::make -C ps7_cortexa9_0/libsrc/iic_v3_11/src -s libs  "SHELL=CMD" "COMPILER=arm-none-eabi-gcc" "ASSEMBLER=arm-none-eabi-as" "ARC
TRACE::2025-05-11.16:05:46::SCWBDomain::HIVER=arm-none-eabi-ar" "COMPILER_FLAGS=  -O2 -c" "EXTRA_COMPILER_FLAGS=-mcpu=cortex-a9 -mfpu=vfpv3 -mfloat-abi=hard -nostartfi
TRACE::2025-05-11.16:05:46::SCWBDomain::les -g -Wall -Wextra -fno-tree-loop-distribute-patterns"

TRACE::2025-05-11.16:05:46::SCWBDomain::"Running Make libs in ps7_cortexa9_0/libsrc/qspips_v3_12/src"

TRACE::2025-05-11.16:05:46::SCWBDomain::make -C ps7_cortexa9_0/libsrc/qspips_v3_12/src -s libs  "SHELL=CMD" "COMPILER=arm-none-eabi-gcc" "ASSEMBLER=arm-none-eabi-as" "
TRACE::2025-05-11.16:05:46::SCWBDomain::ARCHIVER=arm-none-eabi-ar" "COMPILER_FLAGS=  -O2 -c" "EXTRA_COMPILER_FLAGS=-mcpu=cortex-a9 -mfpu=vfpv3 -mfloat-abi=hard -nostar
TRACE::2025-05-11.16:05:46::SCWBDomain::tfiles -g -Wall -Wextra -fno-tree-loop-distribute-patterns"

TRACE::2025-05-11.16:05:46::SCWBDomain::"Running Make libs in ps7_cortexa9_0/libsrc/scugic_v5_3/src"

TRACE::2025-05-11.16:05:46::SCWBDomain::make -C ps7_cortexa9_0/libsrc/scugic_v5_3/src -s libs  "SHELL=CMD" "COMPILER=arm-none-eabi-gcc" "ASSEMBLER=arm-none-eabi-as" "A
TRACE::2025-05-11.16:05:46::SCWBDomain::RCHIVER=arm-none-eabi-ar" "COMPILER_FLAGS=  -O2 -c" "EXTRA_COMPILER_FLAGS=-mcpu=cortex-a9 -mfpu=vfpv3 -mfloat-abi=hard -nostart
TRACE::2025-05-11.16:05:46::SCWBDomain::files -g -Wall -Wextra -fno-tree-loop-distribute-patterns"

TRACE::2025-05-11.16:05:46::SCWBDomain::"Running Make libs in ps7_cortexa9_0/libsrc/scutimer_v2_6/src"

TRACE::2025-05-11.16:05:46::SCWBDomain::make -C ps7_cortexa9_0/libsrc/scutimer_v2_6/src -s libs  "SHELL=CMD" "COMPILER=arm-none-eabi-gcc" "ASSEMBLER=arm-none-eabi-as" 
TRACE::2025-05-11.16:05:46::SCWBDomain::"ARCHIVER=arm-none-eabi-ar" "COMPILER_FLAGS=  -O2 -c" "EXTRA_COMPILER_FLAGS=-mcpu=cortex-a9 -mfpu=vfpv3 -mfloat-abi=hard -nosta
TRACE::2025-05-11.16:05:46::SCWBDomain::rtfiles -g -Wall -Wextra -fno-tree-loop-distribute-patterns"

TRACE::2025-05-11.16:05:46::SCWBDomain::"Running Make libs in ps7_cortexa9_0/libsrc/scuwdt_v2_5/src"

TRACE::2025-05-11.16:05:47::SCWBDomain::make -C ps7_cortexa9_0/libsrc/scuwdt_v2_5/src -s libs  "SHELL=CMD" "COMPILER=arm-none-eabi-gcc" "ASSEMBLER=arm-none-eabi-as" "A
TRACE::2025-05-11.16:05:47::SCWBDomain::RCHIVER=arm-none-eabi-ar" "COMPILER_FLAGS=  -O2 -c" "EXTRA_COMPILER_FLAGS=-mcpu=cortex-a9 -mfpu=vfpv3 -mfloat-abi=hard -nostart
TRACE::2025-05-11.16:05:47::SCWBDomain::files -g -Wall -Wextra -fno-tree-loop-distribute-patterns"

TRACE::2025-05-11.16:05:47::SCWBDomain::"Running Make libs in ps7_cortexa9_0/libsrc/sdps_v4_3/src"

TRACE::2025-05-11.16:05:47::SCWBDomain::make -C ps7_cortexa9_0/libsrc/sdps_v4_3/src -s libs  "SHELL=CMD" "COMPILER=arm-none-eabi-gcc" "ASSEMBLER=arm-none-eabi-as" "ARC
TRACE::2025-05-11.16:05:47::SCWBDomain::HIVER=arm-none-eabi-ar" "COMPILER_FLAGS=  -O2 -c" "EXTRA_COMPILER_FLAGS=-mcpu=cortex-a9 -mfpu=vfpv3 -mfloat-abi=hard -nostartfi
TRACE::2025-05-11.16:05:47::SCWBDomain::les -g -Wall -Wextra -fno-tree-loop-distribute-patterns"

TRACE::2025-05-11.16:05:47::SCWBDomain::"Running Make libs in ps7_cortexa9_0/libsrc/standalone_v9_1/src"

TRACE::2025-05-11.16:05:47::SCWBDomain::make -C ps7_cortexa9_0/libsrc/standalone_v9_1/src -s libs  "SHELL=CMD" "COMPILER=arm-none-eabi-gcc" "ASSEMBLER=arm-none-eabi-as
TRACE::2025-05-11.16:05:47::SCWBDomain::" "ARCHIVER=arm-none-eabi-ar" "COMPILER_FLAGS=  -O2 -c" "EXTRA_COMPILER_FLAGS=-mcpu=cortex-a9 -mfpu=vfpv3 -mfloat-abi=hard -nos
TRACE::2025-05-11.16:05:47::SCWBDomain::tartfiles -g -Wall -Wextra -fno-tree-loop-distribute-patterns"

TRACE::2025-05-11.16:05:47::SCWBDomain::"Running Make libs in ps7_cortexa9_0/libsrc/tmrctr_v4_12/src"

TRACE::2025-05-11.16:05:47::SCWBDomain::make -C ps7_cortexa9_0/libsrc/tmrctr_v4_12/src -s libs  "SHELL=CMD" "COMPILER=arm-none-eabi-gcc" "ASSEMBLER=arm-none-eabi-as" "
TRACE::2025-05-11.16:05:47::SCWBDomain::ARCHIVER=arm-none-eabi-ar" "COMPILER_FLAGS=  -O2 -c" "EXTRA_COMPILER_FLAGS=-mcpu=cortex-a9 -mfpu=vfpv3 -mfloat-abi=hard -nostar
TRACE::2025-05-11.16:05:47::SCWBDomain::tfiles -g -Wall -Wextra -fno-tree-loop-distribute-patterns"

TRACE::2025-05-11.16:05:47::SCWBDomain::"Running Make libs in ps7_cortexa9_0/libsrc/uartps_v3_14/src"

TRACE::2025-05-11.16:05:47::SCWBDomain::make -C ps7_cortexa9_0/libsrc/uartps_v3_14/src -s libs  "SHELL=CMD" "COMPILER=arm-none-eabi-gcc" "ASSEMBLER=arm-none-eabi-as" "
TRACE::2025-05-11.16:05:47::SCWBDomain::ARCHIVER=arm-none-eabi-ar" "COMPILER_FLAGS=  -O2 -c" "EXTRA_COMPILER_FLAGS=-mcpu=cortex-a9 -mfpu=vfpv3 -mfloat-abi=hard -nostar
TRACE::2025-05-11.16:05:47::SCWBDomain::tfiles -g -Wall -Wextra -fno-tree-loop-distribute-patterns"

TRACE::2025-05-11.16:05:47::SCWBDomain::"Running Make libs in ps7_cortexa9_0/libsrc/usbps_v2_9/src"

TRACE::2025-05-11.16:05:47::SCWBDomain::make -C ps7_cortexa9_0/libsrc/usbps_v2_9/src -s libs  "SHELL=CMD" "COMPILER=arm-none-eabi-gcc" "ASSEMBLER=arm-none-eabi-as" "AR
TRACE::2025-05-11.16:05:47::SCWBDomain::CHIVER=arm-none-eabi-ar" "COMPILER_FLAGS=  -O2 -c" "EXTRA_COMPILER_FLAGS=-mcpu=cortex-a9 -mfpu=vfpv3 -mfloat-abi=hard -nostartf
TRACE::2025-05-11.16:05:47::SCWBDomain::iles -g -Wall -Wextra -fno-tree-loop-distribute-patterns"

TRACE::2025-05-11.16:05:47::SCWBDomain::"Running Make libs in ps7_cortexa9_0/libsrc/xadcps_v2_7/src"

TRACE::2025-05-11.16:05:47::SCWBDomain::make -C ps7_cortexa9_0/libsrc/xadcps_v2_7/src -s libs  "SHELL=CMD" "COMPILER=arm-none-eabi-gcc" "ASSEMBLER=arm-none-eabi-as" "A
TRACE::2025-05-11.16:05:47::SCWBDomain::RCHIVER=arm-none-eabi-ar" "COMPILER_FLAGS=  -O2 -c" "EXTRA_COMPILER_FLAGS=-mcpu=cortex-a9 -mfpu=vfpv3 -mfloat-abi=hard -nostart
TRACE::2025-05-11.16:05:47::SCWBDomain::files -g -Wall -Wextra -fno-tree-loop-distribute-patterns"

TRACE::2025-05-11.16:05:47::SCWBDomain::"Running Make libs in ps7_cortexa9_0/libsrc/xilffs_v5_2/src"

TRACE::2025-05-11.16:05:47::SCWBDomain::make -C ps7_cortexa9_0/libsrc/xilffs_v5_2/src -s libs  "SHELL=CMD" "COMPILER=arm-none-eabi-gcc" "ASSEMBLER=arm-none-eabi-as" "A
TRACE::2025-05-11.16:05:47::SCWBDomain::RCHIVER=arm-none-eabi-ar" "COMPILER_FLAGS=  -O2 -c" "EXTRA_COMPILER_FLAGS=-mcpu=cortex-a9 -mfpu=vfpv3 -mfloat-abi=hard -nostart
TRACE::2025-05-11.16:05:47::SCWBDomain::files -g -Wall -Wextra -fno-tree-loop-distribute-patterns"

TRACE::2025-05-11.16:05:49::SCWBDomain::'Finished building libraries parallelly.'

TRACE::2025-05-11.16:05:49::SCWBDomain::make --no-print-directory archive

TRACE::2025-05-11.16:05:49::SCWBDomain::arm-none-eabi-ar -r  ps7_cortexa9_0/lib/libxil.a ps7_cortexa9_0/lib/Motor_DriverIP.o ps7_cortexa9_0/lib/Motor_DriverIP_selftest
TRACE::2025-05-11.16:05:49::SCWBDomain::.o ps7_cortexa9_0/lib/SpeedSensor_Driver_IP.o ps7_cortexa9_0/lib/SpeedSensor_Driver_IP_selftest.o ps7_cortexa9_0/lib/_exit.o ps
TRACE::2025-05-11.16:05:49::SCWBDomain::7_cortexa9_0/lib/_open.o ps7_cortexa9_0/lib/_sbrk.o ps7_cortexa9_0/lib/abort.o ps7_cortexa9_0/lib/asm_vectors.o ps7_cortexa9_0/
TRACE::2025-05-11.16:05:49::SCWBDomain::lib/boot.o ps7_cortexa9_0/lib/close.o ps7_cortexa9_0/lib/cpputest_time.o ps7_cortexa9_0/lib/cpu_init.o ps7_cortexa9_0/lib/errno
TRACE::2025-05-11.16:05:49::SCWBDomain::.o ps7_cortexa9_0/lib/fcntl.o ps7_cortexa9_0/lib/fstat.o ps7_cortexa9_0/lib/getentropy.o ps7_cortexa9_0/lib/getpid.o ps7_cortex
TRACE::2025-05-11.16:05:49::SCWBDomain::a9_0/lib/inbyte.o ps7_cortexa9_0/lib/isatty.o ps7_cortexa9_0/lib/kill.o ps7_cortexa9_0/lib/lseek.o ps7_cortexa9_0/lib/open.o ps
TRACE::2025-05-11.16:05:49::SCWBDomain::7_cortexa9_0/lib/outbyte.o ps7_cortexa9_0/lib/print.o ps7_cortexa9_0/lib/putnum.o ps7_cortexa9_0/lib/read.o ps7_cortexa9_0/lib/
TRACE::2025-05-11.16:05:49::SCWBDomain::sbrk.o ps7_cortexa9_0/lib/sleep.o ps7_cortexa9_0/lib/time.o ps7_cortexa9_0/lib/translation_table.o ps7_cortexa9_0/lib/unlink.o 
TRACE::2025-05-11.16:05:49::SCWBDomain::ps7_cortexa9_0/lib/usleep.o ps7_cortexa9_0/lib/vectors.o ps7_cortexa9_0/lib/write.o ps7_cortexa9_0/lib/xadcps.o ps7_cortexa9_0/
TRACE::2025-05-11.16:05:49::SCWBDomain::lib/xadcps_g.o ps7_cortexa9_0/lib/xadcps_intr.o ps7_cortexa9_0/lib/xadcps_selftest.o ps7_cortexa9_0/lib/xadcps_sinit.o ps7_cort
TRACE::2025-05-11.16:05:49::SCWBDomain::exa9_0/lib/xcoresightpsdcc.o ps7_cortexa9_0/lib/xdevcfg.o ps7_cortexa9_0/lib/xdevcfg_g.o ps7_cortexa9_0/lib/xdevcfg_hw.o ps7_co
TRACE::2025-05-11.16:05:49::SCWBDomain::rtexa9_0/lib/xdevcfg_intr.o ps7_cortexa9_0/lib/xdevcfg_selftest.o ps7_cortexa9_0/lib/xdevcfg_sinit.o ps7_cortexa9_0/lib/xdmaps.
TRACE::2025-05-11.16:05:49::SCWBDomain::o ps7_cortexa9_0/lib/xdmaps_g.o ps7_cortexa9_0/lib/xdmaps_hw.o ps7_cortexa9_0/lib/xdmaps_selftest.o ps7_cortexa9_0/lib/xdmaps_s
TRACE::2025-05-11.16:05:49::SCWBDomain::init.o ps7_cortexa9_0/lib/xemacps.o ps7_cortexa9_0/lib/xemacps_bdring.o ps7_cortexa9_0/lib/xemacps_control.o ps7_cortexa9_0/lib
TRACE::2025-05-11.16:05:49::SCWBDomain::/xemacps_g.o ps7_cortexa9_0/lib/xemacps_hw.o ps7_cortexa9_0/lib/xemacps_intr.o ps7_cortexa9_0/lib/xemacps_sinit.o ps7_cortexa9_
TRACE::2025-05-11.16:05:49::SCWBDomain::0/lib/xgpiops.o ps7_cortexa9_0/lib/xgpiops_g.o ps7_cortexa9_0/lib/xgpiops_hw.o ps7_cortexa9_0/lib/xgpiops_intr.o ps7_cortexa9_0
TRACE::2025-05-11.16:05:49::SCWBDomain::/lib/xgpiops_selftest.o ps7_cortexa9_0/lib/xgpiops_sinit.o ps7_cortexa9_0/lib/xiic.o ps7_cortexa9_0/lib/xiic_dyn_master.o ps7_c
TRACE::2025-05-11.16:05:49::SCWBDomain::ortexa9_0/lib/xiic_g.o ps7_cortexa9_0/lib/xiic_intr.o ps7_cortexa9_0/lib/xiic_l.o ps7_cortexa9_0/lib/xiic_master.o ps7_cortexa9
TRACE::2025-05-11.16:05:49::SCWBDomain::_0/lib/xiic_multi_master.o ps7_cortexa9_0/lib/xiic_options.o ps7_cortexa9_0/lib/xiic_selftest.o ps7_cortexa9_0/lib/xiic_sinit.o
TRACE::2025-05-11.16:05:49::SCWBDomain:: ps7_cortexa9_0/lib/xiic_slave.o ps7_cortexa9_0/lib/xiic_stats.o ps7_cortexa9_0/lib/xil-crt0.o ps7_cortexa9_0/lib/xil_assert.o 
TRACE::2025-05-11.16:05:49::SCWBDomain::ps7_cortexa9_0/lib/xil_cache.o ps7_cortexa9_0/lib/xil_clocking.o ps7_cortexa9_0/lib/xil_exception.o ps7_cortexa9_0/lib/xil_mem.
TRACE::2025-05-11.16:05:49::SCWBDomain::o ps7_cortexa9_0/lib/xil_misc_psreset_api.o ps7_cortexa9_0/lib/xil_mmu.o ps7_cortexa9_0/lib/xil_printf.o ps7_cortexa9_0/lib/xil
TRACE::2025-05-11.16:05:49::SCWBDomain::_sleepcommon.o ps7_cortexa9_0/lib/xil_sleeptimer.o ps7_cortexa9_0/lib/xil_spinlock.o ps7_cortexa9_0/lib/xil_testcache.o ps7_cor
TRACE::2025-05-11.16:05:49::SCWBDomain::texa9_0/lib/xil_testio.o ps7_cortexa9_0/lib/xil_testmem.o ps7_cortexa9_0/lib/xil_util.o ps7_cortexa9_0/lib/xinterrupt_wrap.o ps
TRACE::2025-05-11.16:05:49::SCWBDomain::7_cortexa9_0/lib/xl2cc_counter.o ps7_cortexa9_0/lib/xplatform_info.o ps7_cortexa9_0/lib/xpm_counter.o ps7_cortexa9_0/lib/xpm_in
TRACE::2025-05-11.16:05:49::SCWBDomain::it.o ps7_cortexa9_0/lib/xqspips.o ps7_cortexa9_0/lib/xqspips_g.o ps7_cortexa9_0/lib/xqspips_hw.o ps7_cortexa9_0/lib/xqspips_opt
TRACE::2025-05-11.16:05:49::SCWBDomain::ions.o ps7_cortexa9_0/lib/xqspips_selftest.o ps7_cortexa9_0/lib/xqspips_sinit.o ps7_cortexa9_0/lib/xscugic.o ps7_cortexa9_0/lib
TRACE::2025-05-11.16:05:49::SCWBDomain::/xscugic_g.o ps7_cortexa9_0/lib/xscugic_hw.o ps7_cortexa9_0/lib/xscugic_intr.o ps7_cortexa9_0/lib/xscugic_selftest.o ps7_cortex
TRACE::2025-05-11.16:05:49::SCWBDomain::a9_0/lib/xscugic_sinit.o ps7_cortexa9_0/lib/xscutimer.o ps7_cortexa9_0/lib/xscutimer_g.o ps7_cortexa9_0/lib/xscutimer_selftest.
TRACE::2025-05-11.16:05:49::SCWBDomain::o ps7_cortexa9_0/lib/xscutimer_sinit.o ps7_cortexa9_0/lib/xscuwdt.o ps7_cortexa9_0/lib/xscuwdt_g.o ps7_cortexa9_0/lib/xscuwdt_s
TRACE::2025-05-11.16:05:49::SCWBDomain::elftest.o ps7_cortexa9_0/lib/xscuwdt_sinit.o ps7_cortexa9_0/lib/xsdps.o ps7_cortexa9_0/lib/xsdps_card.o ps7_cortexa9_0/lib/xsdp
TRACE::2025-05-11.16:05:49::SCWBDomain::s_g.o ps7_cortexa9_0/lib/xsdps_host.o ps7_cortexa9_0/lib/xsdps_options.o ps7_cortexa9_0/lib/xsdps_sinit.o ps7_cortexa9_0/lib/xt
TRACE::2025-05-11.16:05:49::SCWBDomain::ime_l.o ps7_cortexa9_0/lib/xtmrctr.o ps7_cortexa9_0/lib/xtmrctr_g.o ps7_cortexa9_0/lib/xtmrctr_intr.o ps7_cortexa9_0/lib/xtmrct
TRACE::2025-05-11.16:05:49::SCWBDomain::r_l.o ps7_cortexa9_0/lib/xtmrctr_options.o ps7_cortexa9_0/lib/xtmrctr_selftest.o ps7_cortexa9_0/lib/xtmrctr_sinit.o ps7_cortexa
TRACE::2025-05-11.16:05:49::SCWBDomain::9_0/lib/xtmrctr_stats.o ps7_cortexa9_0/lib/xuartps.o ps7_cortexa9_0/lib/xuartps_g.o ps7_cortexa9_0/lib/xuartps_hw.o ps7_cortexa
TRACE::2025-05-11.16:05:49::SCWBDomain::9_0/lib/xuartps_intr.o ps7_cortexa9_0/lib/xuartps_options.o ps7_cortexa9_0/lib/xuartps_selftest.o ps7_cortexa9_0/lib/xuartps_si
TRACE::2025-05-11.16:05:49::SCWBDomain::nit.o ps7_cortexa9_0/lib/xusbps.o ps7_cortexa9_0/lib/xusbps_endpoint.o ps7_cortexa9_0/lib/xusbps_g.o ps7_cortexa9_0/lib/xusbps_
TRACE::2025-05-11.16:05:49::SCWBDomain::hw.o ps7_cortexa9_0/lib/xusbps_intr.o ps7_cortexa9_0/lib/xusbps_sinit.o

TRACE::2025-05-11.16:05:49::SCWBDomain::'Finished building libraries'

TRACE::2025-05-11.16:05:49::SCWBDomain::make: Leaving directory 'E:/vitis_projects/auto_project/full_car/IIC_included_BITSTREAM/zynq_fsbl/zynq_fsbl_bsp'

TRACE::2025-05-11.16:05:49::SCWBDomain::arm-none-eabi-gcc  -O2 -c -MMD -MP       -mcpu=cortex-a9 -mfpu=vfpv3 -mfloat-abi=hard  -c sd.c -o sd.o -Izynq_fsbl_bsp/ps7_cort
TRACE::2025-05-11.16:05:49::SCWBDomain::exa9_0/include -I.

TRACE::2025-05-11.16:05:49::SCWBDomain::arm-none-eabi-gcc  -O2 -c -MMD -MP       -mcpu=cortex-a9 -mfpu=vfpv3 -mfloat-abi=hard  -c nand.c -o nand.o -Izynq_fsbl_bsp/ps7_
TRACE::2025-05-11.16:05:49::SCWBDomain::cortexa9_0/include -I.

TRACE::2025-05-11.16:05:49::SCWBDomain::arm-none-eabi-gcc  -O2 -c -MMD -MP       -mcpu=cortex-a9 -mfpu=vfpv3 -mfloat-abi=hard  -c image_mover.c -o image_mover.o -Izynq
TRACE::2025-05-11.16:05:49::SCWBDomain::_fsbl_bsp/ps7_cortexa9_0/include -I.

TRACE::2025-05-11.16:05:49::SCWBDomain::arm-none-eabi-gcc  -O2 -c -MMD -MP       -mcpu=cortex-a9 -mfpu=vfpv3 -mfloat-abi=hard  -c md5.c -o md5.o -Izynq_fsbl_bsp/ps7_co
TRACE::2025-05-11.16:05:49::SCWBDomain::rtexa9_0/include -I.

TRACE::2025-05-11.16:05:49::SCWBDomain::arm-none-eabi-gcc  -O2 -c -MMD -MP       -mcpu=cortex-a9 -mfpu=vfpv3 -mfloat-abi=hard  -c fsbl_hooks.c -o fsbl_hooks.o -Izynq_f
TRACE::2025-05-11.16:05:49::SCWBDomain::sbl_bsp/ps7_cortexa9_0/include -I.

TRACE::2025-05-11.16:05:49::SCWBDomain::arm-none-eabi-gcc  -O2 -c -MMD -MP       -mcpu=cortex-a9 -mfpu=vfpv3 -mfloat-abi=hard  -c main.c -o main.o -Izynq_fsbl_bsp/ps7_
TRACE::2025-05-11.16:05:49::SCWBDomain::cortexa9_0/include -I.

TRACE::2025-05-11.16:05:50::SCWBDomain::arm-none-eabi-gcc  -O2 -c -MMD -MP       -mcpu=cortex-a9 -mfpu=vfpv3 -mfloat-abi=hard  -c rsa.c -o rsa.o -Izynq_fsbl_bsp/ps7_co
TRACE::2025-05-11.16:05:50::SCWBDomain::rtexa9_0/include -I.

TRACE::2025-05-11.16:05:50::SCWBDomain::arm-none-eabi-gcc  -O2 -c -MMD -MP       -mcpu=cortex-a9 -mfpu=vfpv3 -mfloat-abi=hard  -c nor.c -o nor.o -Izynq_fsbl_bsp/ps7_co
TRACE::2025-05-11.16:05:50::SCWBDomain::rtexa9_0/include -I.

TRACE::2025-05-11.16:05:50::SCWBDomain::arm-none-eabi-gcc  -O2 -c -MMD -MP       -mcpu=cortex-a9 -mfpu=vfpv3 -mfloat-abi=hard  -c qspi.c -o qspi.o -Izynq_fsbl_bsp/ps7_
TRACE::2025-05-11.16:05:50::SCWBDomain::cortexa9_0/include -I.

TRACE::2025-05-11.16:05:50::SCWBDomain::arm-none-eabi-gcc  -O2 -c -MMD -MP       -mcpu=cortex-a9 -mfpu=vfpv3 -mfloat-abi=hard  -c ps7_init.c -o ps7_init.o -Izynq_fsbl_
TRACE::2025-05-11.16:05:50::SCWBDomain::bsp/ps7_cortexa9_0/include -I.

TRACE::2025-05-11.16:05:50::SCWBDomain::arm-none-eabi-gcc  -O2 -c -MMD -MP       -mcpu=cortex-a9 -mfpu=vfpv3 -mfloat-abi=hard  -c pcap.c -o pcap.o -Izynq_fsbl_bsp/ps7_
TRACE::2025-05-11.16:05:50::SCWBDomain::cortexa9_0/include -I.

TRACE::2025-05-11.16:05:50::SCWBDomain::arm-none-eabi-gcc  -O2 -c -MMD -MP       -mcpu=cortex-a9 -mfpu=vfpv3 -mfloat-abi=hard  -c fsbl_handoff.S -o fsbl_handoff.o -Izy
TRACE::2025-05-11.16:05:50::SCWBDomain::nq_fsbl_bsp/ps7_cortexa9_0/include -I.

TRACE::2025-05-11.16:05:50::SCWBDomain::arm-none-eabi-gcc -o fsbl.elf fsbl_handoff.o fsbl_hooks.o image_mover.o main.o md5.o nand.o nor.o pcap.o ps7_init.o qspi.o rsa.
TRACE::2025-05-11.16:05:50::SCWBDomain::o sd.o -MMD -MP       -mcpu=cortex-a9 -mfpu=vfpv3 -mfloat-abi=hard   -mcpu=cortex-a9 -mfpu=vfpv3 -mfloat-abi=hard -Wl,-build-id
TRACE::2025-05-11.16:05:50::SCWBDomain::=none -specs=Xilinx.spec  -lrsa -Wl,--start-group,-lxil,-lgcc,-lc,--end-group -Wl,--start-group,-lxilffs,-lxil,-lgcc,-lc,--end-
TRACE::2025-05-11.16:05:50::SCWBDomain::group -Wl,--start-group,-lrsa,-lxil,-lgcc,-lc,--end-group                                        -Wl,--gc-sections -Lzynq_fsbl_
TRACE::2025-05-11.16:05:50::SCWBDomain::bsp/ps7_cortexa9_0/lib -L./ -Tlscript.ld

LOG::2025-05-11.16:05:50::SCWSystem::Checking the domain standalone_ps7_cortexa9_0
LOG::2025-05-11.16:05:50::SCWSystem::Not a boot domain 
LOG::2025-05-11.16:05:50::SCWSystem::Started Processing the domain standalone_ps7_cortexa9_0
TRACE::2025-05-11.16:05:50::SCWDomain::Generating domain artifcats
TRACE::2025-05-11.16:05:50::SCWMssOS::Generating standalone artifcats
TRACE::2025-05-11.16:05:50::SCWMssOS::Copying the qemu file from  E:/vitis_projects/auto_project/full_car/IIC_included_BITSTREAM/resources/IIC_included_BITSTREAM/standalone_ps7_cortexa9_0/qemu_args.txt To E:/vitis_projects/auto_project/full_car/IIC_included_BITSTREAM/export/IIC_included_BITSTREAM/sw/IIC_included_BITSTREAM/standalone_ps7_cortexa9_0/qemu/
TRACE::2025-05-11.16:05:50::SCWMssOS:: Copying the user libraries. 
TRACE::2025-05-11.16:05:50::SCWPlatform::Trying to open the hw design at E:/vitis_projects/auto_project/full_car/IIC_included_BITSTREAM/hw/IIC_UPDATED_GPIO.xsa
TRACE::2025-05-11.16:05:50::SCWPlatform::DSA given E:/vitis_projects/auto_project/full_car/IIC_included_BITSTREAM/hw/IIC_UPDATED_GPIO.xsa
TRACE::2025-05-11.16:05:50::SCWPlatform::DSA absoulate path E:/vitis_projects/auto_project/full_car/IIC_included_BITSTREAM/hw/IIC_UPDATED_GPIO.xsa
TRACE::2025-05-11.16:05:50::SCWPlatform::DSA directory E:/vitis_projects/auto_project/full_car/IIC_included_BITSTREAM/hw
TRACE::2025-05-11.16:05:50::SCWPlatform:: Platform Path E:/vitis_projects/auto_project/full_car/IIC_included_BITSTREAM/hw/IIC_UPDATED_GPIO.xsa
TRACE::2025-05-11.16:05:50::SCWPlatform:: Unique name xilinx:pynq-z2::0.0
TRACE::2025-05-11.16:05:50::SCWPlatform::Trying to set the existing hwdb with name design_1_wrapper_1
TRACE::2025-05-11.16:05:50::SCWPlatform::Opened existing hwdb design_1_wrapper_1
TRACE::2025-05-11.16:05:50::SCWPlatform::Found the Hw Db part of the input DSA
TRACE::2025-05-11.16:05:50::SCWMssOS::Checking the sw design at  E:/vitis_projects/auto_project/full_car/IIC_included_BITSTREAM/ps7_cortexa9_0/standalone_ps7_cortexa9_0/bsp/system.mss
TRACE::2025-05-11.16:05:50::SCWMssOS::DEBUG:  swdes dump  E:/vitis_projects/auto_project/full_car/IIC_included_BITSTREAM/zynq_fsbl/zynq_fsbl_bsp/system.mss|system||

TRACE::2025-05-11.16:05:50::SCWMssOS::No sw design opened at  E:/vitis_projects/auto_project/full_car/IIC_included_BITSTREAM/ps7_cortexa9_0/standalone_ps7_cortexa9_0/bsp/system.mss
TRACE::2025-05-11.16:05:50::SCWMssOS::mss exists loading the mss file  E:/vitis_projects/auto_project/full_car/IIC_included_BITSTREAM/ps7_cortexa9_0/standalone_ps7_cortexa9_0/bsp/system.mss
TRACE::2025-05-11.16:05:50::SCWMssOS::Opened the sw design from mss  E:/vitis_projects/auto_project/full_car/IIC_included_BITSTREAM/ps7_cortexa9_0/standalone_ps7_cortexa9_0/bsp/system.mss
TRACE::2025-05-11.16:05:50::SCWMssOS::Adding the swdes entry E:/vitis_projects/auto_project/full_car/IIC_included_BITSTREAM/ps7_cortexa9_0/standalone_ps7_cortexa9_0/bsp/system.mss with des name system_0
TRACE::2025-05-11.16:05:50::SCWMssOS::updating the scw layer about changes
TRACE::2025-05-11.16:05:50::SCWMssOS::Opened the sw design.  E:/vitis_projects/auto_project/full_car/IIC_included_BITSTREAM/ps7_cortexa9_0/standalone_ps7_cortexa9_0/bsp/system.mss
TRACE::2025-05-11.16:05:50::SCWMssOS::Completed writing the mss file at E:/vitis_projects/auto_project/full_car/IIC_included_BITSTREAM/ps7_cortexa9_0/standalone_ps7_cortexa9_0/bsp
TRACE::2025-05-11.16:05:50::SCWMssOS::Mss edits present, copying mssfile into export location E:/vitis_projects/auto_project/full_car/IIC_included_BITSTREAM/ps7_cortexa9_0/standalone_ps7_cortexa9_0/bsp/system.mss
TRACE::2025-05-11.16:05:50::SCWMssOS::bsp generated is upto date with the mss file. Skipping bsp generation.
TRACE::2025-05-11.16:05:50::SCWMssOS::BSP is already built. skipping the bsp build ... 
TRACE::2025-05-11.16:05:50::SCWDomain::Building the domain as part of full build :  standalone_ps7_cortexa9_0
TRACE::2025-05-11.16:05:50::SCWMssOS::doing bsp build ... 
TRACE::2025-05-11.16:05:50::SCWMssOS::System Command Ran  E: & cd  E:/vitis_projects/auto_project/full_car/IIC_included_BITSTREAM/ps7_cortexa9_0/standalone_ps7_cortexa9_0/bsp & make 
TRACE::2025-05-11.16:05:50::SCWMssOS::make --no-print-directory seq_libs

TRACE::2025-05-11.16:05:50::SCWMssOS::"Running Make include in ps7_cortexa9_0/libsrc/coresightps_dcc_v1_10/src"

TRACE::2025-05-11.16:05:50::SCWMssOS::make -C ps7_cortexa9_0/libsrc/coresightps_dcc_v1_10/src -s include  "SHELL=CMD" "COMPILER=arm-none-eabi-gcc" "ASSEMBLER=arm-non
TRACE::2025-05-11.16:05:50::SCWMssOS::e-eabi-as" "ARCHIVER=arm-none-eabi-ar" "COMPILER_FLAGS=  -O2 -c" "EXTRA_COMPILER_FLAGS=-mcpu=cortex-a9 -mfpu=vfpv3 -mfloat-abi=
TRACE::2025-05-11.16:05:50::SCWMssOS::hard -nostartfiles -g -Wall -Wextra -fno-tree-loop-distribute-patterns"

TRACE::2025-05-11.16:05:50::SCWMssOS::"Running Make include in ps7_cortexa9_0/libsrc/cpu_cortexa9_v2_12/src"

TRACE::2025-05-11.16:05:50::SCWMssOS::make -C ps7_cortexa9_0/libsrc/cpu_cortexa9_v2_12/src -s include  "SHELL=CMD" "COMPILER=arm-none-eabi-gcc" "ASSEMBLER=arm-none-e
TRACE::2025-05-11.16:05:50::SCWMssOS::abi-as" "ARCHIVER=arm-none-eabi-ar" "COMPILER_FLAGS=  -O2 -c" "EXTRA_COMPILER_FLAGS=-mcpu=cortex-a9 -mfpu=vfpv3 -mfloat-abi=har
TRACE::2025-05-11.16:05:50::SCWMssOS::d -nostartfiles -g -Wall -Wextra -fno-tree-loop-distribute-patterns"

TRACE::2025-05-11.16:05:50::SCWMssOS::"Running Make include in ps7_cortexa9_0/libsrc/ddrps_v1_2/src"

TRACE::2025-05-11.16:05:50::SCWMssOS::make -C ps7_cortexa9_0/libsrc/ddrps_v1_2/src -s include  "SHELL=CMD" "COMPILER=arm-none-eabi-gcc" "ASSEMBLER=arm-none-eabi-as" 
TRACE::2025-05-11.16:05:50::SCWMssOS::"ARCHIVER=arm-none-eabi-ar" "COMPILER_FLAGS=  -O2 -c" "EXTRA_COMPILER_FLAGS=-mcpu=cortex-a9 -mfpu=vfpv3 -mfloat-abi=hard -nosta
TRACE::2025-05-11.16:05:50::SCWMssOS::rtfiles -g -Wall -Wextra -fno-tree-loop-distribute-patterns"

TRACE::2025-05-11.16:05:50::SCWMssOS::"Running Make include in ps7_cortexa9_0/libsrc/devcfg_v3_8/src"

TRACE::2025-05-11.16:05:50::SCWMssOS::make -C ps7_cortexa9_0/libsrc/devcfg_v3_8/src -s include  "SHELL=CMD" "COMPILER=arm-none-eabi-gcc" "ASSEMBLER=arm-none-eabi-as"
TRACE::2025-05-11.16:05:50::SCWMssOS:: "ARCHIVER=arm-none-eabi-ar" "COMPILER_FLAGS=  -O2 -c" "EXTRA_COMPILER_FLAGS=-mcpu=cortex-a9 -mfpu=vfpv3 -mfloat-abi=hard -nost
TRACE::2025-05-11.16:05:50::SCWMssOS::artfiles -g -Wall -Wextra -fno-tree-loop-distribute-patterns"

TRACE::2025-05-11.16:05:50::SCWMssOS::"Running Make include in ps7_cortexa9_0/libsrc/dmaps_v2_10/src"

TRACE::2025-05-11.16:05:50::SCWMssOS::make -C ps7_cortexa9_0/libsrc/dmaps_v2_10/src -s include  "SHELL=CMD" "COMPILER=arm-none-eabi-gcc" "ASSEMBLER=arm-none-eabi-as"
TRACE::2025-05-11.16:05:50::SCWMssOS:: "ARCHIVER=arm-none-eabi-ar" "COMPILER_FLAGS=  -O2 -c" "EXTRA_COMPILER_FLAGS=-mcpu=cortex-a9 -mfpu=vfpv3 -mfloat-abi=hard -nost
TRACE::2025-05-11.16:05:50::SCWMssOS::artfiles -g -Wall -Wextra -fno-tree-loop-distribute-patterns"

TRACE::2025-05-11.16:05:50::SCWMssOS::"Running Make include in ps7_cortexa9_0/libsrc/emacps_v3_20/src"

TRACE::2025-05-11.16:05:50::SCWMssOS::make -C ps7_cortexa9_0/libsrc/emacps_v3_20/src -s include  "SHELL=CMD" "COMPILER=arm-none-eabi-gcc" "ASSEMBLER=arm-none-eabi-as
TRACE::2025-05-11.16:05:50::SCWMssOS::" "ARCHIVER=arm-none-eabi-ar" "COMPILER_FLAGS=  -O2 -c" "EXTRA_COMPILER_FLAGS=-mcpu=cortex-a9 -mfpu=vfpv3 -mfloat-abi=hard -nos
TRACE::2025-05-11.16:05:50::SCWMssOS::tartfiles -g -Wall -Wextra -fno-tree-loop-distribute-patterns"

TRACE::2025-05-11.16:05:51::SCWMssOS::"Running Make include in ps7_cortexa9_0/libsrc/gpiops_v3_13/src"

TRACE::2025-05-11.16:05:51::SCWMssOS::make -C ps7_cortexa9_0/libsrc/gpiops_v3_13/src -s include  "SHELL=CMD" "COMPILER=arm-none-eabi-gcc" "ASSEMBLER=arm-none-eabi-as
TRACE::2025-05-11.16:05:51::SCWMssOS::" "ARCHIVER=arm-none-eabi-ar" "COMPILER_FLAGS=  -O2 -c" "EXTRA_COMPILER_FLAGS=-mcpu=cortex-a9 -mfpu=vfpv3 -mfloat-abi=hard -nos
TRACE::2025-05-11.16:05:51::SCWMssOS::tartfiles -g -Wall -Wextra -fno-tree-loop-distribute-patterns"

TRACE::2025-05-11.16:05:51::SCWMssOS::"Running Make include in ps7_cortexa9_0/libsrc/iic_v3_11/src"

TRACE::2025-05-11.16:05:51::SCWMssOS::make -C ps7_cortexa9_0/libsrc/iic_v3_11/src -s include  "SHELL=CMD" "COMPILER=arm-none-eabi-gcc" "ASSEMBLER=arm-none-eabi-as" "
TRACE::2025-05-11.16:05:51::SCWMssOS::ARCHIVER=arm-none-eabi-ar" "COMPILER_FLAGS=  -O2 -c" "EXTRA_COMPILER_FLAGS=-mcpu=cortex-a9 -mfpu=vfpv3 -mfloat-abi=hard -nostar
TRACE::2025-05-11.16:05:51::SCWMssOS::tfiles -g -Wall -Wextra -fno-tree-loop-distribute-patterns"

TRACE::2025-05-11.16:05:51::SCWMssOS::"Running Make include in ps7_cortexa9_0/libsrc/Motor_DriverIP_v1_0/src"

TRACE::2025-05-11.16:05:51::SCWMssOS::make -C ps7_cortexa9_0/libsrc/Motor_DriverIP_v1_0/src -s include  "SHELL=CMD" "COMPILER=arm-none-eabi-gcc" "ASSEMBLER=arm-none-
TRACE::2025-05-11.16:05:51::SCWMssOS::eabi-as" "ARCHIVER=arm-none-eabi-ar" "COMPILER_FLAGS=  -O2 -c" "EXTRA_COMPILER_FLAGS=-mcpu=cortex-a9 -mfpu=vfpv3 -mfloat-abi=ha
TRACE::2025-05-11.16:05:51::SCWMssOS::rd -nostartfiles -g -Wall -Wextra -fno-tree-loop-distribute-patterns"

TRACE::2025-05-11.16:05:51::SCWMssOS::"Running Make include in ps7_cortexa9_0/libsrc/qspips_v3_12/src"

TRACE::2025-05-11.16:05:51::SCWMssOS::make -C ps7_cortexa9_0/libsrc/qspips_v3_12/src -s include  "SHELL=CMD" "COMPILER=arm-none-eabi-gcc" "ASSEMBLER=arm-none-eabi-as
TRACE::2025-05-11.16:05:51::SCWMssOS::" "ARCHIVER=arm-none-eabi-ar" "COMPILER_FLAGS=  -O2 -c" "EXTRA_COMPILER_FLAGS=-mcpu=cortex-a9 -mfpu=vfpv3 -mfloat-abi=hard -nos
TRACE::2025-05-11.16:05:51::SCWMssOS::tartfiles -g -Wall -Wextra -fno-tree-loop-distribute-patterns"

TRACE::2025-05-11.16:05:51::SCWMssOS::"Running Make include in ps7_cortexa9_0/libsrc/scugic_v5_3/src"

TRACE::2025-05-11.16:05:51::SCWMssOS::make -C ps7_cortexa9_0/libsrc/scugic_v5_3/src -s include  "SHELL=CMD" "COMPILER=arm-none-eabi-gcc" "ASSEMBLER=arm-none-eabi-as"
TRACE::2025-05-11.16:05:51::SCWMssOS:: "ARCHIVER=arm-none-eabi-ar" "COMPILER_FLAGS=  -O2 -c" "EXTRA_COMPILER_FLAGS=-mcpu=cortex-a9 -mfpu=vfpv3 -mfloat-abi=hard -nost
TRACE::2025-05-11.16:05:51::SCWMssOS::artfiles -g -Wall -Wextra -fno-tree-loop-distribute-patterns"

TRACE::2025-05-11.16:05:51::SCWMssOS::"Running Make include in ps7_cortexa9_0/libsrc/scutimer_v2_6/src"

TRACE::2025-05-11.16:05:51::SCWMssOS::make -C ps7_cortexa9_0/libsrc/scutimer_v2_6/src -s include  "SHELL=CMD" "COMPILER=arm-none-eabi-gcc" "ASSEMBLER=arm-none-eabi-a
TRACE::2025-05-11.16:05:51::SCWMssOS::s" "ARCHIVER=arm-none-eabi-ar" "COMPILER_FLAGS=  -O2 -c" "EXTRA_COMPILER_FLAGS=-mcpu=cortex-a9 -mfpu=vfpv3 -mfloat-abi=hard -no
TRACE::2025-05-11.16:05:51::SCWMssOS::startfiles -g -Wall -Wextra -fno-tree-loop-distribute-patterns"

TRACE::2025-05-11.16:05:51::SCWMssOS::"Running Make include in ps7_cortexa9_0/libsrc/scuwdt_v2_5/src"

TRACE::2025-05-11.16:05:51::SCWMssOS::make -C ps7_cortexa9_0/libsrc/scuwdt_v2_5/src -s include  "SHELL=CMD" "COMPILER=arm-none-eabi-gcc" "ASSEMBLER=arm-none-eabi-as"
TRACE::2025-05-11.16:05:51::SCWMssOS:: "ARCHIVER=arm-none-eabi-ar" "COMPILER_FLAGS=  -O2 -c" "EXTRA_COMPILER_FLAGS=-mcpu=cortex-a9 -mfpu=vfpv3 -mfloat-abi=hard -nost
TRACE::2025-05-11.16:05:51::SCWMssOS::artfiles -g -Wall -Wextra -fno-tree-loop-distribute-patterns"

TRACE::2025-05-11.16:05:51::SCWMssOS::"Running Make include in ps7_cortexa9_0/libsrc/sdps_v4_3/src"

TRACE::2025-05-11.16:05:51::SCWMssOS::make -C ps7_cortexa9_0/libsrc/sdps_v4_3/src -s include  "SHELL=CMD" "COMPILER=arm-none-eabi-gcc" "ASSEMBLER=arm-none-eabi-as" "
TRACE::2025-05-11.16:05:51::SCWMssOS::ARCHIVER=arm-none-eabi-ar" "COMPILER_FLAGS=  -O2 -c" "EXTRA_COMPILER_FLAGS=-mcpu=cortex-a9 -mfpu=vfpv3 -mfloat-abi=hard -nostar
TRACE::2025-05-11.16:05:51::SCWMssOS::tfiles -g -Wall -Wextra -fno-tree-loop-distribute-patterns"

TRACE::2025-05-11.16:05:51::SCWMssOS::"Running Make include in ps7_cortexa9_0/libsrc/SpeedSensor_Driver_IP_v1_0/src"

TRACE::2025-05-11.16:05:51::SCWMssOS::make -C ps7_cortexa9_0/libsrc/SpeedSensor_Driver_IP_v1_0/src -s include  "SHELL=CMD" "COMPILER=arm-none-eabi-gcc" "ASSEMBLER=ar
TRACE::2025-05-11.16:05:51::SCWMssOS::m-none-eabi-as" "ARCHIVER=arm-none-eabi-ar" "COMPILER_FLAGS=  -O2 -c" "EXTRA_COMPILER_FLAGS=-mcpu=cortex-a9 -mfpu=vfpv3 -mfloat
TRACE::2025-05-11.16:05:51::SCWMssOS::-abi=hard -nostartfiles -g -Wall -Wextra -fno-tree-loop-distribute-patterns"

TRACE::2025-05-11.16:05:51::SCWMssOS::"Running Make include in ps7_cortexa9_0/libsrc/standalone_v9_1/src"

TRACE::2025-05-11.16:05:51::SCWMssOS::make -C ps7_cortexa9_0/libsrc/standalone_v9_1/src -s include  "SHELL=CMD" "COMPILER=arm-none-eabi-gcc" "ASSEMBLER=arm-none-eabi
TRACE::2025-05-11.16:05:51::SCWMssOS::-as" "ARCHIVER=arm-none-eabi-ar" "COMPILER_FLAGS=  -O2 -c" "EXTRA_COMPILER_FLAGS=-mcpu=cortex-a9 -mfpu=vfpv3 -mfloat-abi=hard -
TRACE::2025-05-11.16:05:51::SCWMssOS::nostartfiles -g -Wall -Wextra -fno-tree-loop-distribute-patterns"

TRACE::2025-05-11.16:05:51::SCWMssOS::"Running Make include in ps7_cortexa9_0/libsrc/tmrctr_v4_12/src"

TRACE::2025-05-11.16:05:51::SCWMssOS::make -C ps7_cortexa9_0/libsrc/tmrctr_v4_12/src -s include  "SHELL=CMD" "COMPILER=arm-none-eabi-gcc" "ASSEMBLER=arm-none-eabi-as
TRACE::2025-05-11.16:05:51::SCWMssOS::" "ARCHIVER=arm-none-eabi-ar" "COMPILER_FLAGS=  -O2 -c" "EXTRA_COMPILER_FLAGS=-mcpu=cortex-a9 -mfpu=vfpv3 -mfloat-abi=hard -nos
TRACE::2025-05-11.16:05:51::SCWMssOS::tartfiles -g -Wall -Wextra -fno-tree-loop-distribute-patterns"

TRACE::2025-05-11.16:05:51::SCWMssOS::"Running Make include in ps7_cortexa9_0/libsrc/uartps_v3_14/src"

TRACE::2025-05-11.16:05:51::SCWMssOS::make -C ps7_cortexa9_0/libsrc/uartps_v3_14/src -s include  "SHELL=CMD" "COMPILER=arm-none-eabi-gcc" "ASSEMBLER=arm-none-eabi-as
TRACE::2025-05-11.16:05:51::SCWMssOS::" "ARCHIVER=arm-none-eabi-ar" "COMPILER_FLAGS=  -O2 -c" "EXTRA_COMPILER_FLAGS=-mcpu=cortex-a9 -mfpu=vfpv3 -mfloat-abi=hard -nos
TRACE::2025-05-11.16:05:51::SCWMssOS::tartfiles -g -Wall -Wextra -fno-tree-loop-distribute-patterns"

TRACE::2025-05-11.16:05:51::SCWMssOS::"Running Make include in ps7_cortexa9_0/libsrc/usbps_v2_9/src"

TRACE::2025-05-11.16:05:51::SCWMssOS::make -C ps7_cortexa9_0/libsrc/usbps_v2_9/src -s include  "SHELL=CMD" "COMPILER=arm-none-eabi-gcc" "ASSEMBLER=arm-none-eabi-as" 
TRACE::2025-05-11.16:05:51::SCWMssOS::"ARCHIVER=arm-none-eabi-ar" "COMPILER_FLAGS=  -O2 -c" "EXTRA_COMPILER_FLAGS=-mcpu=cortex-a9 -mfpu=vfpv3 -mfloat-abi=hard -nosta
TRACE::2025-05-11.16:05:51::SCWMssOS::rtfiles -g -Wall -Wextra -fno-tree-loop-distribute-patterns"

TRACE::2025-05-11.16:05:51::SCWMssOS::"Running Make include in ps7_cortexa9_0/libsrc/xadcps_v2_7/src"

TRACE::2025-05-11.16:05:51::SCWMssOS::make -C ps7_cortexa9_0/libsrc/xadcps_v2_7/src -s include  "SHELL=CMD" "COMPILER=arm-none-eabi-gcc" "ASSEMBLER=arm-none-eabi-as"
TRACE::2025-05-11.16:05:51::SCWMssOS:: "ARCHIVER=arm-none-eabi-ar" "COMPILER_FLAGS=  -O2 -c" "EXTRA_COMPILER_FLAGS=-mcpu=cortex-a9 -mfpu=vfpv3 -mfloat-abi=hard -nost
TRACE::2025-05-11.16:05:51::SCWMssOS::artfiles -g -Wall -Wextra -fno-tree-loop-distribute-patterns"

TRACE::2025-05-11.16:05:51::SCWMssOS::"Running Make libs in ps7_cortexa9_0/libsrc/Motor_DriverIP_v1_0/src"

TRACE::2025-05-11.16:05:51::SCWMssOS::make -C ps7_cortexa9_0/libsrc/Motor_DriverIP_v1_0/src -s libs  "SHELL=CMD" "COMPILER=arm-none-eabi-gcc" "ASSEMBLER=arm-none-eab
TRACE::2025-05-11.16:05:51::SCWMssOS::i-as" "ARCHIVER=arm-none-eabi-ar" "COMPILER_FLAGS=  -O2 -c" "EXTRA_COMPILER_FLAGS=-mcpu=cortex-a9 -mfpu=vfpv3 -mfloat-abi=hard 
TRACE::2025-05-11.16:05:51::SCWMssOS::-nostartfiles -g -Wall -Wextra -fno-tree-loop-distribute-patterns"

TRACE::2025-05-11.16:05:51::SCWMssOS::"Running Make libs in ps7_cortexa9_0/libsrc/SpeedSensor_Driver_IP_v1_0/src"

TRACE::2025-05-11.16:05:51::SCWMssOS::make -C ps7_cortexa9_0/libsrc/SpeedSensor_Driver_IP_v1_0/src -s libs  "SHELL=CMD" "COMPILER=arm-none-eabi-gcc" "ASSEMBLER=arm-n
TRACE::2025-05-11.16:05:51::SCWMssOS::one-eabi-as" "ARCHIVER=arm-none-eabi-ar" "COMPILER_FLAGS=  -O2 -c" "EXTRA_COMPILER_FLAGS=-mcpu=cortex-a9 -mfpu=vfpv3 -mfloat-ab
TRACE::2025-05-11.16:05:51::SCWMssOS::i=hard -nostartfiles -g -Wall -Wextra -fno-tree-loop-distribute-patterns"

TRACE::2025-05-11.16:05:51::SCWMssOS::'Finished building libraries sequentially.'

TRACE::2025-05-11.16:05:51::SCWMssOS::make -j 10 --no-print-directory par_libs

TRACE::2025-05-11.16:05:51::SCWMssOS::"Running Make include in ps7_cortexa9_0/libsrc/coresightps_dcc_v1_10/src"

TRACE::2025-05-11.16:05:51::SCWMssOS::make -C ps7_cortexa9_0/libsrc/coresightps_dcc_v1_10/src -s include  "SHELL=CMD" "COMPILER=arm-none-eabi-gcc" "ASSEMBLER=arm-non
TRACE::2025-05-11.16:05:51::SCWMssOS::e-eabi-as" "ARCHIVER=arm-none-eabi-ar" "COMPILER_FLAGS=  -O2 -c" "EXTRA_COMPILER_FLAGS=-mcpu=cortex-a9 -mfpu=vfpv3 -mfloat-abi=
TRACE::2025-05-11.16:05:51::SCWMssOS::hard -nostartfiles -g -Wall -Wextra -fno-tree-loop-distribute-patterns"

TRACE::2025-05-11.16:05:51::SCWMssOS::"Running Make include in ps7_cortexa9_0/libsrc/cpu_cortexa9_v2_12/src"

TRACE::2025-05-11.16:05:51::SCWMssOS::make -C ps7_cortexa9_0/libsrc/cpu_cortexa9_v2_12/src -s include  "SHELL=CMD" "COMPILER=arm-none-eabi-gcc" "ASSEMBLER=arm-none-e
TRACE::2025-05-11.16:05:51::SCWMssOS::abi-as" "ARCHIVER=arm-none-eabi-ar" "COMPILER_FLAGS=  -O2 -c" "EXTRA_COMPILER_FLAGS=-mcpu=cortex-a9 -mfpu=vfpv3 -mfloat-abi=har
TRACE::2025-05-11.16:05:51::SCWMssOS::d -nostartfiles -g -Wall -Wextra -fno-tree-loop-distribute-patterns"

TRACE::2025-05-11.16:05:51::SCWMssOS::"Running Make include in ps7_cortexa9_0/libsrc/ddrps_v1_2/src"

TRACE::2025-05-11.16:05:51::SCWMssOS::make -C ps7_cortexa9_0/libsrc/ddrps_v1_2/src -s include  "SHELL=CMD" "COMPILER=arm-none-eabi-gcc" "ASSEMBLER=arm-none-eabi-as" 
TRACE::2025-05-11.16:05:51::SCWMssOS::"ARCHIVER=arm-none-eabi-ar" "COMPILER_FLAGS=  -O2 -c" "EXTRA_COMPILER_FLAGS=-mcpu=cortex-a9 -mfpu=vfpv3 -mfloat-abi=hard -nosta
TRACE::2025-05-11.16:05:51::SCWMssOS::rtfiles -g -Wall -Wextra -fno-tree-loop-distribute-patterns"

TRACE::2025-05-11.16:05:51::SCWMssOS::"Running Make include in ps7_cortexa9_0/libsrc/devcfg_v3_8/src"

TRACE::2025-05-11.16:05:51::SCWMssOS::make -C ps7_cortexa9_0/libsrc/devcfg_v3_8/src -s include  "SHELL=CMD" "COMPILER=arm-none-eabi-gcc" "ASSEMBLER=arm-none-eabi-as"
TRACE::2025-05-11.16:05:51::SCWMssOS:: "ARCHIVER=arm-none-eabi-ar" "COMPILER_FLAGS=  -O2 -c" "EXTRA_COMPILER_FLAGS=-mcpu=cortex-a9 -mfpu=vfpv3 -mfloat-abi=hard -nost
TRACE::2025-05-11.16:05:51::SCWMssOS::artfiles -g -Wall -Wextra -fno-tree-loop-distribute-patterns"

TRACE::2025-05-11.16:05:51::SCWMssOS::"Running Make include in ps7_cortexa9_0/libsrc/dmaps_v2_10/src"

TRACE::2025-05-11.16:05:51::SCWMssOS::make -C ps7_cortexa9_0/libsrc/dmaps_v2_10/src -s include  "SHELL=CMD" "COMPILER=arm-none-eabi-gcc" "ASSEMBLER=arm-none-eabi-as"
TRACE::2025-05-11.16:05:51::SCWMssOS:: "ARCHIVER=arm-none-eabi-ar" "COMPILER_FLAGS=  -O2 -c" "EXTRA_COMPILER_FLAGS=-mcpu=cortex-a9 -mfpu=vfpv3 -mfloat-abi=hard -nost
TRACE::2025-05-11.16:05:51::SCWMssOS::artfiles -g -Wall -Wextra -fno-tree-loop-distribute-patterns"

TRACE::2025-05-11.16:05:51::SCWMssOS::"Running Make include in ps7_cortexa9_0/libsrc/emacps_v3_20/src"

TRACE::2025-05-11.16:05:51::SCWMssOS::make -C ps7_cortexa9_0/libsrc/emacps_v3_20/src -s include  "SHELL=CMD" "COMPILER=arm-none-eabi-gcc" "ASSEMBLER=arm-none-eabi-as
TRACE::2025-05-11.16:05:51::SCWMssOS::" "ARCHIVER=arm-none-eabi-ar" "COMPILER_FLAGS=  -O2 -c" "EXTRA_COMPILER_FLAGS=-mcpu=cortex-a9 -mfpu=vfpv3 -mfloat-abi=hard -nos
TRACE::2025-05-11.16:05:51::SCWMssOS::tartfiles -g -Wall -Wextra -fno-tree-loop-distribute-patterns"

TRACE::2025-05-11.16:05:51::SCWMssOS::"Running Make include in ps7_cortexa9_0/libsrc/gpiops_v3_13/src"

TRACE::2025-05-11.16:05:51::SCWMssOS::make -C ps7_cortexa9_0/libsrc/gpiops_v3_13/src -s include  "SHELL=CMD" "COMPILER=arm-none-eabi-gcc" "ASSEMBLER=arm-none-eabi-as
TRACE::2025-05-11.16:05:51::SCWMssOS::" "ARCHIVER=arm-none-eabi-ar" "COMPILER_FLAGS=  -O2 -c" "EXTRA_COMPILER_FLAGS=-mcpu=cortex-a9 -mfpu=vfpv3 -mfloat-abi=hard -nos
TRACE::2025-05-11.16:05:51::SCWMssOS::tartfiles -g -Wall -Wextra -fno-tree-loop-distribute-patterns"

TRACE::2025-05-11.16:05:51::SCWMssOS::"Running Make include in ps7_cortexa9_0/libsrc/iic_v3_11/src"

TRACE::2025-05-11.16:05:51::SCWMssOS::make -C ps7_cortexa9_0/libsrc/iic_v3_11/src -s include  "SHELL=CMD" "COMPILER=arm-none-eabi-gcc" "ASSEMBLER=arm-none-eabi-as" "
TRACE::2025-05-11.16:05:51::SCWMssOS::ARCHIVER=arm-none-eabi-ar" "COMPILER_FLAGS=  -O2 -c" "EXTRA_COMPILER_FLAGS=-mcpu=cortex-a9 -mfpu=vfpv3 -mfloat-abi=hard -nostar
TRACE::2025-05-11.16:05:51::SCWMssOS::tfiles -g -Wall -Wextra -fno-tree-loop-distribute-patterns"

TRACE::2025-05-11.16:05:51::SCWMssOS::"Running Make include in ps7_cortexa9_0/libsrc/Motor_DriverIP_v1_0/src"

TRACE::2025-05-11.16:05:51::SCWMssOS::make -C ps7_cortexa9_0/libsrc/Motor_DriverIP_v1_0/src -s include  "SHELL=CMD" "COMPILER=arm-none-eabi-gcc" "ASSEMBLER=arm-none-
TRACE::2025-05-11.16:05:51::SCWMssOS::eabi-as" "ARCHIVER=arm-none-eabi-ar" "COMPILER_FLAGS=  -O2 -c" "EXTRA_COMPILER_FLAGS=-mcpu=cortex-a9 -mfpu=vfpv3 -mfloat-abi=ha
TRACE::2025-05-11.16:05:51::SCWMssOS::rd -nostartfiles -g -Wall -Wextra -fno-tree-loop-distribute-patterns"

TRACE::2025-05-11.16:05:51::SCWMssOS::"Running Make include in ps7_cortexa9_0/libsrc/qspips_v3_12/src"

TRACE::2025-05-11.16:05:51::SCWMssOS::make -C ps7_cortexa9_0/libsrc/qspips_v3_12/src -s include  "SHELL=CMD" "COMPILER=arm-none-eabi-gcc" "ASSEMBLER=arm-none-eabi-as
TRACE::2025-05-11.16:05:51::SCWMssOS::" "ARCHIVER=arm-none-eabi-ar" "COMPILER_FLAGS=  -O2 -c" "EXTRA_COMPILER_FLAGS=-mcpu=cortex-a9 -mfpu=vfpv3 -mfloat-abi=hard -nos
TRACE::2025-05-11.16:05:51::SCWMssOS::tartfiles -g -Wall -Wextra -fno-tree-loop-distribute-patterns"

TRACE::2025-05-11.16:05:51::SCWMssOS::"Running Make include in ps7_cortexa9_0/libsrc/scugic_v5_3/src"

TRACE::2025-05-11.16:05:51::SCWMssOS::make -C ps7_cortexa9_0/libsrc/scugic_v5_3/src -s include  "SHELL=CMD" "COMPILER=arm-none-eabi-gcc" "ASSEMBLER=arm-none-eabi-as"
TRACE::2025-05-11.16:05:51::SCWMssOS:: "ARCHIVER=arm-none-eabi-ar" "COMPILER_FLAGS=  -O2 -c" "EXTRA_COMPILER_FLAGS=-mcpu=cortex-a9 -mfpu=vfpv3 -mfloat-abi=hard -nost
TRACE::2025-05-11.16:05:51::SCWMssOS::artfiles -g -Wall -Wextra -fno-tree-loop-distribute-patterns"

TRACE::2025-05-11.16:05:51::SCWMssOS::"Running Make include in ps7_cortexa9_0/libsrc/scutimer_v2_6/src"

TRACE::2025-05-11.16:05:51::SCWMssOS::make -C ps7_cortexa9_0/libsrc/scutimer_v2_6/src -s include  "SHELL=CMD" "COMPILER=arm-none-eabi-gcc" "ASSEMBLER=arm-none-eabi-a
TRACE::2025-05-11.16:05:51::SCWMssOS::s" "ARCHIVER=arm-none-eabi-ar" "COMPILER_FLAGS=  -O2 -c" "EXTRA_COMPILER_FLAGS=-mcpu=cortex-a9 -mfpu=vfpv3 -mfloat-abi=hard -no
TRACE::2025-05-11.16:05:51::SCWMssOS::startfiles -g -Wall -Wextra -fno-tree-loop-distribute-patterns"

TRACE::2025-05-11.16:05:51::SCWMssOS::"Running Make include in ps7_cortexa9_0/libsrc/scuwdt_v2_5/src"

TRACE::2025-05-11.16:05:51::SCWMssOS::make -C ps7_cortexa9_0/libsrc/scuwdt_v2_5/src -s include  "SHELL=CMD" "COMPILER=arm-none-eabi-gcc" "ASSEMBLER=arm-none-eabi-as"
TRACE::2025-05-11.16:05:51::SCWMssOS:: "ARCHIVER=arm-none-eabi-ar" "COMPILER_FLAGS=  -O2 -c" "EXTRA_COMPILER_FLAGS=-mcpu=cortex-a9 -mfpu=vfpv3 -mfloat-abi=hard -nost
TRACE::2025-05-11.16:05:51::SCWMssOS::artfiles -g -Wall -Wextra -fno-tree-loop-distribute-patterns"

TRACE::2025-05-11.16:05:51::SCWMssOS::"Running Make include in ps7_cortexa9_0/libsrc/sdps_v4_3/src"

TRACE::2025-05-11.16:05:52::SCWMssOS::make -C ps7_cortexa9_0/libsrc/sdps_v4_3/src -s include  "SHELL=CMD" "COMPILER=arm-none-eabi-gcc" "ASSEMBLER=arm-none-eabi-as" "
TRACE::2025-05-11.16:05:52::SCWMssOS::ARCHIVER=arm-none-eabi-ar" "COMPILER_FLAGS=  -O2 -c" "EXTRA_COMPILER_FLAGS=-mcpu=cortex-a9 -mfpu=vfpv3 -mfloat-abi=hard -nostar
TRACE::2025-05-11.16:05:52::SCWMssOS::tfiles -g -Wall -Wextra -fno-tree-loop-distribute-patterns"

TRACE::2025-05-11.16:05:52::SCWMssOS::"Running Make include in ps7_cortexa9_0/libsrc/SpeedSensor_Driver_IP_v1_0/src"

TRACE::2025-05-11.16:05:52::SCWMssOS::make -C ps7_cortexa9_0/libsrc/SpeedSensor_Driver_IP_v1_0/src -s include  "SHELL=CMD" "COMPILER=arm-none-eabi-gcc" "ASSEMBLER=ar
TRACE::2025-05-11.16:05:52::SCWMssOS::m-none-eabi-as" "ARCHIVER=arm-none-eabi-ar" "COMPILER_FLAGS=  -O2 -c" "EXTRA_COMPILER_FLAGS=-mcpu=cortex-a9 -mfpu=vfpv3 -mfloat
TRACE::2025-05-11.16:05:52::SCWMssOS::-abi=hard -nostartfiles -g -Wall -Wextra -fno-tree-loop-distribute-patterns"

TRACE::2025-05-11.16:05:52::SCWMssOS::"Running Make include in ps7_cortexa9_0/libsrc/standalone_v9_1/src"

TRACE::2025-05-11.16:05:52::SCWMssOS::make -C ps7_cortexa9_0/libsrc/standalone_v9_1/src -s include  "SHELL=CMD" "COMPILER=arm-none-eabi-gcc" "ASSEMBLER=arm-none-eabi
TRACE::2025-05-11.16:05:52::SCWMssOS::-as" "ARCHIVER=arm-none-eabi-ar" "COMPILER_FLAGS=  -O2 -c" "EXTRA_COMPILER_FLAGS=-mcpu=cortex-a9 -mfpu=vfpv3 -mfloat-abi=hard -
TRACE::2025-05-11.16:05:52::SCWMssOS::nostartfiles -g -Wall -Wextra -fno-tree-loop-distribute-patterns"

TRACE::2025-05-11.16:05:52::SCWMssOS::"Running Make include in ps7_cortexa9_0/libsrc/tmrctr_v4_12/src"

TRACE::2025-05-11.16:05:52::SCWMssOS::make -C ps7_cortexa9_0/libsrc/tmrctr_v4_12/src -s include  "SHELL=CMD" "COMPILER=arm-none-eabi-gcc" "ASSEMBLER=arm-none-eabi-as
TRACE::2025-05-11.16:05:52::SCWMssOS::" "ARCHIVER=arm-none-eabi-ar" "COMPILER_FLAGS=  -O2 -c" "EXTRA_COMPILER_FLAGS=-mcpu=cortex-a9 -mfpu=vfpv3 -mfloat-abi=hard -nos
TRACE::2025-05-11.16:05:52::SCWMssOS::tartfiles -g -Wall -Wextra -fno-tree-loop-distribute-patterns"

TRACE::2025-05-11.16:05:52::SCWMssOS::"Running Make include in ps7_cortexa9_0/libsrc/uartps_v3_14/src"

TRACE::2025-05-11.16:05:52::SCWMssOS::make -C ps7_cortexa9_0/libsrc/uartps_v3_14/src -s include  "SHELL=CMD" "COMPILER=arm-none-eabi-gcc" "ASSEMBLER=arm-none-eabi-as
TRACE::2025-05-11.16:05:52::SCWMssOS::" "ARCHIVER=arm-none-eabi-ar" "COMPILER_FLAGS=  -O2 -c" "EXTRA_COMPILER_FLAGS=-mcpu=cortex-a9 -mfpu=vfpv3 -mfloat-abi=hard -nos
TRACE::2025-05-11.16:05:52::SCWMssOS::tartfiles -g -Wall -Wextra -fno-tree-loop-distribute-patterns"

TRACE::2025-05-11.16:05:52::SCWMssOS::"Running Make include in ps7_cortexa9_0/libsrc/usbps_v2_9/src"

TRACE::2025-05-11.16:05:52::SCWMssOS::make -C ps7_cortexa9_0/libsrc/usbps_v2_9/src -s include  "SHELL=CMD" "COMPILER=arm-none-eabi-gcc" "ASSEMBLER=arm-none-eabi-as" 
TRACE::2025-05-11.16:05:52::SCWMssOS::"ARCHIVER=arm-none-eabi-ar" "COMPILER_FLAGS=  -O2 -c" "EXTRA_COMPILER_FLAGS=-mcpu=cortex-a9 -mfpu=vfpv3 -mfloat-abi=hard -nosta
TRACE::2025-05-11.16:05:52::SCWMssOS::rtfiles -g -Wall -Wextra -fno-tree-loop-distribute-patterns"

TRACE::2025-05-11.16:05:52::SCWMssOS::"Running Make include in ps7_cortexa9_0/libsrc/xadcps_v2_7/src"

TRACE::2025-05-11.16:05:52::SCWMssOS::make -C ps7_cortexa9_0/libsrc/xadcps_v2_7/src -s include  "SHELL=CMD" "COMPILER=arm-none-eabi-gcc" "ASSEMBLER=arm-none-eabi-as"
TRACE::2025-05-11.16:05:52::SCWMssOS:: "ARCHIVER=arm-none-eabi-ar" "COMPILER_FLAGS=  -O2 -c" "EXTRA_COMPILER_FLAGS=-mcpu=cortex-a9 -mfpu=vfpv3 -mfloat-abi=hard -nost
TRACE::2025-05-11.16:05:52::SCWMssOS::artfiles -g -Wall -Wextra -fno-tree-loop-distribute-patterns"

TRACE::2025-05-11.16:05:52::SCWMssOS::"Running Make libs in ps7_cortexa9_0/libsrc/coresightps_dcc_v1_10/src"

TRACE::2025-05-11.16:05:52::SCWMssOS::make -C ps7_cortexa9_0/libsrc/coresightps_dcc_v1_10/src -s libs  "SHELL=CMD" "COMPILER=arm-none-eabi-gcc" "ASSEMBLER=arm-none-e
TRACE::2025-05-11.16:05:52::SCWMssOS::abi-as" "ARCHIVER=arm-none-eabi-ar" "COMPILER_FLAGS=  -O2 -c" "EXTRA_COMPILER_FLAGS=-mcpu=cortex-a9 -mfpu=vfpv3 -mfloat-abi=har
TRACE::2025-05-11.16:05:52::SCWMssOS::d -nostartfiles -g -Wall -Wextra -fno-tree-loop-distribute-patterns"

TRACE::2025-05-11.16:05:52::SCWMssOS::"Running Make libs in ps7_cortexa9_0/libsrc/cpu_cortexa9_v2_12/src"

TRACE::2025-05-11.16:05:52::SCWMssOS::make -C ps7_cortexa9_0/libsrc/cpu_cortexa9_v2_12/src -s libs  "SHELL=CMD" "COMPILER=arm-none-eabi-gcc" "ASSEMBLER=arm-none-eabi
TRACE::2025-05-11.16:05:52::SCWMssOS::-as" "ARCHIVER=arm-none-eabi-ar" "COMPILER_FLAGS=  -O2 -c" "EXTRA_COMPILER_FLAGS=-mcpu=cortex-a9 -mfpu=vfpv3 -mfloat-abi=hard -
TRACE::2025-05-11.16:05:52::SCWMssOS::nostartfiles -g -Wall -Wextra -fno-tree-loop-distribute-patterns"

TRACE::2025-05-11.16:05:52::SCWMssOS::"Running Make libs in ps7_cortexa9_0/libsrc/ddrps_v1_2/src"

TRACE::2025-05-11.16:05:52::SCWMssOS::make -C ps7_cortexa9_0/libsrc/ddrps_v1_2/src -s libs  "SHELL=CMD" "COMPILER=arm-none-eabi-gcc" "ASSEMBLER=arm-none-eabi-as" "AR
TRACE::2025-05-11.16:05:52::SCWMssOS::CHIVER=arm-none-eabi-ar" "COMPILER_FLAGS=  -O2 -c" "EXTRA_COMPILER_FLAGS=-mcpu=cortex-a9 -mfpu=vfpv3 -mfloat-abi=hard -nostartf
TRACE::2025-05-11.16:05:52::SCWMssOS::iles -g -Wall -Wextra -fno-tree-loop-distribute-patterns"

TRACE::2025-05-11.16:05:52::SCWMssOS::"Running Make libs in ps7_cortexa9_0/libsrc/devcfg_v3_8/src"

TRACE::2025-05-11.16:05:52::SCWMssOS::make -C ps7_cortexa9_0/libsrc/devcfg_v3_8/src -s libs  "SHELL=CMD" "COMPILER=arm-none-eabi-gcc" "ASSEMBLER=arm-none-eabi-as" "A
TRACE::2025-05-11.16:05:52::SCWMssOS::RCHIVER=arm-none-eabi-ar" "COMPILER_FLAGS=  -O2 -c" "EXTRA_COMPILER_FLAGS=-mcpu=cortex-a9 -mfpu=vfpv3 -mfloat-abi=hard -nostart
TRACE::2025-05-11.16:05:52::SCWMssOS::files -g -Wall -Wextra -fno-tree-loop-distribute-patterns"

TRACE::2025-05-11.16:05:52::SCWMssOS::"Running Make libs in ps7_cortexa9_0/libsrc/dmaps_v2_10/src"

TRACE::2025-05-11.16:05:52::SCWMssOS::make -C ps7_cortexa9_0/libsrc/dmaps_v2_10/src -s libs  "SHELL=CMD" "COMPILER=arm-none-eabi-gcc" "ASSEMBLER=arm-none-eabi-as" "A
TRACE::2025-05-11.16:05:52::SCWMssOS::RCHIVER=arm-none-eabi-ar" "COMPILER_FLAGS=  -O2 -c" "EXTRA_COMPILER_FLAGS=-mcpu=cortex-a9 -mfpu=vfpv3 -mfloat-abi=hard -nostart
TRACE::2025-05-11.16:05:52::SCWMssOS::files -g -Wall -Wextra -fno-tree-loop-distribute-patterns"

TRACE::2025-05-11.16:05:52::SCWMssOS::"Running Make libs in ps7_cortexa9_0/libsrc/emacps_v3_20/src"

TRACE::2025-05-11.16:05:52::SCWMssOS::make -C ps7_cortexa9_0/libsrc/emacps_v3_20/src -s libs  "SHELL=CMD" "COMPILER=arm-none-eabi-gcc" "ASSEMBLER=arm-none-eabi-as" "
TRACE::2025-05-11.16:05:52::SCWMssOS::ARCHIVER=arm-none-eabi-ar" "COMPILER_FLAGS=  -O2 -c" "EXTRA_COMPILER_FLAGS=-mcpu=cortex-a9 -mfpu=vfpv3 -mfloat-abi=hard -nostar
TRACE::2025-05-11.16:05:52::SCWMssOS::tfiles -g -Wall -Wextra -fno-tree-loop-distribute-patterns"

TRACE::2025-05-11.16:05:52::SCWMssOS::"Running Make libs in ps7_cortexa9_0/libsrc/gpiops_v3_13/src"

TRACE::2025-05-11.16:05:52::SCWMssOS::make -C ps7_cortexa9_0/libsrc/gpiops_v3_13/src -s libs  "SHELL=CMD" "COMPILER=arm-none-eabi-gcc" "ASSEMBLER=arm-none-eabi-as" "
TRACE::2025-05-11.16:05:52::SCWMssOS::ARCHIVER=arm-none-eabi-ar" "COMPILER_FLAGS=  -O2 -c" "EXTRA_COMPILER_FLAGS=-mcpu=cortex-a9 -mfpu=vfpv3 -mfloat-abi=hard -nostar
TRACE::2025-05-11.16:05:52::SCWMssOS::tfiles -g -Wall -Wextra -fno-tree-loop-distribute-patterns"

TRACE::2025-05-11.16:05:52::SCWMssOS::"Running Make libs in ps7_cortexa9_0/libsrc/iic_v3_11/src"

TRACE::2025-05-11.16:05:52::SCWMssOS::make -C ps7_cortexa9_0/libsrc/iic_v3_11/src -s libs  "SHELL=CMD" "COMPILER=arm-none-eabi-gcc" "ASSEMBLER=arm-none-eabi-as" "ARC
TRACE::2025-05-11.16:05:52::SCWMssOS::HIVER=arm-none-eabi-ar" "COMPILER_FLAGS=  -O2 -c" "EXTRA_COMPILER_FLAGS=-mcpu=cortex-a9 -mfpu=vfpv3 -mfloat-abi=hard -nostartfi
TRACE::2025-05-11.16:05:52::SCWMssOS::les -g -Wall -Wextra -fno-tree-loop-distribute-patterns"

TRACE::2025-05-11.16:05:52::SCWMssOS::"Running Make libs in ps7_cortexa9_0/libsrc/qspips_v3_12/src"

TRACE::2025-05-11.16:05:52::SCWMssOS::make -C ps7_cortexa9_0/libsrc/qspips_v3_12/src -s libs  "SHELL=CMD" "COMPILER=arm-none-eabi-gcc" "ASSEMBLER=arm-none-eabi-as" "
TRACE::2025-05-11.16:05:52::SCWMssOS::ARCHIVER=arm-none-eabi-ar" "COMPILER_FLAGS=  -O2 -c" "EXTRA_COMPILER_FLAGS=-mcpu=cortex-a9 -mfpu=vfpv3 -mfloat-abi=hard -nostar
TRACE::2025-05-11.16:05:52::SCWMssOS::tfiles -g -Wall -Wextra -fno-tree-loop-distribute-patterns"

TRACE::2025-05-11.16:05:52::SCWMssOS::"Running Make libs in ps7_cortexa9_0/libsrc/scugic_v5_3/src"

TRACE::2025-05-11.16:05:52::SCWMssOS::make -C ps7_cortexa9_0/libsrc/scugic_v5_3/src -s libs  "SHELL=CMD" "COMPILER=arm-none-eabi-gcc" "ASSEMBLER=arm-none-eabi-as" "A
TRACE::2025-05-11.16:05:52::SCWMssOS::RCHIVER=arm-none-eabi-ar" "COMPILER_FLAGS=  -O2 -c" "EXTRA_COMPILER_FLAGS=-mcpu=cortex-a9 -mfpu=vfpv3 -mfloat-abi=hard -nostart
TRACE::2025-05-11.16:05:52::SCWMssOS::files -g -Wall -Wextra -fno-tree-loop-distribute-patterns"

TRACE::2025-05-11.16:05:52::SCWMssOS::"Running Make libs in ps7_cortexa9_0/libsrc/scutimer_v2_6/src"

TRACE::2025-05-11.16:05:52::SCWMssOS::make -C ps7_cortexa9_0/libsrc/scutimer_v2_6/src -s libs  "SHELL=CMD" "COMPILER=arm-none-eabi-gcc" "ASSEMBLER=arm-none-eabi-as" 
TRACE::2025-05-11.16:05:52::SCWMssOS::"ARCHIVER=arm-none-eabi-ar" "COMPILER_FLAGS=  -O2 -c" "EXTRA_COMPILER_FLAGS=-mcpu=cortex-a9 -mfpu=vfpv3 -mfloat-abi=hard -nosta
TRACE::2025-05-11.16:05:52::SCWMssOS::rtfiles -g -Wall -Wextra -fno-tree-loop-distribute-patterns"

TRACE::2025-05-11.16:05:52::SCWMssOS::"Running Make libs in ps7_cortexa9_0/libsrc/scuwdt_v2_5/src"

TRACE::2025-05-11.16:05:52::SCWMssOS::make -C ps7_cortexa9_0/libsrc/scuwdt_v2_5/src -s libs  "SHELL=CMD" "COMPILER=arm-none-eabi-gcc" "ASSEMBLER=arm-none-eabi-as" "A
TRACE::2025-05-11.16:05:52::SCWMssOS::RCHIVER=arm-none-eabi-ar" "COMPILER_FLAGS=  -O2 -c" "EXTRA_COMPILER_FLAGS=-mcpu=cortex-a9 -mfpu=vfpv3 -mfloat-abi=hard -nostart
TRACE::2025-05-11.16:05:52::SCWMssOS::files -g -Wall -Wextra -fno-tree-loop-distribute-patterns"

TRACE::2025-05-11.16:05:52::SCWMssOS::"Running Make libs in ps7_cortexa9_0/libsrc/sdps_v4_3/src"

TRACE::2025-05-11.16:05:52::SCWMssOS::make -C ps7_cortexa9_0/libsrc/sdps_v4_3/src -s libs  "SHELL=CMD" "COMPILER=arm-none-eabi-gcc" "ASSEMBLER=arm-none-eabi-as" "ARC
TRACE::2025-05-11.16:05:52::SCWMssOS::HIVER=arm-none-eabi-ar" "COMPILER_FLAGS=  -O2 -c" "EXTRA_COMPILER_FLAGS=-mcpu=cortex-a9 -mfpu=vfpv3 -mfloat-abi=hard -nostartfi
TRACE::2025-05-11.16:05:52::SCWMssOS::les -g -Wall -Wextra -fno-tree-loop-distribute-patterns"

TRACE::2025-05-11.16:05:53::SCWMssOS::"Running Make libs in ps7_cortexa9_0/libsrc/standalone_v9_1/src"

TRACE::2025-05-11.16:05:53::SCWMssOS::make -C ps7_cortexa9_0/libsrc/standalone_v9_1/src -s libs  "SHELL=CMD" "COMPILER=arm-none-eabi-gcc" "ASSEMBLER=arm-none-eabi-as
TRACE::2025-05-11.16:05:53::SCWMssOS::" "ARCHIVER=arm-none-eabi-ar" "COMPILER_FLAGS=  -O2 -c" "EXTRA_COMPILER_FLAGS=-mcpu=cortex-a9 -mfpu=vfpv3 -mfloat-abi=hard -nos
TRACE::2025-05-11.16:05:53::SCWMssOS::tartfiles -g -Wall -Wextra -fno-tree-loop-distribute-patterns"

TRACE::2025-05-11.16:05:53::SCWMssOS::"Running Make libs in ps7_cortexa9_0/libsrc/tmrctr_v4_12/src"

TRACE::2025-05-11.16:05:53::SCWMssOS::make -C ps7_cortexa9_0/libsrc/tmrctr_v4_12/src -s libs  "SHELL=CMD" "COMPILER=arm-none-eabi-gcc" "ASSEMBLER=arm-none-eabi-as" "
TRACE::2025-05-11.16:05:53::SCWMssOS::ARCHIVER=arm-none-eabi-ar" "COMPILER_FLAGS=  -O2 -c" "EXTRA_COMPILER_FLAGS=-mcpu=cortex-a9 -mfpu=vfpv3 -mfloat-abi=hard -nostar
TRACE::2025-05-11.16:05:53::SCWMssOS::tfiles -g -Wall -Wextra -fno-tree-loop-distribute-patterns"

TRACE::2025-05-11.16:05:53::SCWMssOS::"Running Make libs in ps7_cortexa9_0/libsrc/uartps_v3_14/src"

TRACE::2025-05-11.16:05:53::SCWMssOS::make -C ps7_cortexa9_0/libsrc/uartps_v3_14/src -s libs  "SHELL=CMD" "COMPILER=arm-none-eabi-gcc" "ASSEMBLER=arm-none-eabi-as" "
TRACE::2025-05-11.16:05:53::SCWMssOS::ARCHIVER=arm-none-eabi-ar" "COMPILER_FLAGS=  -O2 -c" "EXTRA_COMPILER_FLAGS=-mcpu=cortex-a9 -mfpu=vfpv3 -mfloat-abi=hard -nostar
TRACE::2025-05-11.16:05:53::SCWMssOS::tfiles -g -Wall -Wextra -fno-tree-loop-distribute-patterns"

TRACE::2025-05-11.16:05:53::SCWMssOS::"Running Make libs in ps7_cortexa9_0/libsrc/usbps_v2_9/src"

TRACE::2025-05-11.16:05:53::SCWMssOS::make -C ps7_cortexa9_0/libsrc/usbps_v2_9/src -s libs  "SHELL=CMD" "COMPILER=arm-none-eabi-gcc" "ASSEMBLER=arm-none-eabi-as" "AR
TRACE::2025-05-11.16:05:53::SCWMssOS::CHIVER=arm-none-eabi-ar" "COMPILER_FLAGS=  -O2 -c" "EXTRA_COMPILER_FLAGS=-mcpu=cortex-a9 -mfpu=vfpv3 -mfloat-abi=hard -nostartf
TRACE::2025-05-11.16:05:53::SCWMssOS::iles -g -Wall -Wextra -fno-tree-loop-distribute-patterns"

TRACE::2025-05-11.16:05:53::SCWMssOS::"Running Make libs in ps7_cortexa9_0/libsrc/xadcps_v2_7/src"

TRACE::2025-05-11.16:05:53::SCWMssOS::make -C ps7_cortexa9_0/libsrc/xadcps_v2_7/src -s libs  "SHELL=CMD" "COMPILER=arm-none-eabi-gcc" "ASSEMBLER=arm-none-eabi-as" "A
TRACE::2025-05-11.16:05:53::SCWMssOS::RCHIVER=arm-none-eabi-ar" "COMPILER_FLAGS=  -O2 -c" "EXTRA_COMPILER_FLAGS=-mcpu=cortex-a9 -mfpu=vfpv3 -mfloat-abi=hard -nostart
TRACE::2025-05-11.16:05:53::SCWMssOS::files -g -Wall -Wextra -fno-tree-loop-distribute-patterns"

TRACE::2025-05-11.16:05:54::SCWMssOS::'Finished building libraries parallelly.'

TRACE::2025-05-11.16:05:54::SCWMssOS::make --no-print-directory archive

TRACE::2025-05-11.16:05:54::SCWMssOS::arm-none-eabi-ar -r  ps7_cortexa9_0/lib/libxil.a ps7_cortexa9_0/lib/Motor_DriverIP.o ps7_cortexa9_0/lib/Motor_DriverIP_selftest
TRACE::2025-05-11.16:05:54::SCWMssOS::.o ps7_cortexa9_0/lib/SpeedSensor_Driver_IP.o ps7_cortexa9_0/lib/SpeedSensor_Driver_IP_selftest.o ps7_cortexa9_0/lib/_exit.o ps
TRACE::2025-05-11.16:05:54::SCWMssOS::7_cortexa9_0/lib/_open.o ps7_cortexa9_0/lib/_sbrk.o ps7_cortexa9_0/lib/abort.o ps7_cortexa9_0/lib/asm_vectors.o ps7_cortexa9_0/
TRACE::2025-05-11.16:05:54::SCWMssOS::lib/boot.o ps7_cortexa9_0/lib/close.o ps7_cortexa9_0/lib/cpputest_time.o ps7_cortexa9_0/lib/cpu_init.o ps7_cortexa9_0/lib/errno
TRACE::2025-05-11.16:05:54::SCWMssOS::.o ps7_cortexa9_0/lib/fcntl.o ps7_cortexa9_0/lib/fstat.o ps7_cortexa9_0/lib/getentropy.o ps7_cortexa9_0/lib/getpid.o ps7_cortex
TRACE::2025-05-11.16:05:54::SCWMssOS::a9_0/lib/inbyte.o ps7_cortexa9_0/lib/isatty.o ps7_cortexa9_0/lib/kill.o ps7_cortexa9_0/lib/lseek.o ps7_cortexa9_0/lib/open.o ps
TRACE::2025-05-11.16:05:54::SCWMssOS::7_cortexa9_0/lib/outbyte.o ps7_cortexa9_0/lib/print.o ps7_cortexa9_0/lib/putnum.o ps7_cortexa9_0/lib/read.o ps7_cortexa9_0/lib/
TRACE::2025-05-11.16:05:54::SCWMssOS::sbrk.o ps7_cortexa9_0/lib/sleep.o ps7_cortexa9_0/lib/time.o ps7_cortexa9_0/lib/translation_table.o ps7_cortexa9_0/lib/unlink.o 
TRACE::2025-05-11.16:05:54::SCWMssOS::ps7_cortexa9_0/lib/usleep.o ps7_cortexa9_0/lib/vectors.o ps7_cortexa9_0/lib/write.o ps7_cortexa9_0/lib/xadcps.o ps7_cortexa9_0/
TRACE::2025-05-11.16:05:54::SCWMssOS::lib/xadcps_g.o ps7_cortexa9_0/lib/xadcps_intr.o ps7_cortexa9_0/lib/xadcps_selftest.o ps7_cortexa9_0/lib/xadcps_sinit.o ps7_cort
TRACE::2025-05-11.16:05:54::SCWMssOS::exa9_0/lib/xcoresightpsdcc.o ps7_cortexa9_0/lib/xdevcfg.o ps7_cortexa9_0/lib/xdevcfg_g.o ps7_cortexa9_0/lib/xdevcfg_hw.o ps7_co
TRACE::2025-05-11.16:05:54::SCWMssOS::rtexa9_0/lib/xdevcfg_intr.o ps7_cortexa9_0/lib/xdevcfg_selftest.o ps7_cortexa9_0/lib/xdevcfg_sinit.o ps7_cortexa9_0/lib/xdmaps.
TRACE::2025-05-11.16:05:54::SCWMssOS::o ps7_cortexa9_0/lib/xdmaps_g.o ps7_cortexa9_0/lib/xdmaps_hw.o ps7_cortexa9_0/lib/xdmaps_selftest.o ps7_cortexa9_0/lib/xdmaps_s
TRACE::2025-05-11.16:05:54::SCWMssOS::init.o ps7_cortexa9_0/lib/xemacps.o ps7_cortexa9_0/lib/xemacps_bdring.o ps7_cortexa9_0/lib/xemacps_control.o ps7_cortexa9_0/lib
TRACE::2025-05-11.16:05:54::SCWMssOS::/xemacps_g.o ps7_cortexa9_0/lib/xemacps_hw.o ps7_cortexa9_0/lib/xemacps_intr.o ps7_cortexa9_0/lib/xemacps_sinit.o ps7_cortexa9_
TRACE::2025-05-11.16:05:54::SCWMssOS::0/lib/xgpiops.o ps7_cortexa9_0/lib/xgpiops_g.o ps7_cortexa9_0/lib/xgpiops_hw.o ps7_cortexa9_0/lib/xgpiops_intr.o ps7_cortexa9_0
TRACE::2025-05-11.16:05:54::SCWMssOS::/lib/xgpiops_selftest.o ps7_cortexa9_0/lib/xgpiops_sinit.o ps7_cortexa9_0/lib/xiic.o ps7_cortexa9_0/lib/xiic_dyn_master.o ps7_c
TRACE::2025-05-11.16:05:54::SCWMssOS::ortexa9_0/lib/xiic_g.o ps7_cortexa9_0/lib/xiic_intr.o ps7_cortexa9_0/lib/xiic_l.o ps7_cortexa9_0/lib/xiic_master.o ps7_cortexa9
TRACE::2025-05-11.16:05:54::SCWMssOS::_0/lib/xiic_multi_master.o ps7_cortexa9_0/lib/xiic_options.o ps7_cortexa9_0/lib/xiic_selftest.o ps7_cortexa9_0/lib/xiic_sinit.o
TRACE::2025-05-11.16:05:54::SCWMssOS:: ps7_cortexa9_0/lib/xiic_slave.o ps7_cortexa9_0/lib/xiic_stats.o ps7_cortexa9_0/lib/xil-crt0.o ps7_cortexa9_0/lib/xil_assert.o 
TRACE::2025-05-11.16:05:54::SCWMssOS::ps7_cortexa9_0/lib/xil_cache.o ps7_cortexa9_0/lib/xil_clocking.o ps7_cortexa9_0/lib/xil_exception.o ps7_cortexa9_0/lib/xil_mem.
TRACE::2025-05-11.16:05:54::SCWMssOS::o ps7_cortexa9_0/lib/xil_misc_psreset_api.o ps7_cortexa9_0/lib/xil_mmu.o ps7_cortexa9_0/lib/xil_printf.o ps7_cortexa9_0/lib/xil
TRACE::2025-05-11.16:05:54::SCWMssOS::_sleepcommon.o ps7_cortexa9_0/lib/xil_sleeptimer.o ps7_cortexa9_0/lib/xil_spinlock.o ps7_cortexa9_0/lib/xil_testcache.o ps7_cor
TRACE::2025-05-11.16:05:54::SCWMssOS::texa9_0/lib/xil_testio.o ps7_cortexa9_0/lib/xil_testmem.o ps7_cortexa9_0/lib/xil_util.o ps7_cortexa9_0/lib/xinterrupt_wrap.o ps
TRACE::2025-05-11.16:05:54::SCWMssOS::7_cortexa9_0/lib/xl2cc_counter.o ps7_cortexa9_0/lib/xplatform_info.o ps7_cortexa9_0/lib/xpm_counter.o ps7_cortexa9_0/lib/xpm_in
TRACE::2025-05-11.16:05:54::SCWMssOS::it.o ps7_cortexa9_0/lib/xqspips.o ps7_cortexa9_0/lib/xqspips_g.o ps7_cortexa9_0/lib/xqspips_hw.o ps7_cortexa9_0/lib/xqspips_opt
TRACE::2025-05-11.16:05:54::SCWMssOS::ions.o ps7_cortexa9_0/lib/xqspips_selftest.o ps7_cortexa9_0/lib/xqspips_sinit.o ps7_cortexa9_0/lib/xscugic.o ps7_cortexa9_0/lib
TRACE::2025-05-11.16:05:54::SCWMssOS::/xscugic_g.o ps7_cortexa9_0/lib/xscugic_hw.o ps7_cortexa9_0/lib/xscugic_intr.o ps7_cortexa9_0/lib/xscugic_selftest.o ps7_cortex
TRACE::2025-05-11.16:05:54::SCWMssOS::a9_0/lib/xscugic_sinit.o ps7_cortexa9_0/lib/xscutimer.o ps7_cortexa9_0/lib/xscutimer_g.o ps7_cortexa9_0/lib/xscutimer_selftest.
TRACE::2025-05-11.16:05:54::SCWMssOS::o ps7_cortexa9_0/lib/xscutimer_sinit.o ps7_cortexa9_0/lib/xscuwdt.o ps7_cortexa9_0/lib/xscuwdt_g.o ps7_cortexa9_0/lib/xscuwdt_s
TRACE::2025-05-11.16:05:54::SCWMssOS::elftest.o ps7_cortexa9_0/lib/xscuwdt_sinit.o ps7_cortexa9_0/lib/xsdps.o ps7_cortexa9_0/lib/xsdps_card.o ps7_cortexa9_0/lib/xsdp
TRACE::2025-05-11.16:05:54::SCWMssOS::s_g.o ps7_cortexa9_0/lib/xsdps_host.o ps7_cortexa9_0/lib/xsdps_options.o ps7_cortexa9_0/lib/xsdps_sinit.o ps7_cortexa9_0/lib/xt
TRACE::2025-05-11.16:05:54::SCWMssOS::ime_l.o ps7_cortexa9_0/lib/xtmrctr.o ps7_cortexa9_0/lib/xtmrctr_g.o ps7_cortexa9_0/lib/xtmrctr_intr.o ps7_cortexa9_0/lib/xtmrct
TRACE::2025-05-11.16:05:54::SCWMssOS::r_l.o ps7_cortexa9_0/lib/xtmrctr_options.o ps7_cortexa9_0/lib/xtmrctr_selftest.o ps7_cortexa9_0/lib/xtmrctr_sinit.o ps7_cortexa
TRACE::2025-05-11.16:05:54::SCWMssOS::9_0/lib/xtmrctr_stats.o ps7_cortexa9_0/lib/xuartps.o ps7_cortexa9_0/lib/xuartps_g.o ps7_cortexa9_0/lib/xuartps_hw.o ps7_cortexa
TRACE::2025-05-11.16:05:54::SCWMssOS::9_0/lib/xuartps_intr.o ps7_cortexa9_0/lib/xuartps_options.o ps7_cortexa9_0/lib/xuartps_selftest.o ps7_cortexa9_0/lib/xuartps_si
TRACE::2025-05-11.16:05:54::SCWMssOS::nit.o ps7_cortexa9_0/lib/xusbps.o ps7_cortexa9_0/lib/xusbps_endpoint.o ps7_cortexa9_0/lib/xusbps_g.o ps7_cortexa9_0/lib/xusbps_
TRACE::2025-05-11.16:05:54::SCWMssOS::hw.o ps7_cortexa9_0/lib/xusbps_intr.o ps7_cortexa9_0/lib/xusbps_sinit.o

TRACE::2025-05-11.16:05:54::SCWMssOS::'Finished building libraries'

TRACE::2025-05-11.16:05:55::SCWMssOS::Copying to export directory.
TRACE::2025-05-11.16:05:55::SCWMssOS:: Checking if to create the Supporting Applications
TRACE::2025-05-11.16:05:55::SCWMssOS:: No Linux domain exists, trying to generate FSBL 
LOG::2025-05-11.16:05:55::SCWSystem::Completed Processing the domain standalone_ps7_cortexa9_0
LOG::2025-05-11.16:05:55::SCWSystem::Completed Processing the sysconfig IIC_included_BITSTREAM
LOG::2025-05-11.16:05:55::SCWPlatform::Completed generating the artifacts for system configuration IIC_included_BITSTREAM
TRACE::2025-05-11.16:05:55::SCWPlatform::Started preparing the platform 
TRACE::2025-05-11.16:05:55::SCWSystem::Writing the bif file for system config IIC_included_BITSTREAM
TRACE::2025-05-11.16:05:55::SCWSystem::dir created 
TRACE::2025-05-11.16:05:55::SCWSystem::Writing the bif 
TRACE::2025-05-11.16:05:55::SCWPlatform::Started writing the spfm file 
TRACE::2025-05-11.16:05:55::SCWPlatform::Started writing the xpfm file 
TRACE::2025-05-11.16:05:55::SCWPlatform::Completed generating the platform
TRACE::2025-05-11.16:05:55::SCWMssOS::Saving the mss changes E:/vitis_projects/auto_project/full_car/IIC_included_BITSTREAM/zynq_fsbl/zynq_fsbl_bsp/system.mss
TRACE::2025-05-11.16:05:55::SCWMssOS::Found a swdesign opened with the mssfile.
TRACE::2025-05-11.16:05:55::SCWMssOS::Completed writemss as part of save.
TRACE::2025-05-11.16:05:55::SCWMssOS::Commit changes completed.
TRACE::2025-05-11.16:05:55::SCWMssOS::Saving the mss changes E:/vitis_projects/auto_project/full_car/IIC_included_BITSTREAM/ps7_cortexa9_0/standalone_ps7_cortexa9_0/bsp/system.mss
TRACE::2025-05-11.16:05:55::SCWMssOS::Found a swdesign opened with the mssfile.
TRACE::2025-05-11.16:05:55::SCWMssOS::Completed writemss as part of save.
TRACE::2025-05-11.16:05:55::SCWMssOS::Commit changes completed.
TRACE::2025-05-11.16:05:55::SCWPlatform::Trying to open the hw design at E:/vitis_projects/auto_project/full_car/IIC_included_BITSTREAM/hw/IIC_UPDATED_GPIO.xsa
TRACE::2025-05-11.16:05:55::SCWPlatform::DSA given E:/vitis_projects/auto_project/full_car/IIC_included_BITSTREAM/hw/IIC_UPDATED_GPIO.xsa
TRACE::2025-05-11.16:05:55::SCWPlatform::DSA absoulate path E:/vitis_projects/auto_project/full_car/IIC_included_BITSTREAM/hw/IIC_UPDATED_GPIO.xsa
TRACE::2025-05-11.16:05:55::SCWPlatform::DSA directory E:/vitis_projects/auto_project/full_car/IIC_included_BITSTREAM/hw
TRACE::2025-05-11.16:05:55::SCWPlatform:: Platform Path E:/vitis_projects/auto_project/full_car/IIC_included_BITSTREAM/hw/IIC_UPDATED_GPIO.xsa
TRACE::2025-05-11.16:05:55::SCWPlatform:: Unique name xilinx:pynq-z2::0.0
TRACE::2025-05-11.16:05:55::SCWPlatform::Trying to set the existing hwdb with name design_1_wrapper_1
TRACE::2025-05-11.16:05:55::SCWPlatform::Opened existing hwdb design_1_wrapper_1
TRACE::2025-05-11.16:05:55::SCWPlatform::Found the Hw Db part of the input DSA
TRACE::2025-05-11.16:05:55::SCWMssOS::Checking the sw design at  E:/vitis_projects/auto_project/full_car/IIC_included_BITSTREAM/zynq_fsbl/zynq_fsbl_bsp/system.mss
TRACE::2025-05-11.16:05:55::SCWMssOS::DEBUG:  swdes dump  E:/vitis_projects/auto_project/full_car/IIC_included_BITSTREAM/ps7_cortexa9_0/standalone_ps7_cortexa9_0/bsp/system.mss|system_0||
E:/vitis_projects/auto_project/full_car/IIC_included_BITSTREAM/zynq_fsbl/zynq_fsbl_bsp/system.mss|system||

TRACE::2025-05-11.16:05:55::SCWMssOS::Sw design exists and opened at  E:/vitis_projects/auto_project/full_car/IIC_included_BITSTREAM/zynq_fsbl/zynq_fsbl_bsp/system.mss
TRACE::2025-05-11.16:05:55::SCWPlatform::Trying to open the hw design at E:/vitis_projects/auto_project/full_car/IIC_included_BITSTREAM/hw/IIC_UPDATED_GPIO.xsa
TRACE::2025-05-11.16:05:55::SCWPlatform::DSA given E:/vitis_projects/auto_project/full_car/IIC_included_BITSTREAM/hw/IIC_UPDATED_GPIO.xsa
TRACE::2025-05-11.16:05:55::SCWPlatform::DSA absoulate path E:/vitis_projects/auto_project/full_car/IIC_included_BITSTREAM/hw/IIC_UPDATED_GPIO.xsa
TRACE::2025-05-11.16:05:55::SCWPlatform::DSA directory E:/vitis_projects/auto_project/full_car/IIC_included_BITSTREAM/hw
TRACE::2025-05-11.16:05:55::SCWPlatform:: Platform Path E:/vitis_projects/auto_project/full_car/IIC_included_BITSTREAM/hw/IIC_UPDATED_GPIO.xsa
TRACE::2025-05-11.16:05:55::SCWPlatform:: Unique name xilinx:pynq-z2::0.0
TRACE::2025-05-11.16:05:55::SCWPlatform::Trying to set the existing hwdb with name design_1_wrapper_1
TRACE::2025-05-11.16:05:55::SCWPlatform::Opened existing hwdb design_1_wrapper_1
TRACE::2025-05-11.16:05:55::SCWPlatform::Found the Hw Db part of the input DSA
TRACE::2025-05-11.16:05:55::SCWMssOS::Checking the sw design at  E:/vitis_projects/auto_project/full_car/IIC_included_BITSTREAM/ps7_cortexa9_0/standalone_ps7_cortexa9_0/bsp/system.mss
TRACE::2025-05-11.16:05:55::SCWMssOS::DEBUG:  swdes dump  E:/vitis_projects/auto_project/full_car/IIC_included_BITSTREAM/ps7_cortexa9_0/standalone_ps7_cortexa9_0/bsp/system.mss|system_0||
E:/vitis_projects/auto_project/full_car/IIC_included_BITSTREAM/zynq_fsbl/zynq_fsbl_bsp/system.mss|system||

TRACE::2025-05-11.16:05:55::SCWMssOS::Sw design exists and opened at  E:/vitis_projects/auto_project/full_car/IIC_included_BITSTREAM/ps7_cortexa9_0/standalone_ps7_cortexa9_0/bsp/system.mss
TRACE::2025-05-11.16:05:55::SCWWriter::formatted JSON is {
	"platformName":	"IIC_included_BITSTREAM",
	"sprVersion":	"2.0",
	"mode":	"gui",
	"dsaType":	"Fixed",
	"platformDesc":	"IIC_included_BITSTREAM",
	"platHandOff":	"E:/Projects_E_drive/SOC_labos/xsa_files/IIC_UPDATED_GPIO.xsa",
	"platIntHandOff":	"<platformDir>/hw/IIC_UPDATED_GPIO.xsa",
	"deviceType":	"zynq",
	"platIsPrebuiltAutogen":	"false",
	"platIsNoBootBsp":	"false",
	"hasFsblMakeHasChanges":	"false",
	"hasPmufwMakeHasChanges":	"false",
	"fsblExtraCompilerFlags":	"-MMD -MP       -mcpu=cortex-a9 -mfpu=vfpv3 -mfloat-abi=hard ",
	"platPreBuiltFlag":	false,
	"platformSamplesDir":	"",
	"platActiveSys":	"IIC_included_BITSTREAM",
	"systems":	[{
			"systemName":	"IIC_included_BITSTREAM",
			"systemDesc":	"IIC_included_BITSTREAM",
			"sysIsBootAutoGen":	"true",
			"systemDispName":	"IIC_included_BITSTREAM",
			"sysActiveDom":	"standalone_ps7_cortexa9_0",
			"sysDefaultDom":	"standalone_ps7_cortexa9_0",
			"domains":	[{
					"domainName":	"zynq_fsbl",
					"domainDispName":	"zynq_fsbl",
					"domainDesc":	"FSBL Application BSP - Auto Generated.",
					"processors":	"ps7_cortexa9_0",
					"os":	"standalone",
					"sdxOs":	"standalone",
					"debugEnable":	"",
					"domRuntimes":	["cpp"],
					"swRepo":	"",
					"mssOsVer":	"9.1",
					"mssFile":	"",
					"md5Digest":	"bdf62030c4d081aa908b060af63a4581",
					"compatibleApp":	"zynq_fsbl",
					"domType":	"bootDomain",
					"arch":	"32-bit",
					"appSettings":	{
						"appCompilerFlags":	"",
						"appLinkerFlags":	""
					},
					"addedLibs":	["xilffs:5.2", "xilrsa:1.8"],
					"libOptions":	{
						"libsContainingOptions":	[]
					},
					"prebuiltLibs":	{
						"prebuiltIncPath":	[],
						"prebuiltLibPath":	[]
					},
					"isolation":	{
					}
				}, {
					"domainName":	"standalone_ps7_cortexa9_0",
					"domainDispName":	"standalone_ps7_cortexa9_0",
					"domainDesc":	"standalone_ps7_cortexa9_0",
					"processors":	"ps7_cortexa9_0",
					"os":	"standalone",
					"sdxOs":	"standalone",
					"qemuArgs":	"<platformDir>/resources/IIC_included_BITSTREAM/standalone_ps7_cortexa9_0/qemu_args.txt",
					"qemuData":	"<platformDir>/resources/IIC_included_BITSTREAM/standalone_ps7_cortexa9_0/qemu",
					"debugEnable":	"False",
					"domRuntimes":	["cpp"],
					"swRepo":	"",
					"mssOsVer":	"9.1",
					"mssFile":	"",
					"md5Digest":	"86a62c3fd6eb6fed97012a85f0ab1156",
					"compatibleApp":	"",
					"domType":	"mssDomain",
					"arch":	"32-bit",
					"appSettings":	{
						"appCompilerFlags":	"",
						"appLinkerFlags":	""
					},
					"addedLibs":	[],
					"libOptions":	{
						"libsContainingOptions":	[]
					},
					"prebuiltLibs":	{
						"prebuiltIncPath":	[],
						"prebuiltLibPath":	[]
					},
					"isolation":	{
					}
				}]
		}]
}
KEYINFO::2025-05-11.16:05:55::SCWPlatform::updated the xpfm file.
TRACE::2025-05-11.16:05:55::SCWPlatform::Trying to open the hw design at E:/vitis_projects/auto_project/full_car/IIC_included_BITSTREAM/hw/IIC_UPDATED_GPIO.xsa
TRACE::2025-05-11.16:05:55::SCWPlatform::DSA given E:/vitis_projects/auto_project/full_car/IIC_included_BITSTREAM/hw/IIC_UPDATED_GPIO.xsa
TRACE::2025-05-11.16:05:55::SCWPlatform::DSA absoulate path E:/vitis_projects/auto_project/full_car/IIC_included_BITSTREAM/hw/IIC_UPDATED_GPIO.xsa
TRACE::2025-05-11.16:05:55::SCWPlatform::DSA directory E:/vitis_projects/auto_project/full_car/IIC_included_BITSTREAM/hw
TRACE::2025-05-11.16:05:55::SCWPlatform:: Platform Path E:/vitis_projects/auto_project/full_car/IIC_included_BITSTREAM/hw/IIC_UPDATED_GPIO.xsa
TRACE::2025-05-11.16:05:55::SCWPlatform:: Unique name xilinx:pynq-z2::0.0
TRACE::2025-05-11.16:05:55::SCWPlatform::Trying to set the existing hwdb with name design_1_wrapper_1
TRACE::2025-05-11.16:05:55::SCWPlatform::Opened existing hwdb design_1_wrapper_1
TRACE::2025-05-11.16:05:55::SCWPlatform::Found the Hw Db part of the input DSA
TRACE::2025-05-11.16:05:55::SCWMssOS::Checking the sw design at  E:/vitis_projects/auto_project/full_car/IIC_included_BITSTREAM/ps7_cortexa9_0/standalone_ps7_cortexa9_0/bsp/system.mss
TRACE::2025-05-11.16:05:55::SCWMssOS::DEBUG:  swdes dump  E:/vitis_projects/auto_project/full_car/IIC_included_BITSTREAM/ps7_cortexa9_0/standalone_ps7_cortexa9_0/bsp/system.mss|system_0||
E:/vitis_projects/auto_project/full_car/IIC_included_BITSTREAM/zynq_fsbl/zynq_fsbl_bsp/system.mss|system||

TRACE::2025-05-11.16:05:55::SCWMssOS::Sw design exists and opened at  E:/vitis_projects/auto_project/full_car/IIC_included_BITSTREAM/ps7_cortexa9_0/standalone_ps7_cortexa9_0/bsp/system.mss
TRACE::2025-05-11.16:06:11::SCWBDomain::System Command Ran  E:&  cd  E:/vitis_projects/auto_project/full_car/IIC_included_BITSTREAM/zynq_fsbl & make clean
TRACE::2025-05-11.16:06:11::SCWBDomain::rm -rf  sd.o  nand.o  image_mover.o  md5.o  fsbl_hooks.o  main.o  nor.o  qspi.o  rsa.o  ps7_init.o  pcap.o  fsbl_handoff.o zynq
TRACE::2025-05-11.16:06:11::SCWBDomain::_fsbl_bsp/ps7_cortexa9_0/lib/libxil.a fsbl.elf *.o

TRACE::2025-05-11.16:06:11::SCWBDomain::System Command Ran  E:&  cd  E:/vitis_projects/auto_project/full_car/IIC_included_BITSTREAM/zynq_fsbl/zynq_fsbl_bsp & make clean
TRACE::2025-05-11.16:06:12::SCWBDomain::make -C ps7_cortexa9_0/libsrc/coresightps_dcc_v1_10/src -s clean 

TRACE::2025-05-11.16:06:12::SCWBDomain::make -C ps7_cortexa9_0/libsrc/cpu_cortexa9_v2_12/src -s clean 

TRACE::2025-05-11.16:06:12::SCWBDomain::make -C ps7_cortexa9_0/libsrc/ddrps_v1_2/src -s clean 

TRACE::2025-05-11.16:06:12::SCWBDomain::make -C ps7_cortexa9_0/libsrc/devcfg_v3_8/src -s clean 

TRACE::2025-05-11.16:06:12::SCWBDomain::make -C ps7_cortexa9_0/libsrc/dmaps_v2_10/src -s clean 

TRACE::2025-05-11.16:06:12::SCWBDomain::make -C ps7_cortexa9_0/libsrc/emacps_v3_20/src -s clean 

TRACE::2025-05-11.16:06:12::SCWBDomain::make -C ps7_cortexa9_0/libsrc/gpiops_v3_13/src -s clean 

TRACE::2025-05-11.16:06:12::SCWBDomain::make -C ps7_cortexa9_0/libsrc/iic_v3_11/src -s clean 

TRACE::2025-05-11.16:06:12::SCWBDomain::make -C ps7_cortexa9_0/libsrc/Motor_DriverIP_v1_0/src -s clean 

TRACE::2025-05-11.16:06:12::SCWBDomain::make -C ps7_cortexa9_0/libsrc/qspips_v3_12/src -s clean 

TRACE::2025-05-11.16:06:12::SCWBDomain::make -C ps7_cortexa9_0/libsrc/scugic_v5_3/src -s clean 

TRACE::2025-05-11.16:06:12::SCWBDomain::make -C ps7_cortexa9_0/libsrc/scutimer_v2_6/src -s clean 

TRACE::2025-05-11.16:06:12::SCWBDomain::make -C ps7_cortexa9_0/libsrc/scuwdt_v2_5/src -s clean 

TRACE::2025-05-11.16:06:12::SCWBDomain::make -C ps7_cortexa9_0/libsrc/sdps_v4_3/src -s clean 

TRACE::2025-05-11.16:06:12::SCWBDomain::make -C ps7_cortexa9_0/libsrc/SpeedSensor_Driver_IP_v1_0/src -s clean 

TRACE::2025-05-11.16:06:12::SCWBDomain::make -C ps7_cortexa9_0/libsrc/standalone_v9_1/src -s clean 

TRACE::2025-05-11.16:06:12::SCWBDomain::make -C ps7_cortexa9_0/libsrc/tmrctr_v4_12/src -s clean 

TRACE::2025-05-11.16:06:12::SCWBDomain::make -C ps7_cortexa9_0/libsrc/uartps_v3_14/src -s clean 

TRACE::2025-05-11.16:06:13::SCWBDomain::make -C ps7_cortexa9_0/libsrc/usbps_v2_9/src -s clean 

TRACE::2025-05-11.16:06:13::SCWBDomain::make -C ps7_cortexa9_0/libsrc/xadcps_v2_7/src -s clean 

TRACE::2025-05-11.16:06:13::SCWBDomain::make -C ps7_cortexa9_0/libsrc/xilffs_v5_2/src -s clean 

TRACE::2025-05-11.16:06:13::SCWBDomain::make -C ps7_cortexa9_0/libsrc/xilrsa_v1_8/src -s clean 

TRACE::2025-05-11.16:06:13::SCWBDomain::rm -f ps7_cortexa9_0/lib/libxil.a

TRACE::2025-05-11.16:06:13::SCWMssOS::cleaning the bsp 
TRACE::2025-05-11.16:06:13::SCWMssOS::System Command Ran  E: & cd  E:/vitis_projects/auto_project/full_car/IIC_included_BITSTREAM/ps7_cortexa9_0/standalone_ps7_cortexa9_0/bsp & make clean 
TRACE::2025-05-11.16:06:13::SCWMssOS::make -C ps7_cortexa9_0/libsrc/coresightps_dcc_v1_10/src -s clean 

TRACE::2025-05-11.16:06:13::SCWMssOS::make -C ps7_cortexa9_0/libsrc/cpu_cortexa9_v2_12/src -s clean 

TRACE::2025-05-11.16:06:13::SCWMssOS::make -C ps7_cortexa9_0/libsrc/ddrps_v1_2/src -s clean 

TRACE::2025-05-11.16:06:13::SCWMssOS::make -C ps7_cortexa9_0/libsrc/devcfg_v3_8/src -s clean 

TRACE::2025-05-11.16:06:13::SCWMssOS::make -C ps7_cortexa9_0/libsrc/dmaps_v2_10/src -s clean 

TRACE::2025-05-11.16:06:13::SCWMssOS::make -C ps7_cortexa9_0/libsrc/emacps_v3_20/src -s clean 

TRACE::2025-05-11.16:06:13::SCWMssOS::make -C ps7_cortexa9_0/libsrc/gpiops_v3_13/src -s clean 

TRACE::2025-05-11.16:06:13::SCWMssOS::make -C ps7_cortexa9_0/libsrc/iic_v3_11/src -s clean 

TRACE::2025-05-11.16:06:13::SCWMssOS::make -C ps7_cortexa9_0/libsrc/Motor_DriverIP_v1_0/src -s clean 

TRACE::2025-05-11.16:06:13::SCWMssOS::make -C ps7_cortexa9_0/libsrc/qspips_v3_12/src -s clean 

TRACE::2025-05-11.16:06:13::SCWMssOS::make -C ps7_cortexa9_0/libsrc/scugic_v5_3/src -s clean 

TRACE::2025-05-11.16:06:13::SCWMssOS::make -C ps7_cortexa9_0/libsrc/scutimer_v2_6/src -s clean 

TRACE::2025-05-11.16:06:13::SCWMssOS::make -C ps7_cortexa9_0/libsrc/scuwdt_v2_5/src -s clean 

TRACE::2025-05-11.16:06:13::SCWMssOS::make -C ps7_cortexa9_0/libsrc/sdps_v4_3/src -s clean 

TRACE::2025-05-11.16:06:13::SCWMssOS::make -C ps7_cortexa9_0/libsrc/SpeedSensor_Driver_IP_v1_0/src -s clean 

TRACE::2025-05-11.16:06:13::SCWMssOS::make -C ps7_cortexa9_0/libsrc/standalone_v9_1/src -s clean 

TRACE::2025-05-11.16:06:14::SCWMssOS::make -C ps7_cortexa9_0/libsrc/tmrctr_v4_12/src -s clean 

TRACE::2025-05-11.16:06:14::SCWMssOS::make -C ps7_cortexa9_0/libsrc/uartps_v3_14/src -s clean 

TRACE::2025-05-11.16:06:14::SCWMssOS::make -C ps7_cortexa9_0/libsrc/usbps_v2_9/src -s clean 

TRACE::2025-05-11.16:06:14::SCWMssOS::make -C ps7_cortexa9_0/libsrc/xadcps_v2_7/src -s clean 

TRACE::2025-05-11.16:06:14::SCWMssOS::rm -f ps7_cortexa9_0/lib/libxil.a

LOG::2025-05-11.16:06:16::SCWPlatform::Started generating the artifacts platform IIC_included_BITSTREAM
TRACE::2025-05-11.16:06:16::SCWPlatform::Sanity checking of platform is completed
LOG::2025-05-11.16:06:16::SCWPlatform::Started generating the artifacts for system configuration IIC_included_BITSTREAM
LOG::2025-05-11.16:06:16::SCWSystem::Checking the domain zynq_fsbl
LOG::2025-05-11.16:06:16::SCWSystem::Doing application build for :  zynq_fsbl
TRACE::2025-05-11.16:06:16::SCWBDomain::Not a forced makefile updation, No changes are present. 
TRACE::2025-05-11.16:06:16::SCWDomain::Building the domain as part of full build :  zynq_fsbl
TRACE::2025-05-11.16:06:16::SCWPlatform::Trying to open the hw design at E:/vitis_projects/auto_project/full_car/IIC_included_BITSTREAM/hw/IIC_UPDATED_GPIO.xsa
TRACE::2025-05-11.16:06:16::SCWPlatform::DSA given E:/vitis_projects/auto_project/full_car/IIC_included_BITSTREAM/hw/IIC_UPDATED_GPIO.xsa
TRACE::2025-05-11.16:06:16::SCWPlatform::DSA absoulate path E:/vitis_projects/auto_project/full_car/IIC_included_BITSTREAM/hw/IIC_UPDATED_GPIO.xsa
TRACE::2025-05-11.16:06:16::SCWPlatform::DSA directory E:/vitis_projects/auto_project/full_car/IIC_included_BITSTREAM/hw
TRACE::2025-05-11.16:06:16::SCWPlatform:: Platform Path E:/vitis_projects/auto_project/full_car/IIC_included_BITSTREAM/hw/IIC_UPDATED_GPIO.xsa
TRACE::2025-05-11.16:06:16::SCWPlatform:: Unique name xilinx:pynq-z2::0.0
TRACE::2025-05-11.16:06:16::SCWPlatform::Trying to set the existing hwdb with name design_1_wrapper_1
TRACE::2025-05-11.16:06:16::SCWPlatform::Opened existing hwdb design_1_wrapper_1
TRACE::2025-05-11.16:06:16::SCWPlatform::Found the Hw Db part of the input DSA
TRACE::2025-05-11.16:06:16::SCWMssOS::Checking the sw design at  E:/vitis_projects/auto_project/full_car/IIC_included_BITSTREAM/zynq_fsbl/zynq_fsbl_bsp/system.mss
TRACE::2025-05-11.16:06:16::SCWMssOS::DEBUG:  swdes dump  E:/vitis_projects/auto_project/full_car/IIC_included_BITSTREAM/ps7_cortexa9_0/standalone_ps7_cortexa9_0/bsp/system.mss|system_0||
E:/vitis_projects/auto_project/full_car/IIC_included_BITSTREAM/zynq_fsbl/zynq_fsbl_bsp/system.mss|system||

TRACE::2025-05-11.16:06:16::SCWMssOS::Sw design exists and opened at  E:/vitis_projects/auto_project/full_car/IIC_included_BITSTREAM/zynq_fsbl/zynq_fsbl_bsp/system.mss
TRACE::2025-05-11.16:06:16::SCWBDomain::Completed writing the mss file at E:/vitis_projects/auto_project/full_car/IIC_included_BITSTREAM/zynq_fsbl/zynq_fsbl_bsp
TRACE::2025-05-11.16:06:16::SCWBDomain::bsp generated is upto date with the mss file. Skipping bsp generation.
TRACE::2025-05-11.16:06:16::SCWBDomain::Not a forced makefile updation, No changes are present. 
TRACE::2025-05-11.16:06:16::SCWBDomain::System Command Ran  E:&  cd  E:/vitis_projects/auto_project/full_car/IIC_included_BITSTREAM/zynq_fsbl& make -C  zynq_fsbl_bsp & make 
TRACE::2025-05-11.16:06:16::SCWBDomain::make: Entering directory 'E:/vitis_projects/auto_project/full_car/IIC_included_BITSTREAM/zynq_fsbl/zynq_fsbl_bsp'

TRACE::2025-05-11.16:06:16::SCWBDomain::make --no-print-directory seq_libs

TRACE::2025-05-11.16:06:16::SCWBDomain::"Running Make include in ps7_cortexa9_0/libsrc/coresightps_dcc_v1_10/src"

TRACE::2025-05-11.16:06:16::SCWBDomain::make -C ps7_cortexa9_0/libsrc/coresightps_dcc_v1_10/src -s include  "SHELL=CMD" "COMPILER=arm-none-eabi-gcc" "ASSEMBLER=arm-non
TRACE::2025-05-11.16:06:16::SCWBDomain::e-eabi-as" "ARCHIVER=arm-none-eabi-ar" "COMPILER_FLAGS=  -O2 -c" "EXTRA_COMPILER_FLAGS=-mcpu=cortex-a9 -mfpu=vfpv3 -mfloat-abi=
TRACE::2025-05-11.16:06:16::SCWBDomain::hard -nostartfiles -g -Wall -Wextra -fno-tree-loop-distribute-patterns"

TRACE::2025-05-11.16:06:16::SCWBDomain::"Running Make include in ps7_cortexa9_0/libsrc/cpu_cortexa9_v2_12/src"

TRACE::2025-05-11.16:06:16::SCWBDomain::make -C ps7_cortexa9_0/libsrc/cpu_cortexa9_v2_12/src -s include  "SHELL=CMD" "COMPILER=arm-none-eabi-gcc" "ASSEMBLER=arm-none-e
TRACE::2025-05-11.16:06:16::SCWBDomain::abi-as" "ARCHIVER=arm-none-eabi-ar" "COMPILER_FLAGS=  -O2 -c" "EXTRA_COMPILER_FLAGS=-mcpu=cortex-a9 -mfpu=vfpv3 -mfloat-abi=har
TRACE::2025-05-11.16:06:16::SCWBDomain::d -nostartfiles -g -Wall -Wextra -fno-tree-loop-distribute-patterns"

TRACE::2025-05-11.16:06:16::SCWBDomain::"Running Make include in ps7_cortexa9_0/libsrc/ddrps_v1_2/src"

TRACE::2025-05-11.16:06:16::SCWBDomain::make -C ps7_cortexa9_0/libsrc/ddrps_v1_2/src -s include  "SHELL=CMD" "COMPILER=arm-none-eabi-gcc" "ASSEMBLER=arm-none-eabi-as" 
TRACE::2025-05-11.16:06:16::SCWBDomain::"ARCHIVER=arm-none-eabi-ar" "COMPILER_FLAGS=  -O2 -c" "EXTRA_COMPILER_FLAGS=-mcpu=cortex-a9 -mfpu=vfpv3 -mfloat-abi=hard -nosta
TRACE::2025-05-11.16:06:16::SCWBDomain::rtfiles -g -Wall -Wextra -fno-tree-loop-distribute-patterns"

TRACE::2025-05-11.16:06:16::SCWBDomain::"Running Make include in ps7_cortexa9_0/libsrc/devcfg_v3_8/src"

TRACE::2025-05-11.16:06:16::SCWBDomain::make -C ps7_cortexa9_0/libsrc/devcfg_v3_8/src -s include  "SHELL=CMD" "COMPILER=arm-none-eabi-gcc" "ASSEMBLER=arm-none-eabi-as"
TRACE::2025-05-11.16:06:16::SCWBDomain:: "ARCHIVER=arm-none-eabi-ar" "COMPILER_FLAGS=  -O2 -c" "EXTRA_COMPILER_FLAGS=-mcpu=cortex-a9 -mfpu=vfpv3 -mfloat-abi=hard -nost
TRACE::2025-05-11.16:06:16::SCWBDomain::artfiles -g -Wall -Wextra -fno-tree-loop-distribute-patterns"

TRACE::2025-05-11.16:06:16::SCWBDomain::"Running Make include in ps7_cortexa9_0/libsrc/dmaps_v2_10/src"

TRACE::2025-05-11.16:06:16::SCWBDomain::make -C ps7_cortexa9_0/libsrc/dmaps_v2_10/src -s include  "SHELL=CMD" "COMPILER=arm-none-eabi-gcc" "ASSEMBLER=arm-none-eabi-as"
TRACE::2025-05-11.16:06:16::SCWBDomain:: "ARCHIVER=arm-none-eabi-ar" "COMPILER_FLAGS=  -O2 -c" "EXTRA_COMPILER_FLAGS=-mcpu=cortex-a9 -mfpu=vfpv3 -mfloat-abi=hard -nost
TRACE::2025-05-11.16:06:16::SCWBDomain::artfiles -g -Wall -Wextra -fno-tree-loop-distribute-patterns"

TRACE::2025-05-11.16:06:16::SCWBDomain::"Running Make include in ps7_cortexa9_0/libsrc/emacps_v3_20/src"

TRACE::2025-05-11.16:06:16::SCWBDomain::make -C ps7_cortexa9_0/libsrc/emacps_v3_20/src -s include  "SHELL=CMD" "COMPILER=arm-none-eabi-gcc" "ASSEMBLER=arm-none-eabi-as
TRACE::2025-05-11.16:06:16::SCWBDomain::" "ARCHIVER=arm-none-eabi-ar" "COMPILER_FLAGS=  -O2 -c" "EXTRA_COMPILER_FLAGS=-mcpu=cortex-a9 -mfpu=vfpv3 -mfloat-abi=hard -nos
TRACE::2025-05-11.16:06:16::SCWBDomain::tartfiles -g -Wall -Wextra -fno-tree-loop-distribute-patterns"

TRACE::2025-05-11.16:06:16::SCWBDomain::"Running Make include in ps7_cortexa9_0/libsrc/gpiops_v3_13/src"

TRACE::2025-05-11.16:06:16::SCWBDomain::make -C ps7_cortexa9_0/libsrc/gpiops_v3_13/src -s include  "SHELL=CMD" "COMPILER=arm-none-eabi-gcc" "ASSEMBLER=arm-none-eabi-as
TRACE::2025-05-11.16:06:16::SCWBDomain::" "ARCHIVER=arm-none-eabi-ar" "COMPILER_FLAGS=  -O2 -c" "EXTRA_COMPILER_FLAGS=-mcpu=cortex-a9 -mfpu=vfpv3 -mfloat-abi=hard -nos
TRACE::2025-05-11.16:06:16::SCWBDomain::tartfiles -g -Wall -Wextra -fno-tree-loop-distribute-patterns"

TRACE::2025-05-11.16:06:16::SCWBDomain::"Running Make include in ps7_cortexa9_0/libsrc/iic_v3_11/src"

TRACE::2025-05-11.16:06:16::SCWBDomain::make -C ps7_cortexa9_0/libsrc/iic_v3_11/src -s include  "SHELL=CMD" "COMPILER=arm-none-eabi-gcc" "ASSEMBLER=arm-none-eabi-as" "
TRACE::2025-05-11.16:06:16::SCWBDomain::ARCHIVER=arm-none-eabi-ar" "COMPILER_FLAGS=  -O2 -c" "EXTRA_COMPILER_FLAGS=-mcpu=cortex-a9 -mfpu=vfpv3 -mfloat-abi=hard -nostar
TRACE::2025-05-11.16:06:16::SCWBDomain::tfiles -g -Wall -Wextra -fno-tree-loop-distribute-patterns"

TRACE::2025-05-11.16:06:16::SCWBDomain::"Running Make include in ps7_cortexa9_0/libsrc/Motor_DriverIP_v1_0/src"

TRACE::2025-05-11.16:06:16::SCWBDomain::make -C ps7_cortexa9_0/libsrc/Motor_DriverIP_v1_0/src -s include  "SHELL=CMD" "COMPILER=arm-none-eabi-gcc" "ASSEMBLER=arm-none-
TRACE::2025-05-11.16:06:16::SCWBDomain::eabi-as" "ARCHIVER=arm-none-eabi-ar" "COMPILER_FLAGS=  -O2 -c" "EXTRA_COMPILER_FLAGS=-mcpu=cortex-a9 -mfpu=vfpv3 -mfloat-abi=ha
TRACE::2025-05-11.16:06:16::SCWBDomain::rd -nostartfiles -g -Wall -Wextra -fno-tree-loop-distribute-patterns"

TRACE::2025-05-11.16:06:16::SCWBDomain::"Running Make include in ps7_cortexa9_0/libsrc/qspips_v3_12/src"

TRACE::2025-05-11.16:06:17::SCWBDomain::make -C ps7_cortexa9_0/libsrc/qspips_v3_12/src -s include  "SHELL=CMD" "COMPILER=arm-none-eabi-gcc" "ASSEMBLER=arm-none-eabi-as
TRACE::2025-05-11.16:06:17::SCWBDomain::" "ARCHIVER=arm-none-eabi-ar" "COMPILER_FLAGS=  -O2 -c" "EXTRA_COMPILER_FLAGS=-mcpu=cortex-a9 -mfpu=vfpv3 -mfloat-abi=hard -nos
TRACE::2025-05-11.16:06:17::SCWBDomain::tartfiles -g -Wall -Wextra -fno-tree-loop-distribute-patterns"

TRACE::2025-05-11.16:06:17::SCWBDomain::"Running Make include in ps7_cortexa9_0/libsrc/scugic_v5_3/src"

TRACE::2025-05-11.16:06:17::SCWBDomain::make -C ps7_cortexa9_0/libsrc/scugic_v5_3/src -s include  "SHELL=CMD" "COMPILER=arm-none-eabi-gcc" "ASSEMBLER=arm-none-eabi-as"
TRACE::2025-05-11.16:06:17::SCWBDomain:: "ARCHIVER=arm-none-eabi-ar" "COMPILER_FLAGS=  -O2 -c" "EXTRA_COMPILER_FLAGS=-mcpu=cortex-a9 -mfpu=vfpv3 -mfloat-abi=hard -nost
TRACE::2025-05-11.16:06:17::SCWBDomain::artfiles -g -Wall -Wextra -fno-tree-loop-distribute-patterns"

TRACE::2025-05-11.16:06:17::SCWBDomain::"Running Make include in ps7_cortexa9_0/libsrc/scutimer_v2_6/src"

TRACE::2025-05-11.16:06:17::SCWBDomain::make -C ps7_cortexa9_0/libsrc/scutimer_v2_6/src -s include  "SHELL=CMD" "COMPILER=arm-none-eabi-gcc" "ASSEMBLER=arm-none-eabi-a
TRACE::2025-05-11.16:06:17::SCWBDomain::s" "ARCHIVER=arm-none-eabi-ar" "COMPILER_FLAGS=  -O2 -c" "EXTRA_COMPILER_FLAGS=-mcpu=cortex-a9 -mfpu=vfpv3 -mfloat-abi=hard -no
TRACE::2025-05-11.16:06:17::SCWBDomain::startfiles -g -Wall -Wextra -fno-tree-loop-distribute-patterns"

TRACE::2025-05-11.16:06:17::SCWBDomain::"Running Make include in ps7_cortexa9_0/libsrc/scuwdt_v2_5/src"

TRACE::2025-05-11.16:06:17::SCWBDomain::make -C ps7_cortexa9_0/libsrc/scuwdt_v2_5/src -s include  "SHELL=CMD" "COMPILER=arm-none-eabi-gcc" "ASSEMBLER=arm-none-eabi-as"
TRACE::2025-05-11.16:06:17::SCWBDomain:: "ARCHIVER=arm-none-eabi-ar" "COMPILER_FLAGS=  -O2 -c" "EXTRA_COMPILER_FLAGS=-mcpu=cortex-a9 -mfpu=vfpv3 -mfloat-abi=hard -nost
TRACE::2025-05-11.16:06:17::SCWBDomain::artfiles -g -Wall -Wextra -fno-tree-loop-distribute-patterns"

TRACE::2025-05-11.16:06:17::SCWBDomain::"Running Make include in ps7_cortexa9_0/libsrc/sdps_v4_3/src"

TRACE::2025-05-11.16:06:17::SCWBDomain::make -C ps7_cortexa9_0/libsrc/sdps_v4_3/src -s include  "SHELL=CMD" "COMPILER=arm-none-eabi-gcc" "ASSEMBLER=arm-none-eabi-as" "
TRACE::2025-05-11.16:06:17::SCWBDomain::ARCHIVER=arm-none-eabi-ar" "COMPILER_FLAGS=  -O2 -c" "EXTRA_COMPILER_FLAGS=-mcpu=cortex-a9 -mfpu=vfpv3 -mfloat-abi=hard -nostar
TRACE::2025-05-11.16:06:17::SCWBDomain::tfiles -g -Wall -Wextra -fno-tree-loop-distribute-patterns"

TRACE::2025-05-11.16:06:17::SCWBDomain::"Running Make include in ps7_cortexa9_0/libsrc/SpeedSensor_Driver_IP_v1_0/src"

TRACE::2025-05-11.16:06:17::SCWBDomain::make -C ps7_cortexa9_0/libsrc/SpeedSensor_Driver_IP_v1_0/src -s include  "SHELL=CMD" "COMPILER=arm-none-eabi-gcc" "ASSEMBLER=ar
TRACE::2025-05-11.16:06:17::SCWBDomain::m-none-eabi-as" "ARCHIVER=arm-none-eabi-ar" "COMPILER_FLAGS=  -O2 -c" "EXTRA_COMPILER_FLAGS=-mcpu=cortex-a9 -mfpu=vfpv3 -mfloat
TRACE::2025-05-11.16:06:17::SCWBDomain::-abi=hard -nostartfiles -g -Wall -Wextra -fno-tree-loop-distribute-patterns"

TRACE::2025-05-11.16:06:17::SCWBDomain::"Running Make include in ps7_cortexa9_0/libsrc/standalone_v9_1/src"

TRACE::2025-05-11.16:06:17::SCWBDomain::make -C ps7_cortexa9_0/libsrc/standalone_v9_1/src -s include  "SHELL=CMD" "COMPILER=arm-none-eabi-gcc" "ASSEMBLER=arm-none-eabi
TRACE::2025-05-11.16:06:17::SCWBDomain::-as" "ARCHIVER=arm-none-eabi-ar" "COMPILER_FLAGS=  -O2 -c" "EXTRA_COMPILER_FLAGS=-mcpu=cortex-a9 -mfpu=vfpv3 -mfloat-abi=hard -
TRACE::2025-05-11.16:06:17::SCWBDomain::nostartfiles -g -Wall -Wextra -fno-tree-loop-distribute-patterns"

TRACE::2025-05-11.16:06:17::SCWBDomain::"Running Make include in ps7_cortexa9_0/libsrc/tmrctr_v4_12/src"

TRACE::2025-05-11.16:06:17::SCWBDomain::make -C ps7_cortexa9_0/libsrc/tmrctr_v4_12/src -s include  "SHELL=CMD" "COMPILER=arm-none-eabi-gcc" "ASSEMBLER=arm-none-eabi-as
TRACE::2025-05-11.16:06:17::SCWBDomain::" "ARCHIVER=arm-none-eabi-ar" "COMPILER_FLAGS=  -O2 -c" "EXTRA_COMPILER_FLAGS=-mcpu=cortex-a9 -mfpu=vfpv3 -mfloat-abi=hard -nos
TRACE::2025-05-11.16:06:17::SCWBDomain::tartfiles -g -Wall -Wextra -fno-tree-loop-distribute-patterns"

TRACE::2025-05-11.16:06:17::SCWBDomain::"Running Make include in ps7_cortexa9_0/libsrc/uartps_v3_14/src"

TRACE::2025-05-11.16:06:17::SCWBDomain::make -C ps7_cortexa9_0/libsrc/uartps_v3_14/src -s include  "SHELL=CMD" "COMPILER=arm-none-eabi-gcc" "ASSEMBLER=arm-none-eabi-as
TRACE::2025-05-11.16:06:17::SCWBDomain::" "ARCHIVER=arm-none-eabi-ar" "COMPILER_FLAGS=  -O2 -c" "EXTRA_COMPILER_FLAGS=-mcpu=cortex-a9 -mfpu=vfpv3 -mfloat-abi=hard -nos
TRACE::2025-05-11.16:06:17::SCWBDomain::tartfiles -g -Wall -Wextra -fno-tree-loop-distribute-patterns"

TRACE::2025-05-11.16:06:17::SCWBDomain::"Running Make include in ps7_cortexa9_0/libsrc/usbps_v2_9/src"

TRACE::2025-05-11.16:06:17::SCWBDomain::make -C ps7_cortexa9_0/libsrc/usbps_v2_9/src -s include  "SHELL=CMD" "COMPILER=arm-none-eabi-gcc" "ASSEMBLER=arm-none-eabi-as" 
TRACE::2025-05-11.16:06:17::SCWBDomain::"ARCHIVER=arm-none-eabi-ar" "COMPILER_FLAGS=  -O2 -c" "EXTRA_COMPILER_FLAGS=-mcpu=cortex-a9 -mfpu=vfpv3 -mfloat-abi=hard -nosta
TRACE::2025-05-11.16:06:17::SCWBDomain::rtfiles -g -Wall -Wextra -fno-tree-loop-distribute-patterns"

TRACE::2025-05-11.16:06:17::SCWBDomain::"Running Make include in ps7_cortexa9_0/libsrc/xadcps_v2_7/src"

TRACE::2025-05-11.16:06:17::SCWBDomain::make -C ps7_cortexa9_0/libsrc/xadcps_v2_7/src -s include  "SHELL=CMD" "COMPILER=arm-none-eabi-gcc" "ASSEMBLER=arm-none-eabi-as"
TRACE::2025-05-11.16:06:17::SCWBDomain:: "ARCHIVER=arm-none-eabi-ar" "COMPILER_FLAGS=  -O2 -c" "EXTRA_COMPILER_FLAGS=-mcpu=cortex-a9 -mfpu=vfpv3 -mfloat-abi=hard -nost
TRACE::2025-05-11.16:06:17::SCWBDomain::artfiles -g -Wall -Wextra -fno-tree-loop-distribute-patterns"

TRACE::2025-05-11.16:06:17::SCWBDomain::"Running Make include in ps7_cortexa9_0/libsrc/xilffs_v5_2/src"

TRACE::2025-05-11.16:06:17::SCWBDomain::make -C ps7_cortexa9_0/libsrc/xilffs_v5_2/src -s include  "SHELL=CMD" "COMPILER=arm-none-eabi-gcc" "ASSEMBLER=arm-none-eabi-as"
TRACE::2025-05-11.16:06:17::SCWBDomain:: "ARCHIVER=arm-none-eabi-ar" "COMPILER_FLAGS=  -O2 -c" "EXTRA_COMPILER_FLAGS=-mcpu=cortex-a9 -mfpu=vfpv3 -mfloat-abi=hard -nost
TRACE::2025-05-11.16:06:17::SCWBDomain::artfiles -g -Wall -Wextra -fno-tree-loop-distribute-patterns"

TRACE::2025-05-11.16:06:17::SCWBDomain::"Running Make include in ps7_cortexa9_0/libsrc/xilrsa_v1_8/src"

TRACE::2025-05-11.16:06:17::SCWBDomain::make -C ps7_cortexa9_0/libsrc/xilrsa_v1_8/src -s include  "SHELL=CMD" "COMPILER=arm-none-eabi-gcc" "ASSEMBLER=arm-none-eabi-as"
TRACE::2025-05-11.16:06:17::SCWBDomain:: "ARCHIVER=arm-none-eabi-ar" "COMPILER_FLAGS=  -O2 -c" "EXTRA_COMPILER_FLAGS=-mcpu=cortex-a9 -mfpu=vfpv3 -mfloat-abi=hard -nost
TRACE::2025-05-11.16:06:17::SCWBDomain::artfiles -g -Wall -Wextra -fno-tree-loop-distribute-patterns"

TRACE::2025-05-11.16:06:17::SCWBDomain::"Running Make libs in ps7_cortexa9_0/libsrc/Motor_DriverIP_v1_0/src"

TRACE::2025-05-11.16:06:17::SCWBDomain::make -C ps7_cortexa9_0/libsrc/Motor_DriverIP_v1_0/src -s libs  "SHELL=CMD" "COMPILER=arm-none-eabi-gcc" "ASSEMBLER=arm-none-eab
TRACE::2025-05-11.16:06:17::SCWBDomain::i-as" "ARCHIVER=arm-none-eabi-ar" "COMPILER_FLAGS=  -O2 -c" "EXTRA_COMPILER_FLAGS=-mcpu=cortex-a9 -mfpu=vfpv3 -mfloat-abi=hard 
TRACE::2025-05-11.16:06:17::SCWBDomain::-nostartfiles -g -Wall -Wextra -fno-tree-loop-distribute-patterns"

TRACE::2025-05-11.16:06:17::SCWBDomain::"Running Make libs in ps7_cortexa9_0/libsrc/SpeedSensor_Driver_IP_v1_0/src"

TRACE::2025-05-11.16:06:17::SCWBDomain::make -C ps7_cortexa9_0/libsrc/SpeedSensor_Driver_IP_v1_0/src -s libs  "SHELL=CMD" "COMPILER=arm-none-eabi-gcc" "ASSEMBLER=arm-n
TRACE::2025-05-11.16:06:17::SCWBDomain::one-eabi-as" "ARCHIVER=arm-none-eabi-ar" "COMPILER_FLAGS=  -O2 -c" "EXTRA_COMPILER_FLAGS=-mcpu=cortex-a9 -mfpu=vfpv3 -mfloat-ab
TRACE::2025-05-11.16:06:17::SCWBDomain::i=hard -nostartfiles -g -Wall -Wextra -fno-tree-loop-distribute-patterns"

TRACE::2025-05-11.16:06:17::SCWBDomain::"Running Make libs in ps7_cortexa9_0/libsrc/xilrsa_v1_8/src"

TRACE::2025-05-11.16:06:17::SCWBDomain::make -C ps7_cortexa9_0/libsrc/xilrsa_v1_8/src -s libs  "SHELL=CMD" "COMPILER=arm-none-eabi-gcc" "ASSEMBLER=arm-none-eabi-as" "A
TRACE::2025-05-11.16:06:17::SCWBDomain::RCHIVER=arm-none-eabi-ar" "COMPILER_FLAGS=  -O2 -c" "EXTRA_COMPILER_FLAGS=-mcpu=cortex-a9 -mfpu=vfpv3 -mfloat-abi=hard -nostart
TRACE::2025-05-11.16:06:17::SCWBDomain::files -g -Wall -Wextra -fno-tree-loop-distribute-patterns"

TRACE::2025-05-11.16:06:17::SCWBDomain::'Finished building libraries sequentially.'

TRACE::2025-05-11.16:06:17::SCWBDomain::make -j 10 --no-print-directory par_libs

TRACE::2025-05-11.16:06:17::SCWBDomain::"Running Make include in ps7_cortexa9_0/libsrc/coresightps_dcc_v1_10/src"

TRACE::2025-05-11.16:06:17::SCWBDomain::make -C ps7_cortexa9_0/libsrc/coresightps_dcc_v1_10/src -s include  "SHELL=CMD" "COMPILER=arm-none-eabi-gcc" "ASSEMBLER=arm-non
TRACE::2025-05-11.16:06:17::SCWBDomain::e-eabi-as" "ARCHIVER=arm-none-eabi-ar" "COMPILER_FLAGS=  -O2 -c" "EXTRA_COMPILER_FLAGS=-mcpu=cortex-a9 -mfpu=vfpv3 -mfloat-abi=
TRACE::2025-05-11.16:06:17::SCWBDomain::hard -nostartfiles -g -Wall -Wextra -fno-tree-loop-distribute-patterns"

TRACE::2025-05-11.16:06:17::SCWBDomain::"Running Make include in ps7_cortexa9_0/libsrc/cpu_cortexa9_v2_12/src"

TRACE::2025-05-11.16:06:17::SCWBDomain::make -C ps7_cortexa9_0/libsrc/cpu_cortexa9_v2_12/src -s include  "SHELL=CMD" "COMPILER=arm-none-eabi-gcc" "ASSEMBLER=arm-none-e
TRACE::2025-05-11.16:06:17::SCWBDomain::abi-as" "ARCHIVER=arm-none-eabi-ar" "COMPILER_FLAGS=  -O2 -c" "EXTRA_COMPILER_FLAGS=-mcpu=cortex-a9 -mfpu=vfpv3 -mfloat-abi=har
TRACE::2025-05-11.16:06:17::SCWBDomain::d -nostartfiles -g -Wall -Wextra -fno-tree-loop-distribute-patterns"

TRACE::2025-05-11.16:06:17::SCWBDomain::"Running Make include in ps7_cortexa9_0/libsrc/ddrps_v1_2/src"

TRACE::2025-05-11.16:06:17::SCWBDomain::make -C ps7_cortexa9_0/libsrc/ddrps_v1_2/src -s include  "SHELL=CMD" "COMPILER=arm-none-eabi-gcc" "ASSEMBLER=arm-none-eabi-as" 
TRACE::2025-05-11.16:06:17::SCWBDomain::"ARCHIVER=arm-none-eabi-ar" "COMPILER_FLAGS=  -O2 -c" "EXTRA_COMPILER_FLAGS=-mcpu=cortex-a9 -mfpu=vfpv3 -mfloat-abi=hard -nosta
TRACE::2025-05-11.16:06:17::SCWBDomain::rtfiles -g -Wall -Wextra -fno-tree-loop-distribute-patterns"

TRACE::2025-05-11.16:06:17::SCWBDomain::"Running Make include in ps7_cortexa9_0/libsrc/devcfg_v3_8/src"

TRACE::2025-05-11.16:06:17::SCWBDomain::make -C ps7_cortexa9_0/libsrc/devcfg_v3_8/src -s include  "SHELL=CMD" "COMPILER=arm-none-eabi-gcc" "ASSEMBLER=arm-none-eabi-as"
TRACE::2025-05-11.16:06:17::SCWBDomain:: "ARCHIVER=arm-none-eabi-ar" "COMPILER_FLAGS=  -O2 -c" "EXTRA_COMPILER_FLAGS=-mcpu=cortex-a9 -mfpu=vfpv3 -mfloat-abi=hard -nost
TRACE::2025-05-11.16:06:17::SCWBDomain::artfiles -g -Wall -Wextra -fno-tree-loop-distribute-patterns"

TRACE::2025-05-11.16:06:17::SCWBDomain::"Running Make include in ps7_cortexa9_0/libsrc/dmaps_v2_10/src"

TRACE::2025-05-11.16:06:17::SCWBDomain::make -C ps7_cortexa9_0/libsrc/dmaps_v2_10/src -s include  "SHELL=CMD" "COMPILER=arm-none-eabi-gcc" "ASSEMBLER=arm-none-eabi-as"
TRACE::2025-05-11.16:06:17::SCWBDomain:: "ARCHIVER=arm-none-eabi-ar" "COMPILER_FLAGS=  -O2 -c" "EXTRA_COMPILER_FLAGS=-mcpu=cortex-a9 -mfpu=vfpv3 -mfloat-abi=hard -nost
TRACE::2025-05-11.16:06:17::SCWBDomain::artfiles -g -Wall -Wextra -fno-tree-loop-distribute-patterns"

TRACE::2025-05-11.16:06:17::SCWBDomain::"Running Make include in ps7_cortexa9_0/libsrc/emacps_v3_20/src"

TRACE::2025-05-11.16:06:17::SCWBDomain::make -C ps7_cortexa9_0/libsrc/emacps_v3_20/src -s include  "SHELL=CMD" "COMPILER=arm-none-eabi-gcc" "ASSEMBLER=arm-none-eabi-as
TRACE::2025-05-11.16:06:17::SCWBDomain::" "ARCHIVER=arm-none-eabi-ar" "COMPILER_FLAGS=  -O2 -c" "EXTRA_COMPILER_FLAGS=-mcpu=cortex-a9 -mfpu=vfpv3 -mfloat-abi=hard -nos
TRACE::2025-05-11.16:06:17::SCWBDomain::tartfiles -g -Wall -Wextra -fno-tree-loop-distribute-patterns"

TRACE::2025-05-11.16:06:17::SCWBDomain::"Running Make include in ps7_cortexa9_0/libsrc/gpiops_v3_13/src"

TRACE::2025-05-11.16:06:17::SCWBDomain::make -C ps7_cortexa9_0/libsrc/gpiops_v3_13/src -s include  "SHELL=CMD" "COMPILER=arm-none-eabi-gcc" "ASSEMBLER=arm-none-eabi-as
TRACE::2025-05-11.16:06:17::SCWBDomain::" "ARCHIVER=arm-none-eabi-ar" "COMPILER_FLAGS=  -O2 -c" "EXTRA_COMPILER_FLAGS=-mcpu=cortex-a9 -mfpu=vfpv3 -mfloat-abi=hard -nos
TRACE::2025-05-11.16:06:17::SCWBDomain::tartfiles -g -Wall -Wextra -fno-tree-loop-distribute-patterns"

TRACE::2025-05-11.16:06:17::SCWBDomain::"Running Make include in ps7_cortexa9_0/libsrc/iic_v3_11/src"

TRACE::2025-05-11.16:06:17::SCWBDomain::make -C ps7_cortexa9_0/libsrc/iic_v3_11/src -s include  "SHELL=CMD" "COMPILER=arm-none-eabi-gcc" "ASSEMBLER=arm-none-eabi-as" "
TRACE::2025-05-11.16:06:17::SCWBDomain::ARCHIVER=arm-none-eabi-ar" "COMPILER_FLAGS=  -O2 -c" "EXTRA_COMPILER_FLAGS=-mcpu=cortex-a9 -mfpu=vfpv3 -mfloat-abi=hard -nostar
TRACE::2025-05-11.16:06:17::SCWBDomain::tfiles -g -Wall -Wextra -fno-tree-loop-distribute-patterns"

TRACE::2025-05-11.16:06:17::SCWBDomain::"Running Make include in ps7_cortexa9_0/libsrc/Motor_DriverIP_v1_0/src"

TRACE::2025-05-11.16:06:17::SCWBDomain::make -C ps7_cortexa9_0/libsrc/Motor_DriverIP_v1_0/src -s include  "SHELL=CMD" "COMPILER=arm-none-eabi-gcc" "ASSEMBLER=arm-none-
TRACE::2025-05-11.16:06:17::SCWBDomain::eabi-as" "ARCHIVER=arm-none-eabi-ar" "COMPILER_FLAGS=  -O2 -c" "EXTRA_COMPILER_FLAGS=-mcpu=cortex-a9 -mfpu=vfpv3 -mfloat-abi=ha
TRACE::2025-05-11.16:06:17::SCWBDomain::rd -nostartfiles -g -Wall -Wextra -fno-tree-loop-distribute-patterns"

TRACE::2025-05-11.16:06:17::SCWBDomain::"Running Make include in ps7_cortexa9_0/libsrc/qspips_v3_12/src"

TRACE::2025-05-11.16:06:17::SCWBDomain::make -C ps7_cortexa9_0/libsrc/qspips_v3_12/src -s include  "SHELL=CMD" "COMPILER=arm-none-eabi-gcc" "ASSEMBLER=arm-none-eabi-as
TRACE::2025-05-11.16:06:17::SCWBDomain::" "ARCHIVER=arm-none-eabi-ar" "COMPILER_FLAGS=  -O2 -c" "EXTRA_COMPILER_FLAGS=-mcpu=cortex-a9 -mfpu=vfpv3 -mfloat-abi=hard -nos
TRACE::2025-05-11.16:06:17::SCWBDomain::tartfiles -g -Wall -Wextra -fno-tree-loop-distribute-patterns"

TRACE::2025-05-11.16:06:17::SCWBDomain::"Running Make include in ps7_cortexa9_0/libsrc/scugic_v5_3/src"

TRACE::2025-05-11.16:06:17::SCWBDomain::make -C ps7_cortexa9_0/libsrc/scugic_v5_3/src -s include  "SHELL=CMD" "COMPILER=arm-none-eabi-gcc" "ASSEMBLER=arm-none-eabi-as"
TRACE::2025-05-11.16:06:17::SCWBDomain:: "ARCHIVER=arm-none-eabi-ar" "COMPILER_FLAGS=  -O2 -c" "EXTRA_COMPILER_FLAGS=-mcpu=cortex-a9 -mfpu=vfpv3 -mfloat-abi=hard -nost
TRACE::2025-05-11.16:06:17::SCWBDomain::artfiles -g -Wall -Wextra -fno-tree-loop-distribute-patterns"

TRACE::2025-05-11.16:06:17::SCWBDomain::"Running Make include in ps7_cortexa9_0/libsrc/scutimer_v2_6/src"

TRACE::2025-05-11.16:06:17::SCWBDomain::make -C ps7_cortexa9_0/libsrc/scutimer_v2_6/src -s include  "SHELL=CMD" "COMPILER=arm-none-eabi-gcc" "ASSEMBLER=arm-none-eabi-a
TRACE::2025-05-11.16:06:17::SCWBDomain::s" "ARCHIVER=arm-none-eabi-ar" "COMPILER_FLAGS=  -O2 -c" "EXTRA_COMPILER_FLAGS=-mcpu=cortex-a9 -mfpu=vfpv3 -mfloat-abi=hard -no
TRACE::2025-05-11.16:06:17::SCWBDomain::startfiles -g -Wall -Wextra -fno-tree-loop-distribute-patterns"

TRACE::2025-05-11.16:06:17::SCWBDomain::"Running Make include in ps7_cortexa9_0/libsrc/scuwdt_v2_5/src"

TRACE::2025-05-11.16:06:17::SCWBDomain::make -C ps7_cortexa9_0/libsrc/scuwdt_v2_5/src -s include  "SHELL=CMD" "COMPILER=arm-none-eabi-gcc" "ASSEMBLER=arm-none-eabi-as"
TRACE::2025-05-11.16:06:17::SCWBDomain:: "ARCHIVER=arm-none-eabi-ar" "COMPILER_FLAGS=  -O2 -c" "EXTRA_COMPILER_FLAGS=-mcpu=cortex-a9 -mfpu=vfpv3 -mfloat-abi=hard -nost
TRACE::2025-05-11.16:06:17::SCWBDomain::artfiles -g -Wall -Wextra -fno-tree-loop-distribute-patterns"

TRACE::2025-05-11.16:06:17::SCWBDomain::"Running Make include in ps7_cortexa9_0/libsrc/sdps_v4_3/src"

TRACE::2025-05-11.16:06:17::SCWBDomain::make -C ps7_cortexa9_0/libsrc/sdps_v4_3/src -s include  "SHELL=CMD" "COMPILER=arm-none-eabi-gcc" "ASSEMBLER=arm-none-eabi-as" "
TRACE::2025-05-11.16:06:17::SCWBDomain::ARCHIVER=arm-none-eabi-ar" "COMPILER_FLAGS=  -O2 -c" "EXTRA_COMPILER_FLAGS=-mcpu=cortex-a9 -mfpu=vfpv3 -mfloat-abi=hard -nostar
TRACE::2025-05-11.16:06:17::SCWBDomain::tfiles -g -Wall -Wextra -fno-tree-loop-distribute-patterns"

TRACE::2025-05-11.16:06:17::SCWBDomain::"Running Make include in ps7_cortexa9_0/libsrc/SpeedSensor_Driver_IP_v1_0/src"

TRACE::2025-05-11.16:06:18::SCWBDomain::make -C ps7_cortexa9_0/libsrc/SpeedSensor_Driver_IP_v1_0/src -s include  "SHELL=CMD" "COMPILER=arm-none-eabi-gcc" "ASSEMBLER=ar
TRACE::2025-05-11.16:06:18::SCWBDomain::m-none-eabi-as" "ARCHIVER=arm-none-eabi-ar" "COMPILER_FLAGS=  -O2 -c" "EXTRA_COMPILER_FLAGS=-mcpu=cortex-a9 -mfpu=vfpv3 -mfloat
TRACE::2025-05-11.16:06:18::SCWBDomain::-abi=hard -nostartfiles -g -Wall -Wextra -fno-tree-loop-distribute-patterns"

TRACE::2025-05-11.16:06:18::SCWBDomain::"Running Make include in ps7_cortexa9_0/libsrc/standalone_v9_1/src"

TRACE::2025-05-11.16:06:18::SCWBDomain::make -C ps7_cortexa9_0/libsrc/standalone_v9_1/src -s include  "SHELL=CMD" "COMPILER=arm-none-eabi-gcc" "ASSEMBLER=arm-none-eabi
TRACE::2025-05-11.16:06:18::SCWBDomain::-as" "ARCHIVER=arm-none-eabi-ar" "COMPILER_FLAGS=  -O2 -c" "EXTRA_COMPILER_FLAGS=-mcpu=cortex-a9 -mfpu=vfpv3 -mfloat-abi=hard -
TRACE::2025-05-11.16:06:18::SCWBDomain::nostartfiles -g -Wall -Wextra -fno-tree-loop-distribute-patterns"

TRACE::2025-05-11.16:06:18::SCWBDomain::"Running Make include in ps7_cortexa9_0/libsrc/tmrctr_v4_12/src"

TRACE::2025-05-11.16:06:18::SCWBDomain::make -C ps7_cortexa9_0/libsrc/tmrctr_v4_12/src -s include  "SHELL=CMD" "COMPILER=arm-none-eabi-gcc" "ASSEMBLER=arm-none-eabi-as
TRACE::2025-05-11.16:06:18::SCWBDomain::" "ARCHIVER=arm-none-eabi-ar" "COMPILER_FLAGS=  -O2 -c" "EXTRA_COMPILER_FLAGS=-mcpu=cortex-a9 -mfpu=vfpv3 -mfloat-abi=hard -nos
TRACE::2025-05-11.16:06:18::SCWBDomain::tartfiles -g -Wall -Wextra -fno-tree-loop-distribute-patterns"

TRACE::2025-05-11.16:06:18::SCWBDomain::"Running Make include in ps7_cortexa9_0/libsrc/uartps_v3_14/src"

TRACE::2025-05-11.16:06:18::SCWBDomain::make -C ps7_cortexa9_0/libsrc/uartps_v3_14/src -s include  "SHELL=CMD" "COMPILER=arm-none-eabi-gcc" "ASSEMBLER=arm-none-eabi-as
TRACE::2025-05-11.16:06:18::SCWBDomain::" "ARCHIVER=arm-none-eabi-ar" "COMPILER_FLAGS=  -O2 -c" "EXTRA_COMPILER_FLAGS=-mcpu=cortex-a9 -mfpu=vfpv3 -mfloat-abi=hard -nos
TRACE::2025-05-11.16:06:18::SCWBDomain::tartfiles -g -Wall -Wextra -fno-tree-loop-distribute-patterns"

TRACE::2025-05-11.16:06:18::SCWBDomain::"Running Make include in ps7_cortexa9_0/libsrc/usbps_v2_9/src"

TRACE::2025-05-11.16:06:18::SCWBDomain::make -C ps7_cortexa9_0/libsrc/usbps_v2_9/src -s include  "SHELL=CMD" "COMPILER=arm-none-eabi-gcc" "ASSEMBLER=arm-none-eabi-as" 
TRACE::2025-05-11.16:06:18::SCWBDomain::"ARCHIVER=arm-none-eabi-ar" "COMPILER_FLAGS=  -O2 -c" "EXTRA_COMPILER_FLAGS=-mcpu=cortex-a9 -mfpu=vfpv3 -mfloat-abi=hard -nosta
TRACE::2025-05-11.16:06:18::SCWBDomain::rtfiles -g -Wall -Wextra -fno-tree-loop-distribute-patterns"

TRACE::2025-05-11.16:06:18::SCWBDomain::"Running Make include in ps7_cortexa9_0/libsrc/xadcps_v2_7/src"

TRACE::2025-05-11.16:06:18::SCWBDomain::make -C ps7_cortexa9_0/libsrc/xadcps_v2_7/src -s include  "SHELL=CMD" "COMPILER=arm-none-eabi-gcc" "ASSEMBLER=arm-none-eabi-as"
TRACE::2025-05-11.16:06:18::SCWBDomain:: "ARCHIVER=arm-none-eabi-ar" "COMPILER_FLAGS=  -O2 -c" "EXTRA_COMPILER_FLAGS=-mcpu=cortex-a9 -mfpu=vfpv3 -mfloat-abi=hard -nost
TRACE::2025-05-11.16:06:18::SCWBDomain::artfiles -g -Wall -Wextra -fno-tree-loop-distribute-patterns"

TRACE::2025-05-11.16:06:18::SCWBDomain::"Running Make include in ps7_cortexa9_0/libsrc/xilffs_v5_2/src"

TRACE::2025-05-11.16:06:18::SCWBDomain::make -C ps7_cortexa9_0/libsrc/xilffs_v5_2/src -s include  "SHELL=CMD" "COMPILER=arm-none-eabi-gcc" "ASSEMBLER=arm-none-eabi-as"
TRACE::2025-05-11.16:06:18::SCWBDomain:: "ARCHIVER=arm-none-eabi-ar" "COMPILER_FLAGS=  -O2 -c" "EXTRA_COMPILER_FLAGS=-mcpu=cortex-a9 -mfpu=vfpv3 -mfloat-abi=hard -nost
TRACE::2025-05-11.16:06:18::SCWBDomain::artfiles -g -Wall -Wextra -fno-tree-loop-distribute-patterns"

TRACE::2025-05-11.16:06:18::SCWBDomain::"Running Make include in ps7_cortexa9_0/libsrc/xilrsa_v1_8/src"

TRACE::2025-05-11.16:06:18::SCWBDomain::make -C ps7_cortexa9_0/libsrc/xilrsa_v1_8/src -s include  "SHELL=CMD" "COMPILER=arm-none-eabi-gcc" "ASSEMBLER=arm-none-eabi-as"
TRACE::2025-05-11.16:06:18::SCWBDomain:: "ARCHIVER=arm-none-eabi-ar" "COMPILER_FLAGS=  -O2 -c" "EXTRA_COMPILER_FLAGS=-mcpu=cortex-a9 -mfpu=vfpv3 -mfloat-abi=hard -nost
TRACE::2025-05-11.16:06:18::SCWBDomain::artfiles -g -Wall -Wextra -fno-tree-loop-distribute-patterns"

TRACE::2025-05-11.16:06:18::SCWBDomain::"Running Make libs in ps7_cortexa9_0/libsrc/coresightps_dcc_v1_10/src"

TRACE::2025-05-11.16:06:18::SCWBDomain::make -C ps7_cortexa9_0/libsrc/coresightps_dcc_v1_10/src -s libs  "SHELL=CMD" "COMPILER=arm-none-eabi-gcc" "ASSEMBLER=arm-none-e
TRACE::2025-05-11.16:06:18::SCWBDomain::abi-as" "ARCHIVER=arm-none-eabi-ar" "COMPILER_FLAGS=  -O2 -c" "EXTRA_COMPILER_FLAGS=-mcpu=cortex-a9 -mfpu=vfpv3 -mfloat-abi=har
TRACE::2025-05-11.16:06:18::SCWBDomain::d -nostartfiles -g -Wall -Wextra -fno-tree-loop-distribute-patterns"

TRACE::2025-05-11.16:06:18::SCWBDomain::"Running Make libs in ps7_cortexa9_0/libsrc/cpu_cortexa9_v2_12/src"

TRACE::2025-05-11.16:06:18::SCWBDomain::make -C ps7_cortexa9_0/libsrc/cpu_cortexa9_v2_12/src -s libs  "SHELL=CMD" "COMPILER=arm-none-eabi-gcc" "ASSEMBLER=arm-none-eabi
TRACE::2025-05-11.16:06:18::SCWBDomain::-as" "ARCHIVER=arm-none-eabi-ar" "COMPILER_FLAGS=  -O2 -c" "EXTRA_COMPILER_FLAGS=-mcpu=cortex-a9 -mfpu=vfpv3 -mfloat-abi=hard -
TRACE::2025-05-11.16:06:18::SCWBDomain::nostartfiles -g -Wall -Wextra -fno-tree-loop-distribute-patterns"

TRACE::2025-05-11.16:06:18::SCWBDomain::"Running Make libs in ps7_cortexa9_0/libsrc/ddrps_v1_2/src"

TRACE::2025-05-11.16:06:18::SCWBDomain::make -C ps7_cortexa9_0/libsrc/ddrps_v1_2/src -s libs  "SHELL=CMD" "COMPILER=arm-none-eabi-gcc" "ASSEMBLER=arm-none-eabi-as" "AR
TRACE::2025-05-11.16:06:18::SCWBDomain::CHIVER=arm-none-eabi-ar" "COMPILER_FLAGS=  -O2 -c" "EXTRA_COMPILER_FLAGS=-mcpu=cortex-a9 -mfpu=vfpv3 -mfloat-abi=hard -nostartf
TRACE::2025-05-11.16:06:18::SCWBDomain::iles -g -Wall -Wextra -fno-tree-loop-distribute-patterns"

TRACE::2025-05-11.16:06:18::SCWBDomain::"Running Make libs in ps7_cortexa9_0/libsrc/devcfg_v3_8/src"

TRACE::2025-05-11.16:06:18::SCWBDomain::make -C ps7_cortexa9_0/libsrc/devcfg_v3_8/src -s libs  "SHELL=CMD" "COMPILER=arm-none-eabi-gcc" "ASSEMBLER=arm-none-eabi-as" "A
TRACE::2025-05-11.16:06:18::SCWBDomain::RCHIVER=arm-none-eabi-ar" "COMPILER_FLAGS=  -O2 -c" "EXTRA_COMPILER_FLAGS=-mcpu=cortex-a9 -mfpu=vfpv3 -mfloat-abi=hard -nostart
TRACE::2025-05-11.16:06:18::SCWBDomain::files -g -Wall -Wextra -fno-tree-loop-distribute-patterns"

TRACE::2025-05-11.16:06:18::SCWBDomain::"Running Make libs in ps7_cortexa9_0/libsrc/dmaps_v2_10/src"

TRACE::2025-05-11.16:06:18::SCWBDomain::make -C ps7_cortexa9_0/libsrc/dmaps_v2_10/src -s libs  "SHELL=CMD" "COMPILER=arm-none-eabi-gcc" "ASSEMBLER=arm-none-eabi-as" "A
TRACE::2025-05-11.16:06:18::SCWBDomain::RCHIVER=arm-none-eabi-ar" "COMPILER_FLAGS=  -O2 -c" "EXTRA_COMPILER_FLAGS=-mcpu=cortex-a9 -mfpu=vfpv3 -mfloat-abi=hard -nostart
TRACE::2025-05-11.16:06:18::SCWBDomain::files -g -Wall -Wextra -fno-tree-loop-distribute-patterns"

TRACE::2025-05-11.16:06:18::SCWBDomain::"Running Make libs in ps7_cortexa9_0/libsrc/emacps_v3_20/src"

TRACE::2025-05-11.16:06:18::SCWBDomain::make -C ps7_cortexa9_0/libsrc/emacps_v3_20/src -s libs  "SHELL=CMD" "COMPILER=arm-none-eabi-gcc" "ASSEMBLER=arm-none-eabi-as" "
TRACE::2025-05-11.16:06:18::SCWBDomain::ARCHIVER=arm-none-eabi-ar" "COMPILER_FLAGS=  -O2 -c" "EXTRA_COMPILER_FLAGS=-mcpu=cortex-a9 -mfpu=vfpv3 -mfloat-abi=hard -nostar
TRACE::2025-05-11.16:06:18::SCWBDomain::tfiles -g -Wall -Wextra -fno-tree-loop-distribute-patterns"

TRACE::2025-05-11.16:06:18::SCWBDomain::"Running Make libs in ps7_cortexa9_0/libsrc/gpiops_v3_13/src"

TRACE::2025-05-11.16:06:18::SCWBDomain::make -C ps7_cortexa9_0/libsrc/gpiops_v3_13/src -s libs  "SHELL=CMD" "COMPILER=arm-none-eabi-gcc" "ASSEMBLER=arm-none-eabi-as" "
TRACE::2025-05-11.16:06:18::SCWBDomain::ARCHIVER=arm-none-eabi-ar" "COMPILER_FLAGS=  -O2 -c" "EXTRA_COMPILER_FLAGS=-mcpu=cortex-a9 -mfpu=vfpv3 -mfloat-abi=hard -nostar
TRACE::2025-05-11.16:06:18::SCWBDomain::tfiles -g -Wall -Wextra -fno-tree-loop-distribute-patterns"

TRACE::2025-05-11.16:06:18::SCWBDomain::"Running Make libs in ps7_cortexa9_0/libsrc/iic_v3_11/src"

TRACE::2025-05-11.16:06:18::SCWBDomain::make -C ps7_cortexa9_0/libsrc/iic_v3_11/src -s libs  "SHELL=CMD" "COMPILER=arm-none-eabi-gcc" "ASSEMBLER=arm-none-eabi-as" "ARC
TRACE::2025-05-11.16:06:18::SCWBDomain::HIVER=arm-none-eabi-ar" "COMPILER_FLAGS=  -O2 -c" "EXTRA_COMPILER_FLAGS=-mcpu=cortex-a9 -mfpu=vfpv3 -mfloat-abi=hard -nostartfi
TRACE::2025-05-11.16:06:18::SCWBDomain::les -g -Wall -Wextra -fno-tree-loop-distribute-patterns"

TRACE::2025-05-11.16:06:18::SCWBDomain::"Running Make libs in ps7_cortexa9_0/libsrc/qspips_v3_12/src"

TRACE::2025-05-11.16:06:18::SCWBDomain::make -C ps7_cortexa9_0/libsrc/qspips_v3_12/src -s libs  "SHELL=CMD" "COMPILER=arm-none-eabi-gcc" "ASSEMBLER=arm-none-eabi-as" "
TRACE::2025-05-11.16:06:18::SCWBDomain::ARCHIVER=arm-none-eabi-ar" "COMPILER_FLAGS=  -O2 -c" "EXTRA_COMPILER_FLAGS=-mcpu=cortex-a9 -mfpu=vfpv3 -mfloat-abi=hard -nostar
TRACE::2025-05-11.16:06:18::SCWBDomain::tfiles -g -Wall -Wextra -fno-tree-loop-distribute-patterns"

TRACE::2025-05-11.16:06:18::SCWBDomain::"Running Make libs in ps7_cortexa9_0/libsrc/scugic_v5_3/src"

TRACE::2025-05-11.16:06:18::SCWBDomain::make -C ps7_cortexa9_0/libsrc/scugic_v5_3/src -s libs  "SHELL=CMD" "COMPILER=arm-none-eabi-gcc" "ASSEMBLER=arm-none-eabi-as" "A
TRACE::2025-05-11.16:06:18::SCWBDomain::RCHIVER=arm-none-eabi-ar" "COMPILER_FLAGS=  -O2 -c" "EXTRA_COMPILER_FLAGS=-mcpu=cortex-a9 -mfpu=vfpv3 -mfloat-abi=hard -nostart
TRACE::2025-05-11.16:06:18::SCWBDomain::files -g -Wall -Wextra -fno-tree-loop-distribute-patterns"

TRACE::2025-05-11.16:06:18::SCWBDomain::"Running Make libs in ps7_cortexa9_0/libsrc/scutimer_v2_6/src"

TRACE::2025-05-11.16:06:18::SCWBDomain::make -C ps7_cortexa9_0/libsrc/scutimer_v2_6/src -s libs  "SHELL=CMD" "COMPILER=arm-none-eabi-gcc" "ASSEMBLER=arm-none-eabi-as" 
TRACE::2025-05-11.16:06:18::SCWBDomain::"ARCHIVER=arm-none-eabi-ar" "COMPILER_FLAGS=  -O2 -c" "EXTRA_COMPILER_FLAGS=-mcpu=cortex-a9 -mfpu=vfpv3 -mfloat-abi=hard -nosta
TRACE::2025-05-11.16:06:18::SCWBDomain::rtfiles -g -Wall -Wextra -fno-tree-loop-distribute-patterns"

TRACE::2025-05-11.16:06:18::SCWBDomain::"Running Make libs in ps7_cortexa9_0/libsrc/scuwdt_v2_5/src"

TRACE::2025-05-11.16:06:18::SCWBDomain::make -C ps7_cortexa9_0/libsrc/scuwdt_v2_5/src -s libs  "SHELL=CMD" "COMPILER=arm-none-eabi-gcc" "ASSEMBLER=arm-none-eabi-as" "A
TRACE::2025-05-11.16:06:18::SCWBDomain::RCHIVER=arm-none-eabi-ar" "COMPILER_FLAGS=  -O2 -c" "EXTRA_COMPILER_FLAGS=-mcpu=cortex-a9 -mfpu=vfpv3 -mfloat-abi=hard -nostart
TRACE::2025-05-11.16:06:18::SCWBDomain::files -g -Wall -Wextra -fno-tree-loop-distribute-patterns"

TRACE::2025-05-11.16:06:19::SCWBDomain::"Running Make libs in ps7_cortexa9_0/libsrc/sdps_v4_3/src"

TRACE::2025-05-11.16:06:19::SCWBDomain::make -C ps7_cortexa9_0/libsrc/sdps_v4_3/src -s libs  "SHELL=CMD" "COMPILER=arm-none-eabi-gcc" "ASSEMBLER=arm-none-eabi-as" "ARC
TRACE::2025-05-11.16:06:19::SCWBDomain::HIVER=arm-none-eabi-ar" "COMPILER_FLAGS=  -O2 -c" "EXTRA_COMPILER_FLAGS=-mcpu=cortex-a9 -mfpu=vfpv3 -mfloat-abi=hard -nostartfi
TRACE::2025-05-11.16:06:19::SCWBDomain::les -g -Wall -Wextra -fno-tree-loop-distribute-patterns"

TRACE::2025-05-11.16:06:19::SCWBDomain::"Running Make libs in ps7_cortexa9_0/libsrc/standalone_v9_1/src"

TRACE::2025-05-11.16:06:19::SCWBDomain::make -C ps7_cortexa9_0/libsrc/standalone_v9_1/src -s libs  "SHELL=CMD" "COMPILER=arm-none-eabi-gcc" "ASSEMBLER=arm-none-eabi-as
TRACE::2025-05-11.16:06:19::SCWBDomain::" "ARCHIVER=arm-none-eabi-ar" "COMPILER_FLAGS=  -O2 -c" "EXTRA_COMPILER_FLAGS=-mcpu=cortex-a9 -mfpu=vfpv3 -mfloat-abi=hard -nos
TRACE::2025-05-11.16:06:19::SCWBDomain::tartfiles -g -Wall -Wextra -fno-tree-loop-distribute-patterns"

TRACE::2025-05-11.16:06:19::SCWBDomain::"Running Make libs in ps7_cortexa9_0/libsrc/tmrctr_v4_12/src"

TRACE::2025-05-11.16:06:19::SCWBDomain::make -C ps7_cortexa9_0/libsrc/tmrctr_v4_12/src -s libs  "SHELL=CMD" "COMPILER=arm-none-eabi-gcc" "ASSEMBLER=arm-none-eabi-as" "
TRACE::2025-05-11.16:06:19::SCWBDomain::ARCHIVER=arm-none-eabi-ar" "COMPILER_FLAGS=  -O2 -c" "EXTRA_COMPILER_FLAGS=-mcpu=cortex-a9 -mfpu=vfpv3 -mfloat-abi=hard -nostar
TRACE::2025-05-11.16:06:19::SCWBDomain::tfiles -g -Wall -Wextra -fno-tree-loop-distribute-patterns"

TRACE::2025-05-11.16:06:19::SCWBDomain::"Running Make libs in ps7_cortexa9_0/libsrc/uartps_v3_14/src"

TRACE::2025-05-11.16:06:19::SCWBDomain::make -C ps7_cortexa9_0/libsrc/uartps_v3_14/src -s libs  "SHELL=CMD" "COMPILER=arm-none-eabi-gcc" "ASSEMBLER=arm-none-eabi-as" "
TRACE::2025-05-11.16:06:19::SCWBDomain::ARCHIVER=arm-none-eabi-ar" "COMPILER_FLAGS=  -O2 -c" "EXTRA_COMPILER_FLAGS=-mcpu=cortex-a9 -mfpu=vfpv3 -mfloat-abi=hard -nostar
TRACE::2025-05-11.16:06:19::SCWBDomain::tfiles -g -Wall -Wextra -fno-tree-loop-distribute-patterns"

TRACE::2025-05-11.16:06:19::SCWBDomain::"Running Make libs in ps7_cortexa9_0/libsrc/usbps_v2_9/src"

TRACE::2025-05-11.16:06:19::SCWBDomain::make -C ps7_cortexa9_0/libsrc/usbps_v2_9/src -s libs  "SHELL=CMD" "COMPILER=arm-none-eabi-gcc" "ASSEMBLER=arm-none-eabi-as" "AR
TRACE::2025-05-11.16:06:19::SCWBDomain::CHIVER=arm-none-eabi-ar" "COMPILER_FLAGS=  -O2 -c" "EXTRA_COMPILER_FLAGS=-mcpu=cortex-a9 -mfpu=vfpv3 -mfloat-abi=hard -nostartf
TRACE::2025-05-11.16:06:19::SCWBDomain::iles -g -Wall -Wextra -fno-tree-loop-distribute-patterns"

TRACE::2025-05-11.16:06:19::SCWBDomain::"Running Make libs in ps7_cortexa9_0/libsrc/xadcps_v2_7/src"

TRACE::2025-05-11.16:06:19::SCWBDomain::make -C ps7_cortexa9_0/libsrc/xadcps_v2_7/src -s libs  "SHELL=CMD" "COMPILER=arm-none-eabi-gcc" "ASSEMBLER=arm-none-eabi-as" "A
TRACE::2025-05-11.16:06:19::SCWBDomain::RCHIVER=arm-none-eabi-ar" "COMPILER_FLAGS=  -O2 -c" "EXTRA_COMPILER_FLAGS=-mcpu=cortex-a9 -mfpu=vfpv3 -mfloat-abi=hard -nostart
TRACE::2025-05-11.16:06:19::SCWBDomain::files -g -Wall -Wextra -fno-tree-loop-distribute-patterns"

TRACE::2025-05-11.16:06:19::SCWBDomain::"Running Make libs in ps7_cortexa9_0/libsrc/xilffs_v5_2/src"

TRACE::2025-05-11.16:06:19::SCWBDomain::make -C ps7_cortexa9_0/libsrc/xilffs_v5_2/src -s libs  "SHELL=CMD" "COMPILER=arm-none-eabi-gcc" "ASSEMBLER=arm-none-eabi-as" "A
TRACE::2025-05-11.16:06:19::SCWBDomain::RCHIVER=arm-none-eabi-ar" "COMPILER_FLAGS=  -O2 -c" "EXTRA_COMPILER_FLAGS=-mcpu=cortex-a9 -mfpu=vfpv3 -mfloat-abi=hard -nostart
TRACE::2025-05-11.16:06:19::SCWBDomain::files -g -Wall -Wextra -fno-tree-loop-distribute-patterns"

TRACE::2025-05-11.16:06:20::SCWBDomain::'Finished building libraries parallelly.'

TRACE::2025-05-11.16:06:20::SCWBDomain::make --no-print-directory archive

TRACE::2025-05-11.16:06:20::SCWBDomain::arm-none-eabi-ar -r  ps7_cortexa9_0/lib/libxil.a ps7_cortexa9_0/lib/Motor_DriverIP.o ps7_cortexa9_0/lib/Motor_DriverIP_selftest
TRACE::2025-05-11.16:06:20::SCWBDomain::.o ps7_cortexa9_0/lib/SpeedSensor_Driver_IP.o ps7_cortexa9_0/lib/SpeedSensor_Driver_IP_selftest.o ps7_cortexa9_0/lib/_exit.o ps
TRACE::2025-05-11.16:06:20::SCWBDomain::7_cortexa9_0/lib/_open.o ps7_cortexa9_0/lib/_sbrk.o ps7_cortexa9_0/lib/abort.o ps7_cortexa9_0/lib/asm_vectors.o ps7_cortexa9_0/
TRACE::2025-05-11.16:06:20::SCWBDomain::lib/boot.o ps7_cortexa9_0/lib/close.o ps7_cortexa9_0/lib/cpputest_time.o ps7_cortexa9_0/lib/cpu_init.o ps7_cortexa9_0/lib/errno
TRACE::2025-05-11.16:06:20::SCWBDomain::.o ps7_cortexa9_0/lib/fcntl.o ps7_cortexa9_0/lib/fstat.o ps7_cortexa9_0/lib/getentropy.o ps7_cortexa9_0/lib/getpid.o ps7_cortex
TRACE::2025-05-11.16:06:20::SCWBDomain::a9_0/lib/inbyte.o ps7_cortexa9_0/lib/isatty.o ps7_cortexa9_0/lib/kill.o ps7_cortexa9_0/lib/lseek.o ps7_cortexa9_0/lib/open.o ps
TRACE::2025-05-11.16:06:20::SCWBDomain::7_cortexa9_0/lib/outbyte.o ps7_cortexa9_0/lib/print.o ps7_cortexa9_0/lib/putnum.o ps7_cortexa9_0/lib/read.o ps7_cortexa9_0/lib/
TRACE::2025-05-11.16:06:20::SCWBDomain::sbrk.o ps7_cortexa9_0/lib/sleep.o ps7_cortexa9_0/lib/time.o ps7_cortexa9_0/lib/translation_table.o ps7_cortexa9_0/lib/unlink.o 
TRACE::2025-05-11.16:06:20::SCWBDomain::ps7_cortexa9_0/lib/usleep.o ps7_cortexa9_0/lib/vectors.o ps7_cortexa9_0/lib/write.o ps7_cortexa9_0/lib/xadcps.o ps7_cortexa9_0/
TRACE::2025-05-11.16:06:20::SCWBDomain::lib/xadcps_g.o ps7_cortexa9_0/lib/xadcps_intr.o ps7_cortexa9_0/lib/xadcps_selftest.o ps7_cortexa9_0/lib/xadcps_sinit.o ps7_cort
TRACE::2025-05-11.16:06:20::SCWBDomain::exa9_0/lib/xcoresightpsdcc.o ps7_cortexa9_0/lib/xdevcfg.o ps7_cortexa9_0/lib/xdevcfg_g.o ps7_cortexa9_0/lib/xdevcfg_hw.o ps7_co
TRACE::2025-05-11.16:06:20::SCWBDomain::rtexa9_0/lib/xdevcfg_intr.o ps7_cortexa9_0/lib/xdevcfg_selftest.o ps7_cortexa9_0/lib/xdevcfg_sinit.o ps7_cortexa9_0/lib/xdmaps.
TRACE::2025-05-11.16:06:20::SCWBDomain::o ps7_cortexa9_0/lib/xdmaps_g.o ps7_cortexa9_0/lib/xdmaps_hw.o ps7_cortexa9_0/lib/xdmaps_selftest.o ps7_cortexa9_0/lib/xdmaps_s
TRACE::2025-05-11.16:06:20::SCWBDomain::init.o ps7_cortexa9_0/lib/xemacps.o ps7_cortexa9_0/lib/xemacps_bdring.o ps7_cortexa9_0/lib/xemacps_control.o ps7_cortexa9_0/lib
TRACE::2025-05-11.16:06:20::SCWBDomain::/xemacps_g.o ps7_cortexa9_0/lib/xemacps_hw.o ps7_cortexa9_0/lib/xemacps_intr.o ps7_cortexa9_0/lib/xemacps_sinit.o ps7_cortexa9_
TRACE::2025-05-11.16:06:20::SCWBDomain::0/lib/xgpiops.o ps7_cortexa9_0/lib/xgpiops_g.o ps7_cortexa9_0/lib/xgpiops_hw.o ps7_cortexa9_0/lib/xgpiops_intr.o ps7_cortexa9_0
TRACE::2025-05-11.16:06:20::SCWBDomain::/lib/xgpiops_selftest.o ps7_cortexa9_0/lib/xgpiops_sinit.o ps7_cortexa9_0/lib/xiic.o ps7_cortexa9_0/lib/xiic_dyn_master.o ps7_c
TRACE::2025-05-11.16:06:20::SCWBDomain::ortexa9_0/lib/xiic_g.o ps7_cortexa9_0/lib/xiic_intr.o ps7_cortexa9_0/lib/xiic_l.o ps7_cortexa9_0/lib/xiic_master.o ps7_cortexa9
TRACE::2025-05-11.16:06:20::SCWBDomain::_0/lib/xiic_multi_master.o ps7_cortexa9_0/lib/xiic_options.o ps7_cortexa9_0/lib/xiic_selftest.o ps7_cortexa9_0/lib/xiic_sinit.o
TRACE::2025-05-11.16:06:20::SCWBDomain:: ps7_cortexa9_0/lib/xiic_slave.o ps7_cortexa9_0/lib/xiic_stats.o ps7_cortexa9_0/lib/xil-crt0.o ps7_cortexa9_0/lib/xil_assert.o 
TRACE::2025-05-11.16:06:20::SCWBDomain::ps7_cortexa9_0/lib/xil_cache.o ps7_cortexa9_0/lib/xil_clocking.o ps7_cortexa9_0/lib/xil_exception.o ps7_cortexa9_0/lib/xil_mem.
TRACE::2025-05-11.16:06:20::SCWBDomain::o ps7_cortexa9_0/lib/xil_misc_psreset_api.o ps7_cortexa9_0/lib/xil_mmu.o ps7_cortexa9_0/lib/xil_printf.o ps7_cortexa9_0/lib/xil
TRACE::2025-05-11.16:06:20::SCWBDomain::_sleepcommon.o ps7_cortexa9_0/lib/xil_sleeptimer.o ps7_cortexa9_0/lib/xil_spinlock.o ps7_cortexa9_0/lib/xil_testcache.o ps7_cor
TRACE::2025-05-11.16:06:20::SCWBDomain::texa9_0/lib/xil_testio.o ps7_cortexa9_0/lib/xil_testmem.o ps7_cortexa9_0/lib/xil_util.o ps7_cortexa9_0/lib/xinterrupt_wrap.o ps
TRACE::2025-05-11.16:06:20::SCWBDomain::7_cortexa9_0/lib/xl2cc_counter.o ps7_cortexa9_0/lib/xplatform_info.o ps7_cortexa9_0/lib/xpm_counter.o ps7_cortexa9_0/lib/xpm_in
TRACE::2025-05-11.16:06:20::SCWBDomain::it.o ps7_cortexa9_0/lib/xqspips.o ps7_cortexa9_0/lib/xqspips_g.o ps7_cortexa9_0/lib/xqspips_hw.o ps7_cortexa9_0/lib/xqspips_opt
TRACE::2025-05-11.16:06:20::SCWBDomain::ions.o ps7_cortexa9_0/lib/xqspips_selftest.o ps7_cortexa9_0/lib/xqspips_sinit.o ps7_cortexa9_0/lib/xscugic.o ps7_cortexa9_0/lib
TRACE::2025-05-11.16:06:20::SCWBDomain::/xscugic_g.o ps7_cortexa9_0/lib/xscugic_hw.o ps7_cortexa9_0/lib/xscugic_intr.o ps7_cortexa9_0/lib/xscugic_selftest.o ps7_cortex
TRACE::2025-05-11.16:06:20::SCWBDomain::a9_0/lib/xscugic_sinit.o ps7_cortexa9_0/lib/xscutimer.o ps7_cortexa9_0/lib/xscutimer_g.o ps7_cortexa9_0/lib/xscutimer_selftest.
TRACE::2025-05-11.16:06:20::SCWBDomain::o ps7_cortexa9_0/lib/xscutimer_sinit.o ps7_cortexa9_0/lib/xscuwdt.o ps7_cortexa9_0/lib/xscuwdt_g.o ps7_cortexa9_0/lib/xscuwdt_s
TRACE::2025-05-11.16:06:20::SCWBDomain::elftest.o ps7_cortexa9_0/lib/xscuwdt_sinit.o ps7_cortexa9_0/lib/xsdps.o ps7_cortexa9_0/lib/xsdps_card.o ps7_cortexa9_0/lib/xsdp
TRACE::2025-05-11.16:06:20::SCWBDomain::s_g.o ps7_cortexa9_0/lib/xsdps_host.o ps7_cortexa9_0/lib/xsdps_options.o ps7_cortexa9_0/lib/xsdps_sinit.o ps7_cortexa9_0/lib/xt
TRACE::2025-05-11.16:06:20::SCWBDomain::ime_l.o ps7_cortexa9_0/lib/xtmrctr.o ps7_cortexa9_0/lib/xtmrctr_g.o ps7_cortexa9_0/lib/xtmrctr_intr.o ps7_cortexa9_0/lib/xtmrct
TRACE::2025-05-11.16:06:20::SCWBDomain::r_l.o ps7_cortexa9_0/lib/xtmrctr_options.o ps7_cortexa9_0/lib/xtmrctr_selftest.o ps7_cortexa9_0/lib/xtmrctr_sinit.o ps7_cortexa
TRACE::2025-05-11.16:06:20::SCWBDomain::9_0/lib/xtmrctr_stats.o ps7_cortexa9_0/lib/xuartps.o ps7_cortexa9_0/lib/xuartps_g.o ps7_cortexa9_0/lib/xuartps_hw.o ps7_cortexa
TRACE::2025-05-11.16:06:20::SCWBDomain::9_0/lib/xuartps_intr.o ps7_cortexa9_0/lib/xuartps_options.o ps7_cortexa9_0/lib/xuartps_selftest.o ps7_cortexa9_0/lib/xuartps_si
TRACE::2025-05-11.16:06:20::SCWBDomain::nit.o ps7_cortexa9_0/lib/xusbps.o ps7_cortexa9_0/lib/xusbps_endpoint.o ps7_cortexa9_0/lib/xusbps_g.o ps7_cortexa9_0/lib/xusbps_
TRACE::2025-05-11.16:06:20::SCWBDomain::hw.o ps7_cortexa9_0/lib/xusbps_intr.o ps7_cortexa9_0/lib/xusbps_sinit.o

TRACE::2025-05-11.16:06:20::SCWBDomain::'Finished building libraries'

TRACE::2025-05-11.16:06:20::SCWBDomain::make: Leaving directory 'E:/vitis_projects/auto_project/full_car/IIC_included_BITSTREAM/zynq_fsbl/zynq_fsbl_bsp'

TRACE::2025-05-11.16:06:21::SCWBDomain::arm-none-eabi-gcc  -O2 -c -MMD -MP       -mcpu=cortex-a9 -mfpu=vfpv3 -mfloat-abi=hard  -c sd.c -o sd.o -Izynq_fsbl_bsp/ps7_cort
TRACE::2025-05-11.16:06:21::SCWBDomain::exa9_0/include -I.

TRACE::2025-05-11.16:06:21::SCWBDomain::arm-none-eabi-gcc  -O2 -c -MMD -MP       -mcpu=cortex-a9 -mfpu=vfpv3 -mfloat-abi=hard  -c nand.c -o nand.o -Izynq_fsbl_bsp/ps7_
TRACE::2025-05-11.16:06:21::SCWBDomain::cortexa9_0/include -I.

TRACE::2025-05-11.16:06:21::SCWBDomain::arm-none-eabi-gcc  -O2 -c -MMD -MP       -mcpu=cortex-a9 -mfpu=vfpv3 -mfloat-abi=hard  -c image_mover.c -o image_mover.o -Izynq
TRACE::2025-05-11.16:06:21::SCWBDomain::_fsbl_bsp/ps7_cortexa9_0/include -I.

TRACE::2025-05-11.16:06:21::SCWBDomain::arm-none-eabi-gcc  -O2 -c -MMD -MP       -mcpu=cortex-a9 -mfpu=vfpv3 -mfloat-abi=hard  -c md5.c -o md5.o -Izynq_fsbl_bsp/ps7_co
TRACE::2025-05-11.16:06:21::SCWBDomain::rtexa9_0/include -I.

TRACE::2025-05-11.16:06:21::SCWBDomain::arm-none-eabi-gcc  -O2 -c -MMD -MP       -mcpu=cortex-a9 -mfpu=vfpv3 -mfloat-abi=hard  -c fsbl_hooks.c -o fsbl_hooks.o -Izynq_f
TRACE::2025-05-11.16:06:21::SCWBDomain::sbl_bsp/ps7_cortexa9_0/include -I.

TRACE::2025-05-11.16:06:21::SCWBDomain::arm-none-eabi-gcc  -O2 -c -MMD -MP       -mcpu=cortex-a9 -mfpu=vfpv3 -mfloat-abi=hard  -c main.c -o main.o -Izynq_fsbl_bsp/ps7_
TRACE::2025-05-11.16:06:21::SCWBDomain::cortexa9_0/include -I.

TRACE::2025-05-11.16:06:21::SCWBDomain::arm-none-eabi-gcc  -O2 -c -MMD -MP       -mcpu=cortex-a9 -mfpu=vfpv3 -mfloat-abi=hard  -c rsa.c -o rsa.o -Izynq_fsbl_bsp/ps7_co
TRACE::2025-05-11.16:06:21::SCWBDomain::rtexa9_0/include -I.

TRACE::2025-05-11.16:06:21::SCWBDomain::arm-none-eabi-gcc  -O2 -c -MMD -MP       -mcpu=cortex-a9 -mfpu=vfpv3 -mfloat-abi=hard  -c nor.c -o nor.o -Izynq_fsbl_bsp/ps7_co
TRACE::2025-05-11.16:06:21::SCWBDomain::rtexa9_0/include -I.

TRACE::2025-05-11.16:06:21::SCWBDomain::arm-none-eabi-gcc  -O2 -c -MMD -MP       -mcpu=cortex-a9 -mfpu=vfpv3 -mfloat-abi=hard  -c qspi.c -o qspi.o -Izynq_fsbl_bsp/ps7_
TRACE::2025-05-11.16:06:21::SCWBDomain::cortexa9_0/include -I.

TRACE::2025-05-11.16:06:21::SCWBDomain::arm-none-eabi-gcc  -O2 -c -MMD -MP       -mcpu=cortex-a9 -mfpu=vfpv3 -mfloat-abi=hard  -c ps7_init.c -o ps7_init.o -Izynq_fsbl_
TRACE::2025-05-11.16:06:21::SCWBDomain::bsp/ps7_cortexa9_0/include -I.

TRACE::2025-05-11.16:06:21::SCWBDomain::arm-none-eabi-gcc  -O2 -c -MMD -MP       -mcpu=cortex-a9 -mfpu=vfpv3 -mfloat-abi=hard  -c pcap.c -o pcap.o -Izynq_fsbl_bsp/ps7_
TRACE::2025-05-11.16:06:21::SCWBDomain::cortexa9_0/include -I.

TRACE::2025-05-11.16:06:21::SCWBDomain::arm-none-eabi-gcc  -O2 -c -MMD -MP       -mcpu=cortex-a9 -mfpu=vfpv3 -mfloat-abi=hard  -c fsbl_handoff.S -o fsbl_handoff.o -Izy
TRACE::2025-05-11.16:06:21::SCWBDomain::nq_fsbl_bsp/ps7_cortexa9_0/include -I.

TRACE::2025-05-11.16:06:21::SCWBDomain::arm-none-eabi-gcc -o fsbl.elf fsbl_handoff.o fsbl_hooks.o image_mover.o main.o md5.o nand.o nor.o pcap.o ps7_init.o qspi.o rsa.
TRACE::2025-05-11.16:06:21::SCWBDomain::o sd.o -MMD -MP       -mcpu=cortex-a9 -mfpu=vfpv3 -mfloat-abi=hard   -mcpu=cortex-a9 -mfpu=vfpv3 -mfloat-abi=hard -Wl,-build-id
TRACE::2025-05-11.16:06:21::SCWBDomain::=none -specs=Xilinx.spec  -lrsa -Wl,--start-group,-lxil,-lgcc,-lc,--end-group -Wl,--start-group,-lxilffs,-lxil,-lgcc,-lc,--end-
TRACE::2025-05-11.16:06:21::SCWBDomain::group -Wl,--start-group,-lrsa,-lxil,-lgcc,-lc,--end-group                                        -Wl,--gc-sections -Lzynq_fsbl_
TRACE::2025-05-11.16:06:21::SCWBDomain::bsp/ps7_cortexa9_0/lib -L./ -Tlscript.ld

LOG::2025-05-11.16:06:22::SCWSystem::Checking the domain standalone_ps7_cortexa9_0
LOG::2025-05-11.16:06:22::SCWSystem::Not a boot domain 
LOG::2025-05-11.16:06:22::SCWSystem::Started Processing the domain standalone_ps7_cortexa9_0
TRACE::2025-05-11.16:06:22::SCWDomain::Generating domain artifcats
TRACE::2025-05-11.16:06:22::SCWMssOS::Generating standalone artifcats
TRACE::2025-05-11.16:06:22::SCWMssOS::Copying the qemu file from  E:/vitis_projects/auto_project/full_car/IIC_included_BITSTREAM/resources/IIC_included_BITSTREAM/standalone_ps7_cortexa9_0/qemu_args.txt To E:/vitis_projects/auto_project/full_car/IIC_included_BITSTREAM/export/IIC_included_BITSTREAM/sw/IIC_included_BITSTREAM/qemu/
TRACE::2025-05-11.16:06:22::SCWMssOS::Copying the qemu file from  E:/vitis_projects/auto_project/full_car/IIC_included_BITSTREAM/resources/IIC_included_BITSTREAM/standalone_ps7_cortexa9_0/qemu_args.txt To E:/vitis_projects/auto_project/full_car/IIC_included_BITSTREAM/export/IIC_included_BITSTREAM/sw/IIC_included_BITSTREAM/standalone_ps7_cortexa9_0/qemu/
TRACE::2025-05-11.16:06:22::SCWMssOS:: Copying the user libraries. 
TRACE::2025-05-11.16:06:22::SCWPlatform::Trying to open the hw design at E:/vitis_projects/auto_project/full_car/IIC_included_BITSTREAM/hw/IIC_UPDATED_GPIO.xsa
TRACE::2025-05-11.16:06:22::SCWPlatform::DSA given E:/vitis_projects/auto_project/full_car/IIC_included_BITSTREAM/hw/IIC_UPDATED_GPIO.xsa
TRACE::2025-05-11.16:06:22::SCWPlatform::DSA absoulate path E:/vitis_projects/auto_project/full_car/IIC_included_BITSTREAM/hw/IIC_UPDATED_GPIO.xsa
TRACE::2025-05-11.16:06:22::SCWPlatform::DSA directory E:/vitis_projects/auto_project/full_car/IIC_included_BITSTREAM/hw
TRACE::2025-05-11.16:06:22::SCWPlatform:: Platform Path E:/vitis_projects/auto_project/full_car/IIC_included_BITSTREAM/hw/IIC_UPDATED_GPIO.xsa
TRACE::2025-05-11.16:06:22::SCWPlatform:: Unique name xilinx:pynq-z2::0.0
TRACE::2025-05-11.16:06:22::SCWPlatform::Trying to set the existing hwdb with name design_1_wrapper_1
TRACE::2025-05-11.16:06:22::SCWPlatform::Opened existing hwdb design_1_wrapper_1
TRACE::2025-05-11.16:06:22::SCWPlatform::Found the Hw Db part of the input DSA
TRACE::2025-05-11.16:06:22::SCWMssOS::Checking the sw design at  E:/vitis_projects/auto_project/full_car/IIC_included_BITSTREAM/ps7_cortexa9_0/standalone_ps7_cortexa9_0/bsp/system.mss
TRACE::2025-05-11.16:06:22::SCWMssOS::DEBUG:  swdes dump  E:/vitis_projects/auto_project/full_car/IIC_included_BITSTREAM/ps7_cortexa9_0/standalone_ps7_cortexa9_0/bsp/system.mss|system_0||
E:/vitis_projects/auto_project/full_car/IIC_included_BITSTREAM/zynq_fsbl/zynq_fsbl_bsp/system.mss|system||

TRACE::2025-05-11.16:06:22::SCWMssOS::Sw design exists and opened at  E:/vitis_projects/auto_project/full_car/IIC_included_BITSTREAM/ps7_cortexa9_0/standalone_ps7_cortexa9_0/bsp/system.mss
TRACE::2025-05-11.16:06:22::SCWMssOS::Completed writing the mss file at E:/vitis_projects/auto_project/full_car/IIC_included_BITSTREAM/ps7_cortexa9_0/standalone_ps7_cortexa9_0/bsp
TRACE::2025-05-11.16:06:22::SCWMssOS::Mss edits present, copying mssfile into export location E:/vitis_projects/auto_project/full_car/IIC_included_BITSTREAM/ps7_cortexa9_0/standalone_ps7_cortexa9_0/bsp/system.mss
TRACE::2025-05-11.16:06:22::SCWMssOS::bsp generated is upto date with the mss file. Skipping bsp generation.
TRACE::2025-05-11.16:06:22::SCWMssOS::BSP is already built. skipping the bsp build ... 
TRACE::2025-05-11.16:06:22::SCWDomain::Building the domain as part of full build :  standalone_ps7_cortexa9_0
TRACE::2025-05-11.16:06:22::SCWMssOS::doing bsp build ... 
TRACE::2025-05-11.16:06:22::SCWMssOS::System Command Ran  E: & cd  E:/vitis_projects/auto_project/full_car/IIC_included_BITSTREAM/ps7_cortexa9_0/standalone_ps7_cortexa9_0/bsp & make 
TRACE::2025-05-11.16:06:22::SCWMssOS::make --no-print-directory seq_libs

TRACE::2025-05-11.16:06:22::SCWMssOS::"Running Make include in ps7_cortexa9_0/libsrc/coresightps_dcc_v1_10/src"

TRACE::2025-05-11.16:06:22::SCWMssOS::make -C ps7_cortexa9_0/libsrc/coresightps_dcc_v1_10/src -s include  "SHELL=CMD" "COMPILER=arm-none-eabi-gcc" "ASSEMBLER=arm-non
TRACE::2025-05-11.16:06:22::SCWMssOS::e-eabi-as" "ARCHIVER=arm-none-eabi-ar" "COMPILER_FLAGS=  -O2 -c" "EXTRA_COMPILER_FLAGS=-mcpu=cortex-a9 -mfpu=vfpv3 -mfloat-abi=
TRACE::2025-05-11.16:06:22::SCWMssOS::hard -nostartfiles -g -Wall -Wextra -fno-tree-loop-distribute-patterns"

TRACE::2025-05-11.16:06:22::SCWMssOS::"Running Make include in ps7_cortexa9_0/libsrc/cpu_cortexa9_v2_12/src"

TRACE::2025-05-11.16:06:22::SCWMssOS::make -C ps7_cortexa9_0/libsrc/cpu_cortexa9_v2_12/src -s include  "SHELL=CMD" "COMPILER=arm-none-eabi-gcc" "ASSEMBLER=arm-none-e
TRACE::2025-05-11.16:06:22::SCWMssOS::abi-as" "ARCHIVER=arm-none-eabi-ar" "COMPILER_FLAGS=  -O2 -c" "EXTRA_COMPILER_FLAGS=-mcpu=cortex-a9 -mfpu=vfpv3 -mfloat-abi=har
TRACE::2025-05-11.16:06:22::SCWMssOS::d -nostartfiles -g -Wall -Wextra -fno-tree-loop-distribute-patterns"

TRACE::2025-05-11.16:06:22::SCWMssOS::"Running Make include in ps7_cortexa9_0/libsrc/ddrps_v1_2/src"

TRACE::2025-05-11.16:06:22::SCWMssOS::make -C ps7_cortexa9_0/libsrc/ddrps_v1_2/src -s include  "SHELL=CMD" "COMPILER=arm-none-eabi-gcc" "ASSEMBLER=arm-none-eabi-as" 
TRACE::2025-05-11.16:06:22::SCWMssOS::"ARCHIVER=arm-none-eabi-ar" "COMPILER_FLAGS=  -O2 -c" "EXTRA_COMPILER_FLAGS=-mcpu=cortex-a9 -mfpu=vfpv3 -mfloat-abi=hard -nosta
TRACE::2025-05-11.16:06:22::SCWMssOS::rtfiles -g -Wall -Wextra -fno-tree-loop-distribute-patterns"

TRACE::2025-05-11.16:06:22::SCWMssOS::"Running Make include in ps7_cortexa9_0/libsrc/devcfg_v3_8/src"

TRACE::2025-05-11.16:06:22::SCWMssOS::make -C ps7_cortexa9_0/libsrc/devcfg_v3_8/src -s include  "SHELL=CMD" "COMPILER=arm-none-eabi-gcc" "ASSEMBLER=arm-none-eabi-as"
TRACE::2025-05-11.16:06:22::SCWMssOS:: "ARCHIVER=arm-none-eabi-ar" "COMPILER_FLAGS=  -O2 -c" "EXTRA_COMPILER_FLAGS=-mcpu=cortex-a9 -mfpu=vfpv3 -mfloat-abi=hard -nost
TRACE::2025-05-11.16:06:22::SCWMssOS::artfiles -g -Wall -Wextra -fno-tree-loop-distribute-patterns"

TRACE::2025-05-11.16:06:22::SCWMssOS::"Running Make include in ps7_cortexa9_0/libsrc/dmaps_v2_10/src"

TRACE::2025-05-11.16:06:22::SCWMssOS::make -C ps7_cortexa9_0/libsrc/dmaps_v2_10/src -s include  "SHELL=CMD" "COMPILER=arm-none-eabi-gcc" "ASSEMBLER=arm-none-eabi-as"
TRACE::2025-05-11.16:06:22::SCWMssOS:: "ARCHIVER=arm-none-eabi-ar" "COMPILER_FLAGS=  -O2 -c" "EXTRA_COMPILER_FLAGS=-mcpu=cortex-a9 -mfpu=vfpv3 -mfloat-abi=hard -nost
TRACE::2025-05-11.16:06:22::SCWMssOS::artfiles -g -Wall -Wextra -fno-tree-loop-distribute-patterns"

TRACE::2025-05-11.16:06:22::SCWMssOS::"Running Make include in ps7_cortexa9_0/libsrc/emacps_v3_20/src"

TRACE::2025-05-11.16:06:22::SCWMssOS::make -C ps7_cortexa9_0/libsrc/emacps_v3_20/src -s include  "SHELL=CMD" "COMPILER=arm-none-eabi-gcc" "ASSEMBLER=arm-none-eabi-as
TRACE::2025-05-11.16:06:22::SCWMssOS::" "ARCHIVER=arm-none-eabi-ar" "COMPILER_FLAGS=  -O2 -c" "EXTRA_COMPILER_FLAGS=-mcpu=cortex-a9 -mfpu=vfpv3 -mfloat-abi=hard -nos
TRACE::2025-05-11.16:06:22::SCWMssOS::tartfiles -g -Wall -Wextra -fno-tree-loop-distribute-patterns"

TRACE::2025-05-11.16:06:22::SCWMssOS::"Running Make include in ps7_cortexa9_0/libsrc/gpiops_v3_13/src"

TRACE::2025-05-11.16:06:22::SCWMssOS::make -C ps7_cortexa9_0/libsrc/gpiops_v3_13/src -s include  "SHELL=CMD" "COMPILER=arm-none-eabi-gcc" "ASSEMBLER=arm-none-eabi-as
TRACE::2025-05-11.16:06:22::SCWMssOS::" "ARCHIVER=arm-none-eabi-ar" "COMPILER_FLAGS=  -O2 -c" "EXTRA_COMPILER_FLAGS=-mcpu=cortex-a9 -mfpu=vfpv3 -mfloat-abi=hard -nos
TRACE::2025-05-11.16:06:22::SCWMssOS::tartfiles -g -Wall -Wextra -fno-tree-loop-distribute-patterns"

TRACE::2025-05-11.16:06:22::SCWMssOS::"Running Make include in ps7_cortexa9_0/libsrc/iic_v3_11/src"

TRACE::2025-05-11.16:06:22::SCWMssOS::make -C ps7_cortexa9_0/libsrc/iic_v3_11/src -s include  "SHELL=CMD" "COMPILER=arm-none-eabi-gcc" "ASSEMBLER=arm-none-eabi-as" "
TRACE::2025-05-11.16:06:22::SCWMssOS::ARCHIVER=arm-none-eabi-ar" "COMPILER_FLAGS=  -O2 -c" "EXTRA_COMPILER_FLAGS=-mcpu=cortex-a9 -mfpu=vfpv3 -mfloat-abi=hard -nostar
TRACE::2025-05-11.16:06:22::SCWMssOS::tfiles -g -Wall -Wextra -fno-tree-loop-distribute-patterns"

TRACE::2025-05-11.16:06:22::SCWMssOS::"Running Make include in ps7_cortexa9_0/libsrc/Motor_DriverIP_v1_0/src"

TRACE::2025-05-11.16:06:22::SCWMssOS::make -C ps7_cortexa9_0/libsrc/Motor_DriverIP_v1_0/src -s include  "SHELL=CMD" "COMPILER=arm-none-eabi-gcc" "ASSEMBLER=arm-none-
TRACE::2025-05-11.16:06:22::SCWMssOS::eabi-as" "ARCHIVER=arm-none-eabi-ar" "COMPILER_FLAGS=  -O2 -c" "EXTRA_COMPILER_FLAGS=-mcpu=cortex-a9 -mfpu=vfpv3 -mfloat-abi=ha
TRACE::2025-05-11.16:06:22::SCWMssOS::rd -nostartfiles -g -Wall -Wextra -fno-tree-loop-distribute-patterns"

TRACE::2025-05-11.16:06:22::SCWMssOS::"Running Make include in ps7_cortexa9_0/libsrc/qspips_v3_12/src"

TRACE::2025-05-11.16:06:22::SCWMssOS::make -C ps7_cortexa9_0/libsrc/qspips_v3_12/src -s include  "SHELL=CMD" "COMPILER=arm-none-eabi-gcc" "ASSEMBLER=arm-none-eabi-as
TRACE::2025-05-11.16:06:22::SCWMssOS::" "ARCHIVER=arm-none-eabi-ar" "COMPILER_FLAGS=  -O2 -c" "EXTRA_COMPILER_FLAGS=-mcpu=cortex-a9 -mfpu=vfpv3 -mfloat-abi=hard -nos
TRACE::2025-05-11.16:06:22::SCWMssOS::tartfiles -g -Wall -Wextra -fno-tree-loop-distribute-patterns"

TRACE::2025-05-11.16:06:22::SCWMssOS::"Running Make include in ps7_cortexa9_0/libsrc/scugic_v5_3/src"

TRACE::2025-05-11.16:06:22::SCWMssOS::make -C ps7_cortexa9_0/libsrc/scugic_v5_3/src -s include  "SHELL=CMD" "COMPILER=arm-none-eabi-gcc" "ASSEMBLER=arm-none-eabi-as"
TRACE::2025-05-11.16:06:22::SCWMssOS:: "ARCHIVER=arm-none-eabi-ar" "COMPILER_FLAGS=  -O2 -c" "EXTRA_COMPILER_FLAGS=-mcpu=cortex-a9 -mfpu=vfpv3 -mfloat-abi=hard -nost
TRACE::2025-05-11.16:06:22::SCWMssOS::artfiles -g -Wall -Wextra -fno-tree-loop-distribute-patterns"

TRACE::2025-05-11.16:06:22::SCWMssOS::"Running Make include in ps7_cortexa9_0/libsrc/scutimer_v2_6/src"

TRACE::2025-05-11.16:06:22::SCWMssOS::make -C ps7_cortexa9_0/libsrc/scutimer_v2_6/src -s include  "SHELL=CMD" "COMPILER=arm-none-eabi-gcc" "ASSEMBLER=arm-none-eabi-a
TRACE::2025-05-11.16:06:22::SCWMssOS::s" "ARCHIVER=arm-none-eabi-ar" "COMPILER_FLAGS=  -O2 -c" "EXTRA_COMPILER_FLAGS=-mcpu=cortex-a9 -mfpu=vfpv3 -mfloat-abi=hard -no
TRACE::2025-05-11.16:06:22::SCWMssOS::startfiles -g -Wall -Wextra -fno-tree-loop-distribute-patterns"

TRACE::2025-05-11.16:06:22::SCWMssOS::"Running Make include in ps7_cortexa9_0/libsrc/scuwdt_v2_5/src"

TRACE::2025-05-11.16:06:22::SCWMssOS::make -C ps7_cortexa9_0/libsrc/scuwdt_v2_5/src -s include  "SHELL=CMD" "COMPILER=arm-none-eabi-gcc" "ASSEMBLER=arm-none-eabi-as"
TRACE::2025-05-11.16:06:22::SCWMssOS:: "ARCHIVER=arm-none-eabi-ar" "COMPILER_FLAGS=  -O2 -c" "EXTRA_COMPILER_FLAGS=-mcpu=cortex-a9 -mfpu=vfpv3 -mfloat-abi=hard -nost
TRACE::2025-05-11.16:06:22::SCWMssOS::artfiles -g -Wall -Wextra -fno-tree-loop-distribute-patterns"

TRACE::2025-05-11.16:06:22::SCWMssOS::"Running Make include in ps7_cortexa9_0/libsrc/sdps_v4_3/src"

TRACE::2025-05-11.16:06:22::SCWMssOS::make -C ps7_cortexa9_0/libsrc/sdps_v4_3/src -s include  "SHELL=CMD" "COMPILER=arm-none-eabi-gcc" "ASSEMBLER=arm-none-eabi-as" "
TRACE::2025-05-11.16:06:22::SCWMssOS::ARCHIVER=arm-none-eabi-ar" "COMPILER_FLAGS=  -O2 -c" "EXTRA_COMPILER_FLAGS=-mcpu=cortex-a9 -mfpu=vfpv3 -mfloat-abi=hard -nostar
TRACE::2025-05-11.16:06:22::SCWMssOS::tfiles -g -Wall -Wextra -fno-tree-loop-distribute-patterns"

TRACE::2025-05-11.16:06:22::SCWMssOS::"Running Make include in ps7_cortexa9_0/libsrc/SpeedSensor_Driver_IP_v1_0/src"

TRACE::2025-05-11.16:06:22::SCWMssOS::make -C ps7_cortexa9_0/libsrc/SpeedSensor_Driver_IP_v1_0/src -s include  "SHELL=CMD" "COMPILER=arm-none-eabi-gcc" "ASSEMBLER=ar
TRACE::2025-05-11.16:06:22::SCWMssOS::m-none-eabi-as" "ARCHIVER=arm-none-eabi-ar" "COMPILER_FLAGS=  -O2 -c" "EXTRA_COMPILER_FLAGS=-mcpu=cortex-a9 -mfpu=vfpv3 -mfloat
TRACE::2025-05-11.16:06:22::SCWMssOS::-abi=hard -nostartfiles -g -Wall -Wextra -fno-tree-loop-distribute-patterns"

TRACE::2025-05-11.16:06:22::SCWMssOS::"Running Make include in ps7_cortexa9_0/libsrc/standalone_v9_1/src"

TRACE::2025-05-11.16:06:22::SCWMssOS::make -C ps7_cortexa9_0/libsrc/standalone_v9_1/src -s include  "SHELL=CMD" "COMPILER=arm-none-eabi-gcc" "ASSEMBLER=arm-none-eabi
TRACE::2025-05-11.16:06:22::SCWMssOS::-as" "ARCHIVER=arm-none-eabi-ar" "COMPILER_FLAGS=  -O2 -c" "EXTRA_COMPILER_FLAGS=-mcpu=cortex-a9 -mfpu=vfpv3 -mfloat-abi=hard -
TRACE::2025-05-11.16:06:22::SCWMssOS::nostartfiles -g -Wall -Wextra -fno-tree-loop-distribute-patterns"

TRACE::2025-05-11.16:06:22::SCWMssOS::"Running Make include in ps7_cortexa9_0/libsrc/tmrctr_v4_12/src"

TRACE::2025-05-11.16:06:22::SCWMssOS::make -C ps7_cortexa9_0/libsrc/tmrctr_v4_12/src -s include  "SHELL=CMD" "COMPILER=arm-none-eabi-gcc" "ASSEMBLER=arm-none-eabi-as
TRACE::2025-05-11.16:06:22::SCWMssOS::" "ARCHIVER=arm-none-eabi-ar" "COMPILER_FLAGS=  -O2 -c" "EXTRA_COMPILER_FLAGS=-mcpu=cortex-a9 -mfpu=vfpv3 -mfloat-abi=hard -nos
TRACE::2025-05-11.16:06:22::SCWMssOS::tartfiles -g -Wall -Wextra -fno-tree-loop-distribute-patterns"

TRACE::2025-05-11.16:06:22::SCWMssOS::"Running Make include in ps7_cortexa9_0/libsrc/uartps_v3_14/src"

TRACE::2025-05-11.16:06:22::SCWMssOS::make -C ps7_cortexa9_0/libsrc/uartps_v3_14/src -s include  "SHELL=CMD" "COMPILER=arm-none-eabi-gcc" "ASSEMBLER=arm-none-eabi-as
TRACE::2025-05-11.16:06:22::SCWMssOS::" "ARCHIVER=arm-none-eabi-ar" "COMPILER_FLAGS=  -O2 -c" "EXTRA_COMPILER_FLAGS=-mcpu=cortex-a9 -mfpu=vfpv3 -mfloat-abi=hard -nos
TRACE::2025-05-11.16:06:22::SCWMssOS::tartfiles -g -Wall -Wextra -fno-tree-loop-distribute-patterns"

TRACE::2025-05-11.16:06:22::SCWMssOS::"Running Make include in ps7_cortexa9_0/libsrc/usbps_v2_9/src"

TRACE::2025-05-11.16:06:22::SCWMssOS::make -C ps7_cortexa9_0/libsrc/usbps_v2_9/src -s include  "SHELL=CMD" "COMPILER=arm-none-eabi-gcc" "ASSEMBLER=arm-none-eabi-as" 
TRACE::2025-05-11.16:06:22::SCWMssOS::"ARCHIVER=arm-none-eabi-ar" "COMPILER_FLAGS=  -O2 -c" "EXTRA_COMPILER_FLAGS=-mcpu=cortex-a9 -mfpu=vfpv3 -mfloat-abi=hard -nosta
TRACE::2025-05-11.16:06:22::SCWMssOS::rtfiles -g -Wall -Wextra -fno-tree-loop-distribute-patterns"

TRACE::2025-05-11.16:06:22::SCWMssOS::"Running Make include in ps7_cortexa9_0/libsrc/xadcps_v2_7/src"

TRACE::2025-05-11.16:06:22::SCWMssOS::make -C ps7_cortexa9_0/libsrc/xadcps_v2_7/src -s include  "SHELL=CMD" "COMPILER=arm-none-eabi-gcc" "ASSEMBLER=arm-none-eabi-as"
TRACE::2025-05-11.16:06:22::SCWMssOS:: "ARCHIVER=arm-none-eabi-ar" "COMPILER_FLAGS=  -O2 -c" "EXTRA_COMPILER_FLAGS=-mcpu=cortex-a9 -mfpu=vfpv3 -mfloat-abi=hard -nost
TRACE::2025-05-11.16:06:22::SCWMssOS::artfiles -g -Wall -Wextra -fno-tree-loop-distribute-patterns"

TRACE::2025-05-11.16:06:22::SCWMssOS::"Running Make libs in ps7_cortexa9_0/libsrc/Motor_DriverIP_v1_0/src"

TRACE::2025-05-11.16:06:22::SCWMssOS::make -C ps7_cortexa9_0/libsrc/Motor_DriverIP_v1_0/src -s libs  "SHELL=CMD" "COMPILER=arm-none-eabi-gcc" "ASSEMBLER=arm-none-eab
TRACE::2025-05-11.16:06:22::SCWMssOS::i-as" "ARCHIVER=arm-none-eabi-ar" "COMPILER_FLAGS=  -O2 -c" "EXTRA_COMPILER_FLAGS=-mcpu=cortex-a9 -mfpu=vfpv3 -mfloat-abi=hard 
TRACE::2025-05-11.16:06:22::SCWMssOS::-nostartfiles -g -Wall -Wextra -fno-tree-loop-distribute-patterns"

TRACE::2025-05-11.16:06:22::SCWMssOS::"Running Make libs in ps7_cortexa9_0/libsrc/SpeedSensor_Driver_IP_v1_0/src"

TRACE::2025-05-11.16:06:22::SCWMssOS::make -C ps7_cortexa9_0/libsrc/SpeedSensor_Driver_IP_v1_0/src -s libs  "SHELL=CMD" "COMPILER=arm-none-eabi-gcc" "ASSEMBLER=arm-n
TRACE::2025-05-11.16:06:22::SCWMssOS::one-eabi-as" "ARCHIVER=arm-none-eabi-ar" "COMPILER_FLAGS=  -O2 -c" "EXTRA_COMPILER_FLAGS=-mcpu=cortex-a9 -mfpu=vfpv3 -mfloat-ab
TRACE::2025-05-11.16:06:22::SCWMssOS::i=hard -nostartfiles -g -Wall -Wextra -fno-tree-loop-distribute-patterns"

TRACE::2025-05-11.16:06:23::SCWMssOS::'Finished building libraries sequentially.'

TRACE::2025-05-11.16:06:23::SCWMssOS::make -j 10 --no-print-directory par_libs

TRACE::2025-05-11.16:06:23::SCWMssOS::"Running Make include in ps7_cortexa9_0/libsrc/coresightps_dcc_v1_10/src"

TRACE::2025-05-11.16:06:23::SCWMssOS::make -C ps7_cortexa9_0/libsrc/coresightps_dcc_v1_10/src -s include  "SHELL=CMD" "COMPILER=arm-none-eabi-gcc" "ASSEMBLER=arm-non
TRACE::2025-05-11.16:06:23::SCWMssOS::e-eabi-as" "ARCHIVER=arm-none-eabi-ar" "COMPILER_FLAGS=  -O2 -c" "EXTRA_COMPILER_FLAGS=-mcpu=cortex-a9 -mfpu=vfpv3 -mfloat-abi=
TRACE::2025-05-11.16:06:23::SCWMssOS::hard -nostartfiles -g -Wall -Wextra -fno-tree-loop-distribute-patterns"

TRACE::2025-05-11.16:06:23::SCWMssOS::"Running Make include in ps7_cortexa9_0/libsrc/cpu_cortexa9_v2_12/src"

TRACE::2025-05-11.16:06:23::SCWMssOS::make -C ps7_cortexa9_0/libsrc/cpu_cortexa9_v2_12/src -s include  "SHELL=CMD" "COMPILER=arm-none-eabi-gcc" "ASSEMBLER=arm-none-e
TRACE::2025-05-11.16:06:23::SCWMssOS::abi-as" "ARCHIVER=arm-none-eabi-ar" "COMPILER_FLAGS=  -O2 -c" "EXTRA_COMPILER_FLAGS=-mcpu=cortex-a9 -mfpu=vfpv3 -mfloat-abi=har
TRACE::2025-05-11.16:06:23::SCWMssOS::d -nostartfiles -g -Wall -Wextra -fno-tree-loop-distribute-patterns"

TRACE::2025-05-11.16:06:23::SCWMssOS::"Running Make include in ps7_cortexa9_0/libsrc/ddrps_v1_2/src"

TRACE::2025-05-11.16:06:23::SCWMssOS::make -C ps7_cortexa9_0/libsrc/ddrps_v1_2/src -s include  "SHELL=CMD" "COMPILER=arm-none-eabi-gcc" "ASSEMBLER=arm-none-eabi-as" 
TRACE::2025-05-11.16:06:23::SCWMssOS::"ARCHIVER=arm-none-eabi-ar" "COMPILER_FLAGS=  -O2 -c" "EXTRA_COMPILER_FLAGS=-mcpu=cortex-a9 -mfpu=vfpv3 -mfloat-abi=hard -nosta
TRACE::2025-05-11.16:06:23::SCWMssOS::rtfiles -g -Wall -Wextra -fno-tree-loop-distribute-patterns"

TRACE::2025-05-11.16:06:23::SCWMssOS::"Running Make include in ps7_cortexa9_0/libsrc/devcfg_v3_8/src"

TRACE::2025-05-11.16:06:23::SCWMssOS::make -C ps7_cortexa9_0/libsrc/devcfg_v3_8/src -s include  "SHELL=CMD" "COMPILER=arm-none-eabi-gcc" "ASSEMBLER=arm-none-eabi-as"
TRACE::2025-05-11.16:06:23::SCWMssOS:: "ARCHIVER=arm-none-eabi-ar" "COMPILER_FLAGS=  -O2 -c" "EXTRA_COMPILER_FLAGS=-mcpu=cortex-a9 -mfpu=vfpv3 -mfloat-abi=hard -nost
TRACE::2025-05-11.16:06:23::SCWMssOS::artfiles -g -Wall -Wextra -fno-tree-loop-distribute-patterns"

TRACE::2025-05-11.16:06:23::SCWMssOS::"Running Make include in ps7_cortexa9_0/libsrc/dmaps_v2_10/src"

TRACE::2025-05-11.16:06:23::SCWMssOS::make -C ps7_cortexa9_0/libsrc/dmaps_v2_10/src -s include  "SHELL=CMD" "COMPILER=arm-none-eabi-gcc" "ASSEMBLER=arm-none-eabi-as"
TRACE::2025-05-11.16:06:23::SCWMssOS:: "ARCHIVER=arm-none-eabi-ar" "COMPILER_FLAGS=  -O2 -c" "EXTRA_COMPILER_FLAGS=-mcpu=cortex-a9 -mfpu=vfpv3 -mfloat-abi=hard -nost
TRACE::2025-05-11.16:06:23::SCWMssOS::artfiles -g -Wall -Wextra -fno-tree-loop-distribute-patterns"

TRACE::2025-05-11.16:06:23::SCWMssOS::"Running Make include in ps7_cortexa9_0/libsrc/emacps_v3_20/src"

TRACE::2025-05-11.16:06:23::SCWMssOS::make -C ps7_cortexa9_0/libsrc/emacps_v3_20/src -s include  "SHELL=CMD" "COMPILER=arm-none-eabi-gcc" "ASSEMBLER=arm-none-eabi-as
TRACE::2025-05-11.16:06:23::SCWMssOS::" "ARCHIVER=arm-none-eabi-ar" "COMPILER_FLAGS=  -O2 -c" "EXTRA_COMPILER_FLAGS=-mcpu=cortex-a9 -mfpu=vfpv3 -mfloat-abi=hard -nos
TRACE::2025-05-11.16:06:23::SCWMssOS::tartfiles -g -Wall -Wextra -fno-tree-loop-distribute-patterns"

TRACE::2025-05-11.16:06:23::SCWMssOS::"Running Make include in ps7_cortexa9_0/libsrc/gpiops_v3_13/src"

TRACE::2025-05-11.16:06:23::SCWMssOS::make -C ps7_cortexa9_0/libsrc/gpiops_v3_13/src -s include  "SHELL=CMD" "COMPILER=arm-none-eabi-gcc" "ASSEMBLER=arm-none-eabi-as
TRACE::2025-05-11.16:06:23::SCWMssOS::" "ARCHIVER=arm-none-eabi-ar" "COMPILER_FLAGS=  -O2 -c" "EXTRA_COMPILER_FLAGS=-mcpu=cortex-a9 -mfpu=vfpv3 -mfloat-abi=hard -nos
TRACE::2025-05-11.16:06:23::SCWMssOS::tartfiles -g -Wall -Wextra -fno-tree-loop-distribute-patterns"

TRACE::2025-05-11.16:06:23::SCWMssOS::"Running Make include in ps7_cortexa9_0/libsrc/iic_v3_11/src"

TRACE::2025-05-11.16:06:23::SCWMssOS::make -C ps7_cortexa9_0/libsrc/iic_v3_11/src -s include  "SHELL=CMD" "COMPILER=arm-none-eabi-gcc" "ASSEMBLER=arm-none-eabi-as" "
TRACE::2025-05-11.16:06:23::SCWMssOS::ARCHIVER=arm-none-eabi-ar" "COMPILER_FLAGS=  -O2 -c" "EXTRA_COMPILER_FLAGS=-mcpu=cortex-a9 -mfpu=vfpv3 -mfloat-abi=hard -nostar
TRACE::2025-05-11.16:06:23::SCWMssOS::tfiles -g -Wall -Wextra -fno-tree-loop-distribute-patterns"

TRACE::2025-05-11.16:06:23::SCWMssOS::"Running Make include in ps7_cortexa9_0/libsrc/Motor_DriverIP_v1_0/src"

TRACE::2025-05-11.16:06:23::SCWMssOS::make -C ps7_cortexa9_0/libsrc/Motor_DriverIP_v1_0/src -s include  "SHELL=CMD" "COMPILER=arm-none-eabi-gcc" "ASSEMBLER=arm-none-
TRACE::2025-05-11.16:06:23::SCWMssOS::eabi-as" "ARCHIVER=arm-none-eabi-ar" "COMPILER_FLAGS=  -O2 -c" "EXTRA_COMPILER_FLAGS=-mcpu=cortex-a9 -mfpu=vfpv3 -mfloat-abi=ha
TRACE::2025-05-11.16:06:23::SCWMssOS::rd -nostartfiles -g -Wall -Wextra -fno-tree-loop-distribute-patterns"

TRACE::2025-05-11.16:06:23::SCWMssOS::"Running Make include in ps7_cortexa9_0/libsrc/qspips_v3_12/src"

TRACE::2025-05-11.16:06:23::SCWMssOS::make -C ps7_cortexa9_0/libsrc/qspips_v3_12/src -s include  "SHELL=CMD" "COMPILER=arm-none-eabi-gcc" "ASSEMBLER=arm-none-eabi-as
TRACE::2025-05-11.16:06:23::SCWMssOS::" "ARCHIVER=arm-none-eabi-ar" "COMPILER_FLAGS=  -O2 -c" "EXTRA_COMPILER_FLAGS=-mcpu=cortex-a9 -mfpu=vfpv3 -mfloat-abi=hard -nos
TRACE::2025-05-11.16:06:23::SCWMssOS::tartfiles -g -Wall -Wextra -fno-tree-loop-distribute-patterns"

TRACE::2025-05-11.16:06:23::SCWMssOS::"Running Make include in ps7_cortexa9_0/libsrc/scugic_v5_3/src"

TRACE::2025-05-11.16:06:23::SCWMssOS::make -C ps7_cortexa9_0/libsrc/scugic_v5_3/src -s include  "SHELL=CMD" "COMPILER=arm-none-eabi-gcc" "ASSEMBLER=arm-none-eabi-as"
TRACE::2025-05-11.16:06:23::SCWMssOS:: "ARCHIVER=arm-none-eabi-ar" "COMPILER_FLAGS=  -O2 -c" "EXTRA_COMPILER_FLAGS=-mcpu=cortex-a9 -mfpu=vfpv3 -mfloat-abi=hard -nost
TRACE::2025-05-11.16:06:23::SCWMssOS::artfiles -g -Wall -Wextra -fno-tree-loop-distribute-patterns"

TRACE::2025-05-11.16:06:23::SCWMssOS::"Running Make include in ps7_cortexa9_0/libsrc/scutimer_v2_6/src"

TRACE::2025-05-11.16:06:23::SCWMssOS::make -C ps7_cortexa9_0/libsrc/scutimer_v2_6/src -s include  "SHELL=CMD" "COMPILER=arm-none-eabi-gcc" "ASSEMBLER=arm-none-eabi-a
TRACE::2025-05-11.16:06:23::SCWMssOS::s" "ARCHIVER=arm-none-eabi-ar" "COMPILER_FLAGS=  -O2 -c" "EXTRA_COMPILER_FLAGS=-mcpu=cortex-a9 -mfpu=vfpv3 -mfloat-abi=hard -no
TRACE::2025-05-11.16:06:23::SCWMssOS::startfiles -g -Wall -Wextra -fno-tree-loop-distribute-patterns"

TRACE::2025-05-11.16:06:23::SCWMssOS::"Running Make include in ps7_cortexa9_0/libsrc/scuwdt_v2_5/src"

TRACE::2025-05-11.16:06:23::SCWMssOS::make -C ps7_cortexa9_0/libsrc/scuwdt_v2_5/src -s include  "SHELL=CMD" "COMPILER=arm-none-eabi-gcc" "ASSEMBLER=arm-none-eabi-as"
TRACE::2025-05-11.16:06:23::SCWMssOS:: "ARCHIVER=arm-none-eabi-ar" "COMPILER_FLAGS=  -O2 -c" "EXTRA_COMPILER_FLAGS=-mcpu=cortex-a9 -mfpu=vfpv3 -mfloat-abi=hard -nost
TRACE::2025-05-11.16:06:23::SCWMssOS::artfiles -g -Wall -Wextra -fno-tree-loop-distribute-patterns"

TRACE::2025-05-11.16:06:23::SCWMssOS::"Running Make include in ps7_cortexa9_0/libsrc/sdps_v4_3/src"

TRACE::2025-05-11.16:06:23::SCWMssOS::make -C ps7_cortexa9_0/libsrc/sdps_v4_3/src -s include  "SHELL=CMD" "COMPILER=arm-none-eabi-gcc" "ASSEMBLER=arm-none-eabi-as" "
TRACE::2025-05-11.16:06:23::SCWMssOS::ARCHIVER=arm-none-eabi-ar" "COMPILER_FLAGS=  -O2 -c" "EXTRA_COMPILER_FLAGS=-mcpu=cortex-a9 -mfpu=vfpv3 -mfloat-abi=hard -nostar
TRACE::2025-05-11.16:06:23::SCWMssOS::tfiles -g -Wall -Wextra -fno-tree-loop-distribute-patterns"

TRACE::2025-05-11.16:06:23::SCWMssOS::"Running Make include in ps7_cortexa9_0/libsrc/SpeedSensor_Driver_IP_v1_0/src"

TRACE::2025-05-11.16:06:23::SCWMssOS::make -C ps7_cortexa9_0/libsrc/SpeedSensor_Driver_IP_v1_0/src -s include  "SHELL=CMD" "COMPILER=arm-none-eabi-gcc" "ASSEMBLER=ar
TRACE::2025-05-11.16:06:23::SCWMssOS::m-none-eabi-as" "ARCHIVER=arm-none-eabi-ar" "COMPILER_FLAGS=  -O2 -c" "EXTRA_COMPILER_FLAGS=-mcpu=cortex-a9 -mfpu=vfpv3 -mfloat
TRACE::2025-05-11.16:06:23::SCWMssOS::-abi=hard -nostartfiles -g -Wall -Wextra -fno-tree-loop-distribute-patterns"

TRACE::2025-05-11.16:06:23::SCWMssOS::"Running Make include in ps7_cortexa9_0/libsrc/standalone_v9_1/src"

TRACE::2025-05-11.16:06:23::SCWMssOS::make -C ps7_cortexa9_0/libsrc/standalone_v9_1/src -s include  "SHELL=CMD" "COMPILER=arm-none-eabi-gcc" "ASSEMBLER=arm-none-eabi
TRACE::2025-05-11.16:06:23::SCWMssOS::-as" "ARCHIVER=arm-none-eabi-ar" "COMPILER_FLAGS=  -O2 -c" "EXTRA_COMPILER_FLAGS=-mcpu=cortex-a9 -mfpu=vfpv3 -mfloat-abi=hard -
TRACE::2025-05-11.16:06:23::SCWMssOS::nostartfiles -g -Wall -Wextra -fno-tree-loop-distribute-patterns"

TRACE::2025-05-11.16:06:23::SCWMssOS::"Running Make include in ps7_cortexa9_0/libsrc/tmrctr_v4_12/src"

TRACE::2025-05-11.16:06:23::SCWMssOS::make -C ps7_cortexa9_0/libsrc/tmrctr_v4_12/src -s include  "SHELL=CMD" "COMPILER=arm-none-eabi-gcc" "ASSEMBLER=arm-none-eabi-as
TRACE::2025-05-11.16:06:23::SCWMssOS::" "ARCHIVER=arm-none-eabi-ar" "COMPILER_FLAGS=  -O2 -c" "EXTRA_COMPILER_FLAGS=-mcpu=cortex-a9 -mfpu=vfpv3 -mfloat-abi=hard -nos
TRACE::2025-05-11.16:06:23::SCWMssOS::tartfiles -g -Wall -Wextra -fno-tree-loop-distribute-patterns"

TRACE::2025-05-11.16:06:23::SCWMssOS::"Running Make include in ps7_cortexa9_0/libsrc/uartps_v3_14/src"

TRACE::2025-05-11.16:06:23::SCWMssOS::make -C ps7_cortexa9_0/libsrc/uartps_v3_14/src -s include  "SHELL=CMD" "COMPILER=arm-none-eabi-gcc" "ASSEMBLER=arm-none-eabi-as
TRACE::2025-05-11.16:06:23::SCWMssOS::" "ARCHIVER=arm-none-eabi-ar" "COMPILER_FLAGS=  -O2 -c" "EXTRA_COMPILER_FLAGS=-mcpu=cortex-a9 -mfpu=vfpv3 -mfloat-abi=hard -nos
TRACE::2025-05-11.16:06:23::SCWMssOS::tartfiles -g -Wall -Wextra -fno-tree-loop-distribute-patterns"

TRACE::2025-05-11.16:06:23::SCWMssOS::"Running Make include in ps7_cortexa9_0/libsrc/usbps_v2_9/src"

TRACE::2025-05-11.16:06:23::SCWMssOS::make -C ps7_cortexa9_0/libsrc/usbps_v2_9/src -s include  "SHELL=CMD" "COMPILER=arm-none-eabi-gcc" "ASSEMBLER=arm-none-eabi-as" 
TRACE::2025-05-11.16:06:23::SCWMssOS::"ARCHIVER=arm-none-eabi-ar" "COMPILER_FLAGS=  -O2 -c" "EXTRA_COMPILER_FLAGS=-mcpu=cortex-a9 -mfpu=vfpv3 -mfloat-abi=hard -nosta
TRACE::2025-05-11.16:06:23::SCWMssOS::rtfiles -g -Wall -Wextra -fno-tree-loop-distribute-patterns"

TRACE::2025-05-11.16:06:23::SCWMssOS::"Running Make include in ps7_cortexa9_0/libsrc/xadcps_v2_7/src"

TRACE::2025-05-11.16:06:23::SCWMssOS::make -C ps7_cortexa9_0/libsrc/xadcps_v2_7/src -s include  "SHELL=CMD" "COMPILER=arm-none-eabi-gcc" "ASSEMBLER=arm-none-eabi-as"
TRACE::2025-05-11.16:06:23::SCWMssOS:: "ARCHIVER=arm-none-eabi-ar" "COMPILER_FLAGS=  -O2 -c" "EXTRA_COMPILER_FLAGS=-mcpu=cortex-a9 -mfpu=vfpv3 -mfloat-abi=hard -nost
TRACE::2025-05-11.16:06:23::SCWMssOS::artfiles -g -Wall -Wextra -fno-tree-loop-distribute-patterns"

TRACE::2025-05-11.16:06:23::SCWMssOS::"Running Make libs in ps7_cortexa9_0/libsrc/coresightps_dcc_v1_10/src"

TRACE::2025-05-11.16:06:23::SCWMssOS::make -C ps7_cortexa9_0/libsrc/coresightps_dcc_v1_10/src -s libs  "SHELL=CMD" "COMPILER=arm-none-eabi-gcc" "ASSEMBLER=arm-none-e
TRACE::2025-05-11.16:06:23::SCWMssOS::abi-as" "ARCHIVER=arm-none-eabi-ar" "COMPILER_FLAGS=  -O2 -c" "EXTRA_COMPILER_FLAGS=-mcpu=cortex-a9 -mfpu=vfpv3 -mfloat-abi=har
TRACE::2025-05-11.16:06:23::SCWMssOS::d -nostartfiles -g -Wall -Wextra -fno-tree-loop-distribute-patterns"

TRACE::2025-05-11.16:06:23::SCWMssOS::"Running Make libs in ps7_cortexa9_0/libsrc/cpu_cortexa9_v2_12/src"

TRACE::2025-05-11.16:06:23::SCWMssOS::make -C ps7_cortexa9_0/libsrc/cpu_cortexa9_v2_12/src -s libs  "SHELL=CMD" "COMPILER=arm-none-eabi-gcc" "ASSEMBLER=arm-none-eabi
TRACE::2025-05-11.16:06:23::SCWMssOS::-as" "ARCHIVER=arm-none-eabi-ar" "COMPILER_FLAGS=  -O2 -c" "EXTRA_COMPILER_FLAGS=-mcpu=cortex-a9 -mfpu=vfpv3 -mfloat-abi=hard -
TRACE::2025-05-11.16:06:23::SCWMssOS::nostartfiles -g -Wall -Wextra -fno-tree-loop-distribute-patterns"

TRACE::2025-05-11.16:06:23::SCWMssOS::"Running Make libs in ps7_cortexa9_0/libsrc/ddrps_v1_2/src"

TRACE::2025-05-11.16:06:23::SCWMssOS::make -C ps7_cortexa9_0/libsrc/ddrps_v1_2/src -s libs  "SHELL=CMD" "COMPILER=arm-none-eabi-gcc" "ASSEMBLER=arm-none-eabi-as" "AR
TRACE::2025-05-11.16:06:23::SCWMssOS::CHIVER=arm-none-eabi-ar" "COMPILER_FLAGS=  -O2 -c" "EXTRA_COMPILER_FLAGS=-mcpu=cortex-a9 -mfpu=vfpv3 -mfloat-abi=hard -nostartf
TRACE::2025-05-11.16:06:23::SCWMssOS::iles -g -Wall -Wextra -fno-tree-loop-distribute-patterns"

TRACE::2025-05-11.16:06:23::SCWMssOS::"Running Make libs in ps7_cortexa9_0/libsrc/devcfg_v3_8/src"

TRACE::2025-05-11.16:06:23::SCWMssOS::make -C ps7_cortexa9_0/libsrc/devcfg_v3_8/src -s libs  "SHELL=CMD" "COMPILER=arm-none-eabi-gcc" "ASSEMBLER=arm-none-eabi-as" "A
TRACE::2025-05-11.16:06:23::SCWMssOS::RCHIVER=arm-none-eabi-ar" "COMPILER_FLAGS=  -O2 -c" "EXTRA_COMPILER_FLAGS=-mcpu=cortex-a9 -mfpu=vfpv3 -mfloat-abi=hard -nostart
TRACE::2025-05-11.16:06:23::SCWMssOS::files -g -Wall -Wextra -fno-tree-loop-distribute-patterns"

TRACE::2025-05-11.16:06:23::SCWMssOS::"Running Make libs in ps7_cortexa9_0/libsrc/dmaps_v2_10/src"

TRACE::2025-05-11.16:06:23::SCWMssOS::make -C ps7_cortexa9_0/libsrc/dmaps_v2_10/src -s libs  "SHELL=CMD" "COMPILER=arm-none-eabi-gcc" "ASSEMBLER=arm-none-eabi-as" "A
TRACE::2025-05-11.16:06:23::SCWMssOS::RCHIVER=arm-none-eabi-ar" "COMPILER_FLAGS=  -O2 -c" "EXTRA_COMPILER_FLAGS=-mcpu=cortex-a9 -mfpu=vfpv3 -mfloat-abi=hard -nostart
TRACE::2025-05-11.16:06:23::SCWMssOS::files -g -Wall -Wextra -fno-tree-loop-distribute-patterns"

TRACE::2025-05-11.16:06:23::SCWMssOS::"Running Make libs in ps7_cortexa9_0/libsrc/emacps_v3_20/src"

TRACE::2025-05-11.16:06:23::SCWMssOS::make -C ps7_cortexa9_0/libsrc/emacps_v3_20/src -s libs  "SHELL=CMD" "COMPILER=arm-none-eabi-gcc" "ASSEMBLER=arm-none-eabi-as" "
TRACE::2025-05-11.16:06:23::SCWMssOS::ARCHIVER=arm-none-eabi-ar" "COMPILER_FLAGS=  -O2 -c" "EXTRA_COMPILER_FLAGS=-mcpu=cortex-a9 -mfpu=vfpv3 -mfloat-abi=hard -nostar
TRACE::2025-05-11.16:06:23::SCWMssOS::tfiles -g -Wall -Wextra -fno-tree-loop-distribute-patterns"

TRACE::2025-05-11.16:06:23::SCWMssOS::"Running Make libs in ps7_cortexa9_0/libsrc/gpiops_v3_13/src"

TRACE::2025-05-11.16:06:23::SCWMssOS::make -C ps7_cortexa9_0/libsrc/gpiops_v3_13/src -s libs  "SHELL=CMD" "COMPILER=arm-none-eabi-gcc" "ASSEMBLER=arm-none-eabi-as" "
TRACE::2025-05-11.16:06:23::SCWMssOS::ARCHIVER=arm-none-eabi-ar" "COMPILER_FLAGS=  -O2 -c" "EXTRA_COMPILER_FLAGS=-mcpu=cortex-a9 -mfpu=vfpv3 -mfloat-abi=hard -nostar
TRACE::2025-05-11.16:06:23::SCWMssOS::tfiles -g -Wall -Wextra -fno-tree-loop-distribute-patterns"

TRACE::2025-05-11.16:06:23::SCWMssOS::"Running Make libs in ps7_cortexa9_0/libsrc/iic_v3_11/src"

TRACE::2025-05-11.16:06:23::SCWMssOS::make -C ps7_cortexa9_0/libsrc/iic_v3_11/src -s libs  "SHELL=CMD" "COMPILER=arm-none-eabi-gcc" "ASSEMBLER=arm-none-eabi-as" "ARC
TRACE::2025-05-11.16:06:23::SCWMssOS::HIVER=arm-none-eabi-ar" "COMPILER_FLAGS=  -O2 -c" "EXTRA_COMPILER_FLAGS=-mcpu=cortex-a9 -mfpu=vfpv3 -mfloat-abi=hard -nostartfi
TRACE::2025-05-11.16:06:23::SCWMssOS::les -g -Wall -Wextra -fno-tree-loop-distribute-patterns"

TRACE::2025-05-11.16:06:23::SCWMssOS::"Running Make libs in ps7_cortexa9_0/libsrc/qspips_v3_12/src"

TRACE::2025-05-11.16:06:23::SCWMssOS::make -C ps7_cortexa9_0/libsrc/qspips_v3_12/src -s libs  "SHELL=CMD" "COMPILER=arm-none-eabi-gcc" "ASSEMBLER=arm-none-eabi-as" "
TRACE::2025-05-11.16:06:23::SCWMssOS::ARCHIVER=arm-none-eabi-ar" "COMPILER_FLAGS=  -O2 -c" "EXTRA_COMPILER_FLAGS=-mcpu=cortex-a9 -mfpu=vfpv3 -mfloat-abi=hard -nostar
TRACE::2025-05-11.16:06:23::SCWMssOS::tfiles -g -Wall -Wextra -fno-tree-loop-distribute-patterns"

TRACE::2025-05-11.16:06:23::SCWMssOS::"Running Make libs in ps7_cortexa9_0/libsrc/scugic_v5_3/src"

TRACE::2025-05-11.16:06:23::SCWMssOS::make -C ps7_cortexa9_0/libsrc/scugic_v5_3/src -s libs  "SHELL=CMD" "COMPILER=arm-none-eabi-gcc" "ASSEMBLER=arm-none-eabi-as" "A
TRACE::2025-05-11.16:06:23::SCWMssOS::RCHIVER=arm-none-eabi-ar" "COMPILER_FLAGS=  -O2 -c" "EXTRA_COMPILER_FLAGS=-mcpu=cortex-a9 -mfpu=vfpv3 -mfloat-abi=hard -nostart
TRACE::2025-05-11.16:06:23::SCWMssOS::files -g -Wall -Wextra -fno-tree-loop-distribute-patterns"

TRACE::2025-05-11.16:06:23::SCWMssOS::"Running Make libs in ps7_cortexa9_0/libsrc/scutimer_v2_6/src"

TRACE::2025-05-11.16:06:23::SCWMssOS::make -C ps7_cortexa9_0/libsrc/scutimer_v2_6/src -s libs  "SHELL=CMD" "COMPILER=arm-none-eabi-gcc" "ASSEMBLER=arm-none-eabi-as" 
TRACE::2025-05-11.16:06:23::SCWMssOS::"ARCHIVER=arm-none-eabi-ar" "COMPILER_FLAGS=  -O2 -c" "EXTRA_COMPILER_FLAGS=-mcpu=cortex-a9 -mfpu=vfpv3 -mfloat-abi=hard -nosta
TRACE::2025-05-11.16:06:23::SCWMssOS::rtfiles -g -Wall -Wextra -fno-tree-loop-distribute-patterns"

TRACE::2025-05-11.16:06:23::SCWMssOS::"Running Make libs in ps7_cortexa9_0/libsrc/scuwdt_v2_5/src"

TRACE::2025-05-11.16:06:23::SCWMssOS::make -C ps7_cortexa9_0/libsrc/scuwdt_v2_5/src -s libs  "SHELL=CMD" "COMPILER=arm-none-eabi-gcc" "ASSEMBLER=arm-none-eabi-as" "A
TRACE::2025-05-11.16:06:23::SCWMssOS::RCHIVER=arm-none-eabi-ar" "COMPILER_FLAGS=  -O2 -c" "EXTRA_COMPILER_FLAGS=-mcpu=cortex-a9 -mfpu=vfpv3 -mfloat-abi=hard -nostart
TRACE::2025-05-11.16:06:23::SCWMssOS::files -g -Wall -Wextra -fno-tree-loop-distribute-patterns"

TRACE::2025-05-11.16:06:24::SCWMssOS::"Running Make libs in ps7_cortexa9_0/libsrc/sdps_v4_3/src"

TRACE::2025-05-11.16:06:24::SCWMssOS::make -C ps7_cortexa9_0/libsrc/sdps_v4_3/src -s libs  "SHELL=CMD" "COMPILER=arm-none-eabi-gcc" "ASSEMBLER=arm-none-eabi-as" "ARC
TRACE::2025-05-11.16:06:24::SCWMssOS::HIVER=arm-none-eabi-ar" "COMPILER_FLAGS=  -O2 -c" "EXTRA_COMPILER_FLAGS=-mcpu=cortex-a9 -mfpu=vfpv3 -mfloat-abi=hard -nostartfi
TRACE::2025-05-11.16:06:24::SCWMssOS::les -g -Wall -Wextra -fno-tree-loop-distribute-patterns"

TRACE::2025-05-11.16:06:24::SCWMssOS::"Running Make libs in ps7_cortexa9_0/libsrc/standalone_v9_1/src"

TRACE::2025-05-11.16:06:24::SCWMssOS::make -C ps7_cortexa9_0/libsrc/standalone_v9_1/src -s libs  "SHELL=CMD" "COMPILER=arm-none-eabi-gcc" "ASSEMBLER=arm-none-eabi-as
TRACE::2025-05-11.16:06:24::SCWMssOS::" "ARCHIVER=arm-none-eabi-ar" "COMPILER_FLAGS=  -O2 -c" "EXTRA_COMPILER_FLAGS=-mcpu=cortex-a9 -mfpu=vfpv3 -mfloat-abi=hard -nos
TRACE::2025-05-11.16:06:24::SCWMssOS::tartfiles -g -Wall -Wextra -fno-tree-loop-distribute-patterns"

TRACE::2025-05-11.16:06:24::SCWMssOS::"Running Make libs in ps7_cortexa9_0/libsrc/tmrctr_v4_12/src"

TRACE::2025-05-11.16:06:24::SCWMssOS::make -C ps7_cortexa9_0/libsrc/tmrctr_v4_12/src -s libs  "SHELL=CMD" "COMPILER=arm-none-eabi-gcc" "ASSEMBLER=arm-none-eabi-as" "
TRACE::2025-05-11.16:06:24::SCWMssOS::ARCHIVER=arm-none-eabi-ar" "COMPILER_FLAGS=  -O2 -c" "EXTRA_COMPILER_FLAGS=-mcpu=cortex-a9 -mfpu=vfpv3 -mfloat-abi=hard -nostar
TRACE::2025-05-11.16:06:24::SCWMssOS::tfiles -g -Wall -Wextra -fno-tree-loop-distribute-patterns"

TRACE::2025-05-11.16:06:24::SCWMssOS::"Running Make libs in ps7_cortexa9_0/libsrc/uartps_v3_14/src"

TRACE::2025-05-11.16:06:24::SCWMssOS::make -C ps7_cortexa9_0/libsrc/uartps_v3_14/src -s libs  "SHELL=CMD" "COMPILER=arm-none-eabi-gcc" "ASSEMBLER=arm-none-eabi-as" "
TRACE::2025-05-11.16:06:24::SCWMssOS::ARCHIVER=arm-none-eabi-ar" "COMPILER_FLAGS=  -O2 -c" "EXTRA_COMPILER_FLAGS=-mcpu=cortex-a9 -mfpu=vfpv3 -mfloat-abi=hard -nostar
TRACE::2025-05-11.16:06:24::SCWMssOS::tfiles -g -Wall -Wextra -fno-tree-loop-distribute-patterns"

TRACE::2025-05-11.16:06:24::SCWMssOS::"Running Make libs in ps7_cortexa9_0/libsrc/usbps_v2_9/src"

TRACE::2025-05-11.16:06:24::SCWMssOS::make -C ps7_cortexa9_0/libsrc/usbps_v2_9/src -s libs  "SHELL=CMD" "COMPILER=arm-none-eabi-gcc" "ASSEMBLER=arm-none-eabi-as" "AR
TRACE::2025-05-11.16:06:24::SCWMssOS::CHIVER=arm-none-eabi-ar" "COMPILER_FLAGS=  -O2 -c" "EXTRA_COMPILER_FLAGS=-mcpu=cortex-a9 -mfpu=vfpv3 -mfloat-abi=hard -nostartf
TRACE::2025-05-11.16:06:24::SCWMssOS::iles -g -Wall -Wextra -fno-tree-loop-distribute-patterns"

TRACE::2025-05-11.16:06:24::SCWMssOS::"Running Make libs in ps7_cortexa9_0/libsrc/xadcps_v2_7/src"

TRACE::2025-05-11.16:06:24::SCWMssOS::make -C ps7_cortexa9_0/libsrc/xadcps_v2_7/src -s libs  "SHELL=CMD" "COMPILER=arm-none-eabi-gcc" "ASSEMBLER=arm-none-eabi-as" "A
TRACE::2025-05-11.16:06:24::SCWMssOS::RCHIVER=arm-none-eabi-ar" "COMPILER_FLAGS=  -O2 -c" "EXTRA_COMPILER_FLAGS=-mcpu=cortex-a9 -mfpu=vfpv3 -mfloat-abi=hard -nostart
TRACE::2025-05-11.16:06:24::SCWMssOS::files -g -Wall -Wextra -fno-tree-loop-distribute-patterns"

TRACE::2025-05-11.16:06:25::SCWMssOS::'Finished building libraries parallelly.'

TRACE::2025-05-11.16:06:25::SCWMssOS::make --no-print-directory archive

TRACE::2025-05-11.16:06:25::SCWMssOS::arm-none-eabi-ar -r  ps7_cortexa9_0/lib/libxil.a ps7_cortexa9_0/lib/Motor_DriverIP.o ps7_cortexa9_0/lib/Motor_DriverIP_selftest
TRACE::2025-05-11.16:06:25::SCWMssOS::.o ps7_cortexa9_0/lib/SpeedSensor_Driver_IP.o ps7_cortexa9_0/lib/SpeedSensor_Driver_IP_selftest.o ps7_cortexa9_0/lib/_exit.o ps
TRACE::2025-05-11.16:06:25::SCWMssOS::7_cortexa9_0/lib/_open.o ps7_cortexa9_0/lib/_sbrk.o ps7_cortexa9_0/lib/abort.o ps7_cortexa9_0/lib/asm_vectors.o ps7_cortexa9_0/
TRACE::2025-05-11.16:06:25::SCWMssOS::lib/boot.o ps7_cortexa9_0/lib/close.o ps7_cortexa9_0/lib/cpputest_time.o ps7_cortexa9_0/lib/cpu_init.o ps7_cortexa9_0/lib/errno
TRACE::2025-05-11.16:06:25::SCWMssOS::.o ps7_cortexa9_0/lib/fcntl.o ps7_cortexa9_0/lib/fstat.o ps7_cortexa9_0/lib/getentropy.o ps7_cortexa9_0/lib/getpid.o ps7_cortex
TRACE::2025-05-11.16:06:25::SCWMssOS::a9_0/lib/inbyte.o ps7_cortexa9_0/lib/isatty.o ps7_cortexa9_0/lib/kill.o ps7_cortexa9_0/lib/lseek.o ps7_cortexa9_0/lib/open.o ps
TRACE::2025-05-11.16:06:25::SCWMssOS::7_cortexa9_0/lib/outbyte.o ps7_cortexa9_0/lib/print.o ps7_cortexa9_0/lib/putnum.o ps7_cortexa9_0/lib/read.o ps7_cortexa9_0/lib/
TRACE::2025-05-11.16:06:25::SCWMssOS::sbrk.o ps7_cortexa9_0/lib/sleep.o ps7_cortexa9_0/lib/time.o ps7_cortexa9_0/lib/translation_table.o ps7_cortexa9_0/lib/unlink.o 
TRACE::2025-05-11.16:06:25::SCWMssOS::ps7_cortexa9_0/lib/usleep.o ps7_cortexa9_0/lib/vectors.o ps7_cortexa9_0/lib/write.o ps7_cortexa9_0/lib/xadcps.o ps7_cortexa9_0/
TRACE::2025-05-11.16:06:25::SCWMssOS::lib/xadcps_g.o ps7_cortexa9_0/lib/xadcps_intr.o ps7_cortexa9_0/lib/xadcps_selftest.o ps7_cortexa9_0/lib/xadcps_sinit.o ps7_cort
TRACE::2025-05-11.16:06:25::SCWMssOS::exa9_0/lib/xcoresightpsdcc.o ps7_cortexa9_0/lib/xdevcfg.o ps7_cortexa9_0/lib/xdevcfg_g.o ps7_cortexa9_0/lib/xdevcfg_hw.o ps7_co
TRACE::2025-05-11.16:06:25::SCWMssOS::rtexa9_0/lib/xdevcfg_intr.o ps7_cortexa9_0/lib/xdevcfg_selftest.o ps7_cortexa9_0/lib/xdevcfg_sinit.o ps7_cortexa9_0/lib/xdmaps.
TRACE::2025-05-11.16:06:25::SCWMssOS::o ps7_cortexa9_0/lib/xdmaps_g.o ps7_cortexa9_0/lib/xdmaps_hw.o ps7_cortexa9_0/lib/xdmaps_selftest.o ps7_cortexa9_0/lib/xdmaps_s
TRACE::2025-05-11.16:06:25::SCWMssOS::init.o ps7_cortexa9_0/lib/xemacps.o ps7_cortexa9_0/lib/xemacps_bdring.o ps7_cortexa9_0/lib/xemacps_control.o ps7_cortexa9_0/lib
TRACE::2025-05-11.16:06:25::SCWMssOS::/xemacps_g.o ps7_cortexa9_0/lib/xemacps_hw.o ps7_cortexa9_0/lib/xemacps_intr.o ps7_cortexa9_0/lib/xemacps_sinit.o ps7_cortexa9_
TRACE::2025-05-11.16:06:25::SCWMssOS::0/lib/xgpiops.o ps7_cortexa9_0/lib/xgpiops_g.o ps7_cortexa9_0/lib/xgpiops_hw.o ps7_cortexa9_0/lib/xgpiops_intr.o ps7_cortexa9_0
TRACE::2025-05-11.16:06:25::SCWMssOS::/lib/xgpiops_selftest.o ps7_cortexa9_0/lib/xgpiops_sinit.o ps7_cortexa9_0/lib/xiic.o ps7_cortexa9_0/lib/xiic_dyn_master.o ps7_c
TRACE::2025-05-11.16:06:25::SCWMssOS::ortexa9_0/lib/xiic_g.o ps7_cortexa9_0/lib/xiic_intr.o ps7_cortexa9_0/lib/xiic_l.o ps7_cortexa9_0/lib/xiic_master.o ps7_cortexa9
TRACE::2025-05-11.16:06:25::SCWMssOS::_0/lib/xiic_multi_master.o ps7_cortexa9_0/lib/xiic_options.o ps7_cortexa9_0/lib/xiic_selftest.o ps7_cortexa9_0/lib/xiic_sinit.o
TRACE::2025-05-11.16:06:25::SCWMssOS:: ps7_cortexa9_0/lib/xiic_slave.o ps7_cortexa9_0/lib/xiic_stats.o ps7_cortexa9_0/lib/xil-crt0.o ps7_cortexa9_0/lib/xil_assert.o 
TRACE::2025-05-11.16:06:25::SCWMssOS::ps7_cortexa9_0/lib/xil_cache.o ps7_cortexa9_0/lib/xil_clocking.o ps7_cortexa9_0/lib/xil_exception.o ps7_cortexa9_0/lib/xil_mem.
TRACE::2025-05-11.16:06:25::SCWMssOS::o ps7_cortexa9_0/lib/xil_misc_psreset_api.o ps7_cortexa9_0/lib/xil_mmu.o ps7_cortexa9_0/lib/xil_printf.o ps7_cortexa9_0/lib/xil
TRACE::2025-05-11.16:06:25::SCWMssOS::_sleepcommon.o ps7_cortexa9_0/lib/xil_sleeptimer.o ps7_cortexa9_0/lib/xil_spinlock.o ps7_cortexa9_0/lib/xil_testcache.o ps7_cor
TRACE::2025-05-11.16:06:25::SCWMssOS::texa9_0/lib/xil_testio.o ps7_cortexa9_0/lib/xil_testmem.o ps7_cortexa9_0/lib/xil_util.o ps7_cortexa9_0/lib/xinterrupt_wrap.o ps
TRACE::2025-05-11.16:06:25::SCWMssOS::7_cortexa9_0/lib/xl2cc_counter.o ps7_cortexa9_0/lib/xplatform_info.o ps7_cortexa9_0/lib/xpm_counter.o ps7_cortexa9_0/lib/xpm_in
TRACE::2025-05-11.16:06:25::SCWMssOS::it.o ps7_cortexa9_0/lib/xqspips.o ps7_cortexa9_0/lib/xqspips_g.o ps7_cortexa9_0/lib/xqspips_hw.o ps7_cortexa9_0/lib/xqspips_opt
TRACE::2025-05-11.16:06:25::SCWMssOS::ions.o ps7_cortexa9_0/lib/xqspips_selftest.o ps7_cortexa9_0/lib/xqspips_sinit.o ps7_cortexa9_0/lib/xscugic.o ps7_cortexa9_0/lib
TRACE::2025-05-11.16:06:25::SCWMssOS::/xscugic_g.o ps7_cortexa9_0/lib/xscugic_hw.o ps7_cortexa9_0/lib/xscugic_intr.o ps7_cortexa9_0/lib/xscugic_selftest.o ps7_cortex
TRACE::2025-05-11.16:06:25::SCWMssOS::a9_0/lib/xscugic_sinit.o ps7_cortexa9_0/lib/xscutimer.o ps7_cortexa9_0/lib/xscutimer_g.o ps7_cortexa9_0/lib/xscutimer_selftest.
TRACE::2025-05-11.16:06:25::SCWMssOS::o ps7_cortexa9_0/lib/xscutimer_sinit.o ps7_cortexa9_0/lib/xscuwdt.o ps7_cortexa9_0/lib/xscuwdt_g.o ps7_cortexa9_0/lib/xscuwdt_s
TRACE::2025-05-11.16:06:25::SCWMssOS::elftest.o ps7_cortexa9_0/lib/xscuwdt_sinit.o ps7_cortexa9_0/lib/xsdps.o ps7_cortexa9_0/lib/xsdps_card.o ps7_cortexa9_0/lib/xsdp
TRACE::2025-05-11.16:06:25::SCWMssOS::s_g.o ps7_cortexa9_0/lib/xsdps_host.o ps7_cortexa9_0/lib/xsdps_options.o ps7_cortexa9_0/lib/xsdps_sinit.o ps7_cortexa9_0/lib/xt
TRACE::2025-05-11.16:06:25::SCWMssOS::ime_l.o ps7_cortexa9_0/lib/xtmrctr.o ps7_cortexa9_0/lib/xtmrctr_g.o ps7_cortexa9_0/lib/xtmrctr_intr.o ps7_cortexa9_0/lib/xtmrct
TRACE::2025-05-11.16:06:25::SCWMssOS::r_l.o ps7_cortexa9_0/lib/xtmrctr_options.o ps7_cortexa9_0/lib/xtmrctr_selftest.o ps7_cortexa9_0/lib/xtmrctr_sinit.o ps7_cortexa
TRACE::2025-05-11.16:06:25::SCWMssOS::9_0/lib/xtmrctr_stats.o ps7_cortexa9_0/lib/xuartps.o ps7_cortexa9_0/lib/xuartps_g.o ps7_cortexa9_0/lib/xuartps_hw.o ps7_cortexa
TRACE::2025-05-11.16:06:25::SCWMssOS::9_0/lib/xuartps_intr.o ps7_cortexa9_0/lib/xuartps_options.o ps7_cortexa9_0/lib/xuartps_selftest.o ps7_cortexa9_0/lib/xuartps_si
TRACE::2025-05-11.16:06:25::SCWMssOS::nit.o ps7_cortexa9_0/lib/xusbps.o ps7_cortexa9_0/lib/xusbps_endpoint.o ps7_cortexa9_0/lib/xusbps_g.o ps7_cortexa9_0/lib/xusbps_
TRACE::2025-05-11.16:06:25::SCWMssOS::hw.o ps7_cortexa9_0/lib/xusbps_intr.o ps7_cortexa9_0/lib/xusbps_sinit.o

TRACE::2025-05-11.16:06:25::SCWMssOS::'Finished building libraries'

TRACE::2025-05-11.16:06:26::SCWMssOS::Copying to export directory.
TRACE::2025-05-11.16:06:26::SCWMssOS:: Checking if to create the Supporting Applications
TRACE::2025-05-11.16:06:26::SCWMssOS:: No Linux domain exists, trying to generate FSBL 
LOG::2025-05-11.16:06:26::SCWSystem::Completed Processing the domain standalone_ps7_cortexa9_0
LOG::2025-05-11.16:06:26::SCWSystem::Completed Processing the sysconfig IIC_included_BITSTREAM
LOG::2025-05-11.16:06:26::SCWPlatform::Completed generating the artifacts for system configuration IIC_included_BITSTREAM
TRACE::2025-05-11.16:06:26::SCWPlatform::Started preparing the platform 
TRACE::2025-05-11.16:06:26::SCWSystem::Writing the bif file for system config IIC_included_BITSTREAM
TRACE::2025-05-11.16:06:26::SCWSystem::dir created 
TRACE::2025-05-11.16:06:26::SCWSystem::Writing the bif 
TRACE::2025-05-11.16:06:26::SCWPlatform::Started writing the spfm file 
TRACE::2025-05-11.16:06:26::SCWPlatform::Started writing the xpfm file 
TRACE::2025-05-11.16:06:26::SCWPlatform::Completed generating the platform
TRACE::2025-05-11.16:06:26::SCWMssOS::Saving the mss changes E:/vitis_projects/auto_project/full_car/IIC_included_BITSTREAM/zynq_fsbl/zynq_fsbl_bsp/system.mss
TRACE::2025-05-11.16:06:26::SCWMssOS::Found a swdesign opened with the mssfile.
TRACE::2025-05-11.16:06:26::SCWMssOS::Completed writemss as part of save.
TRACE::2025-05-11.16:06:26::SCWMssOS::Commit changes completed.
TRACE::2025-05-11.16:06:26::SCWMssOS::Saving the mss changes E:/vitis_projects/auto_project/full_car/IIC_included_BITSTREAM/ps7_cortexa9_0/standalone_ps7_cortexa9_0/bsp/system.mss
TRACE::2025-05-11.16:06:26::SCWMssOS::Found a swdesign opened with the mssfile.
TRACE::2025-05-11.16:06:26::SCWMssOS::Completed writemss as part of save.
TRACE::2025-05-11.16:06:26::SCWMssOS::Commit changes completed.
TRACE::2025-05-11.16:06:26::SCWPlatform::Trying to open the hw design at E:/vitis_projects/auto_project/full_car/IIC_included_BITSTREAM/hw/IIC_UPDATED_GPIO.xsa
TRACE::2025-05-11.16:06:26::SCWPlatform::DSA given E:/vitis_projects/auto_project/full_car/IIC_included_BITSTREAM/hw/IIC_UPDATED_GPIO.xsa
TRACE::2025-05-11.16:06:26::SCWPlatform::DSA absoulate path E:/vitis_projects/auto_project/full_car/IIC_included_BITSTREAM/hw/IIC_UPDATED_GPIO.xsa
TRACE::2025-05-11.16:06:26::SCWPlatform::DSA directory E:/vitis_projects/auto_project/full_car/IIC_included_BITSTREAM/hw
TRACE::2025-05-11.16:06:26::SCWPlatform:: Platform Path E:/vitis_projects/auto_project/full_car/IIC_included_BITSTREAM/hw/IIC_UPDATED_GPIO.xsa
TRACE::2025-05-11.16:06:26::SCWPlatform:: Unique name xilinx:pynq-z2::0.0
TRACE::2025-05-11.16:06:26::SCWPlatform::Trying to set the existing hwdb with name design_1_wrapper_1
TRACE::2025-05-11.16:06:26::SCWPlatform::Opened existing hwdb design_1_wrapper_1
TRACE::2025-05-11.16:06:26::SCWPlatform::Found the Hw Db part of the input DSA
TRACE::2025-05-11.16:06:26::SCWMssOS::Checking the sw design at  E:/vitis_projects/auto_project/full_car/IIC_included_BITSTREAM/zynq_fsbl/zynq_fsbl_bsp/system.mss
TRACE::2025-05-11.16:06:26::SCWMssOS::DEBUG:  swdes dump  E:/vitis_projects/auto_project/full_car/IIC_included_BITSTREAM/ps7_cortexa9_0/standalone_ps7_cortexa9_0/bsp/system.mss|system_0||
E:/vitis_projects/auto_project/full_car/IIC_included_BITSTREAM/zynq_fsbl/zynq_fsbl_bsp/system.mss|system||

TRACE::2025-05-11.16:06:26::SCWMssOS::Sw design exists and opened at  E:/vitis_projects/auto_project/full_car/IIC_included_BITSTREAM/zynq_fsbl/zynq_fsbl_bsp/system.mss
TRACE::2025-05-11.16:06:26::SCWPlatform::Trying to open the hw design at E:/vitis_projects/auto_project/full_car/IIC_included_BITSTREAM/hw/IIC_UPDATED_GPIO.xsa
TRACE::2025-05-11.16:06:26::SCWPlatform::DSA given E:/vitis_projects/auto_project/full_car/IIC_included_BITSTREAM/hw/IIC_UPDATED_GPIO.xsa
TRACE::2025-05-11.16:06:26::SCWPlatform::DSA absoulate path E:/vitis_projects/auto_project/full_car/IIC_included_BITSTREAM/hw/IIC_UPDATED_GPIO.xsa
TRACE::2025-05-11.16:06:26::SCWPlatform::DSA directory E:/vitis_projects/auto_project/full_car/IIC_included_BITSTREAM/hw
TRACE::2025-05-11.16:06:26::SCWPlatform:: Platform Path E:/vitis_projects/auto_project/full_car/IIC_included_BITSTREAM/hw/IIC_UPDATED_GPIO.xsa
TRACE::2025-05-11.16:06:26::SCWPlatform:: Unique name xilinx:pynq-z2::0.0
TRACE::2025-05-11.16:06:26::SCWPlatform::Trying to set the existing hwdb with name design_1_wrapper_1
TRACE::2025-05-11.16:06:26::SCWPlatform::Opened existing hwdb design_1_wrapper_1
TRACE::2025-05-11.16:06:26::SCWPlatform::Found the Hw Db part of the input DSA
TRACE::2025-05-11.16:06:26::SCWMssOS::Checking the sw design at  E:/vitis_projects/auto_project/full_car/IIC_included_BITSTREAM/ps7_cortexa9_0/standalone_ps7_cortexa9_0/bsp/system.mss
TRACE::2025-05-11.16:06:26::SCWMssOS::DEBUG:  swdes dump  E:/vitis_projects/auto_project/full_car/IIC_included_BITSTREAM/ps7_cortexa9_0/standalone_ps7_cortexa9_0/bsp/system.mss|system_0||
E:/vitis_projects/auto_project/full_car/IIC_included_BITSTREAM/zynq_fsbl/zynq_fsbl_bsp/system.mss|system||

TRACE::2025-05-11.16:06:26::SCWMssOS::Sw design exists and opened at  E:/vitis_projects/auto_project/full_car/IIC_included_BITSTREAM/ps7_cortexa9_0/standalone_ps7_cortexa9_0/bsp/system.mss
TRACE::2025-05-11.16:06:26::SCWWriter::formatted JSON is {
	"platformName":	"IIC_included_BITSTREAM",
	"sprVersion":	"2.0",
	"mode":	"gui",
	"dsaType":	"Fixed",
	"platformDesc":	"IIC_included_BITSTREAM",
	"platHandOff":	"E:/Projects_E_drive/SOC_labos/xsa_files/IIC_UPDATED_GPIO.xsa",
	"platIntHandOff":	"<platformDir>/hw/IIC_UPDATED_GPIO.xsa",
	"deviceType":	"zynq",
	"platIsPrebuiltAutogen":	"false",
	"platIsNoBootBsp":	"false",
	"hasFsblMakeHasChanges":	"false",
	"hasPmufwMakeHasChanges":	"false",
	"fsblExtraCompilerFlags":	"-MMD -MP       -mcpu=cortex-a9 -mfpu=vfpv3 -mfloat-abi=hard ",
	"platPreBuiltFlag":	false,
	"platformSamplesDir":	"",
	"platActiveSys":	"IIC_included_BITSTREAM",
	"systems":	[{
			"systemName":	"IIC_included_BITSTREAM",
			"systemDesc":	"IIC_included_BITSTREAM",
			"sysIsBootAutoGen":	"true",
			"systemDispName":	"IIC_included_BITSTREAM",
			"sysActiveDom":	"standalone_ps7_cortexa9_0",
			"sysDefaultDom":	"standalone_ps7_cortexa9_0",
			"domains":	[{
					"domainName":	"zynq_fsbl",
					"domainDispName":	"zynq_fsbl",
					"domainDesc":	"FSBL Application BSP - Auto Generated.",
					"processors":	"ps7_cortexa9_0",
					"os":	"standalone",
					"sdxOs":	"standalone",
					"debugEnable":	"",
					"domRuntimes":	["cpp"],
					"swRepo":	"",
					"mssOsVer":	"9.1",
					"mssFile":	"",
					"md5Digest":	"bdf62030c4d081aa908b060af63a4581",
					"compatibleApp":	"zynq_fsbl",
					"domType":	"bootDomain",
					"arch":	"32-bit",
					"appSettings":	{
						"appCompilerFlags":	"",
						"appLinkerFlags":	""
					},
					"addedLibs":	["xilffs:5.2", "xilrsa:1.8"],
					"libOptions":	{
						"libsContainingOptions":	[]
					},
					"prebuiltLibs":	{
						"prebuiltIncPath":	[],
						"prebuiltLibPath":	[]
					},
					"isolation":	{
					}
				}, {
					"domainName":	"standalone_ps7_cortexa9_0",
					"domainDispName":	"standalone_ps7_cortexa9_0",
					"domainDesc":	"standalone_ps7_cortexa9_0",
					"processors":	"ps7_cortexa9_0",
					"os":	"standalone",
					"sdxOs":	"standalone",
					"qemuArgs":	"<platformDir>/resources/IIC_included_BITSTREAM/standalone_ps7_cortexa9_0/qemu_args.txt",
					"qemuData":	"<platformDir>/resources/IIC_included_BITSTREAM/standalone_ps7_cortexa9_0/qemu",
					"debugEnable":	"False",
					"domRuntimes":	["cpp"],
					"swRepo":	"",
					"mssOsVer":	"9.1",
					"mssFile":	"",
					"md5Digest":	"86a62c3fd6eb6fed97012a85f0ab1156",
					"compatibleApp":	"",
					"domType":	"mssDomain",
					"arch":	"32-bit",
					"appSettings":	{
						"appCompilerFlags":	"",
						"appLinkerFlags":	""
					},
					"addedLibs":	[],
					"libOptions":	{
						"libsContainingOptions":	[]
					},
					"prebuiltLibs":	{
						"prebuiltIncPath":	[],
						"prebuiltLibPath":	[]
					},
					"isolation":	{
					}
				}]
		}]
}
KEYINFO::2025-05-11.16:06:26::SCWPlatform::updated the xpfm file.
TRACE::2025-05-11.16:06:26::SCWPlatform::Trying to open the hw design at E:/vitis_projects/auto_project/full_car/IIC_included_BITSTREAM/hw/IIC_UPDATED_GPIO.xsa
TRACE::2025-05-11.16:06:26::SCWPlatform::DSA given E:/vitis_projects/auto_project/full_car/IIC_included_BITSTREAM/hw/IIC_UPDATED_GPIO.xsa
TRACE::2025-05-11.16:06:26::SCWPlatform::DSA absoulate path E:/vitis_projects/auto_project/full_car/IIC_included_BITSTREAM/hw/IIC_UPDATED_GPIO.xsa
TRACE::2025-05-11.16:06:26::SCWPlatform::DSA directory E:/vitis_projects/auto_project/full_car/IIC_included_BITSTREAM/hw
TRACE::2025-05-11.16:06:26::SCWPlatform:: Platform Path E:/vitis_projects/auto_project/full_car/IIC_included_BITSTREAM/hw/IIC_UPDATED_GPIO.xsa
TRACE::2025-05-11.16:06:26::SCWPlatform:: Unique name xilinx:pynq-z2::0.0
TRACE::2025-05-11.16:06:26::SCWPlatform::Trying to set the existing hwdb with name design_1_wrapper_1
TRACE::2025-05-11.16:06:26::SCWPlatform::Opened existing hwdb design_1_wrapper_1
TRACE::2025-05-11.16:06:26::SCWPlatform::Found the Hw Db part of the input DSA
TRACE::2025-05-11.16:06:26::SCWMssOS::Checking the sw design at  E:/vitis_projects/auto_project/full_car/IIC_included_BITSTREAM/ps7_cortexa9_0/standalone_ps7_cortexa9_0/bsp/system.mss
TRACE::2025-05-11.16:06:26::SCWMssOS::DEBUG:  swdes dump  E:/vitis_projects/auto_project/full_car/IIC_included_BITSTREAM/ps7_cortexa9_0/standalone_ps7_cortexa9_0/bsp/system.mss|system_0||
E:/vitis_projects/auto_project/full_car/IIC_included_BITSTREAM/zynq_fsbl/zynq_fsbl_bsp/system.mss|system||

TRACE::2025-05-11.16:06:26::SCWMssOS::Sw design exists and opened at  E:/vitis_projects/auto_project/full_car/IIC_included_BITSTREAM/ps7_cortexa9_0/standalone_ps7_cortexa9_0/bsp/system.mss
